ISO-10303-21;
HEADER;
/* Generated by software containing ST-Developer
 * from STEP Tools, Inc. (www.steptools.com) 
 */

FILE_DESCRIPTION(
/* description */ (''),
/* implementation_level */ '2;1');

FILE_NAME(
/* name */ 'keycap-low-profile-resin-cad v4.step',
/* time_stamp */ '2025-09-06T13:14:15-03:00',
/* author */ (''),
/* organization */ (''),
/* preprocessor_version */ 'ST-DEVELOPER v20.1',
/* originating_system */ 'Autodesk Translation Framework v14.10.0.0',
/* authorisation */ '');

FILE_SCHEMA (('AUTOMOTIVE_DESIGN { 1 0 10303 214 3 1 1 }'));
ENDSEC;

DATA;
#10=MECHANICAL_DESIGN_GEOMETRIC_PRESENTATION_REPRESENTATION('',(#17),#9603);
#11=ITEM_DEFINED_TRANSFORMATION($,$,#883,#954);
#12=(
REPRESENTATION_RELATIONSHIP($,$,#9614,#9613)
REPRESENTATION_RELATIONSHIP_WITH_TRANSFORMATION(#11)
SHAPE_REPRESENTATION_RELATIONSHIP()
);
#13=CONTEXT_DEPENDENT_SHAPE_REPRESENTATION(#12,#9612);
#14=NEXT_ASSEMBLY_USAGE_OCCURRENCE('Keycap:1','Keycap:1','Keycap:1',#9616,
#9617,'Keycap:1');
#15=SHAPE_REPRESENTATION_RELATIONSHIP('SRR','None',#9614,#16);
#16=ADVANCED_BREP_SHAPE_REPRESENTATION('',(#18),#9602);
#17=STYLED_ITEM('',(#9628),#18);
#18=MANIFOLD_SOLID_BREP('MeshBody1',#869);
#19=(
BOUNDED_SURFACE()
B_SPLINE_SURFACE(2,2,((#8129,#8130,#8131),(#8132,#8133,#8134),(#8135,#8136,
#8137)),.UNSPECIFIED.,.F.,.F.,.F.)
B_SPLINE_SURFACE_WITH_KNOTS((3,3),(3,3),(1.93288910076349,1.93325572101986),
(1.62173198304457,1.692914511793),.UNSPECIFIED.)
GEOMETRIC_REPRESENTATION_ITEM()
RATIONAL_B_SPLINE_SURFACE(((1.,0.999366697806691,1.),(0.999999983198698,
0.99936668101603,0.999999983198698),(1.,0.999366697806691,1.)))
REPRESENTATION_ITEM('')
SURFACE()
);
#20=CONICAL_SURFACE('',#948,6.5996130012397,1.06557662887509);
#21=CONICAL_SURFACE('',#953,31.7658377570282,0.008108306831036);
#22=B_SPLINE_SURFACE_WITH_KNOTS('',3,3,((#1413,#1414,#1415,#1416,#1417,
#1418,#1419,#1420,#1421,#1422,#1423,#1424,#1425,#1426,#1427,#1428,#1429,
#1430,#1431,#1432,#1433,#1434,#1435,#1436,#1437,#1438,#1439,#1440,#1441,
#1442,#1443,#1444,#1445,#1446,#1447,#1448,#1449,#1450,#1451,#1452,#1453,
#1454,#1455,#1456,#1457,#1458,#1459,#1460,#1461,#1462,#1463,#1464,#1465,
#1466,#1467,#1468,#1469,#1470,#1471,#1472,#1473,#1474,#1475,#1476,#1477,
#1478,#1479,#1480,#1481,#1482,#1483,#1484,#1485,#1486,#1487,#1488,#1489,
#1490,#1491,#1492,#1493,#1494,#1495,#1496,#1497,#1498,#1499,#1500,#1501,
#1502,#1503,#1504,#1505,#1506,#1507,#1508,#1509,#1510,#1511,#1512,#1513,
#1514,#1515,#1516,#1517,#1518,#1519,#1520,#1521,#1522,#1523,#1524,#1525,
#1526,#1527,#1528,#1529,#1530,#1531,#1532,#1533,#1534,#1535,#1536,#1537,
#1538,#1539,#1540,#1541,#1542,#1543,#1544,#1545,#1546,#1547,#1548,#1549,
#1550,#1551,#1552,#1553,#1554,#1555,#1556,#1557,#1558,#1559,#1560,#1561,
#1562,#1563,#1564,#1565,#1566,#1567,#1568,#1569,#1570,#1571,#1572,#1573,
#1574,#1575,#1576,#1577,#1578,#1579,#1580,#1581,#1582,#1583,#1584,#1585,
#1586,#1587,#1588,#1589,#1590,#1591,#1592,#1593,#1594,#1595,#1596,#1597,
#1598,#1599,#1600,#1601,#1602,#1603,#1604,#1605,#1606,#1607,#1608,#1609,
#1610,#1611,#1612,#1613,#1614,#1615,#1616,#1617,#1618,#1619,#1620,#1621,
#1622,#1623,#1624,#1625,#1626,#1627,#1628,#1629,#1630,#1631,#1632,#1633,
#1634,#1635,#1636,#1637,#1638,#1639,#1640,#1641,#1642,#1643,#1644,#1645,
#1646,#1647,#1648,#1649),(#1650,#1651,#1652,#1653,#1654,#1655,#1656,#1657,
#1658,#1659,#1660,#1661,#1662,#1663,#1664,#1665,#1666,#1667,#1668,#1669,
#1670,#1671,#1672,#1673,#1674,#1675,#1676,#1677,#1678,#1679,#1680,#1681,
#1682,#1683,#1684,#1685,#1686,#1687,#1688,#1689,#1690,#1691,#1692,#1693,
#1694,#1695,#1696,#1697,#1698,#1699,#1700,#1701,#1702,#1703,#1704,#1705,
#1706,#1707,#1708,#1709,#1710,#1711,#1712,#1713,#1714,#1715,#1716,#1717,
#1718,#1719,#1720,#1721,#1722,#1723,#1724,#1725,#1726,#1727,#1728,#1729,
#1730,#1731,#1732,#1733,#1734,#1735,#1736,#1737,#1738,#1739,#1740,#1741,
#1742,#1743,#1744,#1745,#1746,#1747,#1748,#1749,#1750,#1751,#1752,#1753,
#1754,#1755,#1756,#1757,#1758,#1759,#1760,#1761,#1762,#1763,#1764,#1765,
#1766,#1767,#1768,#1769,#1770,#1771,#1772,#1773,#1774,#1775,#1776,#1777,
#1778,#1779,#1780,#1781,#1782,#1783,#1784,#1785,#1786,#1787,#1788,#1789,
#1790,#1791,#1792,#1793,#1794,#1795,#1796,#1797,#1798,#1799,#1800,#1801,
#1802,#1803,#1804,#1805,#1806,#1807,#1808,#1809,#1810,#1811,#1812,#1813,
#1814,#1815,#1816,#1817,#1818,#1819,#1820,#1821,#1822,#1823,#1824,#1825,
#1826,#1827,#1828,#1829,#1830,#1831,#1832,#1833,#1834,#1835,#1836,#1837,
#1838,#1839,#1840,#1841,#1842,#1843,#1844,#1845,#1846,#1847,#1848,#1849,
#1850,#1851,#1852,#1853,#1854,#1855,#1856,#1857,#1858,#1859,#1860,#1861,
#1862,#1863,#1864,#1865,#1866,#1867,#1868,#1869,#1870,#1871,#1872,#1873,
#1874,#1875,#1876,#1877,#1878,#1879,#1880,#1881,#1882,#1883,#1884,#1885,
#1886),(#1887,#1888,#1889,#1890,#1891,#1892,#1893,#1894,#1895,#1896,#1897,
#1898,#1899,#1900,#1901,#1902,#1903,#1904,#1905,#1906,#1907,#1908,#1909,
#1910,#1911,#1912,#1913,#1914,#1915,#1916,#1917,#1918,#1919,#1920,#1921,
#1922,#1923,#1924,#1925,#1926,#1927,#1928,#1929,#1930,#1931,#1932,#1933,
#1934,#1935,#1936,#1937,#1938,#1939,#1940,#1941,#1942,#1943,#1944,#1945,
#1946,#1947,#1948,#1949,#1950,#1951,#1952,#1953,#1954,#1955,#1956,#1957,
#1958,#1959,#1960,#1961,#1962,#1963,#1964,#1965,#1966,#1967,#1968,#1969,
#1970,#1971,#1972,#1973,#1974,#1975,#1976,#1977,#1978,#1979,#1980,#1981,
#1982,#1983,#1984,#1985,#1986,#1987,#1988,#1989,#1990,#1991,#1992,#1993,
#1994,#1995,#1996,#1997,#1998,#1999,#2000,#2001,#2002,#2003,#2004,#2005,
#2006,#2007,#2008,#2009,#2010,#2011,#2012,#2013,#2014,#2015,#2016,#2017,
#2018,#2019,#2020,#2021,#2022,#2023,#2024,#2025,#2026,#2027,#2028,#2029,
#2030,#2031,#2032,#2033,#2034,#2035,#2036,#2037,#2038,#2039,#2040,#2041,
#2042,#2043,#2044,#2045,#2046,#2047,#2048,#2049,#2050,#2051,#2052,#2053,
#2054,#2055,#2056,#2057,#2058,#2059,#2060,#2061,#2062,#2063,#2064,#2065,
#2066,#2067,#2068,#2069,#2070,#2071,#2072,#2073,#2074,#2075,#2076,#2077,
#2078,#2079,#2080,#2081,#2082,#2083,#2084,#2085,#2086,#2087,#2088,#2089,
#2090,#2091,#2092,#2093,#2094,#2095,#2096,#2097,#2098,#2099,#2100,#2101,
#2102,#2103,#2104,#2105,#2106,#2107,#2108,#2109,#2110,#2111,#2112,#2113,
#2114,#2115,#2116,#2117,#2118,#2119,#2120,#2121,#2122,#2123),(#2124,#2125,
#2126,#2127,#2128,#2129,#2130,#2131,#2132,#2133,#2134,#2135,#2136,#2137,
#2138,#2139,#2140,#2141,#2142,#2143,#2144,#2145,#2146,#2147,#2148,#2149,
#2150,#2151,#2152,#2153,#2154,#2155,#2156,#2157,#2158,#2159,#2160,#2161,
#2162,#2163,#2164,#2165,#2166,#2167,#2168,#2169,#2170,#2171,#2172,#2173,
#2174,#2175,#2176,#2177,#2178,#2179,#2180,#2181,#2182,#2183,#2184,#2185,
#2186,#2187,#2188,#2189,#2190,#2191,#2192,#2193,#2194,#2195,#2196,#2197,
#2198,#2199,#2200,#2201,#2202,#2203,#2204,#2205,#2206,#2207,#2208,#2209,
#2210,#2211,#2212,#2213,#2214,#2215,#2216,#2217,#2218,#2219,#2220,#2221,
#2222,#2223,#2224,#2225,#2226,#2227,#2228,#2229,#2230,#2231,#2232,#2233,
#2234,#2235,#2236,#2237,#2238,#2239,#2240,#2241,#2242,#2243,#2244,#2245,
#2246,#2247,#2248,#2249,#2250,#2251,#2252,#2253,#2254,#2255,#2256,#2257,
#2258,#2259,#2260,#2261,#2262,#2263,#2264,#2265,#2266,#2267,#2268,#2269,
#2270,#2271,#2272,#2273,#2274,#2275,#2276,#2277,#2278,#2279,#2280,#2281,
#2282,#2283,#2284,#2285,#2286,#2287,#2288,#2289,#2290,#2291,#2292,#2293,
#2294,#2295,#2296,#2297,#2298,#2299,#2300,#2301,#2302,#2303,#2304,#2305,
#2306,#2307,#2308,#2309,#2310,#2311,#2312,#2313,#2314,#2315,#2316,#2317,
#2318,#2319,#2320,#2321,#2322,#2323,#2324,#2325,#2326,#2327,#2328,#2329,
#2330,#2331,#2332,#2333,#2334,#2335,#2336,#2337,#2338,#2339,#2340,#2341,
#2342,#2343,#2344,#2345,#2346,#2347,#2348,#2349,#2350,#2351,#2352,#2353,
#2354,#2355,#2356,#2357,#2358,#2359,#2360),(#2361,#2362,#2363,#2364,#2365,
#2366,#2367,#2368,#2369,#2370,#2371,#2372,#2373,#2374,#2375,#2376,#2377,
#2378,#2379,#2380,#2381,#2382,#2383,#2384,#2385,#2386,#2387,#2388,#2389,
#2390,#2391,#2392,#2393,#2394,#2395,#2396,#2397,#2398,#2399,#2400,#2401,
#2402,#2403,#2404,#2405,#2406,#2407,#2408,#2409,#2410,#2411,#2412,#2413,
#2414,#2415,#2416,#2417,#2418,#2419,#2420,#2421,#2422,#2423,#2424,#2425,
#2426,#2427,#2428,#2429,#2430,#2431,#2432,#2433,#2434,#2435,#2436,#2437,
#2438,#2439,#2440,#2441,#2442,#2443,#2444,#2445,#2446,#2447,#2448,#2449,
#2450,#2451,#2452,#2453,#2454,#2455,#2456,#2457,#2458,#2459,#2460,#2461,
#2462,#2463,#2464,#2465,#2466,#2467,#2468,#2469,#2470,#2471,#2472,#2473,
#2474,#2475,#2476,#2477,#2478,#2479,#2480,#2481,#2482,#2483,#2484,#2485,
#2486,#2487,#2488,#2489,#2490,#2491,#2492,#2493,#2494,#2495,#2496,#2497,
#2498,#2499,#2500,#2501,#2502,#2503,#2504,#2505,#2506,#2507,#2508,#2509,
#2510,#2511,#2512,#2513,#2514,#2515,#2516,#2517,#2518,#2519,#2520,#2521,
#2522,#2523,#2524,#2525,#2526,#2527,#2528,#2529,#2530,#2531,#2532,#2533,
#2534,#2535,#2536,#2537,#2538,#2539,#2540,#2541,#2542,#2543,#2544,#2545,
#2546,#2547,#2548,#2549,#2550,#2551,#2552,#2553,#2554,#2555,#2556,#2557,
#2558,#2559,#2560,#2561,#2562,#2563,#2564,#2565,#2566,#2567,#2568,#2569,
#2570,#2571,#2572,#2573,#2574,#2575,#2576,#2577,#2578,#2579,#2580,#2581,
#2582,#2583,#2584,#2585,#2586,#2587,#2588,#2589,#2590,#2591,#2592,#2593,
#2594,#2595,#2596,#2597),(#2598,#2599,#2600,#2601,#2602,#2603,#2604,#2605,
#2606,#2607,#2608,#2609,#2610,#2611,#2612,#2613,#2614,#2615,#2616,#2617,
#2618,#2619,#2620,#2621,#2622,#2623,#2624,#2625,#2626,#2627,#2628,#2629,
#2630,#2631,#2632,#2633,#2634,#2635,#2636,#2637,#2638,#2639,#2640,#2641,
#2642,#2643,#2644,#2645,#2646,#2647,#2648,#2649,#2650,#2651,#2652,#2653,
#2654,#2655,#2656,#2657,#2658,#2659,#2660,#2661,#2662,#2663,#2664,#2665,
#2666,#2667,#2668,#2669,#2670,#2671,#2672,#2673,#2674,#2675,#2676,#2677,
#2678,#2679,#2680,#2681,#2682,#2683,#2684,#2685,#2686,#2687,#2688,#2689,
#2690,#2691,#2692,#2693,#2694,#2695,#2696,#2697,#2698,#2699,#2700,#2701,
#2702,#2703,#2704,#2705,#2706,#2707,#2708,#2709,#2710,#2711,#2712,#2713,
#2714,#2715,#2716,#2717,#2718,#2719,#2720,#2721,#2722,#2723,#2724,#2725,
#2726,#2727,#2728,#2729,#2730,#2731,#2732,#2733,#2734,#2735,#2736,#2737,
#2738,#2739,#2740,#2741,#2742,#2743,#2744,#2745,#2746,#2747,#2748,#2749,
#2750,#2751,#2752,#2753,#2754,#2755,#2756,#2757,#2758,#2759,#2760,#2761,
#2762,#2763,#2764,#2765,#2766,#2767,#2768,#2769,#2770,#2771,#2772,#2773,
#2774,#2775,#2776,#2777,#2778,#2779,#2780,#2781,#2782,#2783,#2784,#2785,
#2786,#2787,#2788,#2789,#2790,#2791,#2792,#2793,#2794,#2795,#2796,#2797,
#2798,#2799,#2800,#2801,#2802,#2803,#2804,#2805,#2806,#2807,#2808,#2809,
#2810,#2811,#2812,#2813,#2814,#2815,#2816,#2817,#2818,#2819,#2820,#2821,
#2822,#2823,#2824,#2825,#2826,#2827,#2828,#2829,#2830,#2831,#2832,#2833,
#2834),(#2835,#2836,#2837,#2838,#2839,#2840,#2841,#2842,#2843,#2844,#2845,
#2846,#2847,#2848,#2849,#2850,#2851,#2852,#2853,#2854,#2855,#2856,#2857,
#2858,#2859,#2860,#2861,#2862,#2863,#2864,#2865,#2866,#2867,#2868,#2869,
#2870,#2871,#2872,#2873,#2874,#2875,#2876,#2877,#2878,#2879,#2880,#2881,
#2882,#2883,#2884,#2885,#2886,#2887,#2888,#2889,#2890,#2891,#2892,#2893,
#2894,#2895,#2896,#2897,#2898,#2899,#2900,#2901,#2902,#2903,#2904,#2905,
#2906,#2907,#2908,#2909,#2910,#2911,#2912,#2913,#2914,#2915,#2916,#2917,
#2918,#2919,#2920,#2921,#2922,#2923,#2924,#2925,#2926,#2927,#2928,#2929,
#2930,#2931,#2932,#2933,#2934,#2935,#2936,#2937,#2938,#2939,#2940,#2941,
#2942,#2943,#2944,#2945,#2946,#2947,#2948,#2949,#2950,#2951,#2952,#2953,
#2954,#2955,#2956,#2957,#2958,#2959,#2960,#2961,#2962,#2963,#2964,#2965,
#2966,#2967,#2968,#2969,#2970,#2971,#2972,#2973,#2974,#2975,#2976,#2977,
#2978,#2979,#2980,#2981,#2982,#2983,#2984,#2985,#2986,#2987,#2988,#2989,
#2990,#2991,#2992,#2993,#2994,#2995,#2996,#2997,#2998,#2999,#3000,#3001,
#3002,#3003,#3004,#3005,#3006,#3007,#3008,#3009,#3010,#3011,#3012,#3013,
#3014,#3015,#3016,#3017,#3018,#3019,#3020,#3021,#3022,#3023,#3024,#3025,
#3026,#3027,#3028,#3029,#3030,#3031,#3032,#3033,#3034,#3035,#3036,#3037,
#3038,#3039,#3040,#3041,#3042,#3043,#3044,#3045,#3046,#3047,#3048,#3049,
#3050,#3051,#3052,#3053,#3054,#3055,#3056,#3057,#3058,#3059,#3060,#3061,
#3062,#3063,#3064,#3065,#3066,#3067,#3068,#3069,#3070,#3071)),
 .UNSPECIFIED.,.F.,.T.,.F.,(4,1,1,1,4),(4,1,1,1,1,1,1,1,1,2,2,2,2,2,2,2,
2,2,2,2,2,2,2,2,2,2,2,2,2,2,2,2,2,2,1,1,1,1,1,1,1,1,1,1,2,2,2,2,2,2,2,2,
2,2,2,2,2,2,2,2,2,2,2,2,2,2,2,2,2,1,1,1,1,1,1,1,1,2,2,2,2,2,2,2,2,2,2,2,
2,2,2,2,2,2,2,2,2,2,2,2,2,2,1,1,1,1,1,1,1,1,1,2,2,2,2,2,2,2,2,2,2,2,2,2,
2,2,2,2,2,2,2,2,2,2,2,4),(0.,0.714285714285714,0.857142857142857,0.928571428571429,
1.),(-60.3809047072087,-58.9227431743298,-57.464581641451,-54.5482585756932,
-51.6319355099355,-50.1737739770566,-49.4446932106171,-49.0801528273974,
-48.8978826357876,-48.7156124441777,-48.5688973042252,-48.4229907820037,
-48.2779309064693,-48.1337431705233,-47.9904413942147,-47.8480244677743,
-47.7064782482396,-47.5657744326852,-47.4258714403982,-47.286714859521,
-47.1482376102667,-47.0103600185588,-46.8729948393276,-46.7360425178478,
-46.599398917239,-46.4629533175302,-46.326591370289,-46.1901979102772,-46.053657421812,
-45.916858354521,-45.7796917519902,-45.6420571917782,-45.5038607589016,
-45.3650200500632,-44.9941838517333,-44.6233476534033,-43.8816752567435,
-42.3983304634238,-39.4316408767844,-36.464951290145,-34.9816064968253,
-34.2399341001654,-33.8690979018355,-33.6836798026705,-33.4982617035056,
-33.3594209946672,-33.2212245617905,-33.0835900015786,-32.9464233990478,
-32.8096243317567,-32.6730838432916,-32.5366903832797,-32.4003284360385,
-32.2638828363298,-32.1272392357209,-31.9902869142411,-31.85292173501,-31.715044143302,
-31.5765668940477,-31.4374103131706,-31.2975073208836,-31.1568035053292,
-31.0152572857945,-30.872840359354,-30.7295385830454,-30.5853508470995,
-30.4402909715651,-30.2943844493435,-30.147669309391,-26.5022654771939,
-25.7731847107544,-24.3150231778755,-21.3987001121178,-19.9405385792389,
-19.2114578127995,-18.8469174295798,-18.6646472379699,-18.48237704636,-18.3390294115163,
-18.1962100840285,-18.0539184985284,-17.9121457037406,-17.7708749548775,
-17.6300804956307,-17.4897294431857,-17.3497805565491,-17.210187024457,
-17.0708954492633,-16.9318477611402,-16.7929798561916,-16.6542269243971,
-16.5155207623182,-16.3767929369921,-16.2379752620158,-16.0990004421401,
-15.9598051909627,-15.8203287954367,-15.6805158501807,-15.5403174019076,
-15.3996892877215,-15.2585960987325,-15.1170096367664,-14.3825319975681,
-13.6480543583698,-12.9135767191715,-12.1790990799732,-9.24118852318002,
-6.3032779663868,-4.8343226879902,-4.0998450487919,-3.73260622919274,-3.36536740959359,
-3.22378094762756,-3.08268775863853,-2.9420596444524,-2.80186119617938,
-2.66204825092338,-2.52257185539729,-2.3833766042199,-2.24440178434428,
-2.10558410936796,-1.96685628404179,-1.8281501219629,-1.6893971901684,-1.55052928521979,
-1.41148159709675,-1.27219002190305,-1.13259648981096,-0.992647603174351,
-0.852296550729322,-0.711502091482562,-0.570231342619445,-0.42845854783163,
-0.286166962331551,-0.143347634843779,0.),.UNSPECIFIED.);
#23=B_SPLINE_SURFACE_WITH_KNOTS('',3,3,((#3554,#3555,#3556,#3557),(#3558,
#3559,#3560,#3561),(#3562,#3563,#3564,#3565),(#3566,#3567,#3568,#3569),
(#3570,#3571,#3572,#3573),(#3574,#3575,#3576,#3577),(#3578,#3579,#3580,
#3581),(#3582,#3583,#3584,#3585),(#3586,#3587,#3588,#3589),(#3590,#3591,
#3592,#3593),(#3594,#3595,#3596,#3597),(#3598,#3599,#3600,#3601),(#3602,
#3603,#3604,#3605),(#3606,#3607,#3608,#3609),(#3610,#3611,#3612,#3613),
(#3614,#3615,#3616,#3617),(#3618,#3619,#3620,#3621),(#3622,#3623,#3624,
#3625),(#3626,#3627,#3628,#3629),(#3630,#3631,#3632,#3633),(#3634,#3635,
#3636,#3637),(#3638,#3639,#3640,#3641),(#3642,#3643,#3644,#3645),(#3646,
#3647,#3648,#3649),(#3650,#3651,#3652,#3653),(#3654,#3655,#3656,#3657),
(#3658,#3659,#3660,#3661),(#3662,#3663,#3664,#3665),(#3666,#3667,#3668,
#3669),(#3670,#3671,#3672,#3673),(#3674,#3675,#3676,#3677),(#3678,#3679,
#3680,#3681),(#3682,#3683,#3684,#3685),(#3686,#3687,#3688,#3689),(#3690,
#3691,#3692,#3693),(#3694,#3695,#3696,#3697),(#3698,#3699,#3700,#3701),
(#3702,#3703,#3704,#3705),(#3706,#3707,#3708,#3709),(#3710,#3711,#3712,
#3713),(#3714,#3715,#3716,#3717),(#3718,#3719,#3720,#3721),(#3722,#3723,
#3724,#3725),(#3726,#3727,#3728,#3729),(#3730,#3731,#3732,#3733),(#3734,
#3735,#3736,#3737),(#3738,#3739,#3740,#3741),(#3742,#3743,#3744,#3745),
(#3746,#3747,#3748,#3749),(#3750,#3751,#3752,#3753),(#3754,#3755,#3756,
#3757),(#3758,#3759,#3760,#3761),(#3762,#3763,#3764,#3765),(#3766,#3767,
#3768,#3769),(#3770,#3771,#3772,#3773),(#3774,#3775,#3776,#3777),(#3778,
#3779,#3780,#3781),(#3782,#3783,#3784,#3785),(#3786,#3787,#3788,#3789),
(#3790,#3791,#3792,#3793),(#3794,#3795,#3796,#3797),(#3798,#3799,#3800,
#3801),(#3802,#3803,#3804,#3805),(#3806,#3807,#3808,#3809),(#3810,#3811,
#3812,#3813),(#3814,#3815,#3816,#3817),(#3818,#3819,#3820,#3821),(#3822,
#3823,#3824,#3825),(#3826,#3827,#3828,#3829),(#3830,#3831,#3832,#3833),
(#3834,#3835,#3836,#3837),(#3838,#3839,#3840,#3841),(#3842,#3843,#3844,
#3845),(#3846,#3847,#3848,#3849),(#3850,#3851,#3852,#3853),(#3854,#3855,
#3856,#3857),(#3858,#3859,#3860,#3861),(#3862,#3863,#3864,#3865),(#3866,
#3867,#3868,#3869),(#3870,#3871,#3872,#3873),(#3874,#3875,#3876,#3877),
(#3878,#3879,#3880,#3881),(#3882,#3883,#3884,#3885),(#3886,#3887,#3888,
#3889),(#3890,#3891,#3892,#3893),(#3894,#3895,#3896,#3897),(#3898,#3899,
#3900,#3901),(#3902,#3903,#3904,#3905),(#3906,#3907,#3908,#3909),(#3910,
#3911,#3912,#3913),(#3914,#3915,#3916,#3917),(#3918,#3919,#3920,#3921),
(#3922,#3923,#3924,#3925),(#3926,#3927,#3928,#3929),(#3930,#3931,#3932,
#3933),(#3934,#3935,#3936,#3937),(#3938,#3939,#3940,#3941),(#3942,#3943,
#3944,#3945),(#3946,#3947,#3948,#3949),(#3950,#3951,#3952,#3953),(#3954,
#3955,#3956,#3957),(#3958,#3959,#3960,#3961),(#3962,#3963,#3964,#3965),
(#3966,#3967,#3968,#3969),(#3970,#3971,#3972,#3973),(#3974,#3975,#3976,
#3977),(#3978,#3979,#3980,#3981),(#3982,#3983,#3984,#3985),(#3986,#3987,
#3988,#3989),(#3990,#3991,#3992,#3993),(#3994,#3995,#3996,#3997),(#3998,
#3999,#4000,#4001),(#4002,#4003,#4004,#4005),(#4006,#4007,#4008,#4009),
(#4010,#4011,#4012,#4013),(#4014,#4015,#4016,#4017),(#4018,#4019,#4020,
#4021),(#4022,#4023,#4024,#4025),(#4026,#4027,#4028,#4029),(#4030,#4031,
#4032,#4033),(#4034,#4035,#4036,#4037),(#4038,#4039,#4040,#4041),(#4042,
#4043,#4044,#4045),(#4046,#4047,#4048,#4049),(#4050,#4051,#4052,#4053),
(#4054,#4055,#4056,#4057),(#4058,#4059,#4060,#4061),(#4062,#4063,#4064,
#4065),(#4066,#4067,#4068,#4069),(#4070,#4071,#4072,#4073),(#4074,#4075,
#4076,#4077),(#4078,#4079,#4080,#4081),(#4082,#4083,#4084,#4085),(#4086,
#4087,#4088,#4089),(#4090,#4091,#4092,#4093),(#4094,#4095,#4096,#4097),
(#4098,#4099,#4100,#4101),(#4102,#4103,#4104,#4105),(#4106,#4107,#4108,
#4109),(#4110,#4111,#4112,#4113),(#4114,#4115,#4116,#4117),(#4118,#4119,
#4120,#4121),(#4122,#4123,#4124,#4125),(#4126,#4127,#4128,#4129),(#4130,
#4131,#4132,#4133),(#4134,#4135,#4136,#4137),(#4138,#4139,#4140,#4141),
(#4142,#4143,#4144,#4145),(#4146,#4147,#4148,#4149),(#4150,#4151,#4152,
#4153),(#4154,#4155,#4156,#4157),(#4158,#4159,#4160,#4161),(#4162,#4163,
#4164,#4165),(#4166,#4167,#4168,#4169),(#4170,#4171,#4172,#4173),(#4174,
#4175,#4176,#4177),(#4178,#4179,#4180,#4181),(#4182,#4183,#4184,#4185),
(#4186,#4187,#4188,#4189),(#4190,#4191,#4192,#4193),(#4194,#4195,#4196,
#4197),(#4198,#4199,#4200,#4201),(#4202,#4203,#4204,#4205),(#4206,#4207,
#4208,#4209),(#4210,#4211,#4212,#4213),(#4214,#4215,#4216,#4217),(#4218,
#4219,#4220,#4221),(#4222,#4223,#4224,#4225),(#4226,#4227,#4228,#4229),
(#4230,#4231,#4232,#4233),(#4234,#4235,#4236,#4237),(#4238,#4239,#4240,
#4241),(#4242,#4243,#4244,#4245),(#4246,#4247,#4248,#4249),(#4250,#4251,
#4252,#4253),(#4254,#4255,#4256,#4257),(#4258,#4259,#4260,#4261),(#4262,
#4263,#4264,#4265),(#4266,#4267,#4268,#4269),(#4270,#4271,#4272,#4273),
(#4274,#4275,#4276,#4277),(#4278,#4279,#4280,#4281),(#4282,#4283,#4284,
#4285),(#4286,#4287,#4288,#4289),(#4290,#4291,#4292,#4293),(#4294,#4295,
#4296,#4297),(#4298,#4299,#4300,#4301),(#4302,#4303,#4304,#4305),(#4306,
#4307,#4308,#4309),(#4310,#4311,#4312,#4313),(#4314,#4315,#4316,#4317),
(#4318,#4319,#4320,#4321),(#4322,#4323,#4324,#4325),(#4326,#4327,#4328,
#4329),(#4330,#4331,#4332,#4333),(#4334,#4335,#4336,#4337),(#4338,#4339,
#4340,#4341),(#4342,#4343,#4344,#4345),(#4346,#4347,#4348,#4349),(#4350,
#4351,#4352,#4353),(#4354,#4355,#4356,#4357),(#4358,#4359,#4360,#4361),
(#4362,#4363,#4364,#4365),(#4366,#4367,#4368,#4369),(#4370,#4371,#4372,
#4373),(#4374,#4375,#4376,#4377),(#4378,#4379,#4380,#4381),(#4382,#4383,
#4384,#4385),(#4386,#4387,#4388,#4389),(#4390,#4391,#4392,#4393),(#4394,
#4395,#4396,#4397),(#4398,#4399,#4400,#4401),(#4402,#4403,#4404,#4405),
(#4406,#4407,#4408,#4409),(#4410,#4411,#4412,#4413),(#4414,#4415,#4416,
#4417),(#4418,#4419,#4420,#4421),(#4422,#4423,#4424,#4425),(#4426,#4427,
#4428,#4429),(#4430,#4431,#4432,#4433),(#4434,#4435,#4436,#4437),(#4438,
#4439,#4440,#4441),(#4442,#4443,#4444,#4445),(#4446,#4447,#4448,#4449),
(#4450,#4451,#4452,#4453),(#4454,#4455,#4456,#4457),(#4458,#4459,#4460,
#4461),(#4462,#4463,#4464,#4465),(#4466,#4467,#4468,#4469),(#4470,#4471,
#4472,#4473),(#4474,#4475,#4476,#4477),(#4478,#4479,#4480,#4481),(#4482,
#4483,#4484,#4485),(#4486,#4487,#4488,#4489),(#4490,#4491,#4492,#4493),
(#4494,#4495,#4496,#4497),(#4498,#4499,#4500,#4501),(#4502,#4503,#4504,
#4505),(#4506,#4507,#4508,#4509),(#4510,#4511,#4512,#4513),(#4514,#4515,
#4516,#4517),(#4518,#4519,#4520,#4521),(#4522,#4523,#4524,#4525),(#4526,
#4527,#4528,#4529),(#4530,#4531,#4532,#4533),(#4534,#4535,#4536,#4537),
(#4538,#4539,#4540,#4541),(#4542,#4543,#4544,#4545),(#4546,#4547,#4548,
#4549),(#4550,#4551,#4552,#4553),(#4554,#4555,#4556,#4557),(#4558,#4559,
#4560,#4561),(#4562,#4563,#4564,#4565),(#4566,#4567,#4568,#4569),(#4570,
#4571,#4572,#4573),(#4574,#4575,#4576,#4577),(#4578,#4579,#4580,#4581),
(#4582,#4583,#4584,#4585),(#4586,#4587,#4588,#4589),(#4590,#4591,#4592,
#4593),(#4594,#4595,#4596,#4597),(#4598,#4599,#4600,#4601),(#4602,#4603,
#4604,#4605),(#4606,#4607,#4608,#4609),(#4610,#4611,#4612,#4613),(#4614,
#4615,#4616,#4617),(#4618,#4619,#4620,#4621),(#4622,#4623,#4624,#4625),
(#4626,#4627,#4628,#4629),(#4630,#4631,#4632,#4633),(#4634,#4635,#4636,
#4637),(#4638,#4639,#4640,#4641),(#4642,#4643,#4644,#4645),(#4646,#4647,
#4648,#4649),(#4650,#4651,#4652,#4653),(#4654,#4655,#4656,#4657),(#4658,
#4659,#4660,#4661),(#4662,#4663,#4664,#4665),(#4666,#4667,#4668,#4669),
(#4670,#4671,#4672,#4673),(#4674,#4675,#4676,#4677),(#4678,#4679,#4680,
#4681),(#4682,#4683,#4684,#4685),(#4686,#4687,#4688,#4689),(#4690,#4691,
#4692,#4693),(#4694,#4695,#4696,#4697),(#4698,#4699,#4700,#4701),(#4702,
#4703,#4704,#4705),(#4706,#4707,#4708,#4709),(#4710,#4711,#4712,#4713),
(#4714,#4715,#4716,#4717),(#4718,#4719,#4720,#4721),(#4722,#4723,#4724,
#4725),(#4726,#4727,#4728,#4729),(#4730,#4731,#4732,#4733),(#4734,#4735,
#4736,#4737),(#4738,#4739,#4740,#4741),(#4742,#4743,#4744,#4745),(#4746,
#4747,#4748,#4749),(#4750,#4751,#4752,#4753),(#4754,#4755,#4756,#4757),
(#4758,#4759,#4760,#4761),(#4762,#4763,#4764,#4765),(#4766,#4767,#4768,
#4769),(#4770,#4771,#4772,#4773),(#4774,#4775,#4776,#4777),(#4778,#4779,
#4780,#4781),(#4782,#4783,#4784,#4785),(#4786,#4787,#4788,#4789),(#4790,
#4791,#4792,#4793),(#4794,#4795,#4796,#4797),(#4798,#4799,#4800,#4801)),
 .UNSPECIFIED.,.T.,.F.,.F.,(4,1,1,1,1,1,1,1,1,1,1,1,1,1,1,1,1,1,1,1,1,1,
1,1,1,1,1,1,1,1,1,1,1,1,1,1,1,1,1,1,1,1,1,1,1,1,1,1,1,1,1,1,1,1,1,1,1,1,
1,1,1,1,1,1,1,1,1,1,1,1,1,1,1,1,1,1,1,1,1,1,1,1,1,1,1,1,1,1,1,1,1,1,1,1,
1,1,1,1,1,1,1,1,1,1,1,1,1,1,1,1,1,1,1,1,1,1,1,1,1,1,1,1,1,1,1,1,1,1,1,1,
1,1,1,1,1,1,1,1,1,1,1,1,1,1,1,1,1,1,1,1,1,1,1,1,1,1,1,1,1,1,1,1,1,1,1,1,
1,1,1,1,1,1,1,1,1,1,1,1,1,1,1,1,1,1,1,1,1,1,1,1,1,1,1,1,1,1,1,1,1,1,1,1,
1,1,1,1,1,1,1,1,1,1,1,1,1,1,1,1,1,1,1,1,1,1,1,1,1,1,1,1,1,1,1,1,1,1,1,1,
1,1,1,1,1,1,1,1,1,1,1,1,1,1,1,1,1,1,1,1,1,1,1,1,1,1,1,1,1,1,1,1,1,1,1,1,
1,1,1,1,1,1,1,1,1,1,1,1,1,1,1,1,1,1,1,1,1,1,1,1,1,1,1,1,1,1,1,1,1,1,1,4),
(4,4),(0.,0.00243994642040414,0.00635410473537743,0.00961794954158115,0.0125235646709817,
0.0151971715297712,0.0177065165675237,0.0200926742092198,0.0397413959238017,
0.0593901176383837,0.0797255445380638,0.100060971437744,0.121801767912129,
0.143542564386515,0.164053483273341,0.184564402160167,0.18629628784204,
0.188047214403663,0.189816892121902,0.191605425140337,0.193188867410116,
0.193413046376105,0.195240117460364,0.195618945011309,0.197087141415465,
0.198035629285567,0.198954749326703,0.200438290350282,0.200843751997891,
0.202755109816613,0.202826505960495,0.204689446983745,0.205200047211463,
0.206646536240653,0.207558932484556,0.208627100413482,0.20990339603301,
0.210632157735627,0.21223390664488,0.212662963740344,0.214551153031359,
0.214721102164992,0.216808550630081,0.216856036428926,0.218927758354422,
0.219149667895977,0.221080056502935,0.221433367093104,0.22326302633671,
0.223708579081054,0.225479393478334,0.225976952808315,0.227733261485759,
0.228240213118693,0.230030058971395,0.230500193893281,0.232377162234386,
0.232758789112243,0.234784814115596,0.235017906284686,0.237265138716494,
0.237279458724214,0.23954529406606,0.23982347827814,0.241817216981104,0.242487823214705,
0.24409689079002,0.245310240343947,0.246385871028918,0.248391845765082,
0.248685522563118,0.251802786454728,0.254906713469265,0.26334385839604,
0.271007470018044,0.278116017092719,0.284801218346784,0.291149961534456,
0.297223461627728,0.303067706723451,0.308720006988524,0.314214468911325,
0.319588301074187,0.324892837715423,0.33021957119162,0.335642439759098,
0.340379613003569,0.344397554181005,0.347998478828041,0.351596962830651,
0.355608357630603,0.360336291927618,0.365962852901777,0.372587806441557,
0.380262676102809,0.389010442485698,0.398836484708297,0.404285548230711,
0.409734611753126,0.415208767376934,0.420682923000743,0.427570709102948,
0.43310300543304,0.438087589477582,0.442792903603695,0.445211451850002,
0.447348974527055,0.447511130899095,0.449800138525207,0.451832880837351,
0.452079839609988,0.45334412133557,0.454351789708158,0.454987255213068,
0.456617652160294,0.456748445321495,0.458608205443893,0.458879231658866,
0.460558566511862,0.461138375861218,0.462593060371226,0.463396998103843,
0.464706468713539,0.465657005918672,0.466894833490279,0.467920293308529,
0.469155408658022,0.470188694176451,0.471478903798651,0.47246393338688,
0.473857706743583,0.474747659908035,0.4762922282316,0.477041318817951,0.478783988330781,
0.47934622979301,0.481335838420086,0.481663503904902,0.483952083857248,
0.483994042400889,0.486338534000404,0.486638869442204,0.488697447497111,
0.489403389162739,0.49107101714705,0.492253173820947,0.493459261331809,
0.495204193818279,0.495861951143908,0.498278664333334,0.500708769464734,
0.501466610813024,0.504512113204374,0.507393203079475,0.51013511985773,
0.512756228232027,0.515269890276861,0.517686352027508,0.520014403926106,
0.522261019741067,0.524431730305833,0.526530951490574,0.528562180601881,
0.548318065863355,0.568073951124828,0.588757093102018,0.609440235079208,
0.630665357091589,0.65189047910397,0.67289385042717,0.69389722175037,0.696271534654175,
0.698637097033608,0.700487324110994,0.700993918253045,0.702533891861012,
0.703342146575334,0.704564126742403,0.705682059349769,0.706579539254797,
0.708014083186355,0.70858152326366,0.71033876273371,0.710571369592522,0.712550349054999,
0.712656781079647,0.714519324245773,0.714968913574161,0.716473698316015,
0.717276044659611,0.718412510683641,0.7195791361652,0.720336863372629,0.721879249864343,
0.722247779749125,0.724146221364884,0.724177459226218,0.726033100144204,
0.726474893926276,0.727909315878537,0.728772687441654,0.729775726823695,
0.731071969165638,0.731629263640573,0.733373853731047,0.733466311042133,
0.73528769792708,0.735679389370886,0.73709408206499,0.737989581694846,0.738886037510586,
0.740305348400046,0.740664078632482,0.742428595940094,0.7426275003155,0.744180027473874,
0.744956768925434,0.745915154512548,0.747293740718662,0.747631363910208,
0.749339157123412,0.749638882750594,0.750931958857262,0.751937482401542,
0.752719872126789,0.753930279308702,0.755800495278575,0.758362715698665,
0.766584795056546,0.774126468763675,0.781148426656795,0.787755141583506,
0.794019285417518,0.79999434220774,0.805722318906115,0.811238502907884,
0.816576229013722,0.821772625509108,0.826877384773787,0.831970703078818,
0.836975187793448,0.841471230867236,0.845570834134454,0.8494577292622,0.853346316534135,
0.85745072268128,0.861954034283162,0.8669952235545,0.872672942648369,0.879055234906105,
0.886188818893807,0.894105542235389,0.902827282502376,0.912369015409744,
0.921129726768456,0.926454773349775,0.930801458264087,0.934723776226769,
0.938419816055433,0.941987927424889,0.943013320924142,0.94373907004121,
0.944198025876077,0.944258174808442,0.944489806986578,0.944858997207161,
0.945453725247847,0.946303440755932,0.94660332374817,0.947408160827997,
0.948759413765063,0.948940302425127,0.95034455595224,0.951269577896101,
0.95214388759533,0.95359173665163,0.954142923101678,0.955907510178099,0.956329938687283,
0.958217709306908,0.958695930463252,0.960523251737878,0.961234786672267,
0.962825143083665,0.963943503599384,0.965124431580359,0.966822661689911,
0.967422231864064,0.969719673331392,0.969875243274354,0.972017889462818,
0.973099038299465,0.974318009937123,0.976504060783539,0.976621108226644,
0.978928246107926,0.980109053818932,0.981240385413004,0.983558410586841,
0.983941838640393,0.985883096981717,0.988043744718009,0.988215127687459,
0.990555047354286,0.992477634760448,0.992903282593462,0.995260110755096,
0.997344436761254,0.997625680102474,1.),(0.111680669995146,0.83086664053513),
 .UNSPECIFIED.);
#24=B_SPLINE_SURFACE_WITH_KNOTS('',3,3,((#5334,#5335,#5336,#5337,#5338,
#5339,#5340,#5341,#5342,#5343,#5344,#5345,#5346,#5347,#5348,#5349,#5350,
#5351,#5352,#5353,#5354,#5355,#5356,#5357,#5358,#5359,#5360,#5361,#5362,
#5363,#5364,#5365,#5366,#5367,#5368,#5369,#5370,#5371,#5372,#5373,#5374,
#5375,#5376,#5377,#5378,#5379,#5380,#5381,#5382,#5383,#5384,#5385,#5386,
#5387,#5388,#5389,#5390,#5391,#5392,#5393,#5394,#5395,#5396,#5397,#5398,
#5399,#5400,#5401,#5402,#5403,#5404,#5405,#5406,#5407,#5408,#5409,#5410,
#5411,#5412,#5413,#5414,#5415,#5416,#5417,#5418,#5419,#5420,#5421,#5422,
#5423,#5424,#5425,#5426,#5427,#5428,#5429,#5430,#5431,#5432,#5433,#5434,
#5435,#5436,#5437,#5438,#5439,#5440,#5441,#5442,#5443,#5444,#5445,#5446,
#5447,#5448,#5449,#5450,#5451,#5452,#5453,#5454,#5455,#5456,#5457,#5458,
#5459,#5460,#5461,#5462,#5463,#5464,#5465,#5466,#5467,#5468,#5469,#5470,
#5471,#5472,#5473,#5474,#5475,#5476,#5477,#5478,#5479,#5480,#5481,#5482,
#5483,#5484,#5485,#5486,#5487,#5488,#5489,#5490,#5491,#5492,#5493,#5494,
#5495,#5496,#5497,#5498,#5499,#5500,#5501,#5502,#5503,#5504,#5505,#5506,
#5507,#5508,#5509,#5510,#5511,#5512,#5513,#5514,#5515,#5516,#5517,#5518,
#5519,#5520,#5521,#5522,#5523,#5524,#5525,#5526,#5527,#5528,#5529,#5530,
#5531,#5532,#5533,#5534,#5535,#5536,#5537,#5538,#5539,#5540,#5541,#5542,
#5543,#5544,#5545,#5546,#5547,#5548,#5549,#5550,#5551,#5552,#5553,#5554,
#5555,#5556,#5557,#5558,#5559,#5560,#5561,#5562,#5563,#5564,#5565,#5566,
#5567,#5568,#5569,#5570,#5571,#5572,#5573,#5574,#5575,#5576,#5577,#5578,
#5579,#5580,#5581,#5582,#5583,#5584,#5585,#5586,#5587,#5588,#5589,#5590,
#5591,#5592,#5593,#5594,#5595,#5596,#5597,#5598,#5599,#5600,#5601,#5602,
#5603,#5604,#5605,#5606,#5607,#5608,#5609,#5610,#5611,#5612,#5613,#5614,
#5615,#5616,#5617,#5618,#5619,#5620,#5621,#5622,#5623,#5624,#5625,#5626,
#5627,#5628,#5629,#5630,#5631,#5632,#5633,#5634,#5635,#5636,#5637,#5638,
#5639,#5640,#5641,#5642,#5643,#5644,#5645,#5646,#5647,#5648,#5649,#5650,
#5651,#5652,#5653,#5654,#5655,#5656,#5657,#5658,#5659,#5660,#5661,#5662,
#5663,#5664,#5665,#5666,#5667,#5668,#5669,#5670,#5671,#5672,#5673,#5674,
#5675,#5676,#5677,#5678,#5679,#5680,#5681,#5682,#5683,#5684,#5685,#5686,
#5687,#5688,#5689,#5690,#5691,#5692,#5693,#5694,#5695,#5696,#5697,#5698,
#5699,#5700,#5701,#5702,#5703,#5704,#5705,#5706,#5707,#5708,#5709,#5710,
#5711,#5712,#5713,#5714,#5715,#5716,#5717,#5718,#5719,#5720,#5721,#5722,
#5723,#5724,#5725,#5726,#5727,#5728,#5729,#5730,#5731,#5732,#5733,#5734,
#5735,#5736,#5737,#5738,#5739,#5740,#5741,#5742,#5743,#5744,#5745,#5746,
#5747,#5748,#5749,#5750,#5751,#5752,#5753,#5754,#5755,#5756,#5757,#5758),
(#5759,#5760,#5761,#5762,#5763,#5764,#5765,#5766,#5767,#5768,#5769,#5770,
#5771,#5772,#5773,#5774,#5775,#5776,#5777,#5778,#5779,#5780,#5781,#5782,
#5783,#5784,#5785,#5786,#5787,#5788,#5789,#5790,#5791,#5792,#5793,#5794,
#5795,#5796,#5797,#5798,#5799,#5800,#5801,#5802,#5803,#5804,#5805,#5806,
#5807,#5808,#5809,#5810,#5811,#5812,#5813,#5814,#5815,#5816,#5817,#5818,
#5819,#5820,#5821,#5822,#5823,#5824,#5825,#5826,#5827,#5828,#5829,#5830,
#5831,#5832,#5833,#5834,#5835,#5836,#5837,#5838,#5839,#5840,#5841,#5842,
#5843,#5844,#5845,#5846,#5847,#5848,#5849,#5850,#5851,#5852,#5853,#5854,
#5855,#5856,#5857,#5858,#5859,#5860,#5861,#5862,#5863,#5864,#5865,#5866,
#5867,#5868,#5869,#5870,#5871,#5872,#5873,#5874,#5875,#5876,#5877,#5878,
#5879,#5880,#5881,#5882,#5883,#5884,#5885,#5886,#5887,#5888,#5889,#5890,
#5891,#5892,#5893,#5894,#5895,#5896,#5897,#5898,#5899,#5900,#5901,#5902,
#5903,#5904,#5905,#5906,#5907,#5908,#5909,#5910,#5911,#5912,#5913,#5914,
#5915,#5916,#5917,#5918,#5919,#5920,#5921,#5922,#5923,#5924,#5925,#5926,
#5927,#5928,#5929,#5930,#5931,#5932,#5933,#5934,#5935,#5936,#5937,#5938,
#5939,#5940,#5941,#5942,#5943,#5944,#5945,#5946,#5947,#5948,#5949,#5950,
#5951,#5952,#5953,#5954,#5955,#5956,#5957,#5958,#5959,#5960,#5961,#5962,
#5963,#5964,#5965,#5966,#5967,#5968,#5969,#5970,#5971,#5972,#5973,#5974,
#5975,#5976,#5977,#5978,#5979,#5980,#5981,#5982,#5983,#5984,#5985,#5986,
#5987,#5988,#5989,#5990,#5991,#5992,#5993,#5994,#5995,#5996,#5997,#5998,
#5999,#6000,#6001,#6002,#6003,#6004,#6005,#6006,#6007,#6008,#6009,#6010,
#6011,#6012,#6013,#6014,#6015,#6016,#6017,#6018,#6019,#6020,#6021,#6022,
#6023,#6024,#6025,#6026,#6027,#6028,#6029,#6030,#6031,#6032,#6033,#6034,
#6035,#6036,#6037,#6038,#6039,#6040,#6041,#6042,#6043,#6044,#6045,#6046,
#6047,#6048,#6049,#6050,#6051,#6052,#6053,#6054,#6055,#6056,#6057,#6058,
#6059,#6060,#6061,#6062,#6063,#6064,#6065,#6066,#6067,#6068,#6069,#6070,
#6071,#6072,#6073,#6074,#6075,#6076,#6077,#6078,#6079,#6080,#6081,#6082,
#6083,#6084,#6085,#6086,#6087,#6088,#6089,#6090,#6091,#6092,#6093,#6094,
#6095,#6096,#6097,#6098,#6099,#6100,#6101,#6102,#6103,#6104,#6105,#6106,
#6107,#6108,#6109,#6110,#6111,#6112,#6113,#6114,#6115,#6116,#6117,#6118,
#6119,#6120,#6121,#6122,#6123,#6124,#6125,#6126,#6127,#6128,#6129,#6130,
#6131,#6132,#6133,#6134,#6135,#6136,#6137,#6138,#6139,#6140,#6141,#6142,
#6143,#6144,#6145,#6146,#6147,#6148,#6149,#6150,#6151,#6152,#6153,#6154,
#6155,#6156,#6157,#6158,#6159,#6160,#6161,#6162,#6163,#6164,#6165,#6166,
#6167,#6168,#6169,#6170,#6171,#6172,#6173,#6174,#6175,#6176,#6177,#6178,
#6179,#6180,#6181,#6182,#6183),(#6184,#6185,#6186,#6187,#6188,#6189,#6190,
#6191,#6192,#6193,#6194,#6195,#6196,#6197,#6198,#6199,#6200,#6201,#6202,
#6203,#6204,#6205,#6206,#6207,#6208,#6209,#6210,#6211,#6212,#6213,#6214,
#6215,#6216,#6217,#6218,#6219,#6220,#6221,#6222,#6223,#6224,#6225,#6226,
#6227,#6228,#6229,#6230,#6231,#6232,#6233,#6234,#6235,#6236,#6237,#6238,
#6239,#6240,#6241,#6242,#6243,#6244,#6245,#6246,#6247,#6248,#6249,#6250,
#6251,#6252,#6253,#6254,#6255,#6256,#6257,#6258,#6259,#6260,#6261,#6262,
#6263,#6264,#6265,#6266,#6267,#6268,#6269,#6270,#6271,#6272,#6273,#6274,
#6275,#6276,#6277,#6278,#6279,#6280,#6281,#6282,#6283,#6284,#6285,#6286,
#6287,#6288,#6289,#6290,#6291,#6292,#6293,#6294,#6295,#6296,#6297,#6298,
#6299,#6300,#6301,#6302,#6303,#6304,#6305,#6306,#6307,#6308,#6309,#6310,
#6311,#6312,#6313,#6314,#6315,#6316,#6317,#6318,#6319,#6320,#6321,#6322,
#6323,#6324,#6325,#6326,#6327,#6328,#6329,#6330,#6331,#6332,#6333,#6334,
#6335,#6336,#6337,#6338,#6339,#6340,#6341,#6342,#6343,#6344,#6345,#6346,
#6347,#6348,#6349,#6350,#6351,#6352,#6353,#6354,#6355,#6356,#6357,#6358,
#6359,#6360,#6361,#6362,#6363,#6364,#6365,#6366,#6367,#6368,#6369,#6370,
#6371,#6372,#6373,#6374,#6375,#6376,#6377,#6378,#6379,#6380,#6381,#6382,
#6383,#6384,#6385,#6386,#6387,#6388,#6389,#6390,#6391,#6392,#6393,#6394,
#6395,#6396,#6397,#6398,#6399,#6400,#6401,#6402,#6403,#6404,#6405,#6406,
#6407,#6408,#6409,#6410,#6411,#6412,#6413,#6414,#6415,#6416,#6417,#6418,
#6419,#6420,#6421,#6422,#6423,#6424,#6425,#6426,#6427,#6428,#6429,#6430,
#6431,#6432,#6433,#6434,#6435,#6436,#6437,#6438,#6439,#6440,#6441,#6442,
#6443,#6444,#6445,#6446,#6447,#6448,#6449,#6450,#6451,#6452,#6453,#6454,
#6455,#6456,#6457,#6458,#6459,#6460,#6461,#6462,#6463,#6464,#6465,#6466,
#6467,#6468,#6469,#6470,#6471,#6472,#6473,#6474,#6475,#6476,#6477,#6478,
#6479,#6480,#6481,#6482,#6483,#6484,#6485,#6486,#6487,#6488,#6489,#6490,
#6491,#6492,#6493,#6494,#6495,#6496,#6497,#6498,#6499,#6500,#6501,#6502,
#6503,#6504,#6505,#6506,#6507,#6508,#6509,#6510,#6511,#6512,#6513,#6514,
#6515,#6516,#6517,#6518,#6519,#6520,#6521,#6522,#6523,#6524,#6525,#6526,
#6527,#6528,#6529,#6530,#6531,#6532,#6533,#6534,#6535,#6536,#6537,#6538,
#6539,#6540,#6541,#6542,#6543,#6544,#6545,#6546,#6547,#6548,#6549,#6550,
#6551,#6552,#6553,#6554,#6555,#6556,#6557,#6558,#6559,#6560,#6561,#6562,
#6563,#6564,#6565,#6566,#6567,#6568,#6569,#6570,#6571,#6572,#6573,#6574,
#6575,#6576,#6577,#6578,#6579,#6580,#6581,#6582,#6583,#6584,#6585,#6586,
#6587,#6588,#6589,#6590,#6591,#6592,#6593,#6594,#6595,#6596,#6597,#6598,
#6599,#6600,#6601,#6602,#6603,#6604,#6605,#6606,#6607,#6608),(#6609,#6610,
#6611,#6612,#6613,#6614,#6615,#6616,#6617,#6618,#6619,#6620,#6621,#6622,
#6623,#6624,#6625,#6626,#6627,#6628,#6629,#6630,#6631,#6632,#6633,#6634,
#6635,#6636,#6637,#6638,#6639,#6640,#6641,#6642,#6643,#6644,#6645,#6646,
#6647,#6648,#6649,#6650,#6651,#6652,#6653,#6654,#6655,#6656,#6657,#6658,
#6659,#6660,#6661,#6662,#6663,#6664,#6665,#6666,#6667,#6668,#6669,#6670,
#6671,#6672,#6673,#6674,#6675,#6676,#6677,#6678,#6679,#6680,#6681,#6682,
#6683,#6684,#6685,#6686,#6687,#6688,#6689,#6690,#6691,#6692,#6693,#6694,
#6695,#6696,#6697,#6698,#6699,#6700,#6701,#6702,#6703,#6704,#6705,#6706,
#6707,#6708,#6709,#6710,#6711,#6712,#6713,#6714,#6715,#6716,#6717,#6718,
#6719,#6720,#6721,#6722,#6723,#6724,#6725,#6726,#6727,#6728,#6729,#6730,
#6731,#6732,#6733,#6734,#6735,#6736,#6737,#6738,#6739,#6740,#6741,#6742,
#6743,#6744,#6745,#6746,#6747,#6748,#6749,#6750,#6751,#6752,#6753,#6754,
#6755,#6756,#6757,#6758,#6759,#6760,#6761,#6762,#6763,#6764,#6765,#6766,
#6767,#6768,#6769,#6770,#6771,#6772,#6773,#6774,#6775,#6776,#6777,#6778,
#6779,#6780,#6781,#6782,#6783,#6784,#6785,#6786,#6787,#6788,#6789,#6790,
#6791,#6792,#6793,#6794,#6795,#6796,#6797,#6798,#6799,#6800,#6801,#6802,
#6803,#6804,#6805,#6806,#6807,#6808,#6809,#6810,#6811,#6812,#6813,#6814,
#6815,#6816,#6817,#6818,#6819,#6820,#6821,#6822,#6823,#6824,#6825,#6826,
#6827,#6828,#6829,#6830,#6831,#6832,#6833,#6834,#6835,#6836,#6837,#6838,
#6839,#6840,#6841,#6842,#6843,#6844,#6845,#6846,#6847,#6848,#6849,#6850,
#6851,#6852,#6853,#6854,#6855,#6856,#6857,#6858,#6859,#6860,#6861,#6862,
#6863,#6864,#6865,#6866,#6867,#6868,#6869,#6870,#6871,#6872,#6873,#6874,
#6875,#6876,#6877,#6878,#6879,#6880,#6881,#6882,#6883,#6884,#6885,#6886,
#6887,#6888,#6889,#6890,#6891,#6892,#6893,#6894,#6895,#6896,#6897,#6898,
#6899,#6900,#6901,#6902,#6903,#6904,#6905,#6906,#6907,#6908,#6909,#6910,
#6911,#6912,#6913,#6914,#6915,#6916,#6917,#6918,#6919,#6920,#6921,#6922,
#6923,#6924,#6925,#6926,#6927,#6928,#6929,#6930,#6931,#6932,#6933,#6934,
#6935,#6936,#6937,#6938,#6939,#6940,#6941,#6942,#6943,#6944,#6945,#6946,
#6947,#6948,#6949,#6950,#6951,#6952,#6953,#6954,#6955,#6956,#6957,#6958,
#6959,#6960,#6961,#6962,#6963,#6964,#6965,#6966,#6967,#6968,#6969,#6970,
#6971,#6972,#6973,#6974,#6975,#6976,#6977,#6978,#6979,#6980,#6981,#6982,
#6983,#6984,#6985,#6986,#6987,#6988,#6989,#6990,#6991,#6992,#6993,#6994,
#6995,#6996,#6997,#6998,#6999,#7000,#7001,#7002,#7003,#7004,#7005,#7006,
#7007,#7008,#7009,#7010,#7011,#7012,#7013,#7014,#7015,#7016,#7017,#7018,
#7019,#7020,#7021,#7022,#7023,#7024,#7025,#7026,#7027,#7028,#7029,#7030,
#7031,#7032,#7033),(#7034,#7035,#7036,#7037,#7038,#7039,#7040,#7041,#7042,
#7043,#7044,#7045,#7046,#7047,#7048,#7049,#7050,#7051,#7052,#7053,#7054,
#7055,#7056,#7057,#7058,#7059,#7060,#7061,#7062,#7063,#7064,#7065,#7066,
#7067,#7068,#7069,#7070,#7071,#7072,#7073,#7074,#7075,#7076,#7077,#7078,
#7079,#7080,#7081,#7082,#7083,#7084,#7085,#7086,#7087,#7088,#7089,#7090,
#7091,#7092,#7093,#7094,#7095,#7096,#7097,#7098,#7099,#7100,#7101,#7102,
#7103,#7104,#7105,#7106,#7107,#7108,#7109,#7110,#7111,#7112,#7113,#7114,
#7115,#7116,#7117,#7118,#7119,#7120,#7121,#7122,#7123,#7124,#7125,#7126,
#7127,#7128,#7129,#7130,#7131,#7132,#7133,#7134,#7135,#7136,#7137,#7138,
#7139,#7140,#7141,#7142,#7143,#7144,#7145,#7146,#7147,#7148,#7149,#7150,
#7151,#7152,#7153,#7154,#7155,#7156,#7157,#7158,#7159,#7160,#7161,#7162,
#7163,#7164,#7165,#7166,#7167,#7168,#7169,#7170,#7171,#7172,#7173,#7174,
#7175,#7176,#7177,#7178,#7179,#7180,#7181,#7182,#7183,#7184,#7185,#7186,
#7187,#7188,#7189,#7190,#7191,#7192,#7193,#7194,#7195,#7196,#7197,#7198,
#7199,#7200,#7201,#7202,#7203,#7204,#7205,#7206,#7207,#7208,#7209,#7210,
#7211,#7212,#7213,#7214,#7215,#7216,#7217,#7218,#7219,#7220,#7221,#7222,
#7223,#7224,#7225,#7226,#7227,#7228,#7229,#7230,#7231,#7232,#7233,#7234,
#7235,#7236,#7237,#7238,#7239,#7240,#7241,#7242,#7243,#7244,#7245,#7246,
#7247,#7248,#7249,#7250,#7251,#7252,#7253,#7254,#7255,#7256,#7257,#7258,
#7259,#7260,#7261,#7262,#7263,#7264,#7265,#7266,#7267,#7268,#7269,#7270,
#7271,#7272,#7273,#7274,#7275,#7276,#7277,#7278,#7279,#7280,#7281,#7282,
#7283,#7284,#7285,#7286,#7287,#7288,#7289,#7290,#7291,#7292,#7293,#7294,
#7295,#7296,#7297,#7298,#7299,#7300,#7301,#7302,#7303,#7304,#7305,#7306,
#7307,#7308,#7309,#7310,#7311,#7312,#7313,#7314,#7315,#7316,#7317,#7318,
#7319,#7320,#7321,#7322,#7323,#7324,#7325,#7326,#7327,#7328,#7329,#7330,
#7331,#7332,#7333,#7334,#7335,#7336,#7337,#7338,#7339,#7340,#7341,#7342,
#7343,#7344,#7345,#7346,#7347,#7348,#7349,#7350,#7351,#7352,#7353,#7354,
#7355,#7356,#7357,#7358,#7359,#7360,#7361,#7362,#7363,#7364,#7365,#7366,
#7367,#7368,#7369,#7370,#7371,#7372,#7373,#7374,#7375,#7376,#7377,#7378,
#7379,#7380,#7381,#7382,#7383,#7384,#7385,#7386,#7387,#7388,#7389,#7390,
#7391,#7392,#7393,#7394,#7395,#7396,#7397,#7398,#7399,#7400,#7401,#7402,
#7403,#7404,#7405,#7406,#7407,#7408,#7409,#7410,#7411,#7412,#7413,#7414,
#7415,#7416,#7417,#7418,#7419,#7420,#7421,#7422,#7423,#7424,#7425,#7426,
#7427,#7428,#7429,#7430,#7431,#7432,#7433,#7434,#7435,#7436,#7437,#7438,
#7439,#7440,#7441,#7442,#7443,#7444,#7445,#7446,#7447,#7448,#7449,#7450,
#7451,#7452,#7453,#7454,#7455,#7456,#7457,#7458)),.UNSPECIFIED.,.F.,.T.,
 .F.,(4,1,4),(4,2,2,2,2,2,2,2,1,1,1,2,2,2,2,2,2,2,2,2,2,2,2,2,2,2,2,2,2,
2,2,2,2,2,2,2,2,2,2,2,2,2,2,2,2,2,2,1,2,2,2,2,2,2,2,2,2,2,2,2,2,2,2,2,2,
2,2,2,2,2,2,2,2,2,2,2,2,2,2,2,2,2,2,2,2,2,2,2,2,2,2,2,2,2,2,2,2,2,2,2,2,
2,2,2,2,2,2,2,2,2,2,2,2,2,2,1,2,2,2,2,2,2,2,2,2,2,2,2,2,2,2,2,2,2,2,2,2,
2,2,2,2,2,1,2,1,2,1,2,2,1,2,1,1,1,2,2,1,2,2,2,2,2,2,2,2,2,2,2,2,2,2,2,2,
2,2,2,2,2,2,2,2,2,2,2,2,2,2,2,1,2,2,1,1,1,2,1,2,2,1,2,1,2,1,2,2,2,2,2,2,
2,2,2,2,2,2,2,2,2,2,2,2,2,4),(0.,0.142857142857143,1.),(-9.18763370218157,
-9.14429231680918,-9.05552167397166,-8.96449514090453,-8.87134774277564,
-8.77621610298501,-8.67923777042141,-8.58055206033848,-8.44480170039618,
-8.30905134045388,-8.03755062056927,-6.40854630126164,-4.26384575824049,
-2.15583557800847,-0.0982294541858511,0.,0.0999501133480116,0.201484440005917,
0.3044800883434,0.408812577282255,0.514355504812883,0.620980774129393,0.728557121241572,
0.836952162012444,0.946029455702213,1.05561963379586,1.16549124245602,1.2754519685717,
1.38530915393209,1.49486412921521,1.603914127994,1.71225174096933,1.81966369711521,
1.92584693543015,2.03028929893554,2.13270207919068,2.23281106984292,2.33033509760599,
2.42498759106292,2.51647525919744,2.60440944117701,2.68798219575302,2.76686307546366,
2.84081262635643,2.90959066799775,2.97295773311884,3.03067966366011,3.11298493480837,
3.19529020595662,3.35161370741011,3.49935650437148,3.63823232277841,3.76797193761841,
3.88832576383067,3.99907260728707,4.10002897238403,4.19106474075721,4.27212254923517,
4.34325012110758,4.40465842573495,4.45682017488163,4.50065309020605,4.53783097379192,
4.57115021651276,4.60444687602733,4.64156418618784,4.68531161382148,4.73737400588955,
4.79867449302634,4.86968982107672,4.95063262881265,5.04155268904479,5.14239271648274,
5.2530230439474,5.37326099131033,5.50288530883719,5.64164719205517,5.78927656801417,
5.94548810042608,6.10998734831507,6.16749528899111,6.23106322372628,6.30029783962642,
6.37451620767979,6.45342667744101,6.5367470559642,6.62419698178553,6.71550048761544,
6.8103855471213,6.90825755299542,7.00854574311109,7.11097628395264,7.21527982972025,
7.32119535294614,7.42846647268941,7.5368440618927,7.64603620491279,7.75565985484128,
7.86551499337804,7.97542321968239,8.08520946968472,8.19470360156398,8.30373856251158,
8.41215090935885,8.51977973955054,8.62645126047955,8.73199928192352,8.83630137854509,
8.9392391401704,9.0406953847982,9.14055486397748,9.2387027735009,11.29661032122,
13.40489151753,15.5498350570893,16.6359490103284,17.7220629635675,17.8207779110174,
17.9177689352307,18.0128980086075,18.1060282666247,18.1970232949933,18.2857496648188,
18.3720587496164,18.4555747710523,18.5360999750744,18.6135322578365,18.6877694494981,
18.7587093391137,18.8262495198823,18.8902880680356,18.9507218064259,19.0073308189119,
19.0599096384867,19.1084028815164,19.1527525214368,19.1929008131682,19.2287910434987,
19.2603665843308,19.2875743263801,19.3103197183011,19.3285522870766,19.3354483656057,
19.3423444441348,19.3471096504354,19.351874856736,19.3548065010947,19.3577381454534,
19.3623350273171,19.3659196304156,19.3695042335141,19.3709051780777,19.3723061226414,
19.3751080117687,19.3807117900232,19.3963027289483,19.4091824145987,19.4478214715502,
19.4963765932866,19.5419600944478,19.5845693992541,19.6242080293869,19.660887024184,
19.6946287993442,19.7254678327079,19.7534566022732,19.7786735484435,19.8012325486857,
19.8212996241231,19.8391171714103,19.8550365106323,19.8695521578393,19.883314659898,
19.8970831534068,19.9116158063838,19.9275608816058,19.9454104441602,19.9655137961031,
19.9881118615126,20.0133700588886,20.0414011525266,20.0722826053147,20.1060674424316,
20.1427897518237,20.1824709743984,20.2251226763193,20.2707484045327,20.3193443708306,
20.3580137537969,20.370903548119,20.3864957050188,20.3921122037205,20.3949204530714,
20.3963245777468,20.3977287024222,20.4013216471941,20.404914591966,20.4095155911678,
20.4124443109178,20.4153730306678,20.4201323195257,20.4248916083835,20.4317781361898,
20.4386646639962,20.4568664527363,20.479564827346,20.506768454488,20.5383511119889,
20.5742436806949,20.6143848325617,20.6587141042712,20.7071702988263,20.7596911688129,
20.8162172644699,20.8766603377162,20.9407388952597,21.0083076468788,21.0792626801311,
21.1534991942362,21.2309129641938,21.3113991893201,21.394854269338,21.437811971757),
 .UNSPECIFIED.);
#25=B_SPLINE_SURFACE_WITH_KNOTS('',5,5,((#8310,#8311,#8312,#8313,#8314,
#8315,#8316,#8317,#8318,#8319,#8320,#8321,#8322,#8323,#8324,#8325,#8326,
#8327,#8328,#8329,#8330,#8331,#8332,#8333,#8334,#8335,#8336,#8337,#8338,
#8339,#8340,#8341,#8342,#8343,#8344,#8345,#8346,#8347,#8348),(#8349,#8350,
#8351,#8352,#8353,#8354,#8355,#8356,#8357,#8358,#8359,#8360,#8361,#8362,
#8363,#8364,#8365,#8366,#8367,#8368,#8369,#8370,#8371,#8372,#8373,#8374,
#8375,#8376,#8377,#8378,#8379,#8380,#8381,#8382,#8383,#8384,#8385,#8386,
#8387),(#8388,#8389,#8390,#8391,#8392,#8393,#8394,#8395,#8396,#8397,#8398,
#8399,#8400,#8401,#8402,#8403,#8404,#8405,#8406,#8407,#8408,#8409,#8410,
#8411,#8412,#8413,#8414,#8415,#8416,#8417,#8418,#8419,#8420,#8421,#8422,
#8423,#8424,#8425,#8426),(#8427,#8428,#8429,#8430,#8431,#8432,#8433,#8434,
#8435,#8436,#8437,#8438,#8439,#8440,#8441,#8442,#8443,#8444,#8445,#8446,
#8447,#8448,#8449,#8450,#8451,#8452,#8453,#8454,#8455,#8456,#8457,#8458,
#8459,#8460,#8461,#8462,#8463,#8464,#8465),(#8466,#8467,#8468,#8469,#8470,
#8471,#8472,#8473,#8474,#8475,#8476,#8477,#8478,#8479,#8480,#8481,#8482,
#8483,#8484,#8485,#8486,#8487,#8488,#8489,#8490,#8491,#8492,#8493,#8494,
#8495,#8496,#8497,#8498,#8499,#8500,#8501,#8502,#8503,#8504),(#8505,#8506,
#8507,#8508,#8509,#8510,#8511,#8512,#8513,#8514,#8515,#8516,#8517,#8518,
#8519,#8520,#8521,#8522,#8523,#8524,#8525,#8526,#8527,#8528,#8529,#8530,
#8531,#8532,#8533,#8534,#8535,#8536,#8537,#8538,#8539,#8540,#8541,#8542,
#8543),(#8544,#8545,#8546,#8547,#8548,#8549,#8550,#8551,#8552,#8553,#8554,
#8555,#8556,#8557,#8558,#8559,#8560,#8561,#8562,#8563,#8564,#8565,#8566,
#8567,#8568,#8569,#8570,#8571,#8572,#8573,#8574,#8575,#8576,#8577,#8578,
#8579,#8580,#8581,#8582),(#8583,#8584,#8585,#8586,#8587,#8588,#8589,#8590,
#8591,#8592,#8593,#8594,#8595,#8596,#8597,#8598,#8599,#8600,#8601,#8602,
#8603,#8604,#8605,#8606,#8607,#8608,#8609,#8610,#8611,#8612,#8613,#8614,
#8615,#8616,#8617,#8618,#8619,#8620,#8621),(#8622,#8623,#8624,#8625,#8626,
#8627,#8628,#8629,#8630,#8631,#8632,#8633,#8634,#8635,#8636,#8637,#8638,
#8639,#8640,#8641,#8642,#8643,#8644,#8645,#8646,#8647,#8648,#8649,#8650,
#8651,#8652,#8653,#8654,#8655,#8656,#8657,#8658,#8659,#8660),(#8661,#8662,
#8663,#8664,#8665,#8666,#8667,#8668,#8669,#8670,#8671,#8672,#8673,#8674,
#8675,#8676,#8677,#8678,#8679,#8680,#8681,#8682,#8683,#8684,#8685,#8686,
#8687,#8688,#8689,#8690,#8691,#8692,#8693,#8694,#8695,#8696,#8697,#8698,
#8699),(#8700,#8701,#8702,#8703,#8704,#8705,#8706,#8707,#8708,#8709,#8710,
#8711,#8712,#8713,#8714,#8715,#8716,#8717,#8718,#8719,#8720,#8721,#8722,
#8723,#8724,#8725,#8726,#8727,#8728,#8729,#8730,#8731,#8732,#8733,#8734,
#8735,#8736,#8737,#8738),(#8739,#8740,#8741,#8742,#8743,#8744,#8745,#8746,
#8747,#8748,#8749,#8750,#8751,#8752,#8753,#8754,#8755,#8756,#8757,#8758,
#8759,#8760,#8761,#8762,#8763,#8764,#8765,#8766,#8767,#8768,#8769,#8770,
#8771,#8772,#8773,#8774,#8775,#8776,#8777),(#8778,#8779,#8780,#8781,#8782,
#8783,#8784,#8785,#8786,#8787,#8788,#8789,#8790,#8791,#8792,#8793,#8794,
#8795,#8796,#8797,#8798,#8799,#8800,#8801,#8802,#8803,#8804,#8805,#8806,
#8807,#8808,#8809,#8810,#8811,#8812,#8813,#8814,#8815,#8816),(#8817,#8818,
#8819,#8820,#8821,#8822,#8823,#8824,#8825,#8826,#8827,#8828,#8829,#8830,
#8831,#8832,#8833,#8834,#8835,#8836,#8837,#8838,#8839,#8840,#8841,#8842,
#8843,#8844,#8845,#8846,#8847,#8848,#8849,#8850,#8851,#8852,#8853,#8854,
#8855),(#8856,#8857,#8858,#8859,#8860,#8861,#8862,#8863,#8864,#8865,#8866,
#8867,#8868,#8869,#8870,#8871,#8872,#8873,#8874,#8875,#8876,#8877,#8878,
#8879,#8880,#8881,#8882,#8883,#8884,#8885,#8886,#8887,#8888,#8889,#8890,
#8891,#8892,#8893,#8894),(#8895,#8896,#8897,#8898,#8899,#8900,#8901,#8902,
#8903,#8904,#8905,#8906,#8907,#8908,#8909,#8910,#8911,#8912,#8913,#8914,
#8915,#8916,#8917,#8918,#8919,#8920,#8921,#8922,#8923,#8924,#8925,#8926,
#8927,#8928,#8929,#8930,#8931,#8932,#8933),(#8934,#8935,#8936,#8937,#8938,
#8939,#8940,#8941,#8942,#8943,#8944,#8945,#8946,#8947,#8948,#8949,#8950,
#8951,#8952,#8953,#8954,#8955,#8956,#8957,#8958,#8959,#8960,#8961,#8962,
#8963,#8964,#8965,#8966,#8967,#8968,#8969,#8970,#8971,#8972),(#8973,#8974,
#8975,#8976,#8977,#8978,#8979,#8980,#8981,#8982,#8983,#8984,#8985,#8986,
#8987,#8988,#8989,#8990,#8991,#8992,#8993,#8994,#8995,#8996,#8997,#8998,
#8999,#9000,#9001,#9002,#9003,#9004,#9005,#9006,#9007,#9008,#9009,#9010,
#9011),(#9012,#9013,#9014,#9015,#9016,#9017,#9018,#9019,#9020,#9021,#9022,
#9023,#9024,#9025,#9026,#9027,#9028,#9029,#9030,#9031,#9032,#9033,#9034,
#9035,#9036,#9037,#9038,#9039,#9040,#9041,#9042,#9043,#9044,#9045,#9046,
#9047,#9048,#9049,#9050),(#9051,#9052,#9053,#9054,#9055,#9056,#9057,#9058,
#9059,#9060,#9061,#9062,#9063,#9064,#9065,#9066,#9067,#9068,#9069,#9070,
#9071,#9072,#9073,#9074,#9075,#9076,#9077,#9078,#9079,#9080,#9081,#9082,
#9083,#9084,#9085,#9086,#9087,#9088,#9089),(#9090,#9091,#9092,#9093,#9094,
#9095,#9096,#9097,#9098,#9099,#9100,#9101,#9102,#9103,#9104,#9105,#9106,
#9107,#9108,#9109,#9110,#9111,#9112,#9113,#9114,#9115,#9116,#9117,#9118,
#9119,#9120,#9121,#9122,#9123,#9124,#9125,#9126,#9127,#9128),(#9129,#9130,
#9131,#9132,#9133,#9134,#9135,#9136,#9137,#9138,#9139,#9140,#9141,#9142,
#9143,#9144,#9145,#9146,#9147,#9148,#9149,#9150,#9151,#9152,#9153,#9154,
#9155,#9156,#9157,#9158,#9159,#9160,#9161,#9162,#9163,#9164,#9165,#9166,
#9167),(#9168,#9169,#9170,#9171,#9172,#9173,#9174,#9175,#9176,#9177,#9178,
#9179,#9180,#9181,#9182,#9183,#9184,#9185,#9186,#9187,#9188,#9189,#9190,
#9191,#9192,#9193,#9194,#9195,#9196,#9197,#9198,#9199,#9200,#9201,#9202,
#9203,#9204,#9205,#9206),(#9207,#9208,#9209,#9210,#9211,#9212,#9213,#9214,
#9215,#9216,#9217,#9218,#9219,#9220,#9221,#9222,#9223,#9224,#9225,#9226,
#9227,#9228,#9229,#9230,#9231,#9232,#9233,#9234,#9235,#9236,#9237,#9238,
#9239,#9240,#9241,#9242,#9243,#9244,#9245),(#9246,#9247,#9248,#9249,#9250,
#9251,#9252,#9253,#9254,#9255,#9256,#9257,#9258,#9259,#9260,#9261,#9262,
#9263,#9264,#9265,#9266,#9267,#9268,#9269,#9270,#9271,#9272,#9273,#9274,
#9275,#9276,#9277,#9278,#9279,#9280,#9281,#9282,#9283,#9284),(#9285,#9286,
#9287,#9288,#9289,#9290,#9291,#9292,#9293,#9294,#9295,#9296,#9297,#9298,
#9299,#9300,#9301,#9302,#9303,#9304,#9305,#9306,#9307,#9308,#9309,#9310,
#9311,#9312,#9313,#9314,#9315,#9316,#9317,#9318,#9319,#9320,#9321,#9322,
#9323),(#9324,#9325,#9326,#9327,#9328,#9329,#9330,#9331,#9332,#9333,#9334,
#9335,#9336,#9337,#9338,#9339,#9340,#9341,#9342,#9343,#9344,#9345,#9346,
#9347,#9348,#9349,#9350,#9351,#9352,#9353,#9354,#9355,#9356,#9357,#9358,
#9359,#9360,#9361,#9362),(#9363,#9364,#9365,#9366,#9367,#9368,#9369,#9370,
#9371,#9372,#9373,#9374,#9375,#9376,#9377,#9378,#9379,#9380,#9381,#9382,
#9383,#9384,#9385,#9386,#9387,#9388,#9389,#9390,#9391,#9392,#9393,#9394,
#9395,#9396,#9397,#9398,#9399,#9400,#9401),(#9402,#9403,#9404,#9405,#9406,
#9407,#9408,#9409,#9410,#9411,#9412,#9413,#9414,#9415,#9416,#9417,#9418,
#9419,#9420,#9421,#9422,#9423,#9424,#9425,#9426,#9427,#9428,#9429,#9430,
#9431,#9432,#9433,#9434,#9435,#9436,#9437,#9438,#9439,#9440),(#9441,#9442,
#9443,#9444,#9445,#9446,#9447,#9448,#9449,#9450,#9451,#9452,#9453,#9454,
#9455,#9456,#9457,#9458,#9459,#9460,#9461,#9462,#9463,#9464,#9465,#9466,
#9467,#9468,#9469,#9470,#9471,#9472,#9473,#9474,#9475,#9476,#9477,#9478,
#9479),(#9480,#9481,#9482,#9483,#9484,#9485,#9486,#9487,#9488,#9489,#9490,
#9491,#9492,#9493,#9494,#9495,#9496,#9497,#9498,#9499,#9500,#9501,#9502,
#9503,#9504,#9505,#9506,#9507,#9508,#9509,#9510,#9511,#9512,#9513,#9514,
#9515,#9516,#9517,#9518),(#9519,#9520,#9521,#9522,#9523,#9524,#9525,#9526,
#9527,#9528,#9529,#9530,#9531,#9532,#9533,#9534,#9535,#9536,#9537,#9538,
#9539,#9540,#9541,#9542,#9543,#9544,#9545,#9546,#9547,#9548,#9549,#9550,
#9551,#9552,#9553,#9554,#9555,#9556,#9557),(#9558,#9559,#9560,#9561,#9562,
#9563,#9564,#9565,#9566,#9567,#9568,#9569,#9570,#9571,#9572,#9573,#9574,
#9575,#9576,#9577,#9578,#9579,#9580,#9581,#9582,#9583,#9584,#9585,#9586,
#9587,#9588,#9589,#9590,#9591,#9592,#9593,#9594,#9595,#9596)),
 .UNSPECIFIED.,.F.,.F.,.F.,(6,3,3,3,3,3,3,3,3,3,6),(6,3,3,3,3,3,3,3,3,3,
3,3,6),(-7.24445230172643,-6.322614301108,-5.40077630048956,-4.47893829987112,
-3.55710029925269,0.130251703221055,3.8176037056948,4.73944170631323,5.66127970693167,
6.58311770755011,7.50495570816854),(-7.33416210980055,-6.41594457642892,
-5.49772704305729,-4.57950950968566,-3.66129197631403,-1.82485690957077,
0.0115781571724893,1.84801322391575,3.68444829065901,4.60266582403064,5.52088335740227,
6.4391008907739,7.35731842414553),.UNSPECIFIED.);
#26=B_SPLINE_CURVE_WITH_KNOTS('',3,(#1348,#1349,#1350,#1351),
 .UNSPECIFIED.,.F.,.F.,(4,4),(972.098745551253,972.132287698739),
 .UNSPECIFIED.);
#27=B_SPLINE_CURVE_WITH_KNOTS('',3,(#1357,#1358,#1359,#1360),
 .UNSPECIFIED.,.F.,.F.,(4,4),(-940.12060178305,-939.873218675902),
 .UNSPECIFIED.);
#28=B_SPLINE_CURVE_WITH_KNOTS('',3,(#1385,#1386,#1387,#1388),
 .UNSPECIFIED.,.F.,.F.,(4,4),(-940.904632874943,-940.715930284418),
 .UNSPECIFIED.);
#29=B_SPLINE_CURVE_WITH_KNOTS('',3,(#1397,#1398,#1399,#1400,#1401,#1402),
 .UNSPECIFIED.,.F.,.F.,(4,2,4),(78.7917159376981,78.8261487503368,78.8928803619994),
 .UNSPECIFIED.);
#30=B_SPLINE_CURVE_WITH_KNOTS('',3,(#1409,#1410,#1411,#1412),
 .UNSPECIFIED.,.F.,.F.,(4,4),(-940.715930284418,-940.12060178305),
 .UNSPECIFIED.);
#31=B_SPLINE_CURVE_WITH_KNOTS('',3,(#3076,#3077,#3078,#3079),
 .UNSPECIFIED.,.F.,.F.,(4,4),(-60.3809047072087,-60.3258832676241),
 .UNSPECIFIED.);
#32=B_SPLINE_CURVE_WITH_KNOTS('',3,(#3080,#3081,#3082,#3083,#3084,#3085,
#3086,#3087,#3088,#3089,#3090,#3091,#3092,#3093,#3094,#3095,#3096,#3097,
#3098,#3099,#3100,#3101,#3102,#3103,#3104,#3105,#3106,#3107,#3108,#3109,
#3110,#3111,#3112,#3113,#3114,#3115,#3116,#3117,#3118,#3119,#3120,#3121,
#3122,#3123,#3124,#3125,#3126,#3127,#3128,#3129,#3130,#3131,#3132,#3133,
#3134,#3135,#3136,#3137,#3138,#3139,#3140,#3141,#3142,#3143,#3144,#3145,
#3146,#3147,#3148,#3149,#3150,#3151,#3152,#3153,#3154,#3155,#3156,#3157,
#3158,#3159,#3160,#3161,#3162,#3163,#3164,#3165,#3166,#3167,#3168,#3169,
#3170,#3171,#3172,#3173,#3174,#3175,#3176,#3177,#3178,#3179,#3180,#3181,
#3182,#3183,#3184,#3185,#3186,#3187,#3188,#3189,#3190,#3191,#3192,#3193,
#3194,#3195,#3196,#3197,#3198,#3199,#3200,#3201,#3202,#3203,#3204,#3205,
#3206,#3207,#3208,#3209,#3210,#3211,#3212,#3213,#3214,#3215,#3216,#3217,
#3218,#3219,#3220,#3221,#3222,#3223,#3224,#3225,#3226,#3227,#3228,#3229,
#3230,#3231,#3232,#3233,#3234,#3235,#3236,#3237,#3238,#3239,#3240,#3241,
#3242,#3243,#3244,#3245,#3246,#3247,#3248,#3249,#3250,#3251,#3252,#3253,
#3254,#3255,#3256,#3257,#3258,#3259,#3260,#3261,#3262,#3263,#3264,#3265,
#3266,#3267,#3268,#3269,#3270,#3271,#3272,#3273,#3274,#3275,#3276,#3277,
#3278,#3279,#3280,#3281,#3282,#3283,#3284,#3285,#3286,#3287,#3288,#3289,
#3290,#3291,#3292,#3293,#3294,#3295,#3296,#3297,#3298,#3299,#3300,#3301,
#3302,#3303,#3304,#3305,#3306,#3307,#3308,#3309,#3310,#3311,#3312,#3313,
#3314,#3315,#3316),.UNSPECIFIED.,.F.,.F.,(4,1,1,1,1,1,1,1,1,2,2,2,2,2,2,
2,2,2,2,2,2,2,2,2,2,2,2,2,2,2,2,2,2,2,1,1,1,1,1,1,1,1,1,1,2,2,2,2,2,2,2,
2,2,2,2,2,2,2,2,2,2,2,2,2,2,2,2,2,2,1,1,1,1,1,1,1,1,2,2,2,2,2,2,2,2,2,2,
2,2,2,2,2,2,2,2,2,2,2,2,2,2,2,1,1,1,1,1,1,1,1,1,2,2,2,2,2,2,2,2,2,2,2,2,
2,2,2,2,2,2,2,2,2,2,2,2,4),(-60.3258832676241,-58.9227431743298,-57.464581641451,
-54.5482585756932,-51.6319355099355,-50.1737739770566,-49.4446932106171,
-49.0801528273974,-48.8978826357876,-48.7156124441777,-48.5688973042252,
-48.4229907820037,-48.2779309064693,-48.1337431705233,-47.9904413942147,
-47.8480244677743,-47.7064782482396,-47.5657744326852,-47.4258714403982,
-47.286714859521,-47.1482376102667,-47.0103600185588,-46.8729948393276,
-46.7360425178478,-46.599398917239,-46.4629533175302,-46.326591370289,-46.1901979102772,
-46.053657421812,-45.916858354521,-45.7796917519902,-45.6420571917782,-45.5038607589016,
-45.3650200500632,-44.9941838517333,-44.6233476534033,-43.8816752567435,
-42.3983304634238,-39.4316408767844,-36.464951290145,-34.9816064968253,
-34.2399341001654,-33.8690979018355,-33.6836798026705,-33.4982617035056,
-33.3594209946672,-33.2212245617905,-33.0835900015786,-32.9464233990478,
-32.8096243317567,-32.6730838432916,-32.5366903832797,-32.4003284360385,
-32.2638828363298,-32.1272392357209,-31.9902869142411,-31.85292173501,-31.715044143302,
-31.5765668940477,-31.4374103131706,-31.2975073208836,-31.1568035053292,
-31.0152572857945,-30.872840359354,-30.7295385830454,-30.5853508470995,
-30.4402909715651,-30.2943844493435,-30.147669309391,-26.5022654771939,
-25.7731847107544,-24.3150231778755,-21.3987001121178,-19.9405385792389,
-19.2114578127995,-18.8469174295798,-18.6646472379699,-18.48237704636,-18.3390294115163,
-18.1962100840285,-18.0539184985284,-17.9121457037406,-17.7708749548775,
-17.6300804956307,-17.4897294431857,-17.3497805565491,-17.210187024457,
-17.0708954492633,-16.9318477611402,-16.7929798561916,-16.6542269243971,
-16.5155207623182,-16.3767929369921,-16.2379752620158,-16.0990004421401,
-15.9598051909627,-15.8203287954367,-15.6805158501807,-15.5403174019076,
-15.3996892877215,-15.2585960987325,-15.1170096367664,-14.3825319975681,
-13.6480543583698,-12.9135767191715,-12.1790990799732,-9.24118852318002,
-6.3032779663868,-4.8343226879902,-4.0998450487919,-3.73260622919274,-3.36536740959359,
-3.22378094762756,-3.08268775863853,-2.9420596444524,-2.80186119617938,
-2.66204825092338,-2.52257185539729,-2.3833766042199,-2.24440178434428,
-2.10558410936796,-1.96685628404179,-1.8281501219629,-1.6893971901684,-1.55052928521979,
-1.41148159709675,-1.27219002190305,-1.13259648981096,-0.992647603174351,
-0.852296550729322,-0.711502091482562,-0.570231342619445,-0.42845854783163,
-0.286166962331551,-0.143347634843779,0.),.UNSPECIFIED.);
#33=B_SPLINE_CURVE_WITH_KNOTS('',3,(#3317,#3318,#3319,#3320,#3321,#3322,
#3323,#3324,#3325,#3326,#3327,#3328,#3329,#3330,#3331,#3332,#3333,#3334,
#3335,#3336,#3337,#3338,#3339,#3340,#3341,#3342,#3343,#3344,#3345,#3346,
#3347,#3348,#3349,#3350,#3351,#3352,#3353,#3354,#3355,#3356,#3357,#3358,
#3359,#3360,#3361,#3362,#3363,#3364,#3365,#3366,#3367,#3368,#3369,#3370,
#3371,#3372,#3373,#3374,#3375,#3376,#3377,#3378,#3379,#3380,#3381,#3382,
#3383,#3384,#3385,#3386,#3387,#3388,#3389,#3390,#3391,#3392,#3393,#3394,
#3395,#3396,#3397,#3398,#3399,#3400,#3401,#3402,#3403,#3404,#3405,#3406,
#3407,#3408,#3409,#3410,#3411,#3412,#3413,#3414,#3415,#3416,#3417,#3418,
#3419,#3420,#3421,#3422,#3423,#3424,#3425,#3426,#3427,#3428,#3429,#3430,
#3431,#3432,#3433,#3434,#3435,#3436,#3437,#3438,#3439,#3440,#3441,#3442,
#3443,#3444,#3445,#3446,#3447,#3448,#3449,#3450,#3451,#3452,#3453,#3454,
#3455,#3456,#3457,#3458,#3459,#3460,#3461,#3462,#3463,#3464,#3465,#3466,
#3467,#3468,#3469,#3470,#3471,#3472,#3473,#3474,#3475,#3476,#3477,#3478,
#3479,#3480,#3481,#3482,#3483,#3484,#3485,#3486,#3487,#3488,#3489,#3490,
#3491,#3492,#3493,#3494,#3495,#3496,#3497,#3498,#3499,#3500,#3501,#3502,
#3503,#3504,#3505,#3506,#3507,#3508,#3509,#3510,#3511,#3512,#3513,#3514,
#3515,#3516,#3517,#3518,#3519,#3520,#3521,#3522,#3523,#3524,#3525,#3526,
#3527,#3528,#3529,#3530,#3531,#3532,#3533,#3534,#3535,#3536,#3537,#3538,
#3539,#3540,#3541,#3542,#3543,#3544,#3545,#3546,#3547,#3548,#3549,#3550,
#3551,#3552,#3553),.UNSPECIFIED.,.T.,.F.,(4,2,2,2,2,2,2,2,2,2,2,2,2,2,2,
2,2,2,2,2,2,2,2,2,2,1,1,1,1,1,1,1,1,1,2,2,2,2,2,2,2,2,2,2,2,2,2,2,2,2,2,
2,2,2,2,2,2,2,2,1,1,1,1,1,1,1,1,2,2,2,2,2,2,2,2,2,2,2,2,2,2,2,2,2,2,2,2,
2,2,2,2,2,1,1,1,1,1,1,1,1,1,1,2,2,2,2,2,2,2,2,2,2,2,2,2,2,2,2,2,2,2,2,2,
2,2,2,2,1,1,1,1,1,1,1,1,4),(0.,0.143347634843779,0.286166962331551,0.42845854783163,
0.570231342619445,0.711502091482562,0.852296550729322,0.992647603174351,
1.13259648981096,1.27219002190305,1.41148159709675,1.55052928521979,1.6893971901684,
1.8281501219629,1.96685628404179,2.10558410936796,2.24440178434428,2.3833766042199,
2.52257185539729,2.66204825092338,2.80186119617938,2.9420596444524,3.08268775863853,
3.22378094762756,3.36536740959359,3.73260622919274,4.0998450487919,4.8343226879902,
6.3032779663868,9.24118852318002,12.1790990799732,12.9135767191715,13.6480543583698,
14.3825319975681,15.1170096367664,15.2585960987325,15.3996892877215,15.5403174019076,
15.6805158501807,15.8203287954367,15.9598051909627,16.0990004421401,16.2379752620158,
16.3767929369921,16.5155207623182,16.6542269243971,16.7929798561916,16.9318477611402,
17.0708954492633,17.210187024457,17.3497805565491,17.4897294431857,17.6300804956307,
17.7708749548775,17.9121457037406,18.0539184985284,18.1962100840285,18.3390294115163,
18.48237704636,18.6646472379699,18.8469174295798,19.2114578127995,19.9405385792389,
21.3987001121178,24.3150231778755,25.7731847107544,26.5022654771939,30.147669309391,
30.2943844493435,30.4402909715651,30.5853508470995,30.7295385830454,30.872840359354,
31.0152572857945,31.1568035053292,31.2975073208836,31.4374103131706,31.5765668940477,
31.715044143302,31.85292173501,31.9902869142411,32.1272392357209,32.2638828363298,
32.4003284360385,32.5366903832797,32.6730838432916,32.8096243317567,32.9464233990478,
33.0835900015786,33.2212245617905,33.3594209946672,33.4982617035056,33.6836798026705,
33.8690979018355,34.2399341001654,34.9816064968253,36.464951290145,39.4316408767844,
42.3983304634238,43.8816752567435,44.6233476534033,44.9941838517333,45.3650200500632,
45.5038607589016,45.6420571917782,45.7796917519902,45.916858354521,46.053657421812,
46.1901979102772,46.326591370289,46.4629533175302,46.599398917239,46.7360425178478,
46.8729948393276,47.0103600185588,47.1482376102667,47.286714859521,47.4258714403982,
47.5657744326852,47.7064782482396,47.8480244677743,47.9904413942147,48.1337431705233,
48.2779309064693,48.4229907820037,48.5688973042252,48.7156124441777,48.8978826357876,
49.0801528273974,49.4446932106171,50.1737739770566,51.6319355099355,54.5482585756932,
57.464581641451,58.9227431743298,60.3809047072087),.UNSPECIFIED.);
#34=B_SPLINE_CURVE_WITH_KNOTS('',3,(#4805,#4806,#4807,#4808,#4809,#4810,
#4811,#4812,#4813,#4814,#4815,#4816,#4817,#4818,#4819,#4820,#4821,#4822,
#4823,#4824,#4825,#4826,#4827,#4828,#4829,#4830,#4831,#4832,#4833,#4834,
#4835,#4836,#4837,#4838,#4839,#4840,#4841,#4842,#4843,#4844,#4845,#4846,
#4847,#4848,#4849,#4850,#4851,#4852,#4853,#4854,#4855,#4856,#4857,#4858,
#4859,#4860,#4861,#4862,#4863,#4864,#4865,#4866,#4867,#4868,#4869,#4870,
#4871,#4872,#4873,#4874,#4875,#4876,#4877,#4878,#4879,#4880,#4881,#4882,
#4883,#4884,#4885,#4886,#4887,#4888,#4889,#4890,#4891,#4892,#4893,#4894,
#4895,#4896,#4897,#4898,#4899,#4900,#4901,#4902,#4903,#4904,#4905,#4906,
#4907,#4908,#4909,#4910,#4911,#4912,#4913,#4914,#4915,#4916,#4917,#4918,
#4919,#4920,#4921,#4922,#4923,#4924,#4925,#4926,#4927,#4928,#4929,#4930,
#4931,#4932,#4933,#4934,#4935,#4936,#4937,#4938,#4939,#4940,#4941,#4942,
#4943,#4944,#4945,#4946,#4947,#4948,#4949,#4950,#4951,#4952,#4953,#4954,
#4955,#4956,#4957,#4958,#4959,#4960,#4961,#4962,#4963,#4964,#4965,#4966,
#4967,#4968,#4969,#4970,#4971,#4972,#4973,#4974,#4975,#4976,#4977,#4978,
#4979,#4980,#4981,#4982,#4983,#4984,#4985,#4986,#4987,#4988,#4989,#4990,
#4991,#4992,#4993,#4994,#4995,#4996,#4997,#4998,#4999,#5000,#5001,#5002,
#5003,#5004,#5005,#5006,#5007,#5008,#5009,#5010,#5011,#5012,#5013,#5014,
#5015,#5016,#5017,#5018,#5019,#5020,#5021,#5022,#5023,#5024,#5025,#5026,
#5027,#5028,#5029,#5030,#5031,#5032,#5033,#5034,#5035,#5036,#5037,#5038,
#5039,#5040,#5041,#5042,#5043,#5044,#5045,#5046,#5047,#5048,#5049,#5050,
#5051,#5052,#5053,#5054,#5055,#5056,#5057,#5058,#5059,#5060,#5061,#5062,
#5063,#5064,#5065,#5066,#5067,#5068,#5069,#5070,#5071,#5072,#5073,#5074,
#5075,#5076,#5077,#5078,#5079,#5080,#5081,#5082,#5083,#5084,#5085,#5086,
#5087,#5088,#5089,#5090,#5091,#5092,#5093,#5094,#5095,#5096,#5097,#5098,
#5099,#5100,#5101,#5102,#5103,#5104,#5105,#5106,#5107,#5108,#5109,#5110,
#5111,#5112,#5113,#5114,#5115,#5116,#5117,#5118,#5119,#5120,#5121,#5122,
#5123,#5124,#5125,#5126,#5127,#5128,#5129,#5130,#5131,#5132,#5133,#5134,
#5135,#5136,#5137,#5138,#5139,#5140,#5141,#5142,#5143,#5144,#5145,#5146,
#5147,#5148,#5149,#5150,#5151,#5152,#5153,#5154,#5155,#5156,#5157,#5158,
#5159,#5160,#5161,#5162,#5163,#5164,#5165,#5166,#5167,#5168,#5169,#5170,
#5171,#5172,#5173,#5174,#5175,#5176,#5177,#5178,#5179,#5180,#5181,#5182,
#5183,#5184,#5185,#5186,#5187,#5188,#5189,#5190,#5191,#5192,#5193,#5194,
#5195,#5196,#5197,#5198,#5199,#5200,#5201,#5202,#5203,#5204,#5205,#5206,
#5207,#5208,#5209,#5210,#5211,#5212,#5213,#5214,#5215,#5216,#5217,#5218,
#5219,#5220,#5221,#5222,#5223,#5224,#5225,#5226,#5227,#5228,#5229),
 .UNSPECIFIED.,.F.,.F.,(4,2,2,2,2,2,2,2,2,2,2,2,2,2,2,2,2,2,2,2,1,2,1,2,
1,2,2,1,2,1,1,1,2,2,1,2,2,2,2,2,2,2,2,2,2,2,2,2,2,2,2,2,2,2,2,2,2,2,2,2,
2,2,2,2,2,2,1,2,2,1,1,1,2,1,2,2,1,2,1,2,1,2,2,2,2,2,2,2,2,2,2,2,2,2,2,2,
2,2,2,2,2,2,2,2,2,2,2,1,2,2,2,2,2,2,2,2,2,2,2,2,2,2,2,2,2,2,2,2,2,2,2,2,
2,2,2,2,2,2,2,2,2,2,2,2,2,2,2,2,2,2,2,2,2,2,2,2,2,2,2,2,2,2,2,2,2,2,2,2,
2,2,2,2,2,2,2,1,2,2,2,2,2,2,2,2,2,2,2,2,2,2,2,2,2,2,2,2,2,2,2,2,2,2,2,2,
2,2,2,2,2,2,2,2,1,1,1,2,2,2,2,2,2,2,4),(-21.437811971757,-21.394854269338,
-21.3113991893201,-21.2309129641938,-21.1534991942362,-21.0792626801311,
-21.0083076468788,-20.9407388952597,-20.8766603377162,-20.8162172644699,
-20.7596911688129,-20.7071702988263,-20.6587141042712,-20.6143848325617,
-20.5742436806949,-20.5383511119889,-20.506768454488,-20.479564827346,-20.4568664527363,
-20.4386646639962,-20.4317781361898,-20.4248916083835,-20.4201323195257,
-20.4153730306678,-20.4124443109178,-20.4095155911678,-20.404914591966,
-20.4013216471941,-20.3977287024222,-20.3963245777468,-20.3949204530714,
-20.3921122037205,-20.3864957050188,-20.370903548119,-20.3580137537969,
-20.3193443708306,-20.2707484045327,-20.2251226763193,-20.1824709743984,
-20.1427897518237,-20.1060674424316,-20.0722826053147,-20.0414011525266,
-20.0133700588886,-19.9881118615126,-19.9655137961031,-19.9454104441602,
-19.9275608816058,-19.9116158063838,-19.8970831534068,-19.883314659898,
-19.8695521578393,-19.8550365106323,-19.8391171714103,-19.8212996241231,
-19.8012325486857,-19.7786735484435,-19.7534566022732,-19.7254678327079,
-19.6946287993442,-19.660887024184,-19.6242080293869,-19.5845693992541,
-19.5419600944478,-19.4963765932866,-19.4478214715502,-19.4091824145987,
-19.3963027289483,-19.3807117900232,-19.3751080117687,-19.3723061226414,
-19.3709051780777,-19.3695042335141,-19.3659196304156,-19.3623350273171,
-19.3577381454534,-19.3548065010947,-19.351874856736,-19.3471096504354,
-19.3423444441348,-19.3354483656057,-19.3285522870766,-19.3103197183011,
-19.2875743263801,-19.2603665843308,-19.2287910434987,-19.1929008131682,
-19.1527525214368,-19.1084028815164,-19.0599096384867,-19.0073308189119,
-18.9507218064259,-18.8902880680356,-18.8262495198823,-18.7587093391137,
-18.6877694494981,-18.6135322578365,-18.5360999750744,-18.4555747710523,
-18.3720587496164,-18.2857496648188,-18.1970232949933,-18.1060282666247,
-18.0128980086075,-17.9177689352307,-17.8207779110174,-17.7220629635675,
-16.6359490103284,-15.5498350570893,-13.40489151753,-11.29661032122,-9.2387027735009,
-9.14055486397748,-9.0406953847982,-8.9392391401704,-8.83630137854509,-8.73199928192352,
-8.62645126047955,-8.51977973955054,-8.41215090935885,-8.30373856251158,
-8.19470360156398,-8.08520946968472,-7.97542321968239,-7.86551499337804,
-7.75565985484128,-7.64603620491279,-7.5368440618927,-7.42846647268941,
-7.32119535294614,-7.21527982972025,-7.11097628395264,-7.00854574311109,
-6.90825755299542,-6.8103855471213,-6.71550048761544,-6.62419698178553,
-6.5367470559642,-6.45342667744101,-6.37451620767979,-6.30029783962642,
-6.23106322372628,-6.16749528899111,-6.10998734831507,-5.94548810042608,
-5.78927656801417,-5.64164719205517,-5.50288530883719,-5.37326099131033,
-5.2530230439474,-5.14239271648274,-5.04155268904479,-4.95063262881265,
-4.86968982107672,-4.79867449302634,-4.73737400588955,-4.68531161382148,
-4.64156418618784,-4.60444687602733,-4.57115021651276,-4.53783097379192,
-4.50065309020605,-4.45682017488163,-4.40465842573495,-4.34325012110758,
-4.27212254923517,-4.19106474075721,-4.10002897238403,-3.99907260728707,
-3.88832576383067,-3.76797193761841,-3.63823232277841,-3.49935650437148,
-3.35161370741011,-3.19529020595662,-3.11298493480837,-3.03067966366011,
-2.97295773311884,-2.90959066799775,-2.84081262635643,-2.76686307546366,
-2.68798219575302,-2.60440944117701,-2.51647525919744,-2.42498759106292,
-2.33033509760599,-2.23281106984292,-2.13270207919068,-2.03028929893554,
-1.92584693543015,-1.81966369711521,-1.71225174096933,-1.603914127994,-1.49486412921521,
-1.38530915393209,-1.2754519685717,-1.16549124245602,-1.05561963379586,
-0.946029455702213,-0.836952162012444,-0.728557121241572,-0.620980774129393,
-0.514355504812883,-0.408812577282255,-0.3044800883434,-0.201484440005917,
-0.0999501133480116,0.,0.0982294541858511,2.15583557800847,4.26384575824049,
6.40854630126164,8.03755062056927,8.30905134045388,8.44480170039618,8.58055206033848,
8.67923777042141,8.77621610298501,8.87134774277564,8.96449514090453,9.05552167397166,
9.14429231680918,9.17568425201338),.UNSPECIFIED.);
#35=B_SPLINE_CURVE_WITH_KNOTS('',3,(#5230,#5231,#5232,#5233),
 .UNSPECIFIED.,.F.,.F.,(4,4),(9.17568425201338,9.18763370218157),
 .UNSPECIFIED.);
#36=B_SPLINE_CURVE_WITH_KNOTS('',3,(#5236,#5237,#5238,#5239,#5240,#5241,
#5242,#5243,#5244,#5245,#5246,#5247,#5248,#5249,#5250,#5251,#5252,#5253,
#5254,#5255,#5256,#5257,#5258,#5259,#5260,#5261,#5262,#5263,#5264,#5265,
#5266,#5267,#5268,#5269,#5270,#5271,#5272,#5273,#5274,#5275,#5276,#5277,
#5278,#5279,#5280,#5281,#5282,#5283,#5284,#5285,#5286,#5287,#5288,#5289,
#5290,#5291,#5292,#5293,#5294,#5295,#5296,#5297,#5298,#5299,#5300,#5301,
#5302,#5303,#5304,#5305,#5306,#5307,#5308,#5309,#5310,#5311,#5312,#5313,
#5314,#5315,#5316,#5317,#5318,#5319,#5320,#5321,#5322,#5323,#5324,#5325,
#5326,#5327,#5328,#5329,#5330,#5331,#5332,#5333),.UNSPECIFIED.,.T.,.F.,
(4,2,2,2,2,2,2,2,2,2,2,2,2,2,2,2,2,2,2,2,2,2,2,2,2,2,2,2,2,2,2,2,2,2,2,
2,2,2,2,2,2,2,2,2,2,2,2,2,4),(-99.5428945165324,-99.1145877919141,-98.8229660179473,
-98.6941268936482,-98.5206211396247,-98.3406568613488,-97.9175966508063,
-97.0100039930344,-95.8697731417475,-94.3348311853594,-93.0881614621521,
-92.0548693651482,-91.2495563858182,-90.3600113086272,-89.6944538917017,
-89.4846932549306,-88.9457427465873,-88.73090147631,-88.0698490449353,-86.4719497825522,
-84.9315249286291,-84.084101390384,-83.2508637390023,-82.7458458137824,
-82.2484382303814,-80.8954032071918,-80.5597825683198,-79.2356222692476,
-50.2670718637483,-48.2622836022987,-44.5757034552689,-38.4103913940335,
-35.3362016242339,-32.6119400669522,-29.5883965860183,-26.7482565052352,
-23.252012623484,-20.8979765733667,-19.6603313015869,-18.2544119905071,
-16.3432723339173,-12.6712038031418,-9.82314691556835,-9.04840359632161,
-6.75337761236815,-2.74534343676427,-1.18025147174128,-0.538469252742461,
0.),.UNSPECIFIED.);
#37=B_SPLINE_CURVE_WITH_KNOTS('',3,(#7461,#7462,#7463,#7464,#7465,#7466,
#7467,#7468,#7469,#7470,#7471,#7472,#7473,#7474,#7475,#7476,#7477,#7478,
#7479,#7480,#7481,#7482,#7483,#7484,#7485,#7486,#7487,#7488,#7489,#7490,
#7491,#7492,#7493,#7494,#7495,#7496,#7497,#7498,#7499,#7500,#7501,#7502,
#7503,#7504,#7505,#7506,#7507,#7508,#7509,#7510,#7511,#7512,#7513,#7514,
#7515,#7516,#7517,#7518,#7519,#7520,#7521,#7522,#7523,#7524,#7525,#7526,
#7527,#7528,#7529,#7530,#7531,#7532,#7533,#7534,#7535,#7536,#7537,#7538,
#7539,#7540,#7541,#7542,#7543,#7544,#7545,#7546,#7547,#7548,#7549,#7550,
#7551,#7552,#7553,#7554,#7555,#7556,#7557,#7558,#7559,#7560,#7561,#7562,
#7563,#7564,#7565,#7566,#7567,#7568,#7569,#7570,#7571,#7572,#7573,#7574,
#7575,#7576,#7577,#7578,#7579,#7580,#7581,#7582,#7583,#7584,#7585,#7586,
#7587,#7588,#7589,#7590,#7591,#7592,#7593,#7594,#7595,#7596,#7597,#7598,
#7599,#7600,#7601,#7602,#7603,#7604,#7605,#7606,#7607,#7608,#7609,#7610,
#7611,#7612,#7613,#7614,#7615,#7616,#7617,#7618,#7619,#7620,#7621,#7622,
#7623,#7624,#7625,#7626,#7627,#7628,#7629,#7630,#7631,#7632,#7633,#7634,
#7635,#7636,#7637,#7638,#7639,#7640,#7641,#7642,#7643,#7644,#7645,#7646,
#7647,#7648,#7649,#7650,#7651,#7652,#7653,#7654,#7655,#7656,#7657,#7658,
#7659,#7660,#7661,#7662,#7663,#7664,#7665,#7666,#7667,#7668,#7669,#7670,
#7671,#7672,#7673,#7674,#7675,#7676,#7677,#7678,#7679,#7680,#7681,#7682,
#7683,#7684,#7685,#7686,#7687,#7688,#7689,#7690,#7691,#7692,#7693,#7694,
#7695,#7696,#7697,#7698,#7699,#7700,#7701,#7702,#7703,#7704,#7705,#7706,
#7707,#7708,#7709,#7710,#7711,#7712,#7713,#7714,#7715,#7716,#7717,#7718,
#7719,#7720,#7721,#7722,#7723,#7724,#7725,#7726,#7727,#7728,#7729,#7730,
#7731,#7732,#7733,#7734,#7735,#7736,#7737,#7738,#7739,#7740,#7741,#7742,
#7743,#7744,#7745,#7746,#7747,#7748,#7749,#7750,#7751,#7752,#7753,#7754,
#7755,#7756,#7757,#7758,#7759,#7760,#7761,#7762,#7763,#7764,#7765,#7766,
#7767,#7768,#7769,#7770,#7771,#7772,#7773,#7774,#7775,#7776,#7777,#7778,
#7779,#7780,#7781,#7782,#7783,#7784,#7785,#7786,#7787,#7788,#7789,#7790,
#7791,#7792,#7793,#7794,#7795,#7796,#7797,#7798,#7799,#7800,#7801,#7802,
#7803,#7804,#7805,#7806,#7807,#7808,#7809,#7810,#7811,#7812,#7813,#7814,
#7815,#7816,#7817,#7818,#7819,#7820,#7821,#7822,#7823,#7824,#7825,#7826,
#7827,#7828,#7829,#7830,#7831,#7832,#7833,#7834,#7835,#7836,#7837,#7838,
#7839,#7840,#7841,#7842,#7843,#7844,#7845,#7846,#7847,#7848,#7849,#7850,
#7851,#7852,#7853,#7854,#7855,#7856,#7857,#7858,#7859,#7860,#7861,#7862,
#7863,#7864,#7865,#7866,#7867,#7868,#7869,#7870,#7871,#7872,#7873,#7874,
#7875,#7876,#7877,#7878,#7879,#7880,#7881,#7882,#7883,#7884,#7885,#7886,
#7887,#7888,#7889,#7890,#7891,#7892,#7893,#7894,#7895,#7896,#7897,#7898,
#7899,#7900,#7901,#7902,#7903,#7904,#7905,#7906,#7907,#7908,#7909,#7910,
#7911,#7912,#7913,#7914,#7915,#7916,#7917,#7918,#7919,#7920,#7921,#7922,
#7923,#7924,#7925,#7926,#7927,#7928,#7929,#7930,#7931,#7932,#7933,#7934,
#7935,#7936,#7937,#7938,#7939,#7940,#7941,#7942,#7943,#7944,#7945,#7946,
#7947,#7948,#7949,#7950,#7951,#7952,#7953,#7954,#7955,#7956,#7957,#7958,
#7959,#7960,#7961,#7962,#7963,#7964,#7965,#7966,#7967,#7968,#7969,#7970,
#7971,#7972,#7973,#7974,#7975,#7976,#7977,#7978,#7979,#7980,#7981,#7982,
#7983,#7984,#7985,#7986,#7987,#7988,#7989,#7990,#7991,#7992,#7993,#7994,
#7995,#7996,#7997,#7998,#7999,#8000,#8001,#8002,#8003,#8004,#8005,#8006,
#8007,#8008,#8009,#8010,#8011,#8012,#8013,#8014,#8015,#8016,#8017,#8018,
#8019,#8020,#8021,#8022,#8023,#8024,#8025,#8026,#8027,#8028,#8029,#8030,
#8031,#8032,#8033,#8034,#8035,#8036,#8037,#8038,#8039,#8040,#8041,#8042,
#8043,#8044,#8045,#8046,#8047,#8048,#8049,#8050,#8051,#8052,#8053,#8054,
#8055,#8056,#8057,#8058,#8059,#8060,#8061,#8062,#8063,#8064,#8065,#8066,
#8067,#8068,#8069,#8070,#8071,#8072,#8073,#8074,#8075,#8076,#8077,#8078,
#8079,#8080,#8081,#8082,#8083,#8084,#8085,#8086,#8087,#8088,#8089,#8090,
#8091,#8092,#8093,#8094,#8095,#8096,#8097,#8098,#8099,#8100,#8101,#8102,
#8103,#8104,#8105,#8106,#8107,#8108,#8109,#8110,#8111,#8112,#8113,#8114,
#8115,#8116,#8117,#8118,#8119,#8120,#8121,#8122,#8123,#8124,#8125,#8126,
#8127),.UNSPECIFIED.,.T.,.F.,(4,3,3,3,3,3,3,3,3,3,3,3,3,3,3,3,3,3,3,3,3,
3,3,3,3,3,3,3,3,3,3,3,3,3,3,3,3,3,3,3,3,3,3,3,3,3,3,3,3,3,3,3,3,3,3,3,3,
3,3,3,3,3,3,3,3,3,3,3,3,3,3,3,3,3,3,3,3,3,3,3,3,3,3,3,3,3,3,3,3,3,3,3,3,
3,3,3,3,3,3,3,3,3,3,3,3,3,3,3,3,3,3,3,3,3,3,3,3,3,3,3,3,3,3,3,3,3,3,3,3,
3,3,3,3,3,3,3,3,3,3,3,3,3,3,3,3,3,3,3,3,3,3,3,3,3,3,3,3,3,3,3,3,3,3,3,3,
3,3,3,3,3,3,3,3,3,3,3,3,3,3,3,3,3,3,3,3,3,3,3,3,3,3,3,3,3,3,3,3,3,3,3,3,
3,3,3,3,3,3,3,3,3,3,3,3,3,3,3,3,3,3,3,3,3,4),(-9.18763370218157,-9.14429231680918,
-9.05552167397166,-8.96449514090453,-8.87134774277564,-8.77621610298501,
-8.67923777042141,-8.58055206033848,-8.44480170039618,-8.30905134045388,
-8.03755062056927,-6.40854630126163,-4.26384575824047,-2.15583557800845,
-0.0982294541858155,3.5527136788005E-14,0.0999501133480489,0.201484440005953,
0.304480088343437,0.408812577282292,0.51435550481292,0.620980774129433,
0.728557121241611,0.836952162012484,0.946029455702253,1.0556196337959,1.16549124245607,
1.27545196857174,1.38530915393213,1.49486412921525,1.60391412799404,1.71225174096937,
1.81966369711526,1.9258469354302,2.03028929893558,2.13270207919073,2.23281106984297,
2.33033509760604,2.42498759106296,2.51647525919748,2.60440944117706,2.68798219575306,
2.76686307546371,2.84081262635648,2.9095906679978,2.97295773311889,3.03067966366016,
3.11298493480842,3.19529020595667,3.35161370741016,3.49935650437153,3.63823232277846,
3.76797193761846,3.88832576383072,3.99907260728712,4.10002897238408,4.19106474075726,
4.27212254923523,4.34325012110764,4.40465842573501,4.45682017488168,4.5006530902061,
4.53783097379198,4.57115021651281,4.60444687602738,4.6415641861879,4.68531161382153,
4.73737400588961,4.79867449302639,4.86968982107678,4.9506326288127,5.04155268904484,
5.1423927164828,5.25302304394746,5.37326099131039,5.50288530883725,5.64164719205523,
5.78927656801423,5.94548810042614,6.10998734831514,6.16749528899117,6.23106322372634,
6.30029783962648,6.37451620767985,6.45342667744107,6.53674705596426,6.6241969817856,
6.7155004876155,6.81038554712136,6.90825755299549,7.00854574311115,7.1109762839527,
7.21527982972032,7.32119535294621,7.42846647268947,7.53684406189277,7.64603620491285,
7.75565985484135,7.8655149933781,7.97542321968246,8.08520946968479,8.19470360156404,
8.30373856251165,8.41215090935892,8.51977973955061,8.62645126047962,8.7319992819236,
8.83630137854516,8.93923914017047,9.04069538479827,9.14055486397756,9.23870277350097,
11.2966103212201,13.4048915175301,15.5498350570894,16.6359490103285,17.7220629635676,
17.8207779110175,17.9177689352308,18.0128980086076,18.1060282666248,18.1970232949934,
18.2857496648189,18.3720587496165,18.4555747710524,18.5360999750745,18.6135322578366,
18.6877694494982,18.7587093391138,18.8262495198824,18.8902880680357,18.950721806426,
19.007330818912,19.0599096384869,19.1084028815165,19.1527525214369,19.1929008131683,
19.2287910434988,19.260366584331,19.2875743263803,19.3103197183012,19.3285522870768,
19.3354483656058,19.3423444441349,19.3471096504355,19.3518748567361,19.3548065010948,
19.3577381454535,19.3623350273172,19.3659196304157,19.3695042335142,19.3709051780778,
19.3723061226415,19.3751080117688,19.3807117900234,19.3963027289484,19.4091824145989,
19.4478214715503,19.4963765932868,19.541960094448,19.5845693992542,19.624208029387,
19.6608870241841,19.6946287993443,19.725467832708,19.7534566022733,19.7786735484436,
19.8012325486858,19.8212996241232,19.8391171714104,19.8550365106324,19.8695521578394,
19.8833146598981,19.8970831534069,19.911615806384,19.9275608816059,19.9454104441604,
19.9655137961032,19.9881118615127,20.0133700588888,20.0414011525267,20.0722826053149,
20.1060674424317,20.1427897518238,20.1824709743985,20.2251226763194,20.2707484045328,
20.3193443708307,20.358013753797,20.3709035481191,20.3864957050189,20.3921122037206,
20.3949204530715,20.3963245777469,20.3977287024224,20.4013216471943,20.4049145919661,
20.4095155911679,20.4124443109179,20.415373030668,20.4201323195258,20.4248916083836,
20.43177813619,20.4386646639963,20.4568664527364,20.4795648273461,20.5067684544882,
20.5383511119891,20.574243680695,20.6143848325618,20.6587141042713,20.7071702988264,
20.759691168813,20.8162172644701,20.8766603377164,20.9407388952598,21.0083076468789,
21.0792626801312,21.1534991942364,21.2309129641939,21.3113991893202,21.3948542693382,
21.437811971757),.UNSPECIFIED.);
#38=B_SPLINE_CURVE_WITH_KNOTS('',3,(#8144,#8145,#8146,#8147,#8148,#8149,
#8150,#8151,#8152,#8153,#8154,#8155,#8156,#8157,#8158,#8159,#8160,#8161,
#8162,#8163,#8164,#8165,#8166,#8167,#8168,#8169,#8170,#8171,#8172,#8173,
#8174,#8175,#8176,#8177,#8178,#8179,#8180),.UNSPECIFIED.,.F.,.F.,(4,3,2,
2,2,2,2,2,2,2,2,2,2,2,2,2,2,4),(-0.0336693987047145,0.,0.531984797227985,
1.06396959445597,1.59595439168395,2.12793918891194,2.65747245500029,3.18700572108864,
3.71653898717699,4.24607225326533,4.77560447904101,5.30513670481668,5.83466893059236,
6.36420115636803,6.89618505843585,7.42816896050367,7.96015286257149,8.48967841548923),
 .UNSPECIFIED.);
#39=B_SPLINE_CURVE_WITH_KNOTS('',3,(#8182,#8183,#8184,#8185,#8186,#8187,
#8188,#8189,#8190,#8191,#8192,#8193,#8194,#8195,#8196,#8197,#8198,#8199,
#8200,#8201,#8202,#8203,#8204,#8205,#8206,#8207,#8208,#8209,#8210,#8211,
#8212,#8213,#8214,#8215,#8216,#8217),.UNSPECIFIED.,.F.,.F.,(4,2,2,2,2,2,
2,2,2,2,2,2,2,2,2,2,2,4),(8.48967841548923,8.4921367646393,9.02106612093002,
9.54999547722073,10.0789248335114,10.6078541898022,11.1348741166787,11.6618940435552,
12.1889139704317,12.7159338973082,13.2429538493177,13.7699738013271,14.2969937533366,
14.824013705346,15.3529425071595,15.881871308973,16.4108001107865,16.9060595138952),
 .UNSPECIFIED.);
#40=B_SPLINE_CURVE_WITH_KNOTS('',3,(#8220,#8221,#8222,#8223,#8224,#8225,
#8226,#8227,#8228,#8229,#8230,#8231,#8232,#8233,#8234,#8235,#8236,#8237,
#8238,#8239,#8240,#8241,#8242,#8243,#8244,#8245,#8246,#8247,#8248,#8249,
#8250,#8251,#8252,#8253,#8254,#8255,#8256,#8257,#8258,#8259,#8260,#8261,
#8262,#8263,#8264,#8265,#8266,#8267,#8268,#8269,#8270,#8271,#8272,#8273,
#8274,#8275,#8276,#8277,#8278,#8279,#8280,#8281,#8282,#8283,#8284,#8285,
#8286,#8287,#8288,#8289,#8290,#8291,#8292,#8293,#8294,#8295,#8296,#8297,
#8298,#8299,#8300,#8301,#8302,#8303,#8304,#8305,#8306,#8307,#8308,#8309),
 .UNSPECIFIED.,.T.,.F.,(4,2,2,2,2,2,2,2,2,2,2,2,2,2,2,2,2,2,2,2,2,2,2,2,
2,2,2,2,2,2,2,2,2,2,2,2,2,2,2,2,2,2,2,2,4),(0.,0.654592413076504,0.940240887214142,
1.19565848379086,1.48636156005195,2.02682165183657,2.80314350541996,3.54085230787898,
4.65338836307733,5.23038663027111,5.43680636993968,5.88273527070373,6.10477219259559,
6.31320728976611,6.52228243612704,6.77893229121286,6.96935098577378,7.32962659126143,
7.54394178649265,7.81902749162986,7.91235633552006,8.00168540725056,8.17209308869876,
8.32311712640449,8.38136328464814,8.43752385866958,8.50284974214026,8.63324148467879,
8.81400213586877,8.99686995139771,9.2413645251581,9.29351644655382,9.33540952721031,
9.42263590460748,9.55589952014034,9.626091091123,9.70423599381376,9.95954577921328,
10.6914626087668,10.9004913931888,11.073651852683,11.4173660158455,12.2870365755921,
12.8154225388074,13.4919791458777),.UNSPECIFIED.);
#41=CYLINDRICAL_SURFACE('',#900,0.25);
#42=CYLINDRICAL_SURFACE('',#909,0.25);
#43=CYLINDRICAL_SURFACE('',#919,0.25);
#44=CYLINDRICAL_SURFACE('',#928,0.25);
#45=CYLINDRICAL_SURFACE('',#930,0.25);
#46=CYLINDRICAL_SURFACE('',#934,0.25);
#47=CYLINDRICAL_SURFACE('',#936,0.25);
#48=CYLINDRICAL_SURFACE('',#938,0.25);
#49=CYLINDRICAL_SURFACE('',#952,2.79999988036897);
#50=FACE_BOUND('',#134,.T.);
#51=FACE_BOUND('',#171,.T.);
#52=FACE_BOUND('',#180,.T.);
#53=FACE_BOUND('',#182,.T.);
#54=CIRCLE('',#891,2.79999988036913);
#55=CIRCLE('',#892,0.25);
#56=CIRCLE('',#893,0.25);
#57=CIRCLE('',#894,0.25);
#58=CIRCLE('',#895,0.25);
#59=CIRCLE('',#896,0.25);
#60=CIRCLE('',#897,0.25);
#61=CIRCLE('',#898,0.25);
#62=CIRCLE('',#899,0.25);
#63=CIRCLE('',#901,0.25);
#64=CIRCLE('',#910,0.25);
#65=CIRCLE('',#920,0.25);
#66=CIRCLE('',#929,0.25);
#67=CIRCLE('',#931,0.25);
#68=CIRCLE('',#935,0.25);
#69=CIRCLE('',#937,0.25);
#70=CIRCLE('',#939,0.25);
#71=ELLIPSE('',#886,0.353553390593274,0.25);
#72=ELLIPSE('',#888,0.353553390593274,0.25);
#73=ELLIPSE('',#905,0.353553390593274,0.25);
#74=ELLIPSE('',#907,0.353553390593274,0.25);
#75=ELLIPSE('',#915,0.353553390593274,0.25);
#76=ELLIPSE('',#917,0.353553390593274,0.25);
#77=ELLIPSE('',#924,0.353553390593274,0.25);
#78=ELLIPSE('',#926,0.353553390593274,0.25);
#79=FACE_OUTER_BOUND('',#129,.T.);
#80=FACE_OUTER_BOUND('',#130,.T.);
#81=FACE_OUTER_BOUND('',#131,.T.);
#82=FACE_OUTER_BOUND('',#132,.T.);
#83=FACE_OUTER_BOUND('',#133,.T.);
#84=FACE_OUTER_BOUND('',#135,.T.);
#85=FACE_OUTER_BOUND('',#136,.T.);
#86=FACE_OUTER_BOUND('',#137,.T.);
#87=FACE_OUTER_BOUND('',#138,.T.);
#88=FACE_OUTER_BOUND('',#139,.T.);
#89=FACE_OUTER_BOUND('',#140,.T.);
#90=FACE_OUTER_BOUND('',#141,.T.);
#91=FACE_OUTER_BOUND('',#142,.T.);
#92=FACE_OUTER_BOUND('',#143,.T.);
#93=FACE_OUTER_BOUND('',#144,.T.);
#94=FACE_OUTER_BOUND('',#145,.T.);
#95=FACE_OUTER_BOUND('',#146,.T.);
#96=FACE_OUTER_BOUND('',#147,.T.);
#97=FACE_OUTER_BOUND('',#148,.T.);
#98=FACE_OUTER_BOUND('',#149,.T.);
#99=FACE_OUTER_BOUND('',#150,.T.);
#100=FACE_OUTER_BOUND('',#151,.T.);
#101=FACE_OUTER_BOUND('',#152,.T.);
#102=FACE_OUTER_BOUND('',#153,.T.);
#103=FACE_OUTER_BOUND('',#154,.T.);
#104=FACE_OUTER_BOUND('',#155,.T.);
#105=FACE_OUTER_BOUND('',#156,.T.);
#106=FACE_OUTER_BOUND('',#157,.T.);
#107=FACE_OUTER_BOUND('',#158,.T.);
#108=FACE_OUTER_BOUND('',#159,.T.);
#109=FACE_OUTER_BOUND('',#160,.T.);
#110=FACE_OUTER_BOUND('',#161,.T.);
#111=FACE_OUTER_BOUND('',#162,.T.);
#112=FACE_OUTER_BOUND('',#163,.T.);
#113=FACE_OUTER_BOUND('',#164,.T.);
#114=FACE_OUTER_BOUND('',#165,.T.);
#115=FACE_OUTER_BOUND('',#166,.T.);
#116=FACE_OUTER_BOUND('',#167,.T.);
#117=FACE_OUTER_BOUND('',#168,.T.);
#118=FACE_OUTER_BOUND('',#169,.T.);
#119=FACE_OUTER_BOUND('',#170,.T.);
#120=FACE_OUTER_BOUND('',#172,.T.);
#121=FACE_OUTER_BOUND('',#173,.T.);
#122=FACE_OUTER_BOUND('',#174,.T.);
#123=FACE_OUTER_BOUND('',#175,.T.);
#124=FACE_OUTER_BOUND('',#176,.T.);
#125=FACE_OUTER_BOUND('',#177,.T.);
#126=FACE_OUTER_BOUND('',#178,.T.);
#127=FACE_OUTER_BOUND('',#179,.T.);
#128=FACE_OUTER_BOUND('',#181,.T.);
#129=EDGE_LOOP('',(#543,#544,#545));
#130=EDGE_LOOP('',(#546,#547,#548,#549));
#131=EDGE_LOOP('',(#550,#551,#552,#553));
#132=EDGE_LOOP('',(#554,#555,#556,#557));
#133=EDGE_LOOP('',(#558));
#134=EDGE_LOOP('',(#559,#560,#561,#562,#563,#564,#565,#566,#567,#568,#569,
#570,#571,#572,#573,#574,#575,#576,#577,#578));
#135=EDGE_LOOP('',(#579,#580,#581,#582,#583));
#136=EDGE_LOOP('',(#584,#585,#586,#587));
#137=EDGE_LOOP('',(#588,#589,#590));
#138=EDGE_LOOP('',(#591,#592,#593,#594));
#139=EDGE_LOOP('',(#595,#596,#597,#598));
#140=EDGE_LOOP('',(#599,#600,#601,#602));
#141=EDGE_LOOP('',(#603,#604,#605,#606,#607));
#142=EDGE_LOOP('',(#608,#609,#610,#611));
#143=EDGE_LOOP('',(#612,#613,#614));
#144=EDGE_LOOP('',(#615,#616,#617,#618));
#145=EDGE_LOOP('',(#619,#620,#621,#622));
#146=EDGE_LOOP('',(#623,#624,#625,#626));
#147=EDGE_LOOP('',(#627,#628,#629,#630));
#148=EDGE_LOOP('',(#631,#632,#633,#634,#635));
#149=EDGE_LOOP('',(#636,#637,#638));
#150=EDGE_LOOP('',(#639,#640,#641,#642));
#151=EDGE_LOOP('',(#643,#644,#645,#646));
#152=EDGE_LOOP('',(#647,#648,#649,#650));
#153=EDGE_LOOP('',(#651,#652,#653,#654));
#154=EDGE_LOOP('',(#655,#656,#657,#658,#659));
#155=EDGE_LOOP('',(#660,#661,#662,#663,#664));
#156=EDGE_LOOP('',(#665,#666,#667));
#157=EDGE_LOOP('',(#668,#669,#670,#671));
#158=EDGE_LOOP('',(#672,#673,#674,#675,#676,#677));
#159=EDGE_LOOP('',(#678,#679,#680,#681,#682));
#160=EDGE_LOOP('',(#683,#684,#685,#686,#687,#688));
#161=EDGE_LOOP('',(#689,#690,#691));
#162=EDGE_LOOP('',(#692,#693,#694,#695));
#163=EDGE_LOOP('',(#696,#697,#698,#699));
#164=EDGE_LOOP('',(#700,#701,#702,#703));
#165=EDGE_LOOP('',(#704,#705,#706,#707,#708,#709,#710,#711,#712,#713,#714,
#715,#716,#717,#718,#719,#720,#721,#722,#723,#724,#725,#726,#727,#728,#729,
#730));
#166=EDGE_LOOP('',(#731,#732,#733,#734));
#167=EDGE_LOOP('',(#735,#736,#737,#738));
#168=EDGE_LOOP('',(#739,#740,#741,#742,#743));
#169=EDGE_LOOP('',(#744,#745,#746,#747,#748,#749));
#170=EDGE_LOOP('',(#750));
#171=EDGE_LOOP('',(#751));
#172=EDGE_LOOP('',(#752,#753,#754,#755,#756));
#173=EDGE_LOOP('',(#757));
#174=EDGE_LOOP('',(#758,#759,#760,#761,#762));
#175=EDGE_LOOP('',(#763,#764,#765,#766));
#176=EDGE_LOOP('',(#767,#768,#769,#770));
#177=EDGE_LOOP('',(#771,#772,#773,#774));
#178=EDGE_LOOP('',(#775,#776,#777,#778,#779));
#179=EDGE_LOOP('',(#780));
#180=EDGE_LOOP('',(#781,#782));
#181=EDGE_LOOP('',(#783));
#182=EDGE_LOOP('',(#784));
#183=LINE('',#1187,#264);
#184=LINE('',#1189,#265);
#185=LINE('',#1190,#266);
#186=LINE('',#1195,#267);
#187=LINE('',#1196,#268);
#188=LINE('',#1201,#269);
#189=LINE('',#1202,#270);
#190=LINE('',#1206,#271);
#191=LINE('',#1207,#272);
#192=LINE('',#1208,#273);
#193=LINE('',#1215,#274);
#194=LINE('',#1219,#275);
#195=LINE('',#1221,#276);
#196=LINE('',#1225,#277);
#197=LINE('',#1229,#278);
#198=LINE('',#1231,#279);
#199=LINE('',#1235,#280);
#200=LINE('',#1239,#281);
#201=LINE('',#1241,#282);
#202=LINE('',#1245,#283);
#203=LINE('',#1249,#284);
#204=LINE('',#1252,#285);
#205=LINE('',#1254,#286);
#206=LINE('',#1258,#287);
#207=LINE('',#1259,#288);
#208=LINE('',#1260,#289);
#209=LINE('',#1264,#290);
#210=LINE('',#1268,#291);
#211=LINE('',#1272,#292);
#212=LINE('',#1273,#293);
#213=LINE('',#1274,#294);
#214=LINE('',#1277,#295);
#215=LINE('',#1280,#296);
#216=LINE('',#1282,#297);
#217=LINE('',#1285,#298);
#218=LINE('',#1287,#299);
#219=LINE('',#1288,#300);
#220=LINE('',#1292,#301);
#221=LINE('',#1293,#302);
#222=LINE('',#1294,#303);
#223=LINE('',#1298,#304);
#224=LINE('',#1302,#305);
#225=LINE('',#1305,#306);
#226=LINE('',#1306,#307);
#227=LINE('',#1309,#308);
#228=LINE('',#1313,#309);
#229=LINE('',#1315,#310);
#230=LINE('',#1316,#311);
#231=LINE('',#1320,#312);
#232=LINE('',#1321,#313);
#233=LINE('',#1322,#314);
#234=LINE('',#1326,#315);
#235=LINE('',#1330,#316);
#236=LINE('',#1333,#317);
#237=LINE('',#1334,#318);
#238=LINE('',#1337,#319);
#239=LINE('',#1341,#320);
#240=LINE('',#1344,#321);
#241=LINE('',#1353,#322);
#242=LINE('',#1354,#323);
#243=LINE('',#1362,#324);
#244=LINE('',#1363,#325);
#245=LINE('',#1365,#326);
#246=LINE('',#1368,#327);
#247=LINE('',#1371,#328);
#248=LINE('',#1374,#329);
#249=LINE('',#1377,#330);
#250=LINE('',#1381,#331);
#251=LINE('',#1382,#332);
#252=LINE('',#1389,#333);
#253=LINE('',#1391,#334);
#254=LINE('',#1393,#335);
#255=LINE('',#1395,#336);
#256=LINE('',#1403,#337);
#257=LINE('',#1404,#338);
#258=LINE('',#1405,#339);
#259=LINE('',#1406,#340);
#260=LINE('',#3074,#341);
#261=LINE('',#4803,#342);
#262=LINE('',#7460,#343);
#263=LINE('',#8181,#344);
#264=VECTOR('',#961,10.);
#265=VECTOR('',#962,10.);
#266=VECTOR('',#963,10.);
#267=VECTOR('',#968,10.);
#268=VECTOR('',#969,10.);
#269=VECTOR('',#974,10.);
#270=VECTOR('',#975,10.);
#271=VECTOR('',#978,10.);
#272=VECTOR('',#979,10.);
#273=VECTOR('',#980,10.);
#274=VECTOR('',#987,1.);
#275=VECTOR('',#990,10.);
#276=VECTOR('',#991,10.);
#277=VECTOR('',#994,1.);
#278=VECTOR('',#997,10.);
#279=VECTOR('',#998,10.);
#280=VECTOR('',#1001,1.);
#281=VECTOR('',#1004,10.);
#282=VECTOR('',#1005,10.);
#283=VECTOR('',#1008,1.);
#284=VECTOR('',#1013,10.);
#285=VECTOR('',#1016,10.);
#286=VECTOR('',#1019,10.);
#287=VECTOR('',#1022,10.);
#288=VECTOR('',#1023,10.);
#289=VECTOR('',#1024,10.);
#290=VECTOR('',#1029,10.);
#291=VECTOR('',#1034,10.);
#292=VECTOR('',#1037,10.);
#293=VECTOR('',#1038,10.);
#294=VECTOR('',#1039,10.);
#295=VECTOR('',#1042,10.);
#296=VECTOR('',#1045,10.);
#297=VECTOR('',#1048,10.);
#298=VECTOR('',#1051,10.);
#299=VECTOR('',#1052,10.);
#300=VECTOR('',#1053,10.);
#301=VECTOR('',#1056,10.);
#302=VECTOR('',#1057,10.);
#303=VECTOR('',#1058,10.);
#304=VECTOR('',#1063,10.);
#305=VECTOR('',#1068,10.);
#306=VECTOR('',#1071,10.);
#307=VECTOR('',#1072,10.);
#308=VECTOR('',#1075,10.);
#309=VECTOR('',#1080,10.);
#310=VECTOR('',#1081,10.);
#311=VECTOR('',#1082,10.);
#312=VECTOR('',#1085,10.);
#313=VECTOR('',#1086,10.);
#314=VECTOR('',#1087,10.);
#315=VECTOR('',#1092,10.);
#316=VECTOR('',#1097,10.);
#317=VECTOR('',#1100,10.);
#318=VECTOR('',#1101,10.);
#319=VECTOR('',#1104,10.);
#320=VECTOR('',#1109,10.);
#321=VECTOR('',#1112,10.);
#322=VECTOR('',#1115,10.);
#323=VECTOR('',#1116,10.);
#324=VECTOR('',#1119,10.);
#325=VECTOR('',#1120,10.);
#326=VECTOR('',#1123,10.);
#327=VECTOR('',#1126,10.);
#328=VECTOR('',#1129,10.);
#329=VECTOR('',#1132,10.);
#330=VECTOR('',#1135,10.);
#331=VECTOR('',#1138,10.);
#332=VECTOR('',#1139,10.);
#333=VECTOR('',#1142,10.);
#334=VECTOR('',#1145,10.);
#335=VECTOR('',#1148,10.);
#336=VECTOR('',#1151,10.);
#337=VECTOR('',#1154,10.);
#338=VECTOR('',#1155,10.);
#339=VECTOR('',#1156,10.);
#340=VECTOR('',#1157,10.);
#341=VECTOR('',#1162,10.);
#342=VECTOR('',#1163,4.32581080255834);
#343=VECTOR('',#1166,10.);
#344=VECTOR('',#1177,1.);
#345=VERTEX_POINT('',#1185);
#346=VERTEX_POINT('',#1186);
#347=VERTEX_POINT('',#1188);
#348=VERTEX_POINT('',#1192);
#349=VERTEX_POINT('',#1193);
#350=VERTEX_POINT('',#1198);
#351=VERTEX_POINT('',#1199);
#352=VERTEX_POINT('',#1204);
#353=VERTEX_POINT('',#1205);
#354=VERTEX_POINT('',#1210);
#355=VERTEX_POINT('',#1212);
#356=VERTEX_POINT('',#1214);
#357=VERTEX_POINT('',#1216);
#358=VERTEX_POINT('',#1218);
#359=VERTEX_POINT('',#1220);
#360=VERTEX_POINT('',#1222);
#361=VERTEX_POINT('',#1224);
#362=VERTEX_POINT('',#1226);
#363=VERTEX_POINT('',#1228);
#364=VERTEX_POINT('',#1230);
#365=VERTEX_POINT('',#1232);
#366=VERTEX_POINT('',#1234);
#367=VERTEX_POINT('',#1236);
#368=VERTEX_POINT('',#1238);
#369=VERTEX_POINT('',#1240);
#370=VERTEX_POINT('',#1242);
#371=VERTEX_POINT('',#1244);
#372=VERTEX_POINT('',#1248);
#373=VERTEX_POINT('',#1250);
#374=VERTEX_POINT('',#1256);
#375=VERTEX_POINT('',#1257);
#376=VERTEX_POINT('',#1262);
#377=VERTEX_POINT('',#1266);
#378=VERTEX_POINT('',#1270);
#379=VERTEX_POINT('',#1271);
#380=VERTEX_POINT('',#1276);
#381=VERTEX_POINT('',#1278);
#382=VERTEX_POINT('',#1284);
#383=VERTEX_POINT('',#1286);
#384=VERTEX_POINT('',#1290);
#385=VERTEX_POINT('',#1291);
#386=VERTEX_POINT('',#1296);
#387=VERTEX_POINT('',#1300);
#388=VERTEX_POINT('',#1304);
#389=VERTEX_POINT('',#1308);
#390=VERTEX_POINT('',#1312);
#391=VERTEX_POINT('',#1314);
#392=VERTEX_POINT('',#1318);
#393=VERTEX_POINT('',#1319);
#394=VERTEX_POINT('',#1324);
#395=VERTEX_POINT('',#1328);
#396=VERTEX_POINT('',#1332);
#397=VERTEX_POINT('',#1336);
#398=VERTEX_POINT('',#1340);
#399=VERTEX_POINT('',#1342);
#400=VERTEX_POINT('',#1346);
#401=VERTEX_POINT('',#1347);
#402=VERTEX_POINT('',#1352);
#403=VERTEX_POINT('',#1356);
#404=VERTEX_POINT('',#1361);
#405=VERTEX_POINT('',#1366);
#406=VERTEX_POINT('',#1370);
#407=VERTEX_POINT('',#1372);
#408=VERTEX_POINT('',#1376);
#409=VERTEX_POINT('',#1378);
#410=VERTEX_POINT('',#1380);
#411=VERTEX_POINT('',#1384);
#412=VERTEX_POINT('',#3072);
#413=VERTEX_POINT('',#3073);
#414=VERTEX_POINT('',#3075);
#415=VERTEX_POINT('',#4802);
#416=VERTEX_POINT('',#4804);
#417=VERTEX_POINT('',#5235);
#418=VERTEX_POINT('',#7459);
#419=VERTEX_POINT('',#8142);
#420=VERTEX_POINT('',#8143);
#421=VERTEX_POINT('',#8219);
#422=EDGE_CURVE('',#345,#346,#183,.T.);
#423=EDGE_CURVE('',#347,#345,#184,.T.);
#424=EDGE_CURVE('',#346,#347,#185,.T.);
#425=EDGE_CURVE('',#348,#349,#71,.T.);
#426=EDGE_CURVE('',#349,#347,#186,.T.);
#427=EDGE_CURVE('',#345,#348,#187,.T.);
#428=EDGE_CURVE('',#350,#351,#72,.T.);
#429=EDGE_CURVE('',#351,#346,#188,.T.);
#430=EDGE_CURVE('',#347,#350,#189,.T.);
#431=EDGE_CURVE('',#352,#353,#190,.F.);
#432=EDGE_CURVE('',#353,#345,#191,.T.);
#433=EDGE_CURVE('',#346,#352,#192,.T.);
#434=EDGE_CURVE('',#354,#354,#54,.T.);
#435=EDGE_CURVE('',#349,#355,#55,.T.);
#436=EDGE_CURVE('',#356,#355,#193,.T.);
#437=EDGE_CURVE('',#356,#357,#56,.T.);
#438=EDGE_CURVE('',#358,#357,#194,.T.);
#439=EDGE_CURVE('',#359,#358,#195,.T.);
#440=EDGE_CURVE('',#359,#360,#57,.T.);
#441=EDGE_CURVE('',#361,#360,#196,.T.);
#442=EDGE_CURVE('',#361,#362,#58,.T.);
#443=EDGE_CURVE('',#363,#362,#197,.T.);
#444=EDGE_CURVE('',#364,#363,#198,.T.);
#445=EDGE_CURVE('',#364,#365,#59,.T.);
#446=EDGE_CURVE('',#366,#365,#199,.T.);
#447=EDGE_CURVE('',#366,#367,#60,.T.);
#448=EDGE_CURVE('',#368,#367,#200,.T.);
#449=EDGE_CURVE('',#369,#368,#201,.T.);
#450=EDGE_CURVE('',#369,#370,#61,.T.);
#451=EDGE_CURVE('',#371,#370,#202,.T.);
#452=EDGE_CURVE('',#371,#350,#62,.T.);
#453=EDGE_CURVE('',#372,#348,#203,.T.);
#454=EDGE_CURVE('',#372,#373,#63,.T.);
#455=EDGE_CURVE('',#355,#373,#204,.T.);
#456=EDGE_CURVE('',#353,#372,#205,.T.);
#457=EDGE_CURVE('',#374,#375,#206,.T.);
#458=EDGE_CURVE('',#358,#374,#207,.T.);
#459=EDGE_CURVE('',#375,#358,#208,.T.);
#460=EDGE_CURVE('',#376,#359,#73,.T.);
#461=EDGE_CURVE('',#374,#376,#209,.T.);
#462=EDGE_CURVE('',#357,#377,#74,.T.);
#463=EDGE_CURVE('',#377,#375,#210,.T.);
#464=EDGE_CURVE('',#378,#379,#211,.F.);
#465=EDGE_CURVE('',#379,#374,#212,.T.);
#466=EDGE_CURVE('',#375,#378,#213,.T.);
#467=EDGE_CURVE('',#380,#376,#214,.T.);
#468=EDGE_CURVE('',#380,#381,#64,.T.);
#469=EDGE_CURVE('',#360,#381,#215,.T.);
#470=EDGE_CURVE('',#379,#380,#216,.T.);
#471=EDGE_CURVE('',#382,#363,#217,.T.);
#472=EDGE_CURVE('',#383,#382,#218,.T.);
#473=EDGE_CURVE('',#363,#383,#219,.T.);
#474=EDGE_CURVE('',#384,#385,#220,.F.);
#475=EDGE_CURVE('',#385,#383,#221,.T.);
#476=EDGE_CURVE('',#382,#384,#222,.T.);
#477=EDGE_CURVE('',#386,#364,#75,.T.);
#478=EDGE_CURVE('',#383,#386,#223,.T.);
#479=EDGE_CURVE('',#362,#387,#76,.T.);
#480=EDGE_CURVE('',#387,#382,#224,.T.);
#481=EDGE_CURVE('',#387,#388,#225,.T.);
#482=EDGE_CURVE('',#388,#384,#226,.T.);
#483=EDGE_CURVE('',#389,#361,#227,.T.);
#484=EDGE_CURVE('',#389,#388,#65,.T.);
#485=EDGE_CURVE('',#390,#368,#228,.T.);
#486=EDGE_CURVE('',#391,#390,#229,.T.);
#487=EDGE_CURVE('',#368,#391,#230,.T.);
#488=EDGE_CURVE('',#392,#393,#231,.F.);
#489=EDGE_CURVE('',#393,#391,#232,.T.);
#490=EDGE_CURVE('',#390,#392,#233,.T.);
#491=EDGE_CURVE('',#394,#369,#77,.T.);
#492=EDGE_CURVE('',#391,#394,#234,.T.);
#493=EDGE_CURVE('',#367,#395,#78,.T.);
#494=EDGE_CURVE('',#395,#390,#235,.T.);
#495=EDGE_CURVE('',#395,#396,#236,.T.);
#496=EDGE_CURVE('',#396,#392,#237,.T.);
#497=EDGE_CURVE('',#397,#366,#238,.T.);
#498=EDGE_CURVE('',#397,#396,#66,.T.);
#499=EDGE_CURVE('',#398,#386,#239,.T.);
#500=EDGE_CURVE('',#398,#399,#67,.T.);
#501=EDGE_CURVE('',#365,#399,#240,.T.);
#502=EDGE_CURVE('',#400,#401,#26,.T.);
#503=EDGE_CURVE('',#401,#402,#241,.T.);
#504=EDGE_CURVE('',#400,#402,#242,.T.);
#505=EDGE_CURVE('',#403,#400,#27,.T.);
#506=EDGE_CURVE('',#402,#404,#243,.T.);
#507=EDGE_CURVE('',#403,#404,#244,.T.);
#508=EDGE_CURVE('',#403,#371,#245,.T.);
#509=EDGE_CURVE('',#404,#405,#68,.T.);
#510=EDGE_CURVE('',#351,#405,#246,.T.);
#511=EDGE_CURVE('',#406,#356,#247,.T.);
#512=EDGE_CURVE('',#406,#407,#69,.T.);
#513=EDGE_CURVE('',#377,#407,#248,.T.);
#514=EDGE_CURVE('',#408,#394,#249,.T.);
#515=EDGE_CURVE('',#408,#409,#70,.T.);
#516=EDGE_CURVE('',#410,#409,#250,.T.);
#517=EDGE_CURVE('',#370,#410,#251,.T.);
#518=EDGE_CURVE('',#411,#410,#28,.T.);
#519=EDGE_CURVE('',#409,#411,#252,.T.);
#520=EDGE_CURVE('',#385,#398,#253,.T.);
#521=EDGE_CURVE('',#393,#408,#254,.T.);
#522=EDGE_CURVE('',#381,#389,#255,.T.);
#523=EDGE_CURVE('',#411,#401,#29,.T.);
#524=EDGE_CURVE('',#399,#397,#256,.T.);
#525=EDGE_CURVE('',#407,#378,#257,.T.);
#526=EDGE_CURVE('',#373,#406,#258,.T.);
#527=EDGE_CURVE('',#405,#352,#259,.T.);
#528=EDGE_CURVE('',#410,#403,#30,.T.);
#529=EDGE_CURVE('',#412,#413,#260,.T.);
#530=EDGE_CURVE('',#413,#414,#31,.T.);
#531=EDGE_CURVE('',#414,#413,#32,.T.);
#532=EDGE_CURVE('',#412,#412,#33,.T.);
#533=EDGE_CURVE('',#414,#415,#261,.T.);
#534=EDGE_CURVE('',#416,#415,#34,.T.);
#535=EDGE_CURVE('',#415,#416,#35,.T.);
#536=EDGE_CURVE('',#417,#417,#36,.T.);
#537=EDGE_CURVE('',#416,#418,#262,.T.);
#538=EDGE_CURVE('',#418,#418,#37,.T.);
#539=EDGE_CURVE('',#419,#420,#38,.T.);
#540=EDGE_CURVE('',#420,#354,#263,.T.);
#541=EDGE_CURVE('',#420,#419,#39,.T.);
#542=EDGE_CURVE('',#421,#421,#40,.T.);
#543=ORIENTED_EDGE('',*,*,#422,.F.);
#544=ORIENTED_EDGE('',*,*,#423,.F.);
#545=ORIENTED_EDGE('',*,*,#424,.F.);
#546=ORIENTED_EDGE('',*,*,#425,.T.);
#547=ORIENTED_EDGE('',*,*,#426,.T.);
#548=ORIENTED_EDGE('',*,*,#423,.T.);
#549=ORIENTED_EDGE('',*,*,#427,.T.);
#550=ORIENTED_EDGE('',*,*,#428,.T.);
#551=ORIENTED_EDGE('',*,*,#429,.T.);
#552=ORIENTED_EDGE('',*,*,#424,.T.);
#553=ORIENTED_EDGE('',*,*,#430,.T.);
#554=ORIENTED_EDGE('',*,*,#431,.T.);
#555=ORIENTED_EDGE('',*,*,#432,.T.);
#556=ORIENTED_EDGE('',*,*,#422,.T.);
#557=ORIENTED_EDGE('',*,*,#433,.T.);
#558=ORIENTED_EDGE('',*,*,#434,.F.);
#559=ORIENTED_EDGE('',*,*,#430,.F.);
#560=ORIENTED_EDGE('',*,*,#426,.F.);
#561=ORIENTED_EDGE('',*,*,#435,.T.);
#562=ORIENTED_EDGE('',*,*,#436,.F.);
#563=ORIENTED_EDGE('',*,*,#437,.T.);
#564=ORIENTED_EDGE('',*,*,#438,.F.);
#565=ORIENTED_EDGE('',*,*,#439,.F.);
#566=ORIENTED_EDGE('',*,*,#440,.T.);
#567=ORIENTED_EDGE('',*,*,#441,.F.);
#568=ORIENTED_EDGE('',*,*,#442,.T.);
#569=ORIENTED_EDGE('',*,*,#443,.F.);
#570=ORIENTED_EDGE('',*,*,#444,.F.);
#571=ORIENTED_EDGE('',*,*,#445,.T.);
#572=ORIENTED_EDGE('',*,*,#446,.F.);
#573=ORIENTED_EDGE('',*,*,#447,.T.);
#574=ORIENTED_EDGE('',*,*,#448,.F.);
#575=ORIENTED_EDGE('',*,*,#449,.F.);
#576=ORIENTED_EDGE('',*,*,#450,.T.);
#577=ORIENTED_EDGE('',*,*,#451,.F.);
#578=ORIENTED_EDGE('',*,*,#452,.T.);
#579=ORIENTED_EDGE('',*,*,#425,.F.);
#580=ORIENTED_EDGE('',*,*,#453,.F.);
#581=ORIENTED_EDGE('',*,*,#454,.T.);
#582=ORIENTED_EDGE('',*,*,#455,.F.);
#583=ORIENTED_EDGE('',*,*,#435,.F.);
#584=ORIENTED_EDGE('',*,*,#427,.F.);
#585=ORIENTED_EDGE('',*,*,#432,.F.);
#586=ORIENTED_EDGE('',*,*,#456,.T.);
#587=ORIENTED_EDGE('',*,*,#453,.T.);
#588=ORIENTED_EDGE('',*,*,#457,.F.);
#589=ORIENTED_EDGE('',*,*,#458,.F.);
#590=ORIENTED_EDGE('',*,*,#459,.F.);
#591=ORIENTED_EDGE('',*,*,#460,.T.);
#592=ORIENTED_EDGE('',*,*,#439,.T.);
#593=ORIENTED_EDGE('',*,*,#458,.T.);
#594=ORIENTED_EDGE('',*,*,#461,.T.);
#595=ORIENTED_EDGE('',*,*,#462,.T.);
#596=ORIENTED_EDGE('',*,*,#463,.T.);
#597=ORIENTED_EDGE('',*,*,#459,.T.);
#598=ORIENTED_EDGE('',*,*,#438,.T.);
#599=ORIENTED_EDGE('',*,*,#464,.T.);
#600=ORIENTED_EDGE('',*,*,#465,.T.);
#601=ORIENTED_EDGE('',*,*,#457,.T.);
#602=ORIENTED_EDGE('',*,*,#466,.T.);
#603=ORIENTED_EDGE('',*,*,#460,.F.);
#604=ORIENTED_EDGE('',*,*,#467,.F.);
#605=ORIENTED_EDGE('',*,*,#468,.T.);
#606=ORIENTED_EDGE('',*,*,#469,.F.);
#607=ORIENTED_EDGE('',*,*,#440,.F.);
#608=ORIENTED_EDGE('',*,*,#461,.F.);
#609=ORIENTED_EDGE('',*,*,#465,.F.);
#610=ORIENTED_EDGE('',*,*,#470,.T.);
#611=ORIENTED_EDGE('',*,*,#467,.T.);
#612=ORIENTED_EDGE('',*,*,#471,.F.);
#613=ORIENTED_EDGE('',*,*,#472,.F.);
#614=ORIENTED_EDGE('',*,*,#473,.F.);
#615=ORIENTED_EDGE('',*,*,#474,.T.);
#616=ORIENTED_EDGE('',*,*,#475,.T.);
#617=ORIENTED_EDGE('',*,*,#472,.T.);
#618=ORIENTED_EDGE('',*,*,#476,.T.);
#619=ORIENTED_EDGE('',*,*,#477,.T.);
#620=ORIENTED_EDGE('',*,*,#444,.T.);
#621=ORIENTED_EDGE('',*,*,#473,.T.);
#622=ORIENTED_EDGE('',*,*,#478,.T.);
#623=ORIENTED_EDGE('',*,*,#479,.T.);
#624=ORIENTED_EDGE('',*,*,#480,.T.);
#625=ORIENTED_EDGE('',*,*,#471,.T.);
#626=ORIENTED_EDGE('',*,*,#443,.T.);
#627=ORIENTED_EDGE('',*,*,#476,.F.);
#628=ORIENTED_EDGE('',*,*,#480,.F.);
#629=ORIENTED_EDGE('',*,*,#481,.T.);
#630=ORIENTED_EDGE('',*,*,#482,.T.);
#631=ORIENTED_EDGE('',*,*,#479,.F.);
#632=ORIENTED_EDGE('',*,*,#442,.F.);
#633=ORIENTED_EDGE('',*,*,#483,.F.);
#634=ORIENTED_EDGE('',*,*,#484,.T.);
#635=ORIENTED_EDGE('',*,*,#481,.F.);
#636=ORIENTED_EDGE('',*,*,#485,.F.);
#637=ORIENTED_EDGE('',*,*,#486,.F.);
#638=ORIENTED_EDGE('',*,*,#487,.F.);
#639=ORIENTED_EDGE('',*,*,#488,.T.);
#640=ORIENTED_EDGE('',*,*,#489,.T.);
#641=ORIENTED_EDGE('',*,*,#486,.T.);
#642=ORIENTED_EDGE('',*,*,#490,.T.);
#643=ORIENTED_EDGE('',*,*,#491,.T.);
#644=ORIENTED_EDGE('',*,*,#449,.T.);
#645=ORIENTED_EDGE('',*,*,#487,.T.);
#646=ORIENTED_EDGE('',*,*,#492,.T.);
#647=ORIENTED_EDGE('',*,*,#493,.T.);
#648=ORIENTED_EDGE('',*,*,#494,.T.);
#649=ORIENTED_EDGE('',*,*,#485,.T.);
#650=ORIENTED_EDGE('',*,*,#448,.T.);
#651=ORIENTED_EDGE('',*,*,#490,.F.);
#652=ORIENTED_EDGE('',*,*,#494,.F.);
#653=ORIENTED_EDGE('',*,*,#495,.T.);
#654=ORIENTED_EDGE('',*,*,#496,.T.);
#655=ORIENTED_EDGE('',*,*,#493,.F.);
#656=ORIENTED_EDGE('',*,*,#447,.F.);
#657=ORIENTED_EDGE('',*,*,#497,.F.);
#658=ORIENTED_EDGE('',*,*,#498,.T.);
#659=ORIENTED_EDGE('',*,*,#495,.F.);
#660=ORIENTED_EDGE('',*,*,#477,.F.);
#661=ORIENTED_EDGE('',*,*,#499,.F.);
#662=ORIENTED_EDGE('',*,*,#500,.T.);
#663=ORIENTED_EDGE('',*,*,#501,.F.);
#664=ORIENTED_EDGE('',*,*,#445,.F.);
#665=ORIENTED_EDGE('',*,*,#502,.T.);
#666=ORIENTED_EDGE('',*,*,#503,.T.);
#667=ORIENTED_EDGE('',*,*,#504,.F.);
#668=ORIENTED_EDGE('',*,*,#505,.T.);
#669=ORIENTED_EDGE('',*,*,#504,.T.);
#670=ORIENTED_EDGE('',*,*,#506,.T.);
#671=ORIENTED_EDGE('',*,*,#507,.F.);
#672=ORIENTED_EDGE('',*,*,#428,.F.);
#673=ORIENTED_EDGE('',*,*,#452,.F.);
#674=ORIENTED_EDGE('',*,*,#508,.F.);
#675=ORIENTED_EDGE('',*,*,#507,.T.);
#676=ORIENTED_EDGE('',*,*,#509,.T.);
#677=ORIENTED_EDGE('',*,*,#510,.F.);
#678=ORIENTED_EDGE('',*,*,#462,.F.);
#679=ORIENTED_EDGE('',*,*,#437,.F.);
#680=ORIENTED_EDGE('',*,*,#511,.F.);
#681=ORIENTED_EDGE('',*,*,#512,.T.);
#682=ORIENTED_EDGE('',*,*,#513,.F.);
#683=ORIENTED_EDGE('',*,*,#491,.F.);
#684=ORIENTED_EDGE('',*,*,#514,.F.);
#685=ORIENTED_EDGE('',*,*,#515,.T.);
#686=ORIENTED_EDGE('',*,*,#516,.F.);
#687=ORIENTED_EDGE('',*,*,#517,.F.);
#688=ORIENTED_EDGE('',*,*,#450,.F.);
#689=ORIENTED_EDGE('',*,*,#518,.T.);
#690=ORIENTED_EDGE('',*,*,#516,.T.);
#691=ORIENTED_EDGE('',*,*,#519,.T.);
#692=ORIENTED_EDGE('',*,*,#475,.F.);
#693=ORIENTED_EDGE('',*,*,#520,.T.);
#694=ORIENTED_EDGE('',*,*,#499,.T.);
#695=ORIENTED_EDGE('',*,*,#478,.F.);
#696=ORIENTED_EDGE('',*,*,#489,.F.);
#697=ORIENTED_EDGE('',*,*,#521,.T.);
#698=ORIENTED_EDGE('',*,*,#514,.T.);
#699=ORIENTED_EDGE('',*,*,#492,.F.);
#700=ORIENTED_EDGE('',*,*,#483,.T.);
#701=ORIENTED_EDGE('',*,*,#441,.T.);
#702=ORIENTED_EDGE('',*,*,#469,.T.);
#703=ORIENTED_EDGE('',*,*,#522,.T.);
#704=ORIENTED_EDGE('',*,*,#523,.F.);
#705=ORIENTED_EDGE('',*,*,#519,.F.);
#706=ORIENTED_EDGE('',*,*,#515,.F.);
#707=ORIENTED_EDGE('',*,*,#521,.F.);
#708=ORIENTED_EDGE('',*,*,#488,.F.);
#709=ORIENTED_EDGE('',*,*,#496,.F.);
#710=ORIENTED_EDGE('',*,*,#498,.F.);
#711=ORIENTED_EDGE('',*,*,#524,.F.);
#712=ORIENTED_EDGE('',*,*,#500,.F.);
#713=ORIENTED_EDGE('',*,*,#520,.F.);
#714=ORIENTED_EDGE('',*,*,#474,.F.);
#715=ORIENTED_EDGE('',*,*,#482,.F.);
#716=ORIENTED_EDGE('',*,*,#484,.F.);
#717=ORIENTED_EDGE('',*,*,#522,.F.);
#718=ORIENTED_EDGE('',*,*,#468,.F.);
#719=ORIENTED_EDGE('',*,*,#470,.F.);
#720=ORIENTED_EDGE('',*,*,#464,.F.);
#721=ORIENTED_EDGE('',*,*,#525,.F.);
#722=ORIENTED_EDGE('',*,*,#512,.F.);
#723=ORIENTED_EDGE('',*,*,#526,.F.);
#724=ORIENTED_EDGE('',*,*,#454,.F.);
#725=ORIENTED_EDGE('',*,*,#456,.F.);
#726=ORIENTED_EDGE('',*,*,#431,.F.);
#727=ORIENTED_EDGE('',*,*,#527,.F.);
#728=ORIENTED_EDGE('',*,*,#509,.F.);
#729=ORIENTED_EDGE('',*,*,#506,.F.);
#730=ORIENTED_EDGE('',*,*,#503,.F.);
#731=ORIENTED_EDGE('',*,*,#501,.T.);
#732=ORIENTED_EDGE('',*,*,#524,.T.);
#733=ORIENTED_EDGE('',*,*,#497,.T.);
#734=ORIENTED_EDGE('',*,*,#446,.T.);
#735=ORIENTED_EDGE('',*,*,#508,.T.);
#736=ORIENTED_EDGE('',*,*,#451,.T.);
#737=ORIENTED_EDGE('',*,*,#517,.T.);
#738=ORIENTED_EDGE('',*,*,#528,.T.);
#739=ORIENTED_EDGE('',*,*,#529,.T.);
#740=ORIENTED_EDGE('',*,*,#530,.T.);
#741=ORIENTED_EDGE('',*,*,#531,.T.);
#742=ORIENTED_EDGE('',*,*,#529,.F.);
#743=ORIENTED_EDGE('',*,*,#532,.T.);
#744=ORIENTED_EDGE('',*,*,#530,.F.);
#745=ORIENTED_EDGE('',*,*,#531,.F.);
#746=ORIENTED_EDGE('',*,*,#533,.T.);
#747=ORIENTED_EDGE('',*,*,#534,.F.);
#748=ORIENTED_EDGE('',*,*,#535,.F.);
#749=ORIENTED_EDGE('',*,*,#533,.F.);
#750=ORIENTED_EDGE('',*,*,#532,.F.);
#751=ORIENTED_EDGE('',*,*,#536,.F.);
#752=ORIENTED_EDGE('',*,*,#537,.T.);
#753=ORIENTED_EDGE('',*,*,#538,.T.);
#754=ORIENTED_EDGE('',*,*,#537,.F.);
#755=ORIENTED_EDGE('',*,*,#534,.T.);
#756=ORIENTED_EDGE('',*,*,#535,.T.);
#757=ORIENTED_EDGE('',*,*,#538,.F.);
#758=ORIENTED_EDGE('',*,*,#523,.T.);
#759=ORIENTED_EDGE('',*,*,#502,.F.);
#760=ORIENTED_EDGE('',*,*,#505,.F.);
#761=ORIENTED_EDGE('',*,*,#528,.F.);
#762=ORIENTED_EDGE('',*,*,#518,.F.);
#763=ORIENTED_EDGE('',*,*,#455,.T.);
#764=ORIENTED_EDGE('',*,*,#526,.T.);
#765=ORIENTED_EDGE('',*,*,#511,.T.);
#766=ORIENTED_EDGE('',*,*,#436,.T.);
#767=ORIENTED_EDGE('',*,*,#429,.F.);
#768=ORIENTED_EDGE('',*,*,#510,.T.);
#769=ORIENTED_EDGE('',*,*,#527,.T.);
#770=ORIENTED_EDGE('',*,*,#433,.F.);
#771=ORIENTED_EDGE('',*,*,#463,.F.);
#772=ORIENTED_EDGE('',*,*,#513,.T.);
#773=ORIENTED_EDGE('',*,*,#525,.T.);
#774=ORIENTED_EDGE('',*,*,#466,.F.);
#775=ORIENTED_EDGE('',*,*,#539,.T.);
#776=ORIENTED_EDGE('',*,*,#540,.T.);
#777=ORIENTED_EDGE('',*,*,#434,.T.);
#778=ORIENTED_EDGE('',*,*,#540,.F.);
#779=ORIENTED_EDGE('',*,*,#541,.T.);
#780=ORIENTED_EDGE('',*,*,#542,.T.);
#781=ORIENTED_EDGE('',*,*,#539,.F.);
#782=ORIENTED_EDGE('',*,*,#541,.F.);
#783=ORIENTED_EDGE('',*,*,#536,.T.);
#784=ORIENTED_EDGE('',*,*,#542,.F.);
#785=PLANE('',#884);
#786=PLANE('',#885);
#787=PLANE('',#887);
#788=PLANE('',#889);
#789=PLANE('',#890);
#790=PLANE('',#902);
#791=PLANE('',#903);
#792=PLANE('',#904);
#793=PLANE('',#906);
#794=PLANE('',#908);
#795=PLANE('',#911);
#796=PLANE('',#912);
#797=PLANE('',#913);
#798=PLANE('',#914);
#799=PLANE('',#916);
#800=PLANE('',#918);
#801=PLANE('',#921);
#802=PLANE('',#922);
#803=PLANE('',#923);
#804=PLANE('',#925);
#805=PLANE('',#927);
#806=PLANE('',#932);
#807=PLANE('',#933);
#808=PLANE('',#940);
#809=PLANE('',#941);
#810=PLANE('',#942);
#811=PLANE('',#943);
#812=PLANE('',#944);
#813=PLANE('',#945);
#814=PLANE('',#946);
#815=PLANE('',#947);
#816=PLANE('',#949);
#817=PLANE('',#950);
#818=PLANE('',#951);
#819=ADVANCED_FACE('',(#79),#785,.T.);
#820=ADVANCED_FACE('',(#80),#786,.T.);
#821=ADVANCED_FACE('',(#81),#787,.T.);
#822=ADVANCED_FACE('',(#82),#788,.T.);
#823=ADVANCED_FACE('',(#83,#50),#789,.F.);
#824=ADVANCED_FACE('',(#84),#41,.F.);
#825=ADVANCED_FACE('',(#85),#790,.F.);
#826=ADVANCED_FACE('',(#86),#791,.T.);
#827=ADVANCED_FACE('',(#87),#792,.T.);
#828=ADVANCED_FACE('',(#88),#793,.T.);
#829=ADVANCED_FACE('',(#89),#794,.T.);
#830=ADVANCED_FACE('',(#90),#42,.F.);
#831=ADVANCED_FACE('',(#91),#795,.T.);
#832=ADVANCED_FACE('',(#92),#796,.T.);
#833=ADVANCED_FACE('',(#93),#797,.T.);
#834=ADVANCED_FACE('',(#94),#798,.T.);
#835=ADVANCED_FACE('',(#95),#799,.T.);
#836=ADVANCED_FACE('',(#96),#800,.F.);
#837=ADVANCED_FACE('',(#97),#43,.F.);
#838=ADVANCED_FACE('',(#98),#801,.T.);
#839=ADVANCED_FACE('',(#99),#802,.T.);
#840=ADVANCED_FACE('',(#100),#803,.T.);
#841=ADVANCED_FACE('',(#101),#804,.T.);
#842=ADVANCED_FACE('',(#102),#805,.T.);
#843=ADVANCED_FACE('',(#103),#44,.F.);
#844=ADVANCED_FACE('',(#104),#45,.F.);
#845=ADVANCED_FACE('',(#105),#806,.F.);
#846=ADVANCED_FACE('',(#106),#807,.F.);
#847=ADVANCED_FACE('',(#107),#46,.F.);
#848=ADVANCED_FACE('',(#108),#47,.F.);
#849=ADVANCED_FACE('',(#109),#48,.F.);
#850=ADVANCED_FACE('',(#110),#808,.F.);
#851=ADVANCED_FACE('',(#111),#809,.F.);
#852=ADVANCED_FACE('',(#112),#810,.F.);
#853=ADVANCED_FACE('',(#113),#811,.T.);
#854=ADVANCED_FACE('',(#114),#812,.T.);
#855=ADVANCED_FACE('',(#115),#813,.F.);
#856=ADVANCED_FACE('',(#116),#814,.F.);
#857=ADVANCED_FACE('',(#117),#22,.T.);
#858=ADVANCED_FACE('',(#118),#23,.F.);
#859=ADVANCED_FACE('',(#119,#51),#815,.F.);
#860=ADVANCED_FACE('',(#120),#24,.T.);
#861=ADVANCED_FACE('',(#121),#20,.F.);
#862=ADVANCED_FACE('',(#122),#19,.T.);
#863=ADVANCED_FACE('',(#123),#816,.T.);
#864=ADVANCED_FACE('',(#124),#817,.T.);
#865=ADVANCED_FACE('',(#125),#818,.T.);
#866=ADVANCED_FACE('',(#126),#49,.T.);
#867=ADVANCED_FACE('',(#127,#52),#21,.T.);
#868=ADVANCED_FACE('',(#128,#53),#25,.T.);
#869=CLOSED_SHELL('',(#819,#820,#821,#822,#823,#824,#825,#826,#827,#828,
#829,#830,#831,#832,#833,#834,#835,#836,#837,#838,#839,#840,#841,#842,#843,
#844,#845,#846,#847,#848,#849,#850,#851,#852,#853,#854,#855,#856,#857,#858,
#859,#860,#861,#862,#863,#864,#865,#866,#867,#868));
#870=DERIVED_UNIT_ELEMENT(#872,1.);
#871=DERIVED_UNIT_ELEMENT(#9605,-3.);
#872=(
MASS_UNIT()
NAMED_UNIT(*)
SI_UNIT(.KILO.,.GRAM.)
);
#873=DERIVED_UNIT((#870,#871));
#874=MEASURE_REPRESENTATION_ITEM('density measure',
POSITIVE_RATIO_MEASURE(7850.),#873);
#875=PROPERTY_DEFINITION_REPRESENTATION(#880,#877);
#876=PROPERTY_DEFINITION_REPRESENTATION(#881,#878);
#877=REPRESENTATION('material name',(#879),#9602);
#878=REPRESENTATION('density',(#874),#9602);
#879=DESCRIPTIVE_REPRESENTATION_ITEM('Steel','Steel');
#880=PROPERTY_DEFINITION('material property','material name',#9617);
#881=PROPERTY_DEFINITION('material property','density of part',#9617);
#882=AXIS2_PLACEMENT_3D('',#1182,#955,#956);
#883=AXIS2_PLACEMENT_3D('',#1183,#957,#958);
#884=AXIS2_PLACEMENT_3D('',#1184,#959,#960);
#885=AXIS2_PLACEMENT_3D('',#1191,#964,#965);
#886=AXIS2_PLACEMENT_3D('',#1194,#966,#967);
#887=AXIS2_PLACEMENT_3D('',#1197,#970,#971);
#888=AXIS2_PLACEMENT_3D('',#1200,#972,#973);
#889=AXIS2_PLACEMENT_3D('',#1203,#976,#977);
#890=AXIS2_PLACEMENT_3D('',#1209,#981,#982);
#891=AXIS2_PLACEMENT_3D('',#1211,#983,#984);
#892=AXIS2_PLACEMENT_3D('',#1213,#985,#986);
#893=AXIS2_PLACEMENT_3D('',#1217,#988,#989);
#894=AXIS2_PLACEMENT_3D('',#1223,#992,#993);
#895=AXIS2_PLACEMENT_3D('',#1227,#995,#996);
#896=AXIS2_PLACEMENT_3D('',#1233,#999,#1000);
#897=AXIS2_PLACEMENT_3D('',#1237,#1002,#1003);
#898=AXIS2_PLACEMENT_3D('',#1243,#1006,#1007);
#899=AXIS2_PLACEMENT_3D('',#1246,#1009,#1010);
#900=AXIS2_PLACEMENT_3D('',#1247,#1011,#1012);
#901=AXIS2_PLACEMENT_3D('',#1251,#1014,#1015);
#902=AXIS2_PLACEMENT_3D('',#1253,#1017,#1018);
#903=AXIS2_PLACEMENT_3D('',#1255,#1020,#1021);
#904=AXIS2_PLACEMENT_3D('',#1261,#1025,#1026);
#905=AXIS2_PLACEMENT_3D('',#1263,#1027,#1028);
#906=AXIS2_PLACEMENT_3D('',#1265,#1030,#1031);
#907=AXIS2_PLACEMENT_3D('',#1267,#1032,#1033);
#908=AXIS2_PLACEMENT_3D('',#1269,#1035,#1036);
#909=AXIS2_PLACEMENT_3D('',#1275,#1040,#1041);
#910=AXIS2_PLACEMENT_3D('',#1279,#1043,#1044);
#911=AXIS2_PLACEMENT_3D('',#1281,#1046,#1047);
#912=AXIS2_PLACEMENT_3D('',#1283,#1049,#1050);
#913=AXIS2_PLACEMENT_3D('',#1289,#1054,#1055);
#914=AXIS2_PLACEMENT_3D('',#1295,#1059,#1060);
#915=AXIS2_PLACEMENT_3D('',#1297,#1061,#1062);
#916=AXIS2_PLACEMENT_3D('',#1299,#1064,#1065);
#917=AXIS2_PLACEMENT_3D('',#1301,#1066,#1067);
#918=AXIS2_PLACEMENT_3D('',#1303,#1069,#1070);
#919=AXIS2_PLACEMENT_3D('',#1307,#1073,#1074);
#920=AXIS2_PLACEMENT_3D('',#1310,#1076,#1077);
#921=AXIS2_PLACEMENT_3D('',#1311,#1078,#1079);
#922=AXIS2_PLACEMENT_3D('',#1317,#1083,#1084);
#923=AXIS2_PLACEMENT_3D('',#1323,#1088,#1089);
#924=AXIS2_PLACEMENT_3D('',#1325,#1090,#1091);
#925=AXIS2_PLACEMENT_3D('',#1327,#1093,#1094);
#926=AXIS2_PLACEMENT_3D('',#1329,#1095,#1096);
#927=AXIS2_PLACEMENT_3D('',#1331,#1098,#1099);
#928=AXIS2_PLACEMENT_3D('',#1335,#1102,#1103);
#929=AXIS2_PLACEMENT_3D('',#1338,#1105,#1106);
#930=AXIS2_PLACEMENT_3D('',#1339,#1107,#1108);
#931=AXIS2_PLACEMENT_3D('',#1343,#1110,#1111);
#932=AXIS2_PLACEMENT_3D('',#1345,#1113,#1114);
#933=AXIS2_PLACEMENT_3D('',#1355,#1117,#1118);
#934=AXIS2_PLACEMENT_3D('',#1364,#1121,#1122);
#935=AXIS2_PLACEMENT_3D('',#1367,#1124,#1125);
#936=AXIS2_PLACEMENT_3D('',#1369,#1127,#1128);
#937=AXIS2_PLACEMENT_3D('',#1373,#1130,#1131);
#938=AXIS2_PLACEMENT_3D('',#1375,#1133,#1134);
#939=AXIS2_PLACEMENT_3D('',#1379,#1136,#1137);
#940=AXIS2_PLACEMENT_3D('',#1383,#1140,#1141);
#941=AXIS2_PLACEMENT_3D('',#1390,#1143,#1144);
#942=AXIS2_PLACEMENT_3D('',#1392,#1146,#1147);
#943=AXIS2_PLACEMENT_3D('',#1394,#1149,#1150);
#944=AXIS2_PLACEMENT_3D('',#1396,#1152,#1153);
#945=AXIS2_PLACEMENT_3D('',#1407,#1158,#1159);
#946=AXIS2_PLACEMENT_3D('',#1408,#1160,#1161);
#947=AXIS2_PLACEMENT_3D('',#5234,#1164,#1165);
#948=AXIS2_PLACEMENT_3D('',#8128,#1167,#1168);
#949=AXIS2_PLACEMENT_3D('',#8138,#1169,#1170);
#950=AXIS2_PLACEMENT_3D('',#8139,#1171,#1172);
#951=AXIS2_PLACEMENT_3D('',#8140,#1173,#1174);
#952=AXIS2_PLACEMENT_3D('',#8141,#1175,#1176);
#953=AXIS2_PLACEMENT_3D('',#8218,#1178,#1179);
#954=AXIS2_PLACEMENT_3D('',#9597,#1180,#1181);
#955=DIRECTION('axis',(0.,0.,1.));
#956=DIRECTION('refdir',(1.,0.,0.));
#957=DIRECTION('axis',(0.,0.,1.));
#958=DIRECTION('refdir',(1.,0.,0.));
#959=DIRECTION('center_axis',(0.577350269189626,-0.577350269189626,-0.577350269189626));
#960=DIRECTION('ref_axis',(-0.707106781186547,0.,-0.707106781186547));
#961=DIRECTION('',(0.707106781186548,0.707106781186548,0.));
#962=DIRECTION('',(0.,-0.707106781186548,0.707106781186548));
#963=DIRECTION('',(-0.707106781186548,0.,-0.707106781186548));
#964=DIRECTION('center_axis',(0.,-0.707106781186548,-0.707106781186548));
#965=DIRECTION('ref_axis',(-1.,0.,0.));
#966=DIRECTION('center_axis',(0.,0.707106781186548,0.707106781186548));
#967=DIRECTION('ref_axis',(0.,0.707106781186548,-0.707106781186548));
#968=DIRECTION('',(1.,0.,0.));
#969=DIRECTION('',(-1.,0.,0.));
#970=DIRECTION('center_axis',(0.707106781186548,0.,-0.707106781186548));
#971=DIRECTION('ref_axis',(-0.707106781186548,0.,-0.707106781186548));
#972=DIRECTION('center_axis',(-0.707106781186548,0.,0.707106781186548));
#973=DIRECTION('ref_axis',(0.707106781186548,0.,0.707106781186548));
#974=DIRECTION('',(0.,-1.,0.));
#975=DIRECTION('',(0.,1.,0.));
#976=DIRECTION('center_axis',(0.707106781186548,-0.707106781186548,0.));
#977=DIRECTION('ref_axis',(0.,0.,-1.));
#978=DIRECTION('',(0.707106781186547,0.707106781186547,0.));
#979=DIRECTION('',(0.,0.,-1.));
#980=DIRECTION('',(0.,0.,1.));
#981=DIRECTION('center_axis',(0.,0.,1.));
#982=DIRECTION('ref_axis',(1.,0.,0.));
#983=DIRECTION('center_axis',(0.,0.,1.));
#984=DIRECTION('ref_axis',(0.,-1.,0.));
#985=DIRECTION('center_axis',(0.,0.,1.));
#986=DIRECTION('ref_axis',(1.,0.,0.));
#987=DIRECTION('',(0.,1.,0.));
#988=DIRECTION('center_axis',(0.,0.,1.));
#989=DIRECTION('ref_axis',(1.,0.,0.));
#990=DIRECTION('',(-1.,0.,0.));
#991=DIRECTION('',(0.,1.,0.));
#992=DIRECTION('center_axis',(0.,0.,1.));
#993=DIRECTION('ref_axis',(1.,0.,0.));
#994=DIRECTION('',(-1.,0.,0.));
#995=DIRECTION('center_axis',(0.,0.,1.));
#996=DIRECTION('ref_axis',(1.,0.,0.));
#997=DIRECTION('',(0.,-1.,0.));
#998=DIRECTION('',(-1.,0.,0.));
#999=DIRECTION('center_axis',(0.,0.,1.));
#1000=DIRECTION('ref_axis',(1.,0.,0.));
#1001=DIRECTION('',(0.,-1.,0.));
#1002=DIRECTION('center_axis',(0.,0.,1.));
#1003=DIRECTION('ref_axis',(1.,0.,0.));
#1004=DIRECTION('',(1.,0.,0.));
#1005=DIRECTION('',(0.,-1.,0.));
#1006=DIRECTION('center_axis',(0.,0.,1.));
#1007=DIRECTION('ref_axis',(1.,0.,0.));
#1008=DIRECTION('',(1.,0.,0.));
#1009=DIRECTION('center_axis',(0.,0.,1.));
#1010=DIRECTION('ref_axis',(1.,0.,0.));
#1011=DIRECTION('center_axis',(0.,0.,1.));
#1012=DIRECTION('ref_axis',(-0.707106781186547,0.707106781186548,0.));
#1013=DIRECTION('',(0.,0.,-1.));
#1014=DIRECTION('center_axis',(0.,0.,1.));
#1015=DIRECTION('ref_axis',(1.,0.,0.));
#1016=DIRECTION('',(0.,0.,1.));
#1017=DIRECTION('center_axis',(0.,1.,0.));
#1018=DIRECTION('ref_axis',(0.,0.,1.));
#1019=DIRECTION('',(-1.,0.,0.));
#1020=DIRECTION('center_axis',(0.577350269189626,0.577350269189626,-0.577350269189626));
#1021=DIRECTION('ref_axis',(-0.707106781186547,0.,-0.707106781186547));
#1022=DIRECTION('',(-0.707106781186548,0.707106781186548,0.));
#1023=DIRECTION('',(0.707106781186548,0.,0.707106781186548));
#1024=DIRECTION('',(0.,-0.707106781186548,-0.707106781186548));
#1025=DIRECTION('center_axis',(0.707106781186548,0.,-0.707106781186548));
#1026=DIRECTION('ref_axis',(-0.707106781186548,0.,-0.707106781186548));
#1027=DIRECTION('center_axis',(-0.707106781186548,0.,0.707106781186548));
#1028=DIRECTION('ref_axis',(0.707106781186548,0.,0.707106781186548));
#1029=DIRECTION('',(0.,-1.,0.));
#1030=DIRECTION('center_axis',(0.,0.707106781186548,-0.707106781186548));
#1031=DIRECTION('ref_axis',(-1.,0.,0.));
#1032=DIRECTION('center_axis',(0.,-0.707106781186548,0.707106781186548));
#1033=DIRECTION('ref_axis',(0.,0.707106781186548,0.707106781186548));
#1034=DIRECTION('',(1.,0.,0.));
#1035=DIRECTION('center_axis',(0.707106781186548,0.707106781186548,0.));
#1036=DIRECTION('ref_axis',(0.,0.,-1.));
#1037=DIRECTION('',(-0.707106781186547,0.707106781186547,0.));
#1038=DIRECTION('',(0.,0.,-1.));
#1039=DIRECTION('',(0.,0.,1.));
#1040=DIRECTION('center_axis',(0.,0.,1.));
#1041=DIRECTION('ref_axis',(-0.707106615103722,-0.707106947269334,0.));
#1042=DIRECTION('',(0.,0.,-1.));
#1043=DIRECTION('center_axis',(0.,0.,1.));
#1044=DIRECTION('ref_axis',(1.,0.,0.));
#1045=DIRECTION('',(0.,0.,1.));
#1046=DIRECTION('center_axis',(1.,0.,0.));
#1047=DIRECTION('ref_axis',(0.,0.,-1.));
#1048=DIRECTION('',(0.,-1.,0.));
#1049=DIRECTION('center_axis',(-0.577350269189626,0.577350269189626,-0.577350269189626));
#1050=DIRECTION('ref_axis',(-0.707106781186547,0.,0.707106781186547));
#1051=DIRECTION('',(0.707106781186548,0.,-0.707106781186548));
#1052=DIRECTION('',(-0.707106781186548,-0.707106781186548,0.));
#1053=DIRECTION('',(0.,0.707106781186548,0.707106781186548));
#1054=DIRECTION('center_axis',(-0.707106781186548,0.707106781186548,0.));
#1055=DIRECTION('ref_axis',(0.,0.,1.));
#1056=DIRECTION('',(-0.707106781186547,-0.707106781186547,0.));
#1057=DIRECTION('',(0.,0.,-1.));
#1058=DIRECTION('',(0.,0.,1.));
#1059=DIRECTION('center_axis',(0.,0.707106781186548,-0.707106781186548));
#1060=DIRECTION('ref_axis',(-1.,0.,0.));
#1061=DIRECTION('center_axis',(0.,-0.707106781186548,0.707106781186548));
#1062=DIRECTION('ref_axis',(0.,0.707106781186548,0.707106781186548));
#1063=DIRECTION('',(1.,0.,0.));
#1064=DIRECTION('center_axis',(-0.707106781186548,0.,-0.707106781186548));
#1065=DIRECTION('ref_axis',(-0.707106781186548,0.,0.707106781186548));
#1066=DIRECTION('center_axis',(0.707106781186548,0.,0.707106781186548));
#1067=DIRECTION('ref_axis',(0.707106781186548,0.,-0.707106781186548));
#1068=DIRECTION('',(0.,1.,0.));
#1069=DIRECTION('center_axis',(1.,0.,0.));
#1070=DIRECTION('ref_axis',(0.,0.,-1.));
#1071=DIRECTION('',(0.,0.,1.));
#1072=DIRECTION('',(0.,1.,0.));
#1073=DIRECTION('center_axis',(0.,0.,1.));
#1074=DIRECTION('ref_axis',(1.,0.,0.));
#1075=DIRECTION('',(0.,0.,-1.));
#1076=DIRECTION('center_axis',(0.,0.,1.));
#1077=DIRECTION('ref_axis',(1.,0.,0.));
#1078=DIRECTION('center_axis',(-0.577350269189626,-0.577350269189626,-0.577350269189626));
#1079=DIRECTION('ref_axis',(-0.707106781186547,0.,0.707106781186547));
#1080=DIRECTION('',(0.,0.707106781186548,-0.707106781186548));
#1081=DIRECTION('',(0.707106781186548,-0.707106781186548,0.));
#1082=DIRECTION('',(-0.707106781186548,0.,0.707106781186548));
#1083=DIRECTION('center_axis',(-0.707106781186548,-0.707106781186548,0.));
#1084=DIRECTION('ref_axis',(0.,0.,1.));
#1085=DIRECTION('',(0.707106781186547,-0.707106781186547,0.));
#1086=DIRECTION('',(0.,0.,-1.));
#1087=DIRECTION('',(0.,0.,1.));
#1088=DIRECTION('center_axis',(-0.707106781186548,0.,-0.707106781186548));
#1089=DIRECTION('ref_axis',(-0.707106781186548,0.,0.707106781186548));
#1090=DIRECTION('center_axis',(0.707106781186548,0.,0.707106781186548));
#1091=DIRECTION('ref_axis',(0.707106781186548,0.,-0.707106781186548));
#1092=DIRECTION('',(0.,1.,0.));
#1093=DIRECTION('center_axis',(0.,-0.707106781186548,-0.707106781186548));
#1094=DIRECTION('ref_axis',(-1.,0.,0.));
#1095=DIRECTION('center_axis',(0.,0.707106781186548,0.707106781186548));
#1096=DIRECTION('ref_axis',(0.,0.707106781186548,-0.707106781186548));
#1097=DIRECTION('',(-1.,0.,0.));
#1098=DIRECTION('center_axis',(0.,-1.,0.));
#1099=DIRECTION('ref_axis',(0.,0.,-1.));
#1100=DIRECTION('',(0.,0.,1.));
#1101=DIRECTION('',(-1.,0.,0.));
#1102=DIRECTION('center_axis',(0.,0.,1.));
#1103=DIRECTION('ref_axis',(1.,0.,0.));
#1104=DIRECTION('',(0.,0.,-1.));
#1105=DIRECTION('center_axis',(0.,0.,1.));
#1106=DIRECTION('ref_axis',(1.,0.,0.));
#1107=DIRECTION('center_axis',(0.,0.,1.));
#1108=DIRECTION('ref_axis',(1.,0.,0.));
#1109=DIRECTION('',(0.,0.,-1.));
#1110=DIRECTION('center_axis',(0.,0.,1.));
#1111=DIRECTION('ref_axis',(1.,0.,0.));
#1112=DIRECTION('',(0.,0.,1.));
#1113=DIRECTION('center_axis',(1.,0.,0.));
#1114=DIRECTION('ref_axis',(0.,1.,0.));
#1115=DIRECTION('',(0.,1.,0.));
#1116=DIRECTION('',(0.,0.,1.));
#1117=DIRECTION('center_axis',(0.,-1.,0.));
#1118=DIRECTION('ref_axis',(1.,0.,0.));
#1119=DIRECTION('',(1.,0.,0.));
#1120=DIRECTION('',(0.,0.,1.));
#1121=DIRECTION('center_axis',(0.,0.,1.));
#1122=DIRECTION('ref_axis',(-0.707106781186548,0.707106781186547,0.));
#1123=DIRECTION('',(0.,0.,-1.));
#1124=DIRECTION('center_axis',(0.,0.,1.));
#1125=DIRECTION('ref_axis',(1.,0.,0.));
#1126=DIRECTION('',(0.,0.,1.));
#1127=DIRECTION('center_axis',(0.,0.,1.));
#1128=DIRECTION('ref_axis',(-0.70710694726932,-0.707106615103736,0.));
#1129=DIRECTION('',(0.,0.,-1.));
#1130=DIRECTION('center_axis',(0.,0.,1.));
#1131=DIRECTION('ref_axis',(1.,0.,0.));
#1132=DIRECTION('',(0.,0.,1.));
#1133=DIRECTION('center_axis',(0.,0.,1.));
#1134=DIRECTION('ref_axis',(0.707106615103718,0.707106947269338,0.));
#1135=DIRECTION('',(0.,0.,-1.));
#1136=DIRECTION('center_axis',(0.,0.,1.));
#1137=DIRECTION('ref_axis',(1.,0.,0.));
#1138=DIRECTION('',(0.,0.,1.));
#1139=DIRECTION('',(0.,0.,1.));
#1140=DIRECTION('center_axis',(0.,-1.,0.));
#1141=DIRECTION('ref_axis',(1.,0.,0.));
#1142=DIRECTION('',(1.,0.,0.));
#1143=DIRECTION('center_axis',(0.,-1.,0.));
#1144=DIRECTION('ref_axis',(0.,0.,-1.));
#1145=DIRECTION('',(1.,0.,0.));
#1146=DIRECTION('center_axis',(1.,0.,0.));
#1147=DIRECTION('ref_axis',(0.,0.,-1.));
#1148=DIRECTION('',(0.,1.,0.));
#1149=DIRECTION('center_axis',(0.,1.,0.));
#1150=DIRECTION('ref_axis',(0.,0.,1.));
#1151=DIRECTION('',(1.,0.,0.));
#1152=DIRECTION('center_axis',(0.,0.,-1.));
#1153=DIRECTION('ref_axis',(1.,0.,0.));
#1154=DIRECTION('',(0.,1.,0.));
#1155=DIRECTION('',(1.,0.,0.));
#1156=DIRECTION('',(0.,-1.,0.));
#1157=DIRECTION('',(0.,-1.,0.));
#1158=DIRECTION('center_axis',(1.,0.,0.));
#1159=DIRECTION('ref_axis',(0.,0.,-1.));
#1160=DIRECTION('center_axis',(0.,1.,0.));
#1161=DIRECTION('ref_axis',(0.,0.,1.));
#1162=DIRECTION('',(-0.614213750739692,-0.0109604209883116,0.78906358271944));
#1163=DIRECTION('',(0.240327725840886,0.11368010907596,0.96401214566655));
#1164=DIRECTION('center_axis',(3.65554585585775E-17,-5.55111512312578E-17,
1.));
#1165=DIRECTION('ref_axis',(1.,0.,-3.65554585585775E-17));
#1166=DIRECTION('',(0.792125053185372,0.295335578806678,0.534148664705807));
#1167=DIRECTION('center_axis',(-5.46457368869512E-5,-0.367344650341156,
0.930084891222074));
#1168=DIRECTION('ref_axis',(0.999999998274014,0.,5.87534936954327E-5));
#1169=DIRECTION('center_axis',(1.,0.,0.));
#1170=DIRECTION('ref_axis',(0.,0.,-1.));
#1171=DIRECTION('center_axis',(1.,0.,0.));
#1172=DIRECTION('ref_axis',(0.,0.,-1.));
#1173=DIRECTION('center_axis',(0.,1.,0.));
#1174=DIRECTION('ref_axis',(0.,0.,1.));
#1175=DIRECTION('center_axis',(4.51210025578876E-9,3.3976560686934E-7,0.999999999999942));
#1176=DIRECTION('ref_axis',(-1.,0.,4.51210025578902E-9));
#1177=DIRECTION('',(-4.51210025578876E-9,-3.3976560686934E-7,-0.999999999999942));
#1178=DIRECTION('center_axis',(0.00015148268949381,0.994451984065264,-0.10519138957945));
#1179=DIRECTION('ref_axis',(0.,-0.105191390786364,-0.994451995475111));
#1180=DIRECTION('',(0.,0.,1.));
#1181=DIRECTION('',(1.,0.,0.));
#1182=CARTESIAN_POINT('',(0.,0.,0.));
#1183=CARTESIAN_POINT('',(0.,0.,0.));
#1184=CARTESIAN_POINT('Origin',(4.20000009536743,-4.20000009536743,-20.));
#1185=CARTESIAN_POINT('',(4.20000009536743,-4.40000009536743,-19.8));
#1186=CARTESIAN_POINT('',(4.40000009536743,-4.20000009536743,-19.8));
#1187=CARTESIAN_POINT('',(4.20000009536743,-4.40000009536743,-19.8));
#1188=CARTESIAN_POINT('',(4.20000009536743,-4.20000009536743,-20.));
#1189=CARTESIAN_POINT('',(4.20000009536743,-4.20000009536743,-20.));
#1190=CARTESIAN_POINT('',(4.40000009536743,-4.20000009536743,-19.8));
#1191=CARTESIAN_POINT('Origin',(4.31243961030857,-4.30000009536743,-19.9));
#1192=CARTESIAN_POINT('',(3.20000010728836,-4.40000009536743,-19.8));
#1193=CARTESIAN_POINT('',(3.10000010728836,-4.20000009536743,-20.));
#1194=CARTESIAN_POINT('Origin',(2.95000010728836,-4.40000009536743,-19.8));
#1195=CARTESIAN_POINT('',(4.31243961030857,-4.20000009536743,-20.));
#1196=CARTESIAN_POINT('',(4.31243961030857,-4.40000009536743,-19.8));
#1197=CARTESIAN_POINT('Origin',(4.30000009536743,-4.31250010430813,-19.9));
#1198=CARTESIAN_POINT('',(4.20000009536743,-3.10000010728836,-20.));
#1199=CARTESIAN_POINT('',(4.40000009536743,-3.20000010728836,-19.8));
#1200=CARTESIAN_POINT('Origin',(4.40000009536743,-2.95000010728836,-19.8));
#1201=CARTESIAN_POINT('',(4.40000009536743,-4.31250010430813,-19.8));
#1202=CARTESIAN_POINT('',(4.20000009536743,-4.31250010430813,-20.));
#1203=CARTESIAN_POINT('Origin',(4.30000009536743,-4.30000009536743,-17.6771566016333));
#1204=CARTESIAN_POINT('',(4.40000009536743,-4.20000009536743,-16.32));
#1205=CARTESIAN_POINT('',(4.20000009536743,-4.40000009536743,-16.32));
#1206=CARTESIAN_POINT('',(4.30000009537045,-4.30000009536442,-16.32));
#1207=CARTESIAN_POINT('',(4.20000009536743,-4.40000009536743,-17.6771566016333));
#1208=CARTESIAN_POINT('',(4.40000009536743,-4.20000009536743,-17.6771566016333));
#1209=CARTESIAN_POINT('Origin',(4.95000011246066,-4.95000010728836,-20.));
#1210=CARTESIAN_POINT('',(7.74999998021396,-4.95000032081316,-20.0000020177572));
#1211=CARTESIAN_POINT('Origin',(4.95000009984499,-4.95000032081248,-20.));
#1212=CARTESIAN_POINT('',(2.95000010728836,-4.65000009536743,-20.));
#1213=CARTESIAN_POINT('Origin',(2.95000010728836,-4.40000009536743,-20.));
#1214=CARTESIAN_POINT('',(2.95000010728836,-5.25000011920931,-20.));
#1215=CARTESIAN_POINT('',(2.95000010728836,-4.95000010728836,-20.));
#1216=CARTESIAN_POINT('',(3.09999998985008,-5.70000011920929,-20.));
#1217=CARTESIAN_POINT('Origin',(2.94999998985009,-5.50000011920928,-20.));
#1218=CARTESIAN_POINT('',(4.20000009536743,-5.70000011920929,-20.));
#1219=CARTESIAN_POINT('',(4.31243946555443,-5.70000011920929,-20.));
#1220=CARTESIAN_POINT('',(4.20000009536743,-6.80000022472664,-20.));
#1221=CARTESIAN_POINT('',(4.20000009536743,-5.58750011026859,-20.));
#1222=CARTESIAN_POINT('',(4.65000009536741,-6.95000010728836,-20.));
#1223=CARTESIAN_POINT('Origin',(4.40000009536744,-6.95000022472663,-20.));
#1224=CARTESIAN_POINT('',(5.25000011920929,-6.95000010728836,-20.));
#1225=CARTESIAN_POINT('',(4.95000008909456,-6.95000010728836,-20.));
#1226=CARTESIAN_POINT('',(5.70000011920929,-6.80000010728836,-20.));
#1227=CARTESIAN_POINT('Origin',(5.50000011920929,-6.95000010728836,-20.));
#1228=CARTESIAN_POINT('',(5.70000011920929,-5.70000011920929,-20.));
#1229=CARTESIAN_POINT('',(5.70000011920929,-5.58750011026859,-20.));
#1230=CARTESIAN_POINT('',(6.80000010728836,-5.70000011920929,-20.));
#1231=CARTESIAN_POINT('',(5.5875606690451,-5.70000011920929,-20.));
#1232=CARTESIAN_POINT('',(6.95000010728836,-5.25000011920929,-20.));
#1233=CARTESIAN_POINT('Origin',(6.95000010728836,-5.50000011920929,-20.));
#1234=CARTESIAN_POINT('',(6.95000010728836,-4.65000009536742,-20.));
#1235=CARTESIAN_POINT('',(6.95000010728836,-4.95000010728836,-20.));
#1236=CARTESIAN_POINT('',(6.80000022472665,-4.20000009536743,-20.));
#1237=CARTESIAN_POINT('Origin',(6.95000022472663,-4.40000009536744,-20.));
#1238=CARTESIAN_POINT('',(5.70000011920929,-4.20000009536743,-20.));
#1239=CARTESIAN_POINT('',(5.58756050300359,-4.20000009536743,-20.));
#1240=CARTESIAN_POINT('',(5.70000011920929,-3.09999998985008,-20.));
#1241=CARTESIAN_POINT('',(5.70000011920929,-4.31250010430813,-20.));
#1242=CARTESIAN_POINT('',(5.2500001192093,-2.95000010728836,-20.));
#1243=CARTESIAN_POINT('Origin',(5.50000011920928,-2.94999998985009,-20.));
#1244=CARTESIAN_POINT('',(4.65000009536743,-2.95000010728836,-20.));
#1245=CARTESIAN_POINT('',(4.95000007436692,-2.95000010728836,-20.));
#1246=CARTESIAN_POINT('Origin',(4.40000009536743,-2.95000010728836,-20.));
#1247=CARTESIAN_POINT('Origin',(2.95000010728836,-4.40000009536743,-20.));
#1248=CARTESIAN_POINT('',(3.20000010728836,-4.40000009536743,-16.32));
#1249=CARTESIAN_POINT('',(3.20000010728836,-4.40000009536743,-20.));
#1250=CARTESIAN_POINT('',(2.95000010728836,-4.65000009536743,-16.32));
#1251=CARTESIAN_POINT('Origin',(2.95000010728836,-4.40000009536743,-16.32));
#1252=CARTESIAN_POINT('',(2.95000010728836,-4.65000009536743,-20.));
#1253=CARTESIAN_POINT('Origin',(3.67487910815648,-4.40000009536743,-17.2355881418501));
#1254=CARTESIAN_POINT('',(4.31243960772845,-4.40000009536743,-16.32));
#1255=CARTESIAN_POINT('Origin',(4.20000009536743,-5.70000011920929,-20.));
#1256=CARTESIAN_POINT('',(4.40000009536743,-5.70000011920929,-19.8));
#1257=CARTESIAN_POINT('',(4.20000009536743,-5.50000011920929,-19.8));
#1258=CARTESIAN_POINT('',(4.40000009536743,-5.70000011920929,-19.8));
#1259=CARTESIAN_POINT('',(4.20000009536743,-5.70000011920929,-20.));
#1260=CARTESIAN_POINT('',(4.20000009536743,-5.50000011920929,-19.8));
#1261=CARTESIAN_POINT('Origin',(4.30000009536743,-5.58750011026859,-19.9));
#1262=CARTESIAN_POINT('',(4.40000009536743,-6.70000022472663,-19.8));
#1263=CARTESIAN_POINT('Origin',(4.40000009536744,-6.95000022472663,-19.8));
#1264=CARTESIAN_POINT('',(4.40000009536743,-5.58750011026859,-19.8));
#1265=CARTESIAN_POINT('Origin',(4.31243946555443,-5.60000011920929,-19.9));
#1266=CARTESIAN_POINT('',(3.19999998985009,-5.50000011920929,-19.8));
#1267=CARTESIAN_POINT('Origin',(2.94999998985009,-5.50000011920928,-19.8));
#1268=CARTESIAN_POINT('',(4.31243946555443,-5.50000011920929,-19.8));
#1269=CARTESIAN_POINT('Origin',(4.30000009536743,-5.60000011920929,-17.5600272587367));
#1270=CARTESIAN_POINT('',(4.20000009536743,-5.50000011920929,-16.32));
#1271=CARTESIAN_POINT('',(4.40000009536743,-5.70000011920929,-16.32));
#1272=CARTESIAN_POINT('',(4.30000009537045,-5.6000001192123,-16.32));
#1273=CARTESIAN_POINT('',(4.40000009536743,-5.70000011920929,-17.5600272587367));
#1274=CARTESIAN_POINT('',(4.20000009536743,-5.50000011920929,-17.5600272587367));
#1275=CARTESIAN_POINT('Origin',(4.40000009536744,-6.95000022472663,-20.));
#1276=CARTESIAN_POINT('',(4.40000009536743,-6.70000022472663,-16.32));
#1277=CARTESIAN_POINT('',(4.40000009536743,-6.70000022472663,-20.));
#1278=CARTESIAN_POINT('',(4.65000009536741,-6.95000010728836,-16.32));
#1279=CARTESIAN_POINT('Origin',(4.40000009536744,-6.95000022472663,-16.32));
#1280=CARTESIAN_POINT('',(4.65000009536741,-6.95000010728836,-20.));
#1281=CARTESIAN_POINT('Origin',(4.40000009536743,-6.22500011324883,-17.9737981557846));
#1282=CARTESIAN_POINT('',(4.40000009536743,-5.58750011026859,-16.32));
#1283=CARTESIAN_POINT('Origin',(5.70000011920929,-5.50000011920929,-19.8));
#1284=CARTESIAN_POINT('',(5.50000011920929,-5.70000011920929,-19.8));
#1285=CARTESIAN_POINT('',(5.50000011920929,-5.70000011920929,-19.8));
#1286=CARTESIAN_POINT('',(5.70000011920929,-5.50000011920929,-19.8));
#1287=CARTESIAN_POINT('',(5.70000011920929,-5.50000011920929,-19.8));
#1288=CARTESIAN_POINT('',(5.70000011920929,-5.70000011920929,-20.));
#1289=CARTESIAN_POINT('Origin',(5.60000011920929,-5.60000011920929,-17.5600617996284));
#1290=CARTESIAN_POINT('',(5.50000011920929,-5.70000011920929,-16.32));
#1291=CARTESIAN_POINT('',(5.70000011920929,-5.50000011920929,-16.32));
#1292=CARTESIAN_POINT('',(5.6000001192123,-5.60000011920628,-16.32));
#1293=CARTESIAN_POINT('',(5.70000011920929,-5.50000011920929,-17.5600617996284));
#1294=CARTESIAN_POINT('',(5.50000011920929,-5.70000011920929,-17.5600617996284));
#1295=CARTESIAN_POINT('Origin',(5.5875606690451,-5.60000011920929,-19.9));
#1296=CARTESIAN_POINT('',(6.70000010728836,-5.50000011920929,-19.8));
#1297=CARTESIAN_POINT('Origin',(6.95000010728836,-5.50000011920929,-19.8));
#1298=CARTESIAN_POINT('',(5.5875606690451,-5.50000011920929,-19.8));
#1299=CARTESIAN_POINT('Origin',(5.60000011920929,-5.58750011026859,-19.9));
#1300=CARTESIAN_POINT('',(5.50000011920929,-6.70000010728836,-19.8));
#1301=CARTESIAN_POINT('Origin',(5.50000011920929,-6.95000010728836,-19.8));
#1302=CARTESIAN_POINT('',(5.50000011920929,-5.58750011026859,-19.8));
#1303=CARTESIAN_POINT('Origin',(5.50000011920929,-6.22500011324883,-17.9738127589226));
#1304=CARTESIAN_POINT('',(5.50000011920929,-6.70000010728836,-16.32));
#1305=CARTESIAN_POINT('',(5.50000011920929,-6.70000010728836,-20.));
#1306=CARTESIAN_POINT('',(5.50000011920929,-5.58750011026859,-16.32));
#1307=CARTESIAN_POINT('Origin',(5.50000011920929,-6.95000010728836,-20.));
#1308=CARTESIAN_POINT('',(5.25000011920929,-6.95000010728836,-16.32));
#1309=CARTESIAN_POINT('',(5.25000011920929,-6.95000010728836,-20.));
#1310=CARTESIAN_POINT('Origin',(5.50000011920929,-6.95000010728836,-16.32));
#1311=CARTESIAN_POINT('Origin',(5.50000011920929,-4.20000009536743,-19.8));
#1312=CARTESIAN_POINT('',(5.70000011920929,-4.40000009536743,-19.8));
#1313=CARTESIAN_POINT('',(5.70000011920929,-4.40000009536743,-19.8));
#1314=CARTESIAN_POINT('',(5.50000011920929,-4.20000009536743,-19.8));
#1315=CARTESIAN_POINT('',(5.50000011920929,-4.20000009536743,-19.8));
#1316=CARTESIAN_POINT('',(5.70000011920929,-4.20000009536743,-20.));
#1317=CARTESIAN_POINT('Origin',(5.60000011920929,-4.30000009536743,-17.6771988634552));
#1318=CARTESIAN_POINT('',(5.70000011920929,-4.40000009536743,-16.32));
#1319=CARTESIAN_POINT('',(5.50000011920929,-4.20000009536743,-16.32));
#1320=CARTESIAN_POINT('',(5.6000001192123,-4.30000009537044,-16.32));
#1321=CARTESIAN_POINT('',(5.50000011920929,-4.20000009536743,-17.6771988634552));
#1322=CARTESIAN_POINT('',(5.70000011920929,-4.40000009536743,-17.6771988634552));
#1323=CARTESIAN_POINT('Origin',(5.60000011920929,-4.31250010430813,-19.9));
#1324=CARTESIAN_POINT('',(5.50000011920929,-3.19999998985009,-19.8));
#1325=CARTESIAN_POINT('Origin',(5.50000011920928,-2.94999998985009,-19.8));
#1326=CARTESIAN_POINT('',(5.50000011920929,-4.31250010430813,-19.8));
#1327=CARTESIAN_POINT('Origin',(5.58756050300359,-4.30000009536743,-19.9));
#1328=CARTESIAN_POINT('',(6.70000022472663,-4.40000009536743,-19.8));
#1329=CARTESIAN_POINT('Origin',(6.95000022472663,-4.40000009536744,-19.8));
#1330=CARTESIAN_POINT('',(5.58756050300359,-4.40000009536743,-19.8));
#1331=CARTESIAN_POINT('Origin',(6.22512089354651,-4.40000009536743,-17.2356517144612));
#1332=CARTESIAN_POINT('',(6.70000022472663,-4.40000009536744,-16.32));
#1333=CARTESIAN_POINT('',(6.70000022472663,-4.40000009536743,-20.));
#1334=CARTESIAN_POINT('',(5.58756050042347,-4.40000009536743,-16.32));
#1335=CARTESIAN_POINT('Origin',(6.95000022472663,-4.40000009536744,-20.));
#1336=CARTESIAN_POINT('',(6.95000010728836,-4.65000009536742,-16.32));
#1337=CARTESIAN_POINT('',(6.95000010728836,-4.65000009536742,-20.));
#1338=CARTESIAN_POINT('Origin',(6.95000022472663,-4.40000009536744,-16.32));
#1339=CARTESIAN_POINT('Origin',(6.95000010728836,-5.50000011920929,-20.));
#1340=CARTESIAN_POINT('',(6.70000010728836,-5.50000011920929,-16.32));
#1341=CARTESIAN_POINT('',(6.70000010728836,-5.50000011920929,-20.));
#1342=CARTESIAN_POINT('',(6.95000010728836,-5.25000011920929,-16.32));
#1343=CARTESIAN_POINT('Origin',(6.95000010728836,-5.50000011920929,-16.32));
#1344=CARTESIAN_POINT('',(6.95000010728836,-5.25000011920929,-20.));
#1345=CARTESIAN_POINT('Origin',(4.40000009536743,-3.20000010728836,-20.));
#1346=CARTESIAN_POINT('',(4.40000009536743,-2.95000010728836,-16.3241001923231));
#1347=CARTESIAN_POINT('',(4.40000009536743,-2.98360688702339,-16.32));
#1348=CARTESIAN_POINT('Ctrl Pts',(4.40000009536743,-2.95000010885625,-16.3241001921317));
#1349=CARTESIAN_POINT('Ctrl Pts',(4.40000009536743,-2.96120779067527,-16.3227321332925));
#1350=CARTESIAN_POINT('Ctrl Pts',(4.40000009536743,-2.97241006026491,-16.3213654021315));
#1351=CARTESIAN_POINT('Ctrl Pts',(4.40000009536743,-2.98360688703108,-16.3199999999997));
#1352=CARTESIAN_POINT('',(4.40000009536743,-2.95000010728836,-16.32));
#1353=CARTESIAN_POINT('',(4.40000009536743,-4.07500010728836,-16.32));
#1354=CARTESIAN_POINT('',(4.40000009536743,-2.95000010728836,-20.));
#1355=CARTESIAN_POINT('Origin',(4.40000009536743,-2.95000010728836,-20.));
#1356=CARTESIAN_POINT('',(4.65000009468362,-2.95000010728836,-16.3255052648438));
#1357=CARTESIAN_POINT('Ctrl Pts',(4.65000009468364,-2.95000010728836,-16.3255052648455));
#1358=CARTESIAN_POINT('Ctrl Pts',(4.56673181621444,-2.95000010728836,-16.3252881865601));
#1359=CARTESIAN_POINT('Ctrl Pts',(4.48339803654582,-2.95000010728836,-16.3248197779298));
#1360=CARTESIAN_POINT('Ctrl Pts',(4.40000009536749,-2.95000010728836,-16.3241001923231));
#1361=CARTESIAN_POINT('',(4.65000009536743,-2.95000010728836,-16.32));
#1362=CARTESIAN_POINT('',(4.6750001013279,-2.95000010728836,-16.32));
#1363=CARTESIAN_POINT('',(4.65000009536743,-2.95000010728836,-20.));
#1364=CARTESIAN_POINT('Origin',(4.40000009536743,-2.95000010728836,-20.));
#1365=CARTESIAN_POINT('',(4.65000009536743,-2.95000010728836,-20.));
#1366=CARTESIAN_POINT('',(4.40000009536743,-3.20000010728836,-16.32));
#1367=CARTESIAN_POINT('Origin',(4.40000009536743,-2.95000010728836,-16.32));
#1368=CARTESIAN_POINT('',(4.40000009536743,-3.20000010728836,-20.));
#1369=CARTESIAN_POINT('Origin',(2.94999998985009,-5.50000011920928,-20.));
#1370=CARTESIAN_POINT('',(2.95000010728836,-5.25000011920931,-16.32));
#1371=CARTESIAN_POINT('',(2.95000010728836,-5.25000011920931,-20.));
#1372=CARTESIAN_POINT('',(3.19999998985009,-5.50000011920928,-16.32));
#1373=CARTESIAN_POINT('Origin',(2.94999998985009,-5.50000011920928,-16.32));
#1374=CARTESIAN_POINT('',(3.19999998985009,-5.50000011920929,-20.));
#1375=CARTESIAN_POINT('Origin',(5.50000011920928,-2.94999998985009,-20.));
#1376=CARTESIAN_POINT('',(5.50000011920929,-3.19999998985009,-16.32));
#1377=CARTESIAN_POINT('',(5.50000011920929,-3.19999998985009,-20.));
#1378=CARTESIAN_POINT('',(5.2500001192093,-2.95000010728836,-16.32));
#1379=CARTESIAN_POINT('Origin',(5.50000011920928,-2.94999998985009,-16.32));
#1380=CARTESIAN_POINT('',(5.25000012131935,-2.95000010728836,-16.3227072641406));
#1381=CARTESIAN_POINT('',(5.2500001192093,-2.95000010728836,-20.));
#1382=CARTESIAN_POINT('',(5.2500001192093,-2.95000010728836,-20.));
#1383=CARTESIAN_POINT('Origin',(5.2500001192093,-2.95000010728836,-20.));
#1384=CARTESIAN_POINT('',(5.43969060386136,-2.95000010728836,-16.32));
#1385=CARTESIAN_POINT('Ctrl Pts',(5.43969060386141,-2.95000010728836,-16.3200000000008));
#1386=CARTESIAN_POINT('Ctrl Pts',(5.37650077863486,-2.95000010728836,-16.3210482158333));
#1387=CARTESIAN_POINT('Ctrl Pts',(5.31327042406227,-2.95000010728836,-16.3219507158855));
#1388=CARTESIAN_POINT('Ctrl Pts',(5.25000012342939,-2.95000010728836,-16.3227072641405));
#1389=CARTESIAN_POINT('',(5.10000011324883,-2.95000010728836,-16.32));
#1390=CARTESIAN_POINT('Origin',(6.22512122562953,-5.50000011920929,-17.1463108403342));
#1391=CARTESIAN_POINT('',(5.58756066646498,-5.50000011920929,-16.32));
#1392=CARTESIAN_POINT('Origin',(5.50000011920929,-3.6750001013279,-18.1187460124493));
#1393=CARTESIAN_POINT('',(5.50000011920929,-4.31250010430813,-16.32));
#1394=CARTESIAN_POINT('Origin',(4.95000006572846,-6.95000010728836,-17.0482905932835));
#1395=CARTESIAN_POINT('',(4.95000008651444,-6.95000010728836,-16.32));
#1396=CARTESIAN_POINT('Origin',(4.95000010730042,-4.95000010728836,-16.32));
#1397=CARTESIAN_POINT('Ctrl Pts',(5.43969060386227,-2.95000010729493,-16.32));
#1398=CARTESIAN_POINT('Ctrl Pts',(5.32167883280137,-2.96634032583334,-16.32));
#1399=CARTESIAN_POINT('Ctrl Pts',(5.20493159775085,-2.97816924209399,-16.32));
#1400=CARTESIAN_POINT('Ctrl Pts',(4.86846158883097,-3.00056833011728,-16.32));
#1401=CARTESIAN_POINT('Ctrl Pts',(4.63607242542318,-3.00051173458645,-16.32));
#1402=CARTESIAN_POINT('Ctrl Pts',(4.40000009536702,-2.9836068870287,-16.32));
#1403=CARTESIAN_POINT('',(6.95000010728836,-4.95000010728836,-16.32));
#1404=CARTESIAN_POINT('',(4.31243946297431,-5.50000011920929,-16.32));
#1405=CARTESIAN_POINT('',(2.95000010728836,-4.95000010728836,-16.32));
#1406=CARTESIAN_POINT('',(4.40000009536743,-4.31250010430813,-16.32));
#1407=CARTESIAN_POINT('Origin',(6.95000010728836,-4.95000010728836,-18.01691660285));
#1408=CARTESIAN_POINT('Origin',(4.95000003627317,-2.95000010728836,-17.3730556624276));
#1409=CARTESIAN_POINT('Ctrl Pts',(5.25000012342939,-2.95000010728836,-16.3227072641406));
#1410=CARTESIAN_POINT('Ctrl Pts',(5.05039177066654,-2.95000010728836,-16.3250940609387));
#1411=CARTESIAN_POINT('Ctrl Pts',(4.85038556159788,-2.95000010728836,-16.3260276646641));
#1412=CARTESIAN_POINT('Ctrl Pts',(4.65000009468364,-2.95000010728836,-16.3255052648456));
#1413=CARTESIAN_POINT('Ctrl Pts',(-2.55007948146561,-10.7904296617972,-18.));
#1414=CARTESIAN_POINT('Ctrl Pts',(-2.55874033358421,-10.3050820214064,-18.));
#1415=CARTESIAN_POINT('Ctrl Pts',(-2.57377376429903,-9.33442853230288,-18.));
#1416=CARTESIAN_POINT('Ctrl Pts',(-2.5948722796737,-7.39323197068713,-18.));
#1417=CARTESIAN_POINT('Ctrl Pts',(-2.60477468156783,-4.96683709650753,-18.));
#1418=CARTESIAN_POINT('Ctrl Pts',(-2.59363936021373,-2.54029336497255,-18.));
#1419=CARTESIAN_POINT('Ctrl Pts',(-2.57528261949964,-0.84148627445882,-18.));
#1420=CARTESIAN_POINT('Ctrl Pts',(-2.563525916719,0.00799261613008734,-18.));
#1421=CARTESIAN_POINT('Ctrl Pts',(-2.55700781573068,0.432752908677515,-18.));
#1422=CARTESIAN_POINT('Ctrl Pts',(-2.55310645562689,0.675479909558155,-18.));
#1423=CARTESIAN_POINT('Ctrl Pts',(-2.55108667564474,0.796844545073022,-18.));
#1424=CARTESIAN_POINT('Ctrl Pts',(-2.54926393718429,0.906375816780805,-18.));
#1425=CARTESIAN_POINT('Ctrl Pts',(-2.54841908911157,0.948976059487538,-18.));
#1426=CARTESIAN_POINT('Ctrl Pts',(-2.5444401444494,1.02135352838768,-18.));
#1427=CARTESIAN_POINT('Ctrl Pts',(-2.54102269903717,1.05896729300372,-18.));
#1428=CARTESIAN_POINT('Ctrl Pts',(-2.53162591262861,1.13674526515124,-18.));
#1429=CARTESIAN_POINT('Ctrl Pts',(-2.52592375048981,1.17485887184189,-18.));
#1430=CARTESIAN_POINT('Ctrl Pts',(-2.51241943835582,1.24940028626508,-18.));
#1431=CARTESIAN_POINT('Ctrl Pts',(-2.50453195515617,1.28638894073791,-18.));
#1432=CARTESIAN_POINT('Ctrl Pts',(-2.48654650293797,1.3596040307932,-18.));
#1433=CARTESIAN_POINT('Ctrl Pts',(-2.47649328595503,1.39570892925005,-18.));
#1434=CARTESIAN_POINT('Ctrl Pts',(-2.45430181213486,1.46674260505621,-18.));
#1435=CARTESIAN_POINT('Ctrl Pts',(-2.44215994568209,1.50173120954199,-18.));
#1436=CARTESIAN_POINT('Ctrl Pts',(-2.41584192209762,1.57047633539361,-18.));
#1437=CARTESIAN_POINT('Ctrl Pts',(-2.40167575851043,1.60424664890895,-18.));
#1438=CARTESIAN_POINT('Ctrl Pts',(-2.37139518358419,1.67041374774971,-18.));
#1439=CARTESIAN_POINT('Ctrl Pts',(-2.35528090858667,1.70284362945244,-18.));
#1440=CARTESIAN_POINT('Ctrl Pts',(-2.32118325397371,1.76623123429167,-18.));
#1441=CARTESIAN_POINT('Ctrl Pts',(-2.3032006861444,1.7972155123282,-18.));
#1442=CARTESIAN_POINT('Ctrl Pts',(-2.26545740057614,1.85760582341551,-18.));
#1443=CARTESIAN_POINT('Ctrl Pts',(-2.24569116040263,1.88704422204972,-18.));
#1444=CARTESIAN_POINT('Ctrl Pts',(-2.20446999066944,1.94425459916736,-18.));
#1445=CARTESIAN_POINT('Ctrl Pts',(-2.18300565194721,1.97205916273706,-18.));
#1446=CARTESIAN_POINT('Ctrl Pts',(-2.13848030661438,2.02592150799734,-18.));
#1447=CARTESIAN_POINT('Ctrl Pts',(-2.11540591406943,2.05201137400327,-18.));
#1448=CARTESIAN_POINT('Ctrl Pts',(-2.06775496390545,2.10237011007246,-18.));
#1449=CARTESIAN_POINT('Ctrl Pts',(-2.04315946578822,2.12667164078533,-18.));
#1450=CARTESIAN_POINT('Ctrl Pts',(-1.99255869558023,2.17338975155074,-18.));
#1451=CARTESIAN_POINT('Ctrl Pts',(-1.96653027327346,2.19583726924042,-18.));
#1452=CARTESIAN_POINT('Ctrl Pts',(-1.91315693145693,2.23878861812716,-18.));
#1453=CARTESIAN_POINT('Ctrl Pts',(-1.88578521422455,2.25932077598608,-18.));
#1454=CARTESIAN_POINT('Ctrl Pts',(-1.82981924660972,2.29838716234634,-18.));
#1455=CARTESIAN_POINT('Ctrl Pts',(-1.80119145287086,2.31694893652928,-18.));
#1456=CARTESIAN_POINT('Ctrl Pts',(-1.74280119856803,2.35202944961178,-18.));
#1457=CARTESIAN_POINT('Ctrl Pts',(-1.71300778627113,2.36856845152594,-18.));
#1458=CARTESIAN_POINT('Ctrl Pts',(-1.65238616774824,2.39955375240464,-18.));
#1459=CARTESIAN_POINT('Ctrl Pts',(-1.62151505787125,2.41402138211169,-18.));
#1460=CARTESIAN_POINT('Ctrl Pts',(-1.5588187858579,2.4408291093071,-18.));
#1461=CARTESIAN_POINT('Ctrl Pts',(-1.52696726682635,2.45317772116144,-18.));
#1462=CARTESIAN_POINT('Ctrl Pts',(-1.46243229070233,2.47569534481467,-18.));
#1463=CARTESIAN_POINT('Ctrl Pts',(-1.42966870058497,2.48588767868192,-18.));
#1464=CARTESIAN_POINT('Ctrl Pts',(-1.36331723642787,2.50409218551479,-18.));
#1465=CARTESIAN_POINT('Ctrl Pts',(-1.32984608687893,2.51206549498747,-18.));
#1466=CARTESIAN_POINT('Ctrl Pts',(-1.26251618213406,2.52568901326952,-18.));
#1467=CARTESIAN_POINT('Ctrl Pts',(-1.22801671598983,2.53145858276014,-18.));
#1468=CARTESIAN_POINT('Ctrl Pts',(-1.15746869435076,2.54097949206685,-18.));
#1469=CARTESIAN_POINT('Ctrl Pts',(-1.12368606407726,2.54439455152999,-18.));
#1470=CARTESIAN_POINT('Ctrl Pts',(-1.05943994579725,2.54834330691331,-18.));
#1471=CARTESIAN_POINT('Ctrl Pts',(-1.02019653846349,2.54923768039272,-18.));
#1472=CARTESIAN_POINT('Ctrl Pts',(-0.850538463553791,2.55239358556618,-18.));
#1473=CARTESIAN_POINT('Ctrl Pts',(-0.603667563875192,2.55691279838931,-18.));
#1474=CARTESIAN_POINT('Ctrl Pts',(-0.109935061437996,2.56531646107536,-18.));
#1475=CARTESIAN_POINT('Ctrl Pts',(0.754054906758627,2.57852244904648,-18.));
#1476=CARTESIAN_POINT('Ctrl Pts',(2.48190252598405,2.5988280477198,-18.));
#1477=CARTESIAN_POINT('Ctrl Pts',(4.94999996248853,2.61043485875234,-18.));
#1478=CARTESIAN_POINT('Ctrl Pts',(7.41809795731453,2.59882911516994,-18.));
#1479=CARTESIAN_POINT('Ctrl Pts',(9.14594496162104,2.57852016114224,-18.));
#1480=CARTESIAN_POINT('Ctrl Pts',(10.0099358183868,2.56532063923948,-18.));
#1481=CARTESIAN_POINT('Ctrl Pts',(10.4419503604173,2.55795636657637,-18.));
#1482=CARTESIAN_POINT('Ctrl Pts',(10.6888225226463,2.55353627497078,-18.));
#1483=CARTESIAN_POINT('Ctrl Pts',(10.8122590759806,2.55124153737134,-18.));
#1484=CARTESIAN_POINT('Ctrl Pts',(10.9201968355573,2.54923822274,-18.));
#1485=CARTESIAN_POINT('Ctrl Pts',(10.9594401150182,2.54834284999471,-18.));
#1486=CARTESIAN_POINT('Ctrl Pts',(11.023686280185,2.54439452897267,-18.));
#1487=CARTESIAN_POINT('Ctrl Pts',(11.0574689018435,2.54097941553214,-18.));
#1488=CARTESIAN_POINT('Ctrl Pts',(11.1280169293018,2.53145856394351,-18.));
#1489=CARTESIAN_POINT('Ctrl Pts',(11.1625163953933,2.52568899832684,-18.));
#1490=CARTESIAN_POINT('Ctrl Pts',(11.229846301014,2.51206548938776,-18.));
#1491=CARTESIAN_POINT('Ctrl Pts',(11.2633174507299,2.50409218231737,-18.));
#1492=CARTESIAN_POINT('Ctrl Pts',(11.3296689150457,2.48588767727074,-18.));
#1493=CARTESIAN_POINT('Ctrl Pts',(11.3624325052182,2.47569534409813,-18.));
#1494=CARTESIAN_POINT('Ctrl Pts',(11.4269674813749,2.45317772082357,-18.));
#1495=CARTESIAN_POINT('Ctrl Pts',(11.4588190004208,2.44082910914303,-18.));
#1496=CARTESIAN_POINT('Ctrl Pts',(11.5215152724413,2.41402138203221,-18.));
#1497=CARTESIAN_POINT('Ctrl Pts',(11.5523863823218,2.3995537523667,-18.));
#1498=CARTESIAN_POINT('Ctrl Pts',(11.6130080008463,2.36856845150737,-18.));
#1499=CARTESIAN_POINT('Ctrl Pts',(11.642801413144,2.35202944960299,-18.));
#1500=CARTESIAN_POINT('Ctrl Pts',(11.7011916674472,2.31694893652495,-18.));
#1501=CARTESIAN_POINT('Ctrl Pts',(11.7298194611863,2.29838716234428,-18.));
#1502=CARTESIAN_POINT('Ctrl Pts',(11.7857854288012,2.25932077598509,-18.));
#1503=CARTESIAN_POINT('Ctrl Pts',(11.8131571460336,2.23878861812669,-18.));
#1504=CARTESIAN_POINT('Ctrl Pts',(11.8665304878502,2.19583726924019,-18.));
#1505=CARTESIAN_POINT('Ctrl Pts',(11.892558910157,2.17338975155061,-18.));
#1506=CARTESIAN_POINT('Ctrl Pts',(11.9431596803649,2.12667164078527,-18.));
#1507=CARTESIAN_POINT('Ctrl Pts',(11.9677551784822,2.10237011007243,-18.));
#1508=CARTESIAN_POINT('Ctrl Pts',(12.0154061286462,2.05201137400324,-18.));
#1509=CARTESIAN_POINT('Ctrl Pts',(12.0384805211911,2.02592150799733,-18.));
#1510=CARTESIAN_POINT('Ctrl Pts',(12.0830058665239,1.97205916273706,-18.));
#1511=CARTESIAN_POINT('Ctrl Pts',(12.1044702052461,1.94425459916735,-18.));
#1512=CARTESIAN_POINT('Ctrl Pts',(12.1456913749793,1.8870442220497,-18.));
#1513=CARTESIAN_POINT('Ctrl Pts',(12.1654576151527,1.8576058234155,-18.));
#1514=CARTESIAN_POINT('Ctrl Pts',(12.2032009007208,1.79721551232812,-18.));
#1515=CARTESIAN_POINT('Ctrl Pts',(12.2211834685498,1.76623123429151,-18.));
#1516=CARTESIAN_POINT('Ctrl Pts',(12.2552811231621,1.7028436294521,-18.));
#1517=CARTESIAN_POINT('Ctrl Pts',(12.2713953981577,1.67041374774892,-18.));
#1518=CARTESIAN_POINT('Ctrl Pts',(12.3016759730814,1.60424664890738,-18.));
#1519=CARTESIAN_POINT('Ctrl Pts',(12.3158421366587,1.57047633538982,-18.));
#1520=CARTESIAN_POINT('Ctrl Pts',(12.3421601602349,1.50173120953504,-18.));
#1521=CARTESIAN_POINT('Ctrl Pts',(12.354302026627,1.46674260503766,-18.));
#1522=CARTESIAN_POINT('Ctrl Pts',(12.3764935004468,1.39570892922062,-18.));
#1523=CARTESIAN_POINT('Ctrl Pts',(12.3865467169878,1.35960403069394,-18.));
#1524=CARTESIAN_POINT('Ctrl Pts',(12.4045321696036,1.2863889406271,-18.));
#1525=CARTESIAN_POINT('Ctrl Pts',(12.412419649039,1.24940028566009,-18.));
#1526=CARTESIAN_POINT('Ctrl Pts',(12.4259239672703,1.17485887159805,-18.));
#1527=CARTESIAN_POINT('Ctrl Pts',(12.4316260936822,1.13674526080592,-18.));
#1528=CARTESIAN_POINT('Ctrl Pts',(12.4410229537664,1.05896729476641,-18.));
#1529=CARTESIAN_POINT('Ctrl Pts',(12.4444400390102,1.0213534919325,-18.));
#1530=CARTESIAN_POINT('Ctrl Pts',(12.4484198093851,0.948976098726525,-18.));
#1531=CARTESIAN_POINT('Ctrl Pts',(12.4492609182218,0.906375475014506,-18.));
#1532=CARTESIAN_POINT('Ctrl Pts',(12.4703868681363,-0.356148849781166,-17.9999999999999));
#1533=CARTESIAN_POINT('Ctrl Pts',(12.4878341416156,-1.81226647377877,-18.));
#1534=CARTESIAN_POINT('Ctrl Pts',(12.4986727429134,-3.75356240361338,-18.));
#1535=CARTESIAN_POINT('Ctrl Pts',(12.502802651541,-5.45211517499196,-18.));
#1536=CARTESIAN_POINT('Ctrl Pts',(12.4948681589649,-7.39323249702683,-18.));
#1537=CARTESIAN_POINT('Ctrl Pts',(12.4764128513056,-9.0917786925619,-18.));
#1538=CARTESIAN_POINT('Ctrl Pts',(12.4642378495099,-9.94108887531435,-18.));
#1539=CARTESIAN_POINT('Ctrl Pts',(12.4574070262664,-10.3657547438614,-18.));
#1540=CARTESIAN_POINT('Ctrl Pts',(12.4532940081674,-10.6084252304503,-18.));
#1541=CARTESIAN_POINT('Ctrl Pts',(12.451156303012,-10.7297604216658,-18.));
#1542=CARTESIAN_POINT('Ctrl Pts',(12.4492452643076,-10.838144390454,-18.));
#1543=CARTESIAN_POINT('Ctrl Pts',(12.4483686792574,-10.8792643245644,-18.));
#1544=CARTESIAN_POINT('Ctrl Pts',(12.4443661964445,-10.9480504265924,-18.));
#1545=CARTESIAN_POINT('Ctrl Pts',(12.4409137974998,-10.9840306636907,-18.));
#1546=CARTESIAN_POINT('Ctrl Pts',(12.4313605082664,-11.0588479765065,-18.));
#1547=CARTESIAN_POINT('Ctrl Pts',(12.4255632920787,-11.0955217200557,-18.));
#1548=CARTESIAN_POINT('Ctrl Pts',(12.4118469861012,-11.167264661644,-18.));
#1549=CARTESIAN_POINT('Ctrl Pts',(12.4038245979134,-11.2029303953087,-18.));
#1550=CARTESIAN_POINT('Ctrl Pts',(12.3855166766145,-11.2736450793523,-18.));
#1551=CARTESIAN_POINT('Ctrl Pts',(12.3752718520968,-11.3085710133526,-18.));
#1552=CARTESIAN_POINT('Ctrl Pts',(12.3526438382124,-11.3773852474189,-18.));
#1553=CARTESIAN_POINT('Ctrl Pts',(12.3402476357226,-11.4113384133481,-18.));
#1554=CARTESIAN_POINT('Ctrl Pts',(12.3133565022857,-11.478156553025,-18.));
#1555=CARTESIAN_POINT('Ctrl Pts',(12.2988627915039,-11.511038342107,-18.));
#1556=CARTESIAN_POINT('Ctrl Pts',(12.2678532071923,-11.5755746097492,-18.));
#1557=CARTESIAN_POINT('Ctrl Pts',(12.2513292978186,-11.6072613505781,-18.));
#1558=CARTESIAN_POINT('Ctrl Pts',(12.2163301470826,-11.6693035370178,-18.));
#1559=CARTESIAN_POINT('Ctrl Pts',(12.1978463626454,-11.6996862744845,-18.));
#1560=CARTESIAN_POINT('Ctrl Pts',(12.1590079446754,-11.7590130012696,-18.));
#1561=CARTESIAN_POINT('Ctrl Pts',(12.1386407497551,-11.7879854588735,-18.));
#1562=CARTESIAN_POINT('Ctrl Pts',(12.0961188599157,-11.8443931606931,-18.));
#1563=CARTESIAN_POINT('Ctrl Pts',(12.0739485482227,-11.8718559573433,-18.));
#1564=CARTESIAN_POINT('Ctrl Pts',(12.0279076246818,-11.9251519625623,-18.));
#1565=CARTESIAN_POINT('Ctrl Pts',(12.004017475648,-11.9510124351836,-18.));
#1566=CARTESIAN_POINT('Ctrl Pts',(11.954626497624,-12.0010187559459,-18.));
#1567=CARTESIAN_POINT('Ctrl Pts',(11.9291044474792,-12.0251888582338,-18.));
#1568=CARTESIAN_POINT('Ctrl Pts',(11.8765446823106,-12.071732567558,-18.));
#1569=CARTESIAN_POINT('Ctrl Pts',(11.8494835380856,-12.0941279788564,-18.));
#1570=CARTESIAN_POINT('Ctrl Pts',(11.7939447771636,-12.1370447719563,-18.));
#1571=CARTESIAN_POINT('Ctrl Pts',(11.7654382769447,-12.1575880095368,-18.));
#1572=CARTESIAN_POINT('Ctrl Pts',(11.7071051375879,-12.1967335612263,-18.));
#1573=CARTESIAN_POINT('Ctrl Pts',(11.6772524071761,-12.2153515545789,-18.));
#1574=CARTESIAN_POINT('Ctrl Pts',(11.6163352787929,-12.2505778812397,-18.));
#1575=CARTESIAN_POINT('Ctrl Pts',(11.5852410470986,-12.2672003942118,-18.));
#1576=CARTESIAN_POINT('Ctrl Pts',(11.5219489950396,-12.298374766367,-18.));
#1577=CARTESIAN_POINT('Ctrl Pts',(11.4897174644329,-12.3129390874762,-18.));
#1578=CARTESIAN_POINT('Ctrl Pts',(11.4242553966788,-12.3399454332561,-18.));
#1579=CARTESIAN_POINT('Ctrl Pts',(11.3910067422771,-12.3523897917952,-18.));
#1580=CARTESIAN_POINT('Ctrl Pts',(11.3236540112255,-12.375092675838,-18.));
#1581=CARTESIAN_POINT('Ctrl Pts',(11.2894783748191,-12.3853693805164,-18.));
#1582=CARTESIAN_POINT('Ctrl Pts',(11.2203029914543,-12.403727682124,-18.));
#1583=CARTESIAN_POINT('Ctrl Pts',(11.185426663374,-12.4117695267992,-18.));
#1584=CARTESIAN_POINT('Ctrl Pts',(11.115302743126,-12.4255124295529,-18.));
#1585=CARTESIAN_POINT('Ctrl Pts',(11.0794400830044,-12.4313246248402,-18.));
#1586=CARTESIAN_POINT('Ctrl Pts',(11.0062447684073,-12.4409056889167,-18.));
#1587=CARTESIAN_POINT('Ctrl Pts',(10.9711258427025,-12.4443567372243,-18.));
#1588=CARTESIAN_POINT('Ctrl Pts',(10.9041716240781,-12.4483520258303,-18.));
#1589=CARTESIAN_POINT('Ctrl Pts',(10.8638024575442,-12.4492368224755,-18.));
#1590=CARTESIAN_POINT('Ctrl Pts',(10.5721818236843,-12.4545377548565,-18.));
#1591=CARTESIAN_POINT('Ctrl Pts',(10.0832280297513,-12.4629623733018,-18.));
#1592=CARTESIAN_POINT('Ctrl Pts',(9.3498309704347,-12.4738518675521,-18.));
#1593=CARTESIAN_POINT('Ctrl Pts',(8.61647226268656,-12.4830889102913,-18.));
#1594=CARTESIAN_POINT('Ctrl Pts',(7.14981215764562,-12.4981884146045,-18.));
#1595=CARTESIAN_POINT('Ctrl Pts',(4.95000012357851,-12.5082609707315,-18.0000000000001));
#1596=CARTESIAN_POINT('Ctrl Pts',(2.50576445217519,-12.4970697139193,-18.));
#1597=CARTESIAN_POINT('Ctrl Pts',(0.794633448844789,-12.477495377179,-18.));
#1598=CARTESIAN_POINT('Ctrl Pts',(-0.0609935096741699,-12.4647642768977,
-18.));
#1599=CARTESIAN_POINT('Ctrl Pts',(-0.549945285735703,-12.4566626124236,
-18.));
#1600=CARTESIAN_POINT('Ctrl Pts',(-0.794425638847339,-12.4523070122821,
-18.));
#1601=CARTESIAN_POINT('Ctrl Pts',(-0.963802442256744,-12.4492385511363,
-18.));
#1602=CARTESIAN_POINT('Ctrl Pts',(-1.00417136744258,-12.4483516080917,-18.));
#1603=CARTESIAN_POINT('Ctrl Pts',(-1.07112564576734,-12.4443568797729,-18.));
#1604=CARTESIAN_POINT('Ctrl Pts',(-1.10624454945352,-12.4409056412413,-18.));
#1605=CARTESIAN_POINT('Ctrl Pts',(-1.17943986985851,-12.4313246339494,-18.));
#1606=CARTESIAN_POINT('Ctrl Pts',(-1.21530252804123,-12.4255124231789,-18.));
#1607=CARTESIAN_POINT('Ctrl Pts',(-1.28542644888257,-12.4117695267129,-18.));
#1608=CARTESIAN_POINT('Ctrl Pts',(-1.32030277680794,-12.4037276810995,-18.));
#1609=CARTESIAN_POINT('Ctrl Pts',(-1.3894781602395,-12.3853693802987,-18.));
#1610=CARTESIAN_POINT('Ctrl Pts',(-1.42365379663727,-12.375092675646,-18.));
#1611=CARTESIAN_POINT('Ctrl Pts',(-1.4910065276977,-12.3523897917277,-18.));
#1612=CARTESIAN_POINT('Ctrl Pts',(-1.5242551820999,-12.3399454332165,-18.));
#1613=CARTESIAN_POINT('Ctrl Pts',(-1.58971724985539,-12.3129390874593,-18.));
#1614=CARTESIAN_POINT('Ctrl Pts',(-1.62194878046245,-12.2983747663584,-18.));
#1615=CARTESIAN_POINT('Ctrl Pts',(-1.68524083252164,-12.2672003942078,-18.));
#1616=CARTESIAN_POINT('Ctrl Pts',(-1.71633506421601,-12.2505778812378,-18.));
#1617=CARTESIAN_POINT('Ctrl Pts',(-1.77725219259933,-12.215351554578,-18.));
#1618=CARTESIAN_POINT('Ctrl Pts',(-1.80710492301114,-12.1967335612258,-18.));
#1619=CARTESIAN_POINT('Ctrl Pts',(-1.86543806236794,-12.1575880095366,-18.));
#1620=CARTESIAN_POINT('Ctrl Pts',(-1.89394456258685,-12.1370447719561,-18.));
#1621=CARTESIAN_POINT('Ctrl Pts',(-1.94948332350885,-12.0941279788563,-18.));
#1622=CARTESIAN_POINT('Ctrl Pts',(-1.9765444677339,-12.071732567558,-18.));
#1623=CARTESIAN_POINT('Ctrl Pts',(-2.02910423290246,-12.0251888582338,-18.));
#1624=CARTESIAN_POINT('Ctrl Pts',(-2.05462628304718,-12.0010187559459,-18.));
#1625=CARTESIAN_POINT('Ctrl Pts',(-2.10401726107112,-11.9510124351836,-18.));
#1626=CARTESIAN_POINT('Ctrl Pts',(-2.12790741010464,-11.9251519625622,-18.));
#1627=CARTESIAN_POINT('Ctrl Pts',(-2.17394833364504,-11.8718559573432,-18.));
#1628=CARTESIAN_POINT('Ctrl Pts',(-2.19611864533689,-11.844393160693,-18.));
#1629=CARTESIAN_POINT('Ctrl Pts',(-2.23864053517421,-11.7879854588732,-18.));
#1630=CARTESIAN_POINT('Ctrl Pts',(-2.25900773008952,-11.7590130012688,-18.));
#1631=CARTESIAN_POINT('Ctrl Pts',(-2.29784614805003,-11.6996862744828,-18.));
#1632=CARTESIAN_POINT('Ctrl Pts',(-2.31632993246515,-11.6693035370142,-18.));
#1633=CARTESIAN_POINT('Ctrl Pts',(-2.35132908315861,-11.6072613505707,-18.));
#1634=CARTESIAN_POINT('Ctrl Pts',(-2.3678529924328,-11.575574609733,-18.));
#1635=CARTESIAN_POINT('Ctrl Pts',(-2.39886257655517,-11.5110383420742,-18.));
#1636=CARTESIAN_POINT('Ctrl Pts',(-2.41335628688461,-11.478156552952,-18.));
#1637=CARTESIAN_POINT('Ctrl Pts',(-2.44024741948073,-11.4113384132011,-18.));
#1638=CARTESIAN_POINT('Ctrl Pts',(-2.45264361987564,-11.3773852470859,-18.));
#1639=CARTESIAN_POINT('Ctrl Pts',(-2.47527163007457,-11.3085710126963,-18.));
#1640=CARTESIAN_POINT('Ctrl Pts',(-2.48551644456104,-11.2736450777998,-18.));
#1641=CARTESIAN_POINT('Ctrl Pts',(-2.50382435035095,-11.2029303924104,-18.));
#1642=CARTESIAN_POINT('Ctrl Pts',(-2.51184668734514,-11.167264654118,-18.));
#1643=CARTESIAN_POINT('Ctrl Pts',(-2.52556293570219,-11.0955217077004,-18.));
#1644=CARTESIAN_POINT('Ctrl Pts',(-2.53135986007925,-11.0588479372537,-18.));
#1645=CARTESIAN_POINT('Ctrl Pts',(-2.54091302569956,-10.9840306163173,-18.));
#1646=CARTESIAN_POINT('Ctrl Pts',(-2.54436347655305,-10.948050195188,-18.));
#1647=CARTESIAN_POINT('Ctrl Pts',(-2.54836688977349,-10.8792642052995,-18.));
#1648=CARTESIAN_POINT('Ctrl Pts',(-2.5492280581912,-10.8381427818859,-18.));
#1649=CARTESIAN_POINT('Ctrl Pts',(-2.55007948146561,-10.7904296617972,-18.));
#1650=CARTESIAN_POINT('Ctrl Pts',(-2.63991724152059,-10.7920327839507,-17.8845878902465));
#1651=CARTESIAN_POINT('Ctrl Pts',(-2.65075846266786,-10.306582170764,-17.8840531570746));
#1652=CARTESIAN_POINT('Ctrl Pts',(-2.66659503832929,-9.33564887513217,-17.8838757066804));
#1653=CARTESIAN_POINT('Ctrl Pts',(-2.68660986097428,-7.39387854463826,-17.884124718466));
#1654=CARTESIAN_POINT('Ctrl Pts',(-2.69643363417252,-4.96680826272488,-17.8841474777829));
#1655=CARTESIAN_POINT('Ctrl Pts',(-2.68530553232568,-2.53961714681673,-17.8841427076554));
#1656=CARTESIAN_POINT('Ctrl Pts',(-2.66765739286626,-0.840363649007769,
-17.8839769372745));
#1657=CARTESIAN_POINT('Ctrl Pts',(-2.65605074432314,0.00933538374436033,
-17.8839426609989));
#1658=CARTESIAN_POINT('Ctrl Pts',(-2.64953946711358,0.434203116519623,-17.8839396829587));
#1659=CARTESIAN_POINT('Ctrl Pts',(-2.64444903564396,0.676972253351012,-17.884215841323));
#1660=CARTESIAN_POINT('Ctrl Pts',(-2.64175809275328,0.798355587054204,-17.8843802564369));
#1661=CARTESIAN_POINT('Ctrl Pts',(-2.63861225696359,0.907891218307395,-17.884709676999));
#1662=CARTESIAN_POINT('Ctrl Pts',(-2.63677767805858,0.951611775706071,-17.8849680973632));
#1663=CARTESIAN_POINT('Ctrl Pts',(-2.6309216900123,1.02827636532157,-17.8854205173107));
#1664=CARTESIAN_POINT('Ctrl Pts',(-2.62660027704144,1.06769396992671,-17.8856266028199));
#1665=CARTESIAN_POINT('Ctrl Pts',(-2.61540323664502,1.1484633424839,-17.8860496690867));
#1666=CARTESIAN_POINT('Ctrl Pts',(-2.60874463703304,1.18811043520094,-17.8862700883012));
#1667=CARTESIAN_POINT('Ctrl Pts',(-2.59327720281362,1.26579014931481,-17.8867041421891));
#1668=CARTESIAN_POINT('Ctrl Pts',(-2.58439316678022,1.3042915662654,-17.8869187456436));
#1669=CARTESIAN_POINT('Ctrl Pts',(-2.56438516070627,1.38043006324083,-17.8873437078796));
#1670=CARTESIAN_POINT('Ctrl Pts',(-2.55329916196844,1.4179660167714,-17.8875545025929));
#1671=CARTESIAN_POINT('Ctrl Pts',(-2.5290053038377,1.49180748358854,-17.8879680390605));
#1672=CARTESIAN_POINT('Ctrl Pts',(-2.51579602427903,1.5281644921941,-17.8881709705507));
#1673=CARTESIAN_POINT('Ctrl Pts',(-2.48731150444301,1.59958379146563,-17.8885664149629));
#1674=CARTESIAN_POINT('Ctrl Pts',(-2.47204654400906,1.63465890895283,-17.8887591102262));
#1675=CARTESIAN_POINT('Ctrl Pts',(-2.43953707034431,1.70337946926351,-17.8891314579522));
#1676=CARTESIAN_POINT('Ctrl Pts',(-2.42229459004797,1.7370542774966,-17.8893112323265));
#1677=CARTESIAN_POINT('Ctrl Pts',(-2.38591102071567,1.802876882531,-17.889655448981));
#1678=CARTESIAN_POINT('Ctrl Pts',(-2.36677240273665,1.83504858530121,-17.8898200144848));
#1679=CARTESIAN_POINT('Ctrl Pts',(-2.32668749944253,1.89776238453239,-17.890131702723));
#1680=CARTESIAN_POINT('Ctrl Pts',(-2.30573818721642,1.92833345510012,-17.8902789037141));
#1681=CARTESIAN_POINT('Ctrl Pts',(-2.26212159735816,1.98775982394366,-17.8905539990659));
#1682=CARTESIAN_POINT('Ctrl Pts',(-2.23944780358776,2.01664434883797,-17.890681935813));
#1683=CARTESIAN_POINT('Ctrl Pts',(-2.19247396087799,2.07261917131471,-17.8909169103478));
#1684=CARTESIAN_POINT('Ctrl Pts',(-2.16816371957446,2.09973822304302,-17.891023993149));
#1685=CARTESIAN_POINT('Ctrl Pts',(-2.11801058077396,2.15210949326078,-17.8912160031473));
#1686=CARTESIAN_POINT('Ctrl Pts',(-2.092152473759,2.17739088612244,-17.8913009644863));
#1687=CARTESIAN_POINT('Ctrl Pts',(-2.03899518639383,2.22602392249457,-17.8914477238436));
#1688=CARTESIAN_POINT('Ctrl Pts',(-2.0116768366148,2.24940304147497,-17.8915095963527));
#1689=CARTESIAN_POINT('Ctrl Pts',(-1.95569123752656,2.29417344542231,-17.891609510886));
#1690=CARTESIAN_POINT('Ctrl Pts',(-1.92700135556119,2.3155896752287,-17.891647675018));
#1691=CARTESIAN_POINT('Ctrl Pts',(-1.86836524528539,2.35638037784513,-17.8916998283071));
#1692=CARTESIAN_POINT('Ctrl Pts',(-1.83839028168165,2.37577878743669,-17.8917139850772));
#1693=CARTESIAN_POINT('Ctrl Pts',(-1.77727124637291,2.41248797597127,-17.8917181975104));
#1694=CARTESIAN_POINT('Ctrl Pts',(-1.74610047289412,2.42981613614237,-17.891708415572));
#1695=CARTESIAN_POINT('Ctrl Pts',(-1.68268738795918,2.46233475207492,-17.8916651503976));
#1696=CARTESIAN_POINT('Ctrl Pts',(-1.65040794994472,2.47754328744012,-17.8916317867218));
#1697=CARTESIAN_POINT('Ctrl Pts',(-1.58485875547051,2.50578519810011,-17.8915423723543));
#1698=CARTESIAN_POINT('Ctrl Pts',(-1.55156614809274,2.51882574205276,-17.8914862425082));
#1699=CARTESIAN_POINT('Ctrl Pts',(-1.48410807228104,2.54267859951562,-17.8913523770838));
#1700=CARTESIAN_POINT('Ctrl Pts',(-1.44987342144525,2.55351098753044,-17.8912744297081));
#1701=CARTESIAN_POINT('Ctrl Pts',(-1.38055019376749,2.5729378739951,-17.8911000978838));
#1702=CARTESIAN_POINT('Ctrl Pts',(-1.34556203165516,2.58150130281103,-17.8910025921867));
#1703=CARTESIAN_POINT('Ctrl Pts',(-1.27512171394667,2.59625632665634,-17.8907873346029));
#1704=CARTESIAN_POINT('Ctrl Pts',(-1.23911951181867,2.60255508794049,-17.8906681913811));
#1705=CARTESIAN_POINT('Ctrl Pts',(-1.16566836805398,2.61301446355362,-17.8904351068135));
#1706=CARTESIAN_POINT('Ctrl Pts',(-1.13016377005612,2.6169212817806,-17.8903087767122));
#1707=CARTESIAN_POINT('Ctrl Pts',(-1.06187931874104,2.62184590321544,-17.8900013417949));
#1708=CARTESIAN_POINT('Ctrl Pts',(-1.02159841462507,2.62322507036572,-17.889803209518));
#1709=CARTESIAN_POINT('Ctrl Pts',(-0.851908644570416,2.62682017678888,-17.8896262670818));
#1710=CARTESIAN_POINT('Ctrl Pts',(-0.604981120963049,2.63140297233385,-17.8896005549603));
#1711=CARTESIAN_POINT('Ctrl Pts',(-0.111122142432884,2.63930105783393,-17.8898061437113));
#1712=CARTESIAN_POINT('Ctrl Pts',(0.753080706886656,2.65162557501381,-17.8901706555333));
#1713=CARTESIAN_POINT('Ctrl Pts',(2.48136044547486,2.66957693434195,-17.8911674308689));
#1714=CARTESIAN_POINT('Ctrl Pts',(4.94999932295774,2.67770679597193,-17.8927853666634));
#1715=CARTESIAN_POINT('Ctrl Pts',(7.41864167124494,2.66938476587284,-17.8912630103402));
#1716=CARTESIAN_POINT('Ctrl Pts',(9.14689635808061,2.64979799165538,-17.8909570099078));
#1717=CARTESIAN_POINT('Ctrl Pts',(10.0110997347956,2.63793737804595,-17.8903710923303));
#1718=CARTESIAN_POINT('Ctrl Pts',(10.4432290577853,2.63126132499024,-17.8900880838639));
#1719=CARTESIAN_POINT('Ctrl Pts',(10.6901645023186,2.62724349694937,-17.8899181413823));
#1720=CARTESIAN_POINT('Ctrl Pts',(10.8136339203374,2.62511654313748,-17.8898512614194));
#1721=CARTESIAN_POINT('Ctrl Pts',(10.9215782135428,2.62212750307379,-17.890256431485));
#1722=CARTESIAN_POINT('Ctrl Pts',(10.9618413143668,2.62062695771875,-17.8905140360041));
#1723=CARTESIAN_POINT('Ctrl Pts',(11.0300485578269,2.61562168421108,-17.8908674898956));
#1724=CARTESIAN_POINT('Ctrl Pts',(11.0655250702121,2.611764793332,-17.890978471644));
#1725=CARTESIAN_POINT('Ctrl Pts',(11.1389398766207,2.60140870452073,-17.8911753496545));
#1726=CARTESIAN_POINT('Ctrl Pts',(11.1749286254953,2.59517975193465,-17.8912684618309));
#1727=CARTESIAN_POINT('Ctrl Pts',(11.2453331448066,2.58049056865623,-17.8914635733712));
#1728=CARTESIAN_POINT('Ctrl Pts',(11.2803048905012,2.57195938399376,-17.8915512140171));
#1729=CARTESIAN_POINT('Ctrl Pts',(11.3495964513021,2.55258431419241,-17.8917108747175));
#1730=CARTESIAN_POINT('Ctrl Pts',(11.3838147295619,2.54177212466984,-17.8917840888277));
#1731=CARTESIAN_POINT('Ctrl Pts',(11.4512382754638,2.51795052926262,-17.8919127236043));
#1732=CARTESIAN_POINT('Ctrl Pts',(11.4845132429297,2.50492286831928,-17.8919675381558));
#1733=CARTESIAN_POINT('Ctrl Pts',(11.5500248788629,2.47670060400738,-17.8920574625382));
#1734=CARTESIAN_POINT('Ctrl Pts',(11.5822843986291,2.46149904731684,-17.8920925749705));
#1735=CARTESIAN_POINT('Ctrl Pts',(11.64565452559,2.42899008077322,-17.8921419455774));
#1736=CARTESIAN_POINT('Ctrl Pts',(11.6768023757331,2.41166468066225,-17.8921560223534));
#1737=CARTESIAN_POINT('Ctrl Pts',(11.7378714496044,2.3749574020625,-17.8921629761037));
#1738=CARTESIAN_POINT('Ctrl Pts',(11.767819474845,2.35555819330887,-17.8921556433442));
#1739=CARTESIAN_POINT('Ctrl Pts',(11.8263963999499,2.31476279300503,-17.892119820923));
#1740=CARTESIAN_POINT('Ctrl Pts',(11.8550542735803,2.29334285687008,-17.8920910231147));
#1741=CARTESIAN_POINT('Ctrl Pts',(11.9109692424636,2.24856237949236,-17.8920127009564));
#1742=CARTESIAN_POINT('Ctrl Pts',(11.9382492942079,2.22517717328611,-17.8919628566414));
#1743=CARTESIAN_POINT('Ctrl Pts',(11.9913219423029,2.17652985539944,-17.8918431929199));
#1744=CARTESIAN_POINT('Ctrl Pts',(12.0171340685086,2.15124054994267,-17.8917730895702));
#1745=CARTESIAN_POINT('Ctrl Pts',(12.0671857157461,2.09885211369691,-17.8916139635275));
#1746=CARTESIAN_POINT('Ctrl Pts',(12.0914407740204,2.07172402172915,-17.8915247305813));
#1747=CARTESIAN_POINT('Ctrl Pts',(12.1382931789119,2.01573077022856,-17.8913286976319));
#1748=CARTESIAN_POINT('Ctrl Pts',(12.1609009136989,1.98683693968451,-17.8912217584376));
#1749=CARTESIAN_POINT('Ctrl Pts',(12.2043727116573,1.9273928688041,-17.8909919087814));
#1750=CARTESIAN_POINT('Ctrl Pts',(12.2252433908448,1.89681339817192,-17.8908689168011));
#1751=CARTESIAN_POINT('Ctrl Pts',(12.2651567428543,1.83408523316938,-17.8906088297661));
#1752=CARTESIAN_POINT('Ctrl Pts',(12.2842024130177,1.8019074734019,-17.8904716785052));
#1753=CARTESIAN_POINT('Ctrl Pts',(12.3203840486791,1.73607692253441,-17.890185389752));
#1754=CARTESIAN_POINT('Ctrl Pts',(12.337517384983,1.70240009543504,-17.8900361928606));
#1755=CARTESIAN_POINT('Ctrl Pts',(12.3697903861223,1.63368163072675,-17.8897280784846));
#1756=CARTESIAN_POINT('Ctrl Pts',(12.3849278589622,1.59861048145349,-17.8895690757178));
#1757=CARTESIAN_POINT('Ctrl Pts',(12.4131374270592,1.52720766927228,-17.8892438563344));
#1758=CARTESIAN_POINT('Ctrl Pts',(12.4261989504038,1.4908630902837,-17.8890774571613));
#1759=CARTESIAN_POINT('Ctrl Pts',(12.4501744005308,1.41705777341459,-17.8887399546817));
#1760=CARTESIAN_POINT('Ctrl Pts',(12.4610894963101,1.37954521936965,-17.8885684256401));
#1761=CARTESIAN_POINT('Ctrl Pts',(12.4807329292897,1.3034680502532,-17.8882243092709));
#1762=CARTESIAN_POINT('Ctrl Pts',(12.4894234272066,1.26500549753455,-17.888050085777));
#1763=CARTESIAN_POINT('Ctrl Pts',(12.5044684115766,1.18742269760315,-17.8877032604821));
#1764=CARTESIAN_POINT('Ctrl Pts',(12.5108970232422,1.14782948407521,-17.8875264966009));
#1765=CARTESIAN_POINT('Ctrl Pts',(12.5216338896468,1.06718425750143,-17.8871914477834));
#1766=CARTESIAN_POINT('Ctrl Pts',(12.5257366647957,1.02785624379968,-17.8870138870511));
#1767=CARTESIAN_POINT('Ctrl Pts',(12.5309968552316,0.95143205233117,-17.8866767381854));
#1768=CARTESIAN_POINT('Ctrl Pts',(12.5324103698005,0.907786714990029,-17.8864750345166));
#1769=CARTESIAN_POINT('Ctrl Pts',(12.5640249370669,-0.354879654156583,-17.8836535521759));
#1770=CARTESIAN_POINT('Ctrl Pts',(12.5800774359306,-1.81139633282376,-17.8840126405891));
#1771=CARTESIAN_POINT('Ctrl Pts',(12.590405047768,-3.75320970231361,-17.8841268759926));
#1772=CARTESIAN_POINT('Ctrl Pts',(12.5944300300918,-5.45222202770445,-17.8841548597846));
#1773=CARTESIAN_POINT('Ctrl Pts',(12.5865368080766,-7.39387929354805,-17.8841421844557));
#1774=CARTESIAN_POINT('Ctrl Pts',(12.5684762928961,-9.09292000262115,-17.8840494941362));
#1775=CARTESIAN_POINT('Ctrl Pts',(12.556510366305,-9.94248294485514,-17.8839998572629));
#1776=CARTESIAN_POINT('Ctrl Pts',(12.5497730194985,-10.3672763173589,-17.883978118373));
#1777=CARTESIAN_POINT('Ctrl Pts',(12.5456858024593,-10.6100195226739,-17.8839718021317));
#1778=CARTESIAN_POINT('Ctrl Pts',(12.5435763496607,-10.7313915319515,-17.8839649797042));
#1779=CARTESIAN_POINT('Ctrl Pts',(12.5403598653112,-10.8397844972567,-17.8842688582707));
#1780=CARTESIAN_POINT('Ctrl Pts',(12.5386086786494,-10.882111824198,-17.8844834878714));
#1781=CARTESIAN_POINT('Ctrl Pts',(12.5329641987544,-10.9555512364632,-17.8848358923057));
#1782=CARTESIAN_POINT('Ctrl Pts',(12.5287515951208,-10.993500562634,-17.8849819240266));
#1783=CARTESIAN_POINT('Ctrl Pts',(12.5176731007943,-11.0716004148773,-17.8852811299567));
#1784=CARTESIAN_POINT('Ctrl Pts',(12.5110508629534,-11.1099624214286,-17.8854359912185));
#1785=CARTESIAN_POINT('Ctrl Pts',(12.4955950994783,-11.1851715306288,-17.8857403337406));
#1786=CARTESIAN_POINT('Ctrl Pts',(12.4866808536694,-11.2225143255921,-17.8858881408206));
#1787=CARTESIAN_POINT('Ctrl Pts',(12.4665376171025,-11.2964818856764,-17.8861784799472));
#1788=CARTESIAN_POINT('Ctrl Pts',(12.4553435327963,-11.3330046282237,-17.8863210529126));
#1789=CARTESIAN_POINT('Ctrl Pts',(12.430759192326,-11.4049614725571,-17.8865974408551));
#1790=CARTESIAN_POINT('Ctrl Pts',(12.4173594667822,-11.4404503752833,-17.8867312178508));
#1791=CARTESIAN_POINT('Ctrl Pts',(12.3884103782005,-11.5102780096386,-17.8869883694519));
#1792=CARTESIAN_POINT('Ctrl Pts',(12.3728632317504,-11.5446314267896,-17.8871117922474));
#1793=CARTESIAN_POINT('Ctrl Pts',(12.3396979675798,-11.6120543053669,-17.8873461494324));
#1794=CARTESIAN_POINT('Ctrl Pts',(12.3220740157794,-11.6451513977808,-17.8874571884396));
#1795=CARTESIAN_POINT('Ctrl Pts',(12.284828987191,-11.7099582417144,-17.8876651195738));
#1796=CARTESIAN_POINT('Ctrl Pts',(12.2652013927889,-11.7416914085616,-17.8877621561942));
#1797=CARTESIAN_POINT('Ctrl Pts',(12.2240312017604,-11.8036651861823,-17.8879405895975));
#1798=CARTESIAN_POINT('Ctrl Pts',(12.2024784681806,-11.8339301361986,-17.8880221554528));
#1799=CARTESIAN_POINT('Ctrl Pts',(12.1575426396163,-11.8928707037273,-17.8881683990177));
#1800=CARTESIAN_POINT('Ctrl Pts',(12.1341466377409,-11.9215698131871,-17.8882332506704));
#1801=CARTESIAN_POINT('Ctrl Pts',(12.0856121399092,-11.9772878980981,-17.8883450785077));
#1802=CARTESIAN_POINT('Ctrl Pts',(12.0604573175789,-12.00433008379,-17.8883921903214));
#1803=CARTESIAN_POINT('Ctrl Pts',(12.0084951701647,-12.0566502323343,-17.8884678774201));
#1804=CARTESIAN_POINT('Ctrl Pts',(11.9816700303462,-12.0819488326683,-17.8884965322044));
#1805=CARTESIAN_POINT('Ctrl Pts',(11.9264618101863,-12.1307009379557,-17.8885349237208));
#1806=CARTESIAN_POINT('Ctrl Pts',(11.8980589894734,-12.1541729629225,-17.8885446802431));
#1807=CARTESIAN_POINT('Ctrl Pts',(11.8397937109298,-12.1991951310601,-17.8885451266307));
#1808=CARTESIAN_POINT('Ctrl Pts',(11.8099068952551,-12.220763848577,-17.88853574562));
#1809=CARTESIAN_POINT('Ctrl Pts',(11.7487698193167,-12.2619121318558,-17.8884980800827));
#1810=CARTESIAN_POINT('Ctrl Pts',(11.7174974739123,-12.2815049004258,-17.8884697009964));
#1811=CARTESIAN_POINT('Ctrl Pts',(11.6536960091697,-12.318632677436,-17.888394442551));
#1812=CARTESIAN_POINT('Ctrl Pts',(11.6211415770604,-12.3361794521927,-17.8883474481267));
#1813=CARTESIAN_POINT('Ctrl Pts',(11.5548828753182,-12.3691536099135,-17.8882355596831));
#1814=CARTESIAN_POINT('Ctrl Pts',(11.5211499633783,-12.3845910059388,-17.8881705759552));
#1815=CARTESIAN_POINT('Ctrl Pts',(11.452638744531,-12.4132934617998,-17.8880235422758));
#1816=CARTESIAN_POINT('Ctrl Pts',(11.4178448405473,-12.426559101027,-17.8879416240954));
#1817=CARTESIAN_POINT('Ctrl Pts',(11.3473495762792,-12.450855146577,-17.8877614793876));
#1818=CARTESIAN_POINT('Ctrl Pts',(11.3115876675072,-12.4618978226102,-17.8876638053121));
#1819=CARTESIAN_POINT('Ctrl Pts',(11.2392007468014,-12.481736739639,-17.8874526809559));
#1820=CARTESIAN_POINT('Ctrl Pts',(11.2026789907166,-12.4904899422036,-17.8873417469299));
#1821=CARTESIAN_POINT('Ctrl Pts',(11.1291709062321,-12.5056222855153,-17.8871010789604));
#1822=CARTESIAN_POINT('Ctrl Pts',(11.0916682310537,-12.512065925544,-17.8869794431873));
#1823=CARTESIAN_POINT('Ctrl Pts',(11.015301805155,-12.522886414001,-17.8867127856288));
#1824=CARTESIAN_POINT('Ctrl Pts',(10.9782893647653,-12.5269058866322,-17.8865938621447));
#1825=CARTESIAN_POINT('Ctrl Pts',(10.9068768041572,-12.5322014542752,-17.8862703355591));
#1826=CARTESIAN_POINT('Ctrl Pts',(10.8653559781114,-12.5334280417839,-17.8861596284936));
#1827=CARTESIAN_POINT('Ctrl Pts',(10.5737146549674,-12.5418880510048,-17.8852394852631));
#1828=CARTESIAN_POINT('Ctrl Pts',(10.0846199848654,-12.549891192093,-17.8853660167703));
#1829=CARTESIAN_POINT('Ctrl Pts',(9.35102501918057,-12.5608199790714,-17.8853530085107));
#1830=CARTESIAN_POINT('Ctrl Pts',(8.61746582095176,-12.5699254084847,-17.8853915728107));
#1831=CARTESIAN_POINT('Ctrl Pts',(7.15040647588947,-12.5848690620469,-17.8854361373259));
#1832=CARTESIAN_POINT('Ctrl Pts',(4.95000043367686,-12.5946775254672,-17.8855122534375));
#1833=CARTESIAN_POINT('Ctrl Pts',(2.5051035356737,-12.5837689720955,-17.8854308245526));
#1834=CARTESIAN_POINT('Ctrl Pts',(0.793509267663837,-12.5641902747261,-17.8854310883227));
#1835=CARTESIAN_POINT('Ctrl Pts',(-0.0623518206634817,-12.5516442821061,
-17.8853772420748));
#1836=CARTESIAN_POINT('Ctrl Pts',(-0.551436403922863,-12.5435596443495,
-17.8853734294942));
#1837=CARTESIAN_POINT('Ctrl Pts',(-0.795991919845902,-12.539695101733,-17.8852309156666));
#1838=CARTESIAN_POINT('Ctrl Pts',(-0.965361349371174,-12.533703571699,-17.8860735794513));
#1839=CARTESIAN_POINT('Ctrl Pts',(-1.00687951456416,-12.5321293891771,-17.8862918513313));
#1840=CARTESIAN_POINT('Ctrl Pts',(-1.07826658893003,-12.526631909924,-17.886681522021));
#1841=CARTESIAN_POINT('Ctrl Pts',(-1.11526134020395,-12.5225029543663,-17.8868377311329));
#1842=CARTESIAN_POINT('Ctrl Pts',(-1.19160006015979,-12.5116183126358,-17.8871301726028));
#1843=CARTESIAN_POINT('Ctrl Pts',(-1.22909051060555,-12.5051570008057,-17.8872600701936));
#1844=CARTESIAN_POINT('Ctrl Pts',(-1.30258279440224,-12.4900550398425,-17.8874948815396));
#1845=CARTESIAN_POINT('Ctrl Pts',(-1.33910115174427,-12.4813291217884,-17.8875982680478));
#1846=CARTESIAN_POINT('Ctrl Pts',(-1.41149242073175,-12.4615725008319,-17.8877833632834));
#1847=CARTESIAN_POINT('Ctrl Pts',(-1.44726193882803,-12.4505795210913,-17.8878642466189));
#1848=CARTESIAN_POINT('Ctrl Pts',(-1.51778380306651,-12.4263948270487,-17.8880047108464));
#1849=CARTESIAN_POINT('Ctrl Pts',(-1.55259666166011,-12.4131892469928,-17.8880642560403));
#1850=CARTESIAN_POINT('Ctrl Pts',(-1.62115638233742,-12.3846098077644,-17.888163423655));
#1851=CARTESIAN_POINT('Ctrl Pts',(-1.65491882052172,-12.3692350106669,-17.8882030330664));
#1852=CARTESIAN_POINT('Ctrl Pts',(-1.72124567030005,-12.3363832612236,-17.8882631104643));
#1853=CARTESIAN_POINT('Ctrl Pts',(-1.75383866823858,-12.3188961872518,-17.8882837127791));
#1854=CARTESIAN_POINT('Ctrl Pts',(-1.8177243516041,-12.281881204828,-17.8883066932227));
#1855=CARTESIAN_POINT('Ctrl Pts',(-1.84904224315435,-12.2623414187787,-17.8883092404094));
#1856=CARTESIAN_POINT('Ctrl Pts',(-1.91027502284474,-12.2212897489592,-17.8882970733591));
#1857=CARTESIAN_POINT('Ctrl Pts',(-1.94021187697631,-12.1997645661313,-17.8882825055895));
#1858=CARTESIAN_POINT('Ctrl Pts',(-1.99857897870112,-12.1548181641228,-17.8882371534228));
#1859=CARTESIAN_POINT('Ctrl Pts',(-2.02703348423145,-12.131378348589,-17.8882064663959));
#1860=CARTESIAN_POINT('Ctrl Pts',(-2.08234376486235,-12.0826782861333,-17.8881301396326));
#1861=CARTESIAN_POINT('Ctrl Pts',(-2.10921911592015,-12.0573994453191,-17.8880845389309));
#1862=CARTESIAN_POINT('Ctrl Pts',(-2.16127724542676,-12.0051061457674,-17.8879796126561));
#1863=CARTESIAN_POINT('Ctrl Pts',(-2.18647750769655,-11.978070840297,-17.8879203458578));
#1864=CARTESIAN_POINT('Ctrl Pts',(-2.23509512041803,-11.9223541333785,-17.8877894715074));
#1865=CARTESIAN_POINT('Ctrl Pts',(-2.25852839558304,-11.8936492903805,-17.887717892601));
#1866=CARTESIAN_POINT('Ctrl Pts',(-2.30352744944581,-11.83468566215,-17.887563993394));
#1867=CARTESIAN_POINT('Ctrl Pts',(-2.3251057500601,-11.8044032056248,-17.8874816477151));
#1868=CARTESIAN_POINT('Ctrl Pts',(-2.3663122214942,-11.7423842615323,-17.8873078243918));
#1869=CARTESIAN_POINT('Ctrl Pts',(-2.38595011480819,-11.7106232721038,-17.8872163296026));
#1870=CARTESIAN_POINT('Ctrl Pts',(-2.42319727385025,-11.645752629478,-17.8870259160673));
#1871=CARTESIAN_POINT('Ctrl Pts',(-2.44081274321922,-11.6126194815804,-17.8869269581954));
#1872=CARTESIAN_POINT('Ctrl Pts',(-2.47393890202975,-11.5451188817209,-17.8867233643584));
#1873=CARTESIAN_POINT('Ctrl Pts',(-2.48945516496245,-11.5107237966032,-17.8866186961271));
#1874=CARTESIAN_POINT('Ctrl Pts',(-2.51831704095832,-11.4408105406658,-17.8864055685971));
#1875=CARTESIAN_POINT('Ctrl Pts',(-2.53166038695134,-11.4052777394477,-17.8862970593335));
#1876=CARTESIAN_POINT('Ctrl Pts',(-2.55610287058145,-11.3332344677463,-17.8860776970077));
#1877=CARTESIAN_POINT('Ctrl Pts',(-2.56721113453593,-11.2966693356261,-17.8859669304417));
#1878=CARTESIAN_POINT('Ctrl Pts',(-2.58715219044411,-11.2226233470471,-17.8857458476077));
#1879=CARTESIAN_POINT('Ctrl Pts',(-2.59595034650795,-11.1852445188945,-17.8856353548932));
#1880=CARTESIAN_POINT('Ctrl Pts',(-2.61113664158379,-11.109973812772,-17.8854121638897));
#1881=CARTESIAN_POINT('Ctrl Pts',(-2.6176038181087,-11.0715869571421,-17.8853011885033));
#1882=CARTESIAN_POINT('Ctrl Pts',(-2.62834427104937,-10.9934532593804,-17.8850928289751));
#1883=CARTESIAN_POINT('Ctrl Pts',(-2.63237620477204,-10.9554963943606,-17.884992178129));
#1884=CARTESIAN_POINT('Ctrl Pts',(-2.63756250017783,-10.88207168068,-17.884750763151));
#1885=CARTESIAN_POINT('Ctrl Pts',(-2.63887753573649,-10.8397551767346,-17.8846336890466));
#1886=CARTESIAN_POINT('Ctrl Pts',(-2.63991724152059,-10.7920327839508,-17.8845878902465));
#1887=CARTESIAN_POINT('Ctrl Pts',(-2.74772255358657,-10.7939565305351,-17.7460933585423));
#1888=CARTESIAN_POINT('Ctrl Pts',(-2.76075988276815,-10.3083774669856,-17.7449659237048));
#1889=CARTESIAN_POINT('Ctrl Pts',(-2.77824261009525,-9.33711640318641,-17.7444934491879));
#1890=CARTESIAN_POINT('Ctrl Pts',(-2.79651006394438,-7.39465226559992,-17.7450981488883));
#1891=CARTESIAN_POINT('Ctrl Pts',(-2.80654802701221,-4.96677502198497,-17.7451081849243));
#1892=CARTESIAN_POINT('Ctrl Pts',(-2.7952464959969,-2.53880515668711,-17.7451220647597));
#1893=CARTESIAN_POINT('Ctrl Pts',(-2.77853618762167,-0.839016584780825,
-17.7447445590689));
#1894=CARTESIAN_POINT('Ctrl Pts',(-2.76706502936605,0.0109465102064103,
-17.744677447255));
#1895=CARTESIAN_POINT('Ctrl Pts',(-2.7605798828102,0.435943627222025,-17.7446650337842));
#1896=CARTESIAN_POINT('Ctrl Pts',(-2.75404606379163,0.678762561897616,-17.7452813367496));
#1897=CARTESIAN_POINT('Ctrl Pts',(-2.75063604483335,0.800170033474731,-17.7456139166357));
#1898=CARTESIAN_POINT('Ctrl Pts',(-2.74577861564786,0.909708892415037,-17.7463770782473));
#1899=CARTESIAN_POINT('Ctrl Pts',(-2.74282919038804,0.954774322347567,-17.7469257281679));
#1900=CARTESIAN_POINT('Ctrl Pts',(-2.73468049177155,1.03658409820217,-17.7479282638007));
#1901=CARTESIAN_POINT('Ctrl Pts',(-2.72930360258218,1.07816671606783,-17.7483765846009));
#1902=CARTESIAN_POINT('Ctrl Pts',(-2.71592760982498,1.16252428764119,-17.7493108779404));
#1903=CARTESIAN_POINT('Ctrl Pts',(-2.70813296135171,1.204012494556,-17.749793689451));
#1904=CARTESIAN_POINT('Ctrl Pts',(-2.6903042744803,1.28545788503897,-17.7507494209372));
#1905=CARTESIAN_POINT('Ctrl Pts',(-2.68022777270827,1.3257748318907,-17.7512210374099));
#1906=CARTESIAN_POINT('Ctrl Pts',(-2.65779069813768,1.40542120143432,-17.7521563180568));
#1907=CARTESIAN_POINT('Ctrl Pts',(-2.64546657224881,1.44467455416936,-17.7526198439767));
#1908=CARTESIAN_POINT('Ctrl Pts',(-2.61864925766297,1.5218853178679,-17.7535297254606));
#1909=CARTESIAN_POINT('Ctrl Pts',(-2.60415945408605,1.55988445390876,-17.7539761045742));
#1910=CARTESIAN_POINT('Ctrl Pts',(-2.57307490532319,1.6345127196094,-17.7548461371996));
#1911=CARTESIAN_POINT('Ctrl Pts',(-2.55649151826058,1.67115362410706,-17.755270036423));
#1912=CARTESIAN_POINT('Ctrl Pts',(-2.52130731406026,1.74293833284536,-17.7560892117818));
#1913=CARTESIAN_POINT('Ctrl Pts',(-2.50271101238056,1.77810705439468,-17.7564847105724));
#1914=CARTESIAN_POINT('Ctrl Pts',(-2.4635843415294,1.84685166272711,-17.7572419867976));
#1915=CARTESIAN_POINT('Ctrl Pts',(-2.44305843991757,1.88044825782442,-17.7576040428328));
#1916=CARTESIAN_POINT('Ctrl Pts',(-2.40016364670096,1.94595027653251,-17.7582897322868));
#1917=CARTESIAN_POINT('Ctrl Pts',(-2.3777945798727,1.97788050668037,-17.7586136081199));
#1918=CARTESIAN_POINT('Ctrl Pts',(-2.33130356364617,2.03996612112308,-17.7592187785687));
#1919=CARTESIAN_POINT('Ctrl Pts',(-2.30717834976003,2.07014654389332,-17.7595002778763));
#1920=CARTESIAN_POINT('Ctrl Pts',(-2.25726637710139,2.12865639197808,-17.7600171861987));
#1921=CARTESIAN_POINT('Ctrl Pts',(-2.23147305959735,2.15701041934956,-17.7602527996207));
#1922=CARTESIAN_POINT('Ctrl Pts',(-2.1783173455891,2.21179677386424,-17.7606751933871));
#1923=CARTESIAN_POINT('Ctrl Pts',(-2.15094407948558,2.23825397960308,-17.7608621227535));
#1924=CARTESIAN_POINT('Ctrl Pts',(-2.09471897880357,2.28918492815759,-17.7611849918196));
#1925=CARTESIAN_POINT('Ctrl Pts',(-2.06585272760766,2.31368198997983,-17.7613210995235));
#1926=CARTESIAN_POINT('Ctrl Pts',(-2.0067323901406,2.36063521675056,-17.7615409362065));
#1927=CARTESIAN_POINT('Ctrl Pts',(-1.9764607501994,2.38311239193091,-17.7616248639312));
#1928=CARTESIAN_POINT('Ctrl Pts',(-1.91462041878936,2.42597219967303,-17.7617396431962));
#1929=CARTESIAN_POINT('Ctrl Pts',(-1.88302890577959,2.44637465309529,-17.761770741543));
#1930=CARTESIAN_POINT('Ctrl Pts',(-1.81863527506112,2.48503816776072,-17.7617800587012));
#1931=CARTESIAN_POINT('Ctrl Pts',(-1.78581172439915,2.50331338737364,-17.7617584923649));
#1932=CARTESIAN_POINT('Ctrl Pts',(-1.71904882661304,2.53767193762337,-17.7616633481774));
#1933=CARTESIAN_POINT('Ctrl Pts',(-1.68507942196017,2.55376949559782,-17.7615899482181));
#1934=CARTESIAN_POINT('Ctrl Pts',(-1.61610671973631,2.58373262501644,-17.7613931910111));
#1935=CARTESIAN_POINT('Ctrl Pts',(-1.58108478949316,2.597603061363,-17.7612698147995));
#1936=CARTESIAN_POINT('Ctrl Pts',(-1.51011904177132,2.62305895964809,-17.7609751059668));
#1937=CARTESIAN_POINT('Ctrl Pts',(-1.47411896953721,2.63465777489058,-17.7608040948661));
#1938=CARTESIAN_POINT('Ctrl Pts',(-1.40122988426658,2.65555425505262,-17.7604197713927));
#1939=CARTESIAN_POINT('Ctrl Pts',(-1.36442100140371,2.66482098678043,-17.7602065805638));
#1940=CARTESIAN_POINT('Ctrl Pts',(-1.29024863168344,2.68094162274631,-17.7597308926478));
#1941=CARTESIAN_POINT('Ctrl Pts',(-1.25244175204359,2.68785728566421,-17.7594743278966));
#1942=CARTESIAN_POINT('Ctrl Pts',(-1.17550912439344,2.69947149361181,-17.7589526095681));
#1943=CARTESIAN_POINT('Ctrl Pts',(-1.13793629386632,2.7039219735385,-17.7586889459247));
#1944=CARTESIAN_POINT('Ctrl Pts',(-1.06480739773127,2.71008476192919,-17.7579914697014));
#1945=CARTESIAN_POINT('Ctrl Pts',(-1.02327778885049,2.711883235303,-17.7576177124969));
#1946=CARTESIAN_POINT('Ctrl Pts',(-0.853559511404639,2.71642746471384,-17.7570588347293));
#1947=CARTESIAN_POINT('Ctrl Pts',(-0.60655422460413,2.72066758502353,-17.757170943781));
#1948=CARTESIAN_POINT('Ctrl Pts',(-0.112548452491655,2.72814576314703,-17.7575482457773));
#1949=CARTESIAN_POINT('Ctrl Pts',(0.751912760485251,2.73931235786391,-17.7583899907929));
#1950=CARTESIAN_POINT('Ctrl Pts',(2.48070938224919,2.75449806437647,-17.7605599432358));
#1951=CARTESIAN_POINT('Ctrl Pts',(4.94999866798261,2.75841894481805,-17.7641322354223));
#1952=CARTESIAN_POINT('Ctrl Pts',(7.4192944845766,2.75405840422478,-17.760777342872));
#1953=CARTESIAN_POINT('Ctrl Pts',(9.14803720674443,2.73532507728469,-17.7601060157352));
#1954=CARTESIAN_POINT('Ctrl Pts',(10.0124977392004,2.72508537586294,-17.7588159412389));
#1955=CARTESIAN_POINT('Ctrl Pts',(10.4447619197758,2.71921574108907,-17.7581950844567));
#1956=CARTESIAN_POINT('Ctrl Pts',(10.6917765086971,2.71571038334644,-17.7578164760487));
#1957=CARTESIAN_POINT('Ctrl Pts',(10.8152814525178,2.71370034874585,-17.757694911055));
#1958=CARTESIAN_POINT('Ctrl Pts',(10.9232375231205,2.70964412355023,-17.7585466337598));
#1959=CARTESIAN_POINT('Ctrl Pts',(10.9647208104821,2.70736296943869,-17.7591344838714));
#1960=CARTESIAN_POINT('Ctrl Pts',(11.0376850787279,2.70109622993536,-17.7599056206248));
#1961=CARTESIAN_POINT('Ctrl Pts',(11.0751927910151,2.69671126356068,-17.7601519863628));
#1962=CARTESIAN_POINT('Ctrl Pts',(11.1520469298457,2.68534499645671,-17.7605864981586));
#1963=CARTESIAN_POINT('Ctrl Pts',(11.1898227054077,2.67856459262334,-17.7607928875628));
#1964=CARTESIAN_POINT('Ctrl Pts',(11.2639180076994,2.66260534621251,-17.7612174206157));
#1965=CARTESIAN_POINT('Ctrl Pts',(11.3006899179962,2.65339941617299,-17.7614130641336));
#1966=CARTESIAN_POINT('Ctrl Pts',(11.3735093523156,2.63262055038918,-17.7617637234827));
#1967=CARTESIAN_POINT('Ctrl Pts',(11.4094733926529,2.62106403802941,-17.7619251396181));
#1968=CARTESIAN_POINT('Ctrl Pts',(11.4803632491732,2.59567810632245,-17.7622078670402));
#1969=CARTESIAN_POINT('Ctrl Pts',(11.5153463511332,2.5818353563792,-17.7623286052878));
#1970=CARTESIAN_POINT('Ctrl Pts',(11.5842363958426,2.55191569557042,-17.7625263990034));
#1971=CARTESIAN_POINT('Ctrl Pts',(11.6181619966683,2.5358333469276,-17.7626036966939));
#1972=CARTESIAN_POINT('Ctrl Pts',(11.6848303817238,2.50149609699505,-17.7627122462654));
#1973=CARTESIAN_POINT('Ctrl Pts',(11.7176034908366,2.48322688523148,-17.7627432894996));
#1974=CARTESIAN_POINT('Ctrl Pts',(11.7818872342652,2.44456764208216,-17.7627585026515));
#1975=CARTESIAN_POINT('Ctrl Pts',(11.8134194256186,2.4241633320195,-17.762742471317));
#1976=CARTESIAN_POINT('Ctrl Pts',(11.8751296372001,2.38129331925171,-17.7626635457222));
#1977=CARTESIAN_POINT('Ctrl Pts',(11.9053307528829,2.35880784656674,-17.7626003080906));
#1978=CARTESIAN_POINT('Ctrl Pts',(11.9642958208298,2.31183260599432,-17.7624278861342));
#1979=CARTESIAN_POINT('Ctrl Pts',(11.9930776914904,2.28732200529251,-17.7623183304302));
#1980=CARTESIAN_POINT('Ctrl Pts',(12.0491167150272,2.23635978004351,-17.762054982637));
#1981=CARTESIAN_POINT('Ctrl Pts',(12.0763887029974,2.20988504226125,-17.7619008202379));
#1982=CARTESIAN_POINT('Ctrl Pts',(12.1293212519944,2.15506103417495,-17.7615506980471));
#1983=CARTESIAN_POINT('Ctrl Pts',(12.1549930717226,2.12668703215365,-17.7613544119394));
#1984=CARTESIAN_POINT('Ctrl Pts',(12.2046379577607,2.06813670332856,-17.7609231312557));
#1985=CARTESIAN_POINT('Ctrl Pts',(12.2286177764319,2.03793575869712,-17.7606878623107));
#1986=CARTESIAN_POINT('Ctrl Pts',(12.2747903031117,1.97581123404422,-17.7601822055599));
#1987=CARTESIAN_POINT('Ctrl Pts',(12.2969863374659,1.94386250161818,-17.759911609255));
#1988=CARTESIAN_POINT('Ctrl Pts',(12.3395037397534,1.87832888500516,-17.7593394318669));
#1989=CARTESIAN_POINT('Ctrl Pts',(12.3598251537451,1.84471897108274,-17.7590376904186));
#1990=CARTESIAN_POINT('Ctrl Pts',(12.3985075577498,1.77595686468422,-17.7584078560385));
#1991=CARTESIAN_POINT('Ctrl Pts',(12.4168637600239,1.74078372039196,-17.7580796337825));
#1992=CARTESIAN_POINT('Ctrl Pts',(12.4515277070983,1.66900360333879,-17.7574017524926));
#1993=CARTESIAN_POINT('Ctrl Pts',(12.4678306530024,1.63237145425547,-17.7570520175824));
#1994=CARTESIAN_POINT('Ctrl Pts',(12.4983102669628,1.55777942774726,-17.7563364004813));
#1995=CARTESIAN_POINT('Ctrl Pts',(12.5124750316662,1.51980765876348,-17.7559705694017));
#1996=CARTESIAN_POINT('Ctrl Pts',(12.5385918647749,1.4426764151013,-17.7552276283089));
#1997=CARTESIAN_POINT('Ctrl Pts',(12.5505399280609,1.4034745472668,-17.7548511378442));
#1998=CARTESIAN_POINT('Ctrl Pts',(12.5721752317074,1.3239631204317,-17.7540925309404));
#1999=CARTESIAN_POINT('Ctrl Pts',(12.5818255483067,1.2837315361812,-17.7537119636031));
#2000=CARTESIAN_POINT('Ctrl Pts',(12.5987258480242,1.2024996455293,-17.7529442083882));
#2001=CARTESIAN_POINT('Ctrl Pts',(12.6060121116224,1.16112953014639,-17.7525649170247));
#2002=CARTESIAN_POINT('Ctrl Pts',(12.6183817663952,1.07704596139196,-17.751810943808));
#2003=CARTESIAN_POINT('Ctrl Pts',(12.6232731112585,1.03565752444271,-17.7514474358972));
#2004=CARTESIAN_POINT('Ctrl Pts',(12.6301237484263,0.954382021673598,-17.7506611866481));
#2005=CARTESIAN_POINT('Ctrl Pts',(12.6321259849286,0.909476751455524,-17.7502912537097));
#2006=CARTESIAN_POINT('Ctrl Pts',(12.6780174300503,-0.353272916951598,-17.7428676558553));
#2007=CARTESIAN_POINT('Ctrl Pts',(12.6903630153586,-1.81037306985611,-17.7451202222577));
#2008=CARTESIAN_POINT('Ctrl Pts',(12.7006116793993,-3.75277987210344,-17.7449869356084));
#2009=CARTESIAN_POINT('Ctrl Pts',(12.7042583560833,-5.45235664539249,-17.7452302054256));
#2010=CARTESIAN_POINT('Ctrl Pts',(12.6966091766323,-7.39465192858929,-17.7450632686665));
#2011=CARTESIAN_POINT('Ctrl Pts',(12.678919689746,-9.09429109228958,-17.7449307700375));
#2012=CARTESIAN_POINT('Ctrl Pts',(12.6672554599209,-9.94415519451977,-17.7447896214889));
#2013=CARTESIAN_POINT('Ctrl Pts',(12.6606004021658,-10.3691023555311,-17.7447557802113));
#2014=CARTESIAN_POINT('Ctrl Pts',(12.6565695282837,-10.6119327467523,-17.7447358710296));
#2015=CARTESIAN_POINT('Ctrl Pts',(12.654435146305,-10.7333479846127,-17.7447292714445));
#2016=CARTESIAN_POINT('Ctrl Pts',(12.6497313634764,-10.8417533874929,-17.7453863976079));
#2017=CARTESIAN_POINT('Ctrl Pts',(12.6468974088929,-10.8855277285119,-17.7458647021889));
#2018=CARTESIAN_POINT('Ctrl Pts',(12.6392786107831,-10.96455322309,-17.7466381858086));
#2019=CARTESIAN_POINT('Ctrl Pts',(12.6341614816541,-11.0048650423859,-17.7469598025236));
#2020=CARTESIAN_POINT('Ctrl Pts',(12.6212440677869,-11.0869026633777,-17.7476189495758));
#2021=CARTESIAN_POINT('Ctrl Pts',(12.6136362518727,-11.1272912485894,-17.7479594649344));
#2022=CARTESIAN_POINT('Ctrl Pts',(12.5960930441888,-11.206659856467,-17.7486283903197));
#2023=CARTESIAN_POINT('Ctrl Pts',(12.5861085045068,-11.2460151069003,-17.7489539774988));
#2024=CARTESIAN_POINT('Ctrl Pts',(12.5637626067339,-11.3238859845078,-17.7495926231424));
#2025=CARTESIAN_POINT('Ctrl Pts',(12.5514295838996,-11.3623249746435,-17.7499063438365));
#2026=CARTESIAN_POINT('Ctrl Pts',(12.5244976110613,-11.4380529435172,-17.750514345331));
#2027=CARTESIAN_POINT('Ctrl Pts',(12.5098936813019,-11.4753847384962,-17.7508086841094));
#2028=CARTESIAN_POINT('Ctrl Pts',(12.4784750165484,-11.5488237493962,-17.7513744106766));
#2029=CARTESIAN_POINT('Ctrl Pts',(12.4616637866623,-11.5849431415883,-17.7516459360459));
#2030=CARTESIAN_POINT('Ctrl Pts',(12.4259116568618,-11.6558299281538,-17.7521615357429));
#2031=CARTESIAN_POINT('Ctrl Pts',(12.406967715831,-11.6906194776879,-17.7524057994583));
#2032=CARTESIAN_POINT('Ctrl Pts',(12.3670275591817,-11.7587438648905,-17.7528632777626));
#2033=CARTESIAN_POINT('Ctrl Pts',(12.3460274768579,-11.792097602682,-17.7530767226851));
#2034=CARTESIAN_POINT('Ctrl Pts',(12.3020590595532,-11.8572477725804,-17.7534693194852));
#2035=CARTESIAN_POINT('Ctrl Pts',(12.2790837811732,-11.8890637885761,-17.7536487183328));
#2036=CARTESIAN_POINT('Ctrl Pts',(12.2312511205953,-11.9510437125681,-17.7539705033468));
#2037=CARTESIAN_POINT('Ctrl Pts',(12.2063843884114,-11.9812264773277,-17.754113130321));
#2038=CARTESIAN_POINT('Ctrl Pts',(12.1548575175426,-12.0398509851756,-17.7543591927997));
#2039=CARTESIAN_POINT('Ctrl Pts',(12.1281851545238,-12.0683112886066,-17.7544628045927));
#2040=CARTESIAN_POINT('Ctrl Pts',(12.0731375507612,-12.1234079764716,-17.7546293446949));
#2041=CARTESIAN_POINT('Ctrl Pts',(12.0447487391802,-12.1500608148532,-17.7546923647966));
#2042=CARTESIAN_POINT('Ctrl Pts',(11.9863623548831,-12.2014629689705,-17.7547768382558));
#2043=CARTESIAN_POINT('Ctrl Pts',(11.9563495157309,-12.2262269292198,-17.7547983043989));
#2044=CARTESIAN_POINT('Ctrl Pts',(11.8948124494364,-12.2737755782712,-17.7547992696121));
#2045=CARTESIAN_POINT('Ctrl Pts',(11.8632692146922,-12.296574835009,-17.7547786516595));
#2046=CARTESIAN_POINT('Ctrl Pts',(11.7987674673648,-12.3401264444711,-17.7546957609657));
#2047=CARTESIAN_POINT('Ctrl Pts',(11.7657915133619,-12.3608888782346,-17.7546333626159));
#2048=CARTESIAN_POINT('Ctrl Pts',(11.6985289297365,-12.4002984635701,-17.7544677543397));
#2049=CARTESIAN_POINT('Ctrl Pts',(11.6642221717579,-12.4189543332326,-17.7543643919228));
#2050=CARTESIAN_POINT('Ctrl Pts',(11.5944035674857,-12.4540881540744,-17.7541182434349));
#2051=CARTESIAN_POINT('Ctrl Pts',(11.5588689430834,-12.4705735646667,-17.7539751945092));
#2052=CARTESIAN_POINT('Ctrl Pts',(11.4866987741282,-12.5013106716725,-17.753651917321));
#2053=CARTESIAN_POINT('Ctrl Pts',(11.4500505557109,-12.5155632628989,-17.7534712767148));
#2054=CARTESIAN_POINT('Ctrl Pts',(11.3757842537285,-12.541768634908,-17.7530756966674));
#2055=CARTESIAN_POINT('Ctrl Pts',(11.3381188332012,-12.5537353128199,-17.7528593615878));
#2056=CARTESIAN_POINT('Ctrl Pts',(11.2618780317657,-12.5753427794606,-17.7523973457117));
#2057=CARTESIAN_POINT('Ctrl Pts',(11.2233818293874,-12.5849656857146,-17.7521484795845));
#2058=CARTESIAN_POINT('Ctrl Pts',(11.1458126190192,-12.6017386201219,-17.7516269883323));
#2059=CARTESIAN_POINT('Ctrl Pts',(11.106342229602,-12.60899224028,-17.7513439091255));
#2060=CARTESIAN_POINT('Ctrl Pts',(11.0261699031706,-12.6212159832641,-17.7507820092426));
#2061=CARTESIAN_POINT('Ctrl Pts',(10.9868870180534,-12.6260847280411,-17.7504717769548));
#2062=CARTESIAN_POINT('Ctrl Pts',(10.9101214946266,-12.6326901964211,-17.749832098331));
#2063=CARTESIAN_POINT('Ctrl Pts',(10.867224309903,-12.6347303250216,-17.7494774536444));
#2064=CARTESIAN_POINT('Ctrl Pts',(10.5755393374133,-12.645747254862,-17.7477840703503));
#2065=CARTESIAN_POINT('Ctrl Pts',(10.0862988102199,-12.6547696088342,-17.7476563555856));
#2066=CARTESIAN_POINT('Ctrl Pts',(9.35245438804953,-12.6649522085779,-17.7478367729439));
#2067=CARTESIAN_POINT('Ctrl Pts',(8.61865927765554,-12.674198167334,-17.747843765413));
#2068=CARTESIAN_POINT('Ctrl Pts',(7.15111848994386,-12.6888413915614,-17.7479699686709));
#2069=CARTESIAN_POINT('Ctrl Pts',(4.95000226187347,-12.6983864112341,-17.7481276026445));
#2070=CARTESIAN_POINT('Ctrl Pts',(2.50430910744784,-12.6878358286988,-17.7479366043994));
#2071=CARTESIAN_POINT('Ctrl Pts',(0.79216194368016,-12.6681585783982,-17.747971621863));
#2072=CARTESIAN_POINT('Ctrl Pts',(-0.0639843336165267,-12.6560171629775,
-17.7477893530405));
#2073=CARTESIAN_POINT('Ctrl Pts',(-0.55322158994815,-12.6476381559025,-17.7478918312049));
#2074=CARTESIAN_POINT('Ctrl Pts',(-0.797872751146402,-12.644581420356,-17.7474715555221));
#2075=CARTESIAN_POINT('Ctrl Pts',(-0.967232798942653,-12.6351190971086,
-17.7493585579235));
#2076=CARTESIAN_POINT('Ctrl Pts',(-1.01012836155008,-12.6326514942965,-17.7498422841438));
#2077=CARTESIAN_POINT('Ctrl Pts',(-1.0868370622196,-12.6253928803464,-17.7506927324488));
#2078=CARTESIAN_POINT('Ctrl Pts',(-1.12608127649895,-12.6204115378578,-17.75104472607));
#2079=CARTESIAN_POINT('Ctrl Pts',(-1.20619244033418,-12.6079808265296,-17.7516839195974));
#2080=CARTESIAN_POINT('Ctrl Pts',(-1.24563608020992,-12.6007270366746,-17.7519730046365));
#2081=CARTESIAN_POINT('Ctrl Pts',(-1.32317039980081,-12.5840009533262,-17.7524878924146));
#2082=CARTESIAN_POINT('Ctrl Pts',(-1.36165921447128,-12.5744495844733,-17.7527165160084));
#2083=CARTESIAN_POINT('Ctrl Pts',(-1.43790951912432,-12.5530173132006,-17.7531231185613));
#2084=CARTESIAN_POINT('Ctrl Pts',(-1.4755917358786,-12.541163325245,-17.7533014444314));
#2085=CARTESIAN_POINT('Ctrl Pts',(-1.54991650999543,-12.5152011925957,-17.753610283037));
#2086=CARTESIAN_POINT('Ctrl Pts',(-1.58660645509042,-12.5010816817513,-17.753741397371));
#2087=CARTESIAN_POINT('Ctrl Pts',(-1.65888332187397,-12.4706147710984,-17.7539595096462));
#2088=CARTESIAN_POINT('Ctrl Pts',(-1.69448290670916,-12.4542673037772,-17.754046663093));
#2089=CARTESIAN_POINT('Ctrl Pts',(-1.76445143575484,-12.4194026838083,-17.7541788579425));
#2090=CARTESIAN_POINT('Ctrl Pts',(-1.79884304349068,-12.4008782065933,-17.7542241413104));
#2091=CARTESIAN_POINT('Ctrl Pts',(-1.86629088894826,-12.3617167229354,-17.754274755398));
#2092=CARTESIAN_POINT('Ctrl Pts',(-1.89936707876207,-12.3410709079391,-17.7542802999118));
#2093=CARTESIAN_POINT('Ctrl Pts',(-1.96407932301806,-12.2977317738259,-17.7542535912186));
#2094=CARTESIAN_POINT('Ctrl Pts',(-1.99573269942634,-12.2750283677604,-17.7542214883177));
#2095=CARTESIAN_POINT('Ctrl Pts',(-2.05749372146011,-12.2276463405349,-17.7541217602937));
#2096=CARTESIAN_POINT('Ctrl Pts',(-2.0876203369658,-12.2029533131601,-17.7540542112336));
#2097=CARTESIAN_POINT('Ctrl Pts',(-2.14623117193334,-12.1516655750646,-17.7538863208216));
#2098=CARTESIAN_POINT('Ctrl Pts',(-2.17473055628185,-12.125056303813,-17.753785968018));
#2099=CARTESIAN_POINT('Ctrl Pts',(-2.22998918788597,-12.0700185694843,-17.7535551643344));
#2100=CARTESIAN_POINT('Ctrl Pts',(-2.25676165697717,-12.0415735145129,-17.7534247482335));
#2101=CARTESIAN_POINT('Ctrl Pts',(-2.30847123581592,-11.9829519267956,-17.7531368483107));
#2102=CARTESIAN_POINT('Ctrl Pts',(-2.33342010999823,-11.9527566491149,-17.7529793602434));
#2103=CARTESIAN_POINT('Ctrl Pts',(-2.38139173317228,-11.8907259036773,-17.7526407886052));
#2104=CARTESIAN_POINT('Ctrl Pts',(-2.40442338870289,-11.8588714526663,-17.7524596216788));
#2105=CARTESIAN_POINT('Ctrl Pts',(-2.4484714944624,-11.7936218437415,-17.7520772172887));
#2106=CARTESIAN_POINT('Ctrl Pts',(-2.46949433886606,-11.7602069499757,-17.751875925286));
#2107=CARTESIAN_POINT('Ctrl Pts',(-2.50943909656981,-11.6919421681959,-17.7514570157849));
#2108=CARTESIAN_POINT('Ctrl Pts',(-2.52836444866073,-11.6570733216985,-17.7512393075412));
#2109=CARTESIAN_POINT('Ctrl Pts',(-2.56403048716709,-11.586015536234,-17.7507914031924));
#2110=CARTESIAN_POINT('Ctrl Pts',(-2.58077380928372,-11.5498044721025,-17.7505611325673));
#2111=CARTESIAN_POINT('Ctrl Pts',(-2.61200058847233,-11.4761771118802,-17.7500922548697));
#2112=CARTESIAN_POINT('Ctrl Pts',(-2.62648054115559,-11.4387487186875,-17.7498535052257));
#2113=CARTESIAN_POINT('Ctrl Pts',(-2.65310031944162,-11.3628306374296,-17.7493709683973));
#2114=CARTESIAN_POINT('Ctrl Pts',(-2.66524464588461,-11.3242983379396,-17.7491272345163));
#2115=CARTESIAN_POINT('Ctrl Pts',(-2.68714558925966,-11.2462550108654,-17.7486409386582));
#2116=CARTESIAN_POINT('Ctrl Pts',(-2.69687531720759,-11.2068203185872,-17.7483974415186));
#2117=CARTESIAN_POINT('Ctrl Pts',(-2.71382440049119,-11.1273164674554,-17.7479071912505));
#2118=CARTESIAN_POINT('Ctrl Pts',(-2.72109454228246,-11.0868729690806,-17.7476628046185));
#2119=CARTESIAN_POINT('Ctrl Pts',(-2.73326157710909,-11.0047612043185,-17.7472047463265));
#2120=CARTESIAN_POINT('Ctrl Pts',(-2.73800020318657,-10.9644325597444,-17.746980038059));
#2121=CARTESIAN_POINT('Ctrl Pts',(-2.74458937431068,-10.8854398973358,-17.7464541552765));
#2122=CARTESIAN_POINT('Ctrl Pts',(-2.74640639034333,-10.8416935266971,-17.7462131542034));
#2123=CARTESIAN_POINT('Ctrl Pts',(-2.74772255358657,-10.7939565305351,-17.7460933585423));
#2124=CARTESIAN_POINT('Ctrl Pts',(-2.86451164165805,-10.7960405893347,-17.5960576158628));
#2125=CARTESIAN_POINT('Ctrl Pts',(-2.88034253370173,-10.3103271858212,-17.5942397956071));
#2126=CARTESIAN_POINT('Ctrl Pts',(-2.89893577451958,-9.33870315225109,-17.5935286452651));
#2127=CARTESIAN_POINT('Ctrl Pts',(-2.91575092134215,-7.39549260071705,-17.5944625965809));
#2128=CARTESIAN_POINT('Ctrl Pts',(-2.92571670189851,-4.96673767043519,-17.5944983226328));
#2129=CARTESIAN_POINT('Ctrl Pts',(-2.91440683070756,-2.5379260216538,-17.5945083739652));
#2130=CARTESIAN_POINT('Ctrl Pts',(-2.8986262224551,-0.837557180096601,-17.5939141197254));
#2131=CARTESIAN_POINT('Ctrl Pts',(-2.88734579563992,0.0126920891546051,
-17.5938032563144));
#2132=CARTESIAN_POINT('Ctrl Pts',(-2.88087126654576,0.437828922851838,-17.5937864007848));
#2133=CARTESIAN_POINT('Ctrl Pts',(-2.87279004839735,0.680702559766718,-17.594762561824));
#2134=CARTESIAN_POINT('Ctrl Pts',(-2.86851592029569,0.802134504477332,-17.5953060454134));
#2135=CARTESIAN_POINT('Ctrl Pts',(-2.86192640599602,0.911678835772868,-17.5965011952884));
#2136=CARTESIAN_POINT('Ctrl Pts',(-2.85769742024653,0.958200722980582,-17.5973838569913));
#2137=CARTESIAN_POINT('Ctrl Pts',(-2.8471046463251,1.04558381819941,-17.5989752405729));
#2138=CARTESIAN_POINT('Ctrl Pts',(-2.84055545000051,1.08951146750167,-17.5996909792642));
#2139=CARTESIAN_POINT('Ctrl Pts',(-2.82483731183819,1.17775771539555,-17.6011756040819));
#2140=CARTESIAN_POINT('Ctrl Pts',(-2.81580043124327,1.22123954476819,-17.6019447551024));
#2141=CARTESIAN_POINT('Ctrl Pts',(-2.79541914967275,1.30676469727554,-17.6034648357767));
#2142=CARTESIAN_POINT('Ctrl Pts',(-2.78404745995726,1.34904825627019,-17.6042153869853));
#2143=CARTESIAN_POINT('Ctrl Pts',(-2.75898087031043,1.43249503380949,-17.6057031539455));
#2144=CARTESIAN_POINT('Ctrl Pts',(-2.74531424601883,1.47360877109835,-17.6064406913386));
#2145=CARTESIAN_POINT('Ctrl Pts',(-2.71576377388234,1.55446965801701,-17.607888180087));
#2146=CARTESIAN_POINT('Ctrl Pts',(-2.69988636945121,1.59424772354986,-17.6085983633078));
#2147=CARTESIAN_POINT('Ctrl Pts',(-2.66598535283894,1.6723524106396,-17.6099824790149));
#2148=CARTESIAN_POINT('Ctrl Pts',(-2.64797354249003,1.71068956246603,-17.6106568791258));
#2149=CARTESIAN_POINT('Ctrl Pts',(-2.60989176486299,1.78579377059577,-17.611960107537));
#2150=CARTESIAN_POINT('Ctrl Pts',(-2.58982879872598,1.8225808967786,-17.6125893125438));
#2151=CARTESIAN_POINT('Ctrl Pts',(-2.54773043836435,1.89449100566298,-17.6137940703795));
#2152=CARTESIAN_POINT('Ctrl Pts',(-2.5257016692749,1.92963125122485,-17.6143700627305));
#2153=CARTESIAN_POINT('Ctrl Pts',(-2.47976277801311,1.99815380780086,-17.6154609444927));
#2154=CARTESIAN_POINT('Ctrl Pts',(-2.45585571088359,2.03155650691246,-17.61597618489));
#2155=CARTESIAN_POINT('Ctrl Pts',(-2.40625065606602,2.09652291600413,-17.6169389754683));
#2156=CARTESIAN_POINT('Ctrl Pts',(-2.3805531434082,2.12810728307301,-17.6173867962913));
#2157=CARTESIAN_POINT('Ctrl Pts',(-2.32745813067216,2.18936335669335,-17.6182091680382));
#2158=CARTESIAN_POINT('Ctrl Pts',(-2.3000582041662,2.21905532090701,-17.6185839921446));
#2159=CARTESIAN_POINT('Ctrl Pts',(-2.24364964991017,2.27645797403161,-17.6192559961608));
#2160=CARTESIAN_POINT('Ctrl Pts',(-2.21463498947395,2.30418899845139,-17.6195533766717));
#2161=CARTESIAN_POINT('Ctrl Pts',(-2.15508641719547,2.3576093504362,-17.6200670327544));
#2162=CARTESIAN_POINT('Ctrl Pts',(-2.12454326140992,2.38331749600911,-17.6202835735698));
#2163=CARTESIAN_POINT('Ctrl Pts',(-2.06202698660315,2.43263549014858,-17.6206333015515));
#2164=CARTESIAN_POINT('Ctrl Pts',(-2.03004173637396,2.45626196460751,-17.6207668393999));
#2165=CARTESIAN_POINT('Ctrl Pts',(-1.96473021464321,2.50136337624207,-17.6209494220319));
#2166=CARTESIAN_POINT('Ctrl Pts',(-1.93138738610768,2.52285346361349,-17.6209989196488));
#2167=CARTESIAN_POINT('Ctrl Pts',(-1.86344633441587,2.5636342481497,-17.6210137178183));
#2168=CARTESIAN_POINT('Ctrl Pts',(-1.82883221969157,2.58293538026528,-17.6209794304773));
#2169=CARTESIAN_POINT('Ctrl Pts',(-1.75844041039534,2.61928723582648,-17.6208280453785));
#2170=CARTESIAN_POINT('Ctrl Pts',(-1.72264018180435,2.63634796490898,-17.6207112726531));
#2171=CARTESIAN_POINT('Ctrl Pts',(-1.64995868030383,2.66817555216408,-17.6203982723297));
#2172=CARTESIAN_POINT('Ctrl Pts',(-1.61306333357036,2.68294545875802,-17.6202019379723));
#2173=CARTESIAN_POINT('Ctrl Pts',(-1.5382975608993,2.71013723500111,-17.6197331841423));
#2174=CARTESIAN_POINT('Ctrl Pts',(-1.50038509527218,2.72256796121112,-17.619460887509));
#2175=CARTESIAN_POINT('Ctrl Pts',(-1.42363274260085,2.74505380143464,-17.6188498554258));
#2176=CARTESIAN_POINT('Ctrl Pts',(-1.38485171365013,2.75508721713677,-17.6185100358501));
#2177=CARTESIAN_POINT('Ctrl Pts',(-1.30663585025334,2.77267957014446,-17.617754306587));
#2178=CARTESIAN_POINT('Ctrl Pts',(-1.26687527810546,2.78028141769989,-17.6173433959368));
#2179=CARTESIAN_POINT('Ctrl Pts',(-1.18616881194783,2.79311842295429,-17.6165177981707));
#2180=CARTESIAN_POINT('Ctrl Pts',(-1.14635724122398,2.79820366778196,-17.6160912937656));
#2181=CARTESIAN_POINT('Ctrl Pts',(-1.06797866349523,2.80564161648663,-17.6149920963123));
#2182=CARTESIAN_POINT('Ctrl Pts',(-1.02509994778678,2.80805450854707,-17.6143668154719));
#2183=CARTESIAN_POINT('Ctrl Pts',(-0.855341394023209,2.81321078648647,-17.6135614026447));
#2184=CARTESIAN_POINT('Ctrl Pts',(-0.608261540739261,2.81749277987567,-17.6136565054292));
#2185=CARTESIAN_POINT('Ctrl Pts',(-0.114091834255687,2.82433188999352,-17.6142937726931));
#2186=CARTESIAN_POINT('Ctrl Pts',(0.750646407091485,2.83434282299541,-17.6156132592003));
#2187=CARTESIAN_POINT('Ctrl Pts',(2.48000462243098,2.84647380391368,-17.6190767852245));
#2188=CARTESIAN_POINT('Ctrl Pts',(4.94999784754001,2.84587108327934,-17.6247536431961));
#2189=CARTESIAN_POINT('Ctrl Pts',(7.42000134740031,2.84578141767267,-17.6194191317266));
#2190=CARTESIAN_POINT('Ctrl Pts',(9.14927394163024,2.82798564261804,-17.6183501864313));
#2191=CARTESIAN_POINT('Ctrl Pts',(10.0140109575373,2.81948790642031,-17.6162983163065));
#2192=CARTESIAN_POINT('Ctrl Pts',(10.4464240730526,2.81451106426698,-17.6153097200222));
#2193=CARTESIAN_POINT('Ctrl Pts',(10.6935212410162,2.81153154552002,-17.6147097254714));
#2194=CARTESIAN_POINT('Ctrl Pts',(10.8170685281364,2.80973141197222,-17.6145037056901));
#2195=CARTESIAN_POINT('Ctrl Pts',(10.925033475702,2.80440500493902,-17.615878289669));
#2196=CARTESIAN_POINT('Ctrl Pts',(10.9678421804869,2.80133183078834,-17.6168030815674));
#2197=CARTESIAN_POINT('Ctrl Pts',(11.0459562136863,2.79369172248393,-17.6180330793644));
#2198=CARTESIAN_POINT('Ctrl Pts',(11.0856658409236,2.78873264571671,-17.6184239361045));
#2199=CARTESIAN_POINT('Ctrl Pts',(11.166246714289,2.77627980182989,-17.6191145236649));
#2200=CARTESIAN_POINT('Ctrl Pts',(11.2059585465031,2.76890217674435,-17.6194421090622));
#2201=CARTESIAN_POINT('Ctrl Pts',(11.2840509679364,2.75155840506622,-17.6201198284021));
#2202=CARTESIAN_POINT('Ctrl Pts',(11.3227735994107,2.74162671898905,-17.6204296806407));
#2203=CARTESIAN_POINT('Ctrl Pts',(11.3994151355781,2.71932620485416,-17.6209878410596));
#2204=CARTESIAN_POINT('Ctrl Pts',(11.4372702837038,2.70696383103324,-17.6212444691307));
#2205=CARTESIAN_POINT('Ctrl Pts',(11.5119152835138,2.67988277743681,-17.6216943955686));
#2206=CARTESIAN_POINT('Ctrl Pts',(11.5487488680684,2.66515724107413,-17.6218864069682));
#2207=CARTESIAN_POINT('Ctrl Pts',(11.6212988831466,2.6333986865905,-17.6222010984943));
#2208=CARTESIAN_POINT('Ctrl Pts',(11.657029415772,2.61636222507417,-17.6223240472471));
#2209=CARTESIAN_POINT('Ctrl Pts',(11.7272708664645,2.58004422098862,-17.6224967722059));
#2210=CARTESIAN_POINT('Ctrl Pts',(11.7618047383084,2.56075267853147,-17.6225461224841));
#2211=CARTESIAN_POINT('Ctrl Pts',(11.8295709555543,2.51997865520226,-17.6225703672277));
#2212=CARTESIAN_POINT('Ctrl Pts',(11.8628194369875,2.4984856626903,-17.6225448131118));
#2213=CARTESIAN_POINT('Ctrl Pts',(11.9279239066897,2.45336795167878,-17.6224193070514));
#2214=CARTESIAN_POINT('Ctrl Pts',(11.9597970115142,2.42972834751074,-17.6223186437115));
#2215=CARTESIAN_POINT('Ctrl Pts',(12.0220662089168,2.38037525849184,-17.6220443919292));
#2216=CARTESIAN_POINT('Ctrl Pts',(12.0524751845677,2.35464564633781,-17.6218700485241));
#2217=CARTESIAN_POINT('Ctrl Pts',(12.1117276612313,2.30117546557437,-17.6214511293651));
#2218=CARTESIAN_POINT('Ctrl Pts',(12.1405812567665,2.27341661063436,-17.6212058389359));
#2219=CARTESIAN_POINT('Ctrl Pts',(12.1966347183128,2.21595399897402,-17.6206488485191));
#2220=CARTESIAN_POINT('Ctrl Pts',(12.2238413998465,2.18623029941574,-17.6203365621488));
#2221=CARTESIAN_POINT('Ctrl Pts',(12.2765114642528,2.12490979346762,-17.6196504378331));
#2222=CARTESIAN_POINT('Ctrl Pts',(12.301977698646,2.09329280238103,-17.619276147671));
#2223=CARTESIAN_POINT('Ctrl Pts',(12.3510760395705,2.0282644737673,-17.6184716875832));
#2224=CARTESIAN_POINT('Ctrl Pts',(12.3747078474027,1.99483235013889,-17.6180412003461));
#2225=CARTESIAN_POINT('Ctrl Pts',(12.4200463331971,1.92625952081642,-17.617130911184));
#2226=CARTESIAN_POINT('Ctrl Pts',(12.4417497822704,1.89109808297254,-17.6166508722522));
#2227=CARTESIAN_POINT('Ctrl Pts',(12.483141360771,1.81916014476169,-17.6156488625782));
#2228=CARTESIAN_POINT('Ctrl Pts',(12.5028223420062,1.78236597313672,-17.615126685425));
#2229=CARTESIAN_POINT('Ctrl Pts',(12.540076446517,1.70726907916166,-17.6140482525588));
#2230=CARTESIAN_POINT('Ctrl Pts',(12.5576420849178,1.66894584389737,-17.6134918209804));
#2231=CARTESIAN_POINT('Ctrl Pts',(12.5905807254877,1.59089882606666,-17.6123534055922));
#2232=CARTESIAN_POINT('Ctrl Pts',(12.6059410104529,1.55116428823848,-17.6117712796413));
#2233=CARTESIAN_POINT('Ctrl Pts',(12.6343770722779,1.47042991534275,-17.6105895429185));
#2234=CARTESIAN_POINT('Ctrl Pts',(12.6474454532364,1.42939808295555,-17.6099901497222));
#2235=CARTESIAN_POINT('Ctrl Pts',(12.6712363546841,1.34616597644008,-17.6087840405692));
#2236=CARTESIAN_POINT('Ctrl Pts',(12.6819302250638,1.30401829063046,-17.6081772478876));
#2237=CARTESIAN_POINT('Ctrl Pts',(12.7008340250502,1.21883265406032,-17.6069581584232));
#2238=CARTESIAN_POINT('Ctrl Pts',(12.7090633439778,1.17553892092578,-17.6063500074585));
#2239=CARTESIAN_POINT('Ctrl Pts',(12.7231774192162,1.0877281442258,-17.6051588290007));
#2240=CARTESIAN_POINT('Ctrl Pts',(12.7289568261447,1.04411090508059,-17.6045671326494));
#2241=CARTESIAN_POINT('Ctrl Pts',(12.7374772603608,0.957575036356762,-17.6033382559708));
#2242=CARTESIAN_POINT('Ctrl Pts',(12.7402140685922,0.911311027441994,-17.602713293689));
#2243=CARTESIAN_POINT('Ctrl Pts',(12.7999052791217,-0.351614814746763,-17.5915033662775));
#2244=CARTESIAN_POINT('Ctrl Pts',(12.8102397401109,-1.8092439216959,-17.5943651195348));
#2245=CARTESIAN_POINT('Ctrl Pts',(12.8198761226198,-3.75232071905122,-17.594342900145));
#2246=CARTESIAN_POINT('Ctrl Pts',(12.8233618261774,-5.45249617637544,-17.594640236745));
#2247=CARTESIAN_POINT('Ctrl Pts',(12.8157852335147,-7.39549242134129,-17.594443286339));
#2248=CARTESIAN_POINT('Ctrl Pts',(12.7985989774621,-9.09577494309489,-17.5941972425771));
#2249=CARTESIAN_POINT('Ctrl Pts',(12.7872114910892,-9.94596742322797,-17.5939884562176));
#2250=CARTESIAN_POINT('Ctrl Pts',(12.7806750438172,-10.3710804156769,-17.5939277156624));
#2251=CARTESIAN_POINT('Ctrl Pts',(12.7766801820753,-10.6140053337889,-17.5938990099965));
#2252=CARTESIAN_POINT('Ctrl Pts',(12.7745768012448,-10.7354683423527,-17.593884359891));
#2253=CARTESIAN_POINT('Ctrl Pts',(12.7681836522185,-10.8438856005194,-17.594935417824));
#2254=CARTESIAN_POINT('Ctrl Pts',(12.764209479258,-10.8892293714204,-17.5956933365756));
#2255=CARTESIAN_POINT('Ctrl Pts',(12.7544557031878,-10.9743043747045,-17.5969247701444));
#2256=CARTESIAN_POINT('Ctrl Pts',(12.748351059468,-11.0171759695175,-17.5974362618679));
#2257=CARTESIAN_POINT('Ctrl Pts',(12.7334500346777,-11.1034807673051,-17.5984844636549));
#2258=CARTESIAN_POINT('Ctrl Pts',(12.7247701235896,-11.146064158964,-17.5990262811887));
#2259=CARTESIAN_POINT('Ctrl Pts',(12.7049656118904,-11.2299387942322,-17.6000907907051));
#2260=CARTESIAN_POINT('Ctrl Pts',(12.6938216510002,-11.2714742225929,-17.6006085671551));
#2261=CARTESIAN_POINT('Ctrl Pts',(12.6690898158419,-11.353573826036,-17.6016246438867));
#2262=CARTESIAN_POINT('Ctrl Pts',(12.6555227721443,-11.3940886748105,-17.6021237152929));
#2263=CARTESIAN_POINT('Ctrl Pts',(12.6260475708054,-11.4739020362743,-17.6030910160528));
#2264=CARTESIAN_POINT('Ctrl Pts',(12.6101390633584,-11.5132302898773,-17.6035592677864));
#2265=CARTESIAN_POINT('Ctrl Pts',(12.5760450539966,-11.5905816421978,-17.604459290758));
#2266=CARTESIAN_POINT('Ctrl Pts',(12.5578643615736,-11.6286141529586,-17.604891265296));
#2267=CARTESIAN_POINT('Ctrl Pts',(12.5193098431088,-11.7032535312932,-17.6057115306855));
#2268=CARTESIAN_POINT('Ctrl Pts',(12.4989358529277,-11.7398765413159,-17.606100142959));
#2269=CARTESIAN_POINT('Ctrl Pts',(12.4560760478047,-11.8115949788097,-17.6068279346395));
#2270=CARTESIAN_POINT('Ctrl Pts',(12.4335890207069,-11.8467042802167,-17.6071675236989));
#2271=CARTESIAN_POINT('Ctrl Pts',(12.3865892888275,-11.9152956095115,-17.6077920881395));
#2272=CARTESIAN_POINT('Ctrl Pts',(12.3620728200793,-11.9487918729522,-17.608077518118));
#2273=CARTESIAN_POINT('Ctrl Pts',(12.3111020288851,-12.0140645143463,-17.6085894245529));
#2274=CARTESIAN_POINT('Ctrl Pts',(12.2846419089951,-12.0458544935388,-17.6088163541333));
#2275=CARTESIAN_POINT('Ctrl Pts',(12.2298733833822,-12.1076276979102,-17.6092077968147));
#2276=CARTESIAN_POINT('Ctrl Pts',(12.201556951626,-12.1376242343734,-17.6093726506366));
#2277=CARTESIAN_POINT('Ctrl Pts',(12.1431668224891,-12.1957288930966,-17.60963758674));
#2278=CARTESIAN_POINT('Ctrl Pts',(12.1130839978217,-12.2238487828702,-17.6097378560731));
#2279=CARTESIAN_POINT('Ctrl Pts',(12.0512546202693,-12.2781218491769,-17.6098722396837));
#2280=CARTESIAN_POINT('Ctrl Pts',(12.0194976010351,-12.3042854070862,-17.6099063894805));
#2281=CARTESIAN_POINT('Ctrl Pts',(11.9544160650834,-12.3545710466915,-17.6099079333583));
#2282=CARTESIAN_POINT('Ctrl Pts',(11.9210784163021,-12.3787034237739,-17.6098751220649));
#2283=CARTESIAN_POINT('Ctrl Pts',(11.85293155653,-12.4248585890015,-17.609743263592));
#2284=CARTESIAN_POINT('Ctrl Pts',(11.8181100961635,-12.4468882242136,-17.6096439758993));
#2285=CARTESIAN_POINT('Ctrl Pts',(11.7470978835207,-12.4887697016136,-17.6093805277799));
#2286=CARTESIAN_POINT('Ctrl Pts',(11.7108928566921,-12.5086271097237,-17.6092160750758));
#2287=CARTESIAN_POINT('Ctrl Pts',(11.637217615336,-12.5461006440563,-17.6088244722039));
#2288=CARTESIAN_POINT('Ctrl Pts',(11.59973118986,-12.5637210836438,-17.6085969361846));
#2289=CARTESIAN_POINT('Ctrl Pts',(11.5235971275211,-12.5966630674687,-17.6080825343807));
#2290=CARTESIAN_POINT('Ctrl Pts',(11.4849400831935,-12.6119834613476,-17.6077953591964));
#2291=CARTESIAN_POINT('Ctrl Pts',(11.4065884882385,-12.6402597031355,-17.6071656628985));
#2292=CARTESIAN_POINT('Ctrl Pts',(11.3668609151042,-12.6532226145867,-17.606822210167));
#2293=CARTESIAN_POINT('Ctrl Pts',(11.2864451116287,-12.676754084139,-17.6060859718697));
#2294=CARTESIAN_POINT('Ctrl Pts',(11.2458098593969,-12.6873033203708,-17.6056924231627));
#2295=CARTESIAN_POINT('Ctrl Pts',(11.1638412229835,-12.7058799247736,-17.6048588401842));
#2296=CARTESIAN_POINT('Ctrl Pts',(11.1222388435681,-12.7139595089488,-17.6044161275451));
#2297=CARTESIAN_POINT('Ctrl Pts',(11.0379440172538,-12.7277863214429,-17.6035099817719));
#2298=CARTESIAN_POINT('Ctrl Pts',(10.996199735626,-12.7334102900737,-17.6030404179984));
#2299=CARTESIAN_POINT('Ctrl Pts',(10.9136380802197,-12.7416817430606,-17.6019871713221));
#2300=CARTESIAN_POINT('Ctrl Pts',(10.869244286441,-12.7442054673923,-17.6014777936406));
#2301=CARTESIAN_POINT('Ctrl Pts',(10.5775305856621,-12.7592090779684,-17.5986204382192));
#2302=CARTESIAN_POINT('Ctrl Pts',(10.0881091772652,-12.7678319588759,-17.5986176847541));
#2303=CARTESIAN_POINT('Ctrl Pts',(9.35400631172661,-12.7779884127916,-17.5988015396322));
#2304=CARTESIAN_POINT('Ctrl Pts',(8.61995101892619,-12.7870923278946,-17.5988510875954));
#2305=CARTESIAN_POINT('Ctrl Pts',(7.15189098997936,-12.8015219065679,-17.599037966046));
#2306=CARTESIAN_POINT('Ctrl Pts',(4.95000280674116,-12.8107288104374,-17.5992935949078));
#2307=CARTESIAN_POINT('Ctrl Pts',(2.50344978668241,-12.8005475652988,-17.5989955851341));
#2308=CARTESIAN_POINT('Ctrl Pts',(0.790700672989722,-12.7808555620644,-17.5990342977346));
#2309=CARTESIAN_POINT('Ctrl Pts',(-0.0657503851324191,-12.7689725467373,
-17.5987758175834));
#2310=CARTESIAN_POINT('Ctrl Pts',(-0.555159639051263,-12.7605850305158,
-17.5988841314659));
#2311=CARTESIAN_POINT('Ctrl Pts',(-0.799909042417018,-12.7581879430172,
-17.5982681968461));
#2312=CARTESIAN_POINT('Ctrl Pts',(-0.969259452273166,-12.7449292211648,
-17.6012538883344));
#2313=CARTESIAN_POINT('Ctrl Pts',(-1.01364886232148,-12.7415615163271,-17.6020217114349));
#2314=CARTESIAN_POINT('Ctrl Pts',(-1.0961204189169,-12.7323534307912,-17.6033780670516));
#2315=CARTESIAN_POINT('Ctrl Pts',(-1.13780308377874,-12.7264872474568,-17.6039339437379));
#2316=CARTESIAN_POINT('Ctrl Pts',(-1.22200070250384,-12.7123635919399,-17.6049529045034));
#2317=CARTESIAN_POINT('Ctrl Pts',(-1.26356045662141,-12.7042646510452,-17.6054111786507));
#2318=CARTESIAN_POINT('Ctrl Pts',(-1.34547364807837,-12.6857724414072,-17.6062311559687));
#2319=CARTESIAN_POINT('Ctrl Pts',(-1.38609710313483,-12.6753313341181,-17.6065942962341));
#2320=CARTESIAN_POINT('Ctrl Pts',(-1.46652805638214,-12.6520814738303,-17.6072414635091));
#2321=CARTESIAN_POINT('Ctrl Pts',(-1.50628232329856,-12.6392961843759,-17.6075249749523));
#2322=CARTESIAN_POINT('Ctrl Pts',(-1.58472696568598,-12.6114077699706,-17.6080163992695));
#2323=CARTESIAN_POINT('Ctrl Pts',(-1.6234503802668,-12.5962986258598,-17.6082249335412));
#2324=CARTESIAN_POINT('Ctrl Pts',(-1.69975419220806,-12.5637867171289,-17.6085719582176));
#2325=CARTESIAN_POINT('Ctrl Pts',(-1.7373439624966,-12.5463856213725,-17.6087106051397));
#2326=CARTESIAN_POINT('Ctrl Pts',(-1.81125772098478,-12.5093404091928,-17.6089209029986));
#2327=CARTESIAN_POINT('Ctrl Pts',(-1.84759773362857,-12.4896920094855,-17.6089929653141));
#2328=CARTESIAN_POINT('Ctrl Pts',(-1.91890469045034,-12.4482052622063,-17.6090734595378));
#2329=CARTESIAN_POINT('Ctrl Pts',(-1.95388559995519,-12.4263611286078,-17.6090823096221));
#2330=CARTESIAN_POINT('Ctrl Pts',(-2.0223673665372,-12.3805440289972,-17.6090397894891));
#2331=CARTESIAN_POINT('Ctrl Pts',(-2.05588021253088,-12.3565641049208,-17.6089887432497));
#2332=CARTESIAN_POINT('Ctrl Pts',(-2.12131806897837,-12.3065435769125,-17.6088300619592));
#2333=CARTESIAN_POINT('Ctrl Pts',(-2.15325606161884,-12.2804928311612,-17.6087226161039));
#2334=CARTESIAN_POINT('Ctrl Pts',(-2.2154425604362,-12.2264018289443,-17.6084555036707));
#2335=CARTESIAN_POINT('Ctrl Pts',(-2.24570124299943,-12.1983512030397,-17.608295866912));
#2336=CARTESIAN_POINT('Ctrl Pts',(-2.30442716377453,-12.1403403904218,-17.6079286623926));
#2337=CARTESIAN_POINT('Ctrl Pts',(-2.33290278697822,-12.1103680576059,-17.6077211966168));
#2338=CARTESIAN_POINT('Ctrl Pts',(-2.38796205582416,-12.0485995539063,-17.6072631623405));
#2339=CARTESIAN_POINT('Ctrl Pts',(-2.41455278669269,-12.0167896180114,-17.607012620286));
#2340=CARTESIAN_POINT('Ctrl Pts',(-2.465744720421,-11.951436167703,-17.6064739803228));
#2341=CARTESIAN_POINT('Ctrl Pts',(-2.49035081609346,-11.9178787185056,-17.6061857633878));
#2342=CARTESIAN_POINT('Ctrl Pts',(-2.53747738846363,-11.8491292266867,-17.6055773893511));
#2343=CARTESIAN_POINT('Ctrl Pts',(-2.56000057642269,-11.8139226051798,-17.6052571537849));
#2344=CARTESIAN_POINT('Ctrl Pts',(-2.60286774387412,-11.7419808311677,-17.6045907067149));
#2345=CARTESIAN_POINT('Ctrl Pts',(-2.6232121251209,-11.7052316545064,-17.6042443531476));
#2346=CARTESIAN_POINT('Ctrl Pts',(-2.66162970975526,-11.6303202384501,-17.6035317770145));
#2347=CARTESIAN_POINT('Ctrl Pts',(-2.6797023498726,-11.5921418872056,-17.6031654376384));
#2348=CARTESIAN_POINT('Ctrl Pts',(-2.71349109656267,-11.5144908793615,-17.6024194944311));
#2349=CARTESIAN_POINT('Ctrl Pts',(-2.72920234163578,-11.4750089576292,-17.6020396798956));
#2350=CARTESIAN_POINT('Ctrl Pts',(-2.75818092823134,-11.3948931312943,-17.6012719779125));
#2351=CARTESIAN_POINT('Ctrl Pts',(-2.77144773149965,-11.3542298626905,-17.6008842428781));
#2352=CARTESIAN_POINT('Ctrl Pts',(-2.79547178047583,-11.2718558634044,-17.6001105477439));
#2353=CARTESIAN_POINT('Ctrl Pts',(-2.80621013054971,-11.2301941390937,-17.5997233698563));
#2354=CARTESIAN_POINT('Ctrl Pts',(-2.82507015115027,-11.1461042165665,-17.5989430462323));
#2355=CARTESIAN_POINT('Ctrl Pts',(-2.83321149055516,-11.1034336158996,-17.5985543681594));
#2356=CARTESIAN_POINT('Ctrl Pts',(-2.8469221777282,-11.0170107155726,-17.597825474864));
#2357=CARTESIAN_POINT('Ctrl Pts',(-2.85241759914996,-10.9741126893769,-17.5974696015597));
#2358=CARTESIAN_POINT('Ctrl Pts',(-2.86054290287653,-10.8890895419528,-17.596630388429));
#2359=CARTESIAN_POINT('Ctrl Pts',(-2.86294579350795,-10.8437899783806,-17.5962388032195));
#2360=CARTESIAN_POINT('Ctrl Pts',(-2.86451164165805,-10.7960405893347,-17.5960576158628));
#2361=CARTESIAN_POINT('Ctrl Pts',(-2.90044674568004,-10.7966818381962,-17.5498927719614));
#2362=CARTESIAN_POINT('Ctrl Pts',(-2.917125329147,-10.310926961458,-17.5478639081144));
#2363=CARTESIAN_POINT('Ctrl Pts',(-2.93607953048102,-9.33919147071826,-17.5470770017714));
#2364=CARTESIAN_POINT('Ctrl Pts',(-2.95243519620705,-7.39575110417035,-17.5481138668675));
#2365=CARTESIAN_POINT('Ctrl Pts',(-2.96238747720714,-4.96672621603884,-17.5481563673356));
#2366=CARTESIAN_POINT('Ctrl Pts',(-2.95106989919229,-2.5376555036511,-17.5481659287674));
#2367=CARTESIAN_POINT('Ctrl Pts',(-2.93557782297998,-0.837108134938175,
-17.5475046210061));
#2368=CARTESIAN_POINT('Ctrl Pts',(-2.92435482438043,0.0132291848736044,
-17.5473805297675));
#2369=CARTESIAN_POINT('Ctrl Pts',(-2.91788406871762,0.438409021191332,-17.5473621419679));
#2370=CARTESIAN_POINT('Ctrl Pts',(-2.9093262618982,0.68129946795953,-17.5484492757164));
#2371=CARTESIAN_POINT('Ctrl Pts',(-2.90478869092499,0.80273899085875,-17.5490568302954));
#2372=CARTESIAN_POINT('Ctrl Pts',(-2.89766273022601,0.912284949387975,-17.550385984725));
#2373=CARTESIAN_POINT('Ctrl Pts',(-2.89304208962271,0.959254991267258,-17.5513708582004));
#2374=CARTESIAN_POINT('Ctrl Pts',(-2.8816961560013,1.04835297208945,-17.5531436293597));
#2375=CARTESIAN_POINT('Ctrl Pts',(-2.87478707652324,1.09300218096724,-17.5539415074246));
#2376=CARTESIAN_POINT('Ctrl Pts',(-2.85834775180061,1.18244490282883,-17.555595565155));
#2377=CARTESIAN_POINT('Ctrl Pts',(-2.84892897556312,1.2265401807781,-17.5564527610516));
#2378=CARTESIAN_POINT('Ctrl Pts',(-2.82776212479612,1.31332063668092,-17.5581465105796));
#2379=CARTESIAN_POINT('Ctrl Pts',(-2.81599201163207,1.35620931317175,-17.5589828734314));
#2380=CARTESIAN_POINT('Ctrl Pts',(-2.79011628385251,1.44082544092701,-17.5606406464485));
#2381=CARTESIAN_POINT('Ctrl Pts',(-2.77603661731551,1.4825116079904,-17.5614624887843));
#2382=CARTESIAN_POINT('Ctrl Pts',(-2.74564515681968,1.56449560826864,-17.563075398011));
#2383=CARTESIAN_POINT('Ctrl Pts',(-2.7293408087732,1.60482103792168,-17.5638667497455));
#2384=CARTESIAN_POINT('Ctrl Pts',(-2.69457318007902,1.68399539195464,-17.5654090464128));
#2385=CARTESIAN_POINT('Ctrl Pts',(-2.67612185853114,1.72285446666405,-17.5661605228628));
#2386=CARTESIAN_POINT('Ctrl Pts',(-2.63714851838033,1.79898005907127,-17.5676126909673));
#2387=CARTESIAN_POINT('Ctrl Pts',(-2.61663427157692,1.83626515595234,-17.5683138054426));
#2388=CARTESIAN_POINT('Ctrl Pts',(-2.57362154510322,1.90914926509305,-17.569656249916));
#2389=CARTESIAN_POINT('Ctrl Pts',(-2.55113035458932,1.94476447953873,-17.5702980691625));
#2390=CARTESIAN_POINT('Ctrl Pts',(-2.50425481922478,2.01421643333329,-17.5715136247846));
#2391=CARTESIAN_POINT('Ctrl Pts',(-2.47987451930971,2.04807219849884,-17.5720877475363));
#2392=CARTESIAN_POINT('Ctrl Pts',(-2.42931130096766,2.11392500751164,-17.5731605739673));
#2393=CARTESIAN_POINT('Ctrl Pts',(-2.40313000198169,2.14594135586879,-17.573659571727));
#2394=CARTESIAN_POINT('Ctrl Pts',(-2.34905559418749,2.2080424234564,-17.5745759312135));
#2395=CARTESIAN_POINT('Ctrl Pts',(-2.32116132482154,2.2381460592114,-17.5749935902591));
#2396=CARTESIAN_POINT('Ctrl Pts',(-2.26375189808729,2.29635372851583,-17.5757423966321));
#2397=CARTESIAN_POINT('Ctrl Pts',(-2.23423219243894,2.32447669653247,-17.5760737625177));
#2398=CARTESIAN_POINT('Ctrl Pts',(-2.17366101372067,2.3786630188446,-17.5766461222549));
#2399=CARTESIAN_POINT('Ctrl Pts',(-2.14260188761822,2.40474380617268,-17.5768874113864));
#2400=CARTESIAN_POINT('Ctrl Pts',(-2.07904070817749,2.45478941982002,-17.5772771066191));
#2401=CARTESIAN_POINT('Ctrl Pts',(-2.04652819436517,2.47876952649287,-17.5774259081789));
#2402=CARTESIAN_POINT('Ctrl Pts',(-1.98014861266433,2.52456066030217,-17.577629354572));
#2403=CARTESIAN_POINT('Ctrl Pts',(-1.94626691934984,2.54638540656964,-17.5776845121886));
#2404=CARTESIAN_POINT('Ctrl Pts',(-1.87723435186928,2.58781765637538,-17.5777009982292));
#2405=CARTESIAN_POINT('Ctrl Pts',(-1.84206929594413,2.60743445583938,-17.5776627954323));
#2406=CARTESIAN_POINT('Ctrl Pts',(-1.77056089699028,2.64439963487679,-17.5774941065443));
#2407=CARTESIAN_POINT('Ctrl Pts',(-1.7341973387226,2.66175672248835,-17.577363988356));
#2408=CARTESIAN_POINT('Ctrl Pts',(-1.66037466819139,2.69415799468443,-17.5770152196325));
#2409=CARTESIAN_POINT('Ctrl Pts',(-1.62290288513905,2.70920464932467,-17.5767964397048));
#2410=CARTESIAN_POINT('Ctrl Pts',(-1.54696787536911,2.736930563325,-17.5762741277834));
#2411=CARTESIAN_POINT('Ctrl Pts',(-1.50846697681239,2.74961721590545,-17.5759706797275));
#2412=CARTESIAN_POINT('Ctrl Pts',(-1.43052593378069,2.77259216729385,-17.575289868749));
#2413=CARTESIAN_POINT('Ctrl Pts',(-1.39113808201967,2.78286134911185,-17.5749111237947));
#2414=CARTESIAN_POINT('Ctrl Pts',(-1.31167807924402,2.80090675848622,-17.5740691680793));
#2415=CARTESIAN_POINT('Ctrl Pts',(-1.27131633157676,2.80871922799401,-17.5736109230737));
#2416=CARTESIAN_POINT('Ctrl Pts',(-1.18944874821672,2.82193328802822,-17.5726915717769));
#2417=CARTESIAN_POINT('Ctrl Pts',(-1.14894828152827,2.82721253384665,-17.5722153651658));
#2418=CARTESIAN_POINT('Ctrl Pts',(-1.06895446104915,2.83504473463836,-17.5709919649628));
#2419=CARTESIAN_POINT('Ctrl Pts',(-1.02566053085015,2.83764209261951,-17.5702910463204));
#2420=CARTESIAN_POINT('Ctrl Pts',(-0.85588985332197,2.84299860887391,-17.5694049884866));
#2421=CARTESIAN_POINT('Ctrl Pts',(-0.608786779434243,2.84728165830942,-17.569499620421));
#2422=CARTESIAN_POINT('Ctrl Pts',(-0.114566772130907,2.85392940521156,-17.5702147598797));
#2423=CARTESIAN_POINT('Ctrl Pts',(0.750256790762211,2.86358192246844,-17.5716823678907));
#2424=CARTESIAN_POINT('Ctrl Pts',(2.47978775726017,2.87477466569883,-17.5755432685658));
#2425=CARTESIAN_POINT('Ctrl Pts',(4.94999759827102,2.8727790333807,-17.5818680475386));
#2426=CARTESIAN_POINT('Ctrl Pts',(7.42021885372128,2.87400407694177,-17.5759242613961));
#2427=CARTESIAN_POINT('Ctrl Pts',(9.14965445209192,2.85649640763345,-17.5747330249513));
#2428=CARTESIAN_POINT('Ctrl Pts',(10.0144766000125,2.84853506224026,-17.5724467263648));
#2429=CARTESIAN_POINT('Ctrl Pts',(10.4469354603708,2.84383237655409,-17.5713450292026));
#2430=CARTESIAN_POINT('Ctrl Pts',(10.6940581277677,2.84101549440048,-17.5706767821674));
#2431=CARTESIAN_POINT('Ctrl Pts',(10.8176183331617,2.83927756251166,-17.5704454981849));
#2432=CARTESIAN_POINT('Ctrl Pts',(10.9255861232464,2.8335635961867,-17.5719798431645));
#2433=CARTESIAN_POINT('Ctrl Pts',(10.9688025471715,2.83024518776198,-17.5730089056978));
#2434=CARTESIAN_POINT('Ctrl Pts',(11.0485012287579,2.82218269858458,-17.5743799090864));
#2435=CARTESIAN_POINT('Ctrl Pts',(11.0888883268174,2.81704703054868,-17.5748152868705));
#2436=CARTESIAN_POINT('Ctrl Pts',(11.1706158650818,2.80425963250083,-17.5755847059372));
#2437=CARTESIAN_POINT('Ctrl Pts',(11.2109234038549,2.79669824175413,-17.5759496259585));
#2438=CARTESIAN_POINT('Ctrl Pts',(11.290245743292,2.77892870920998,-17.5767051157383));
#2439=CARTESIAN_POINT('Ctrl Pts',(11.3295685811241,2.76877356417794,-17.5770501891305));
#2440=CARTESIAN_POINT('Ctrl Pts',(11.40738614179,2.74600487544215,-17.5776721792579));
#2441=CARTESIAN_POINT('Ctrl Pts',(11.4458231730851,2.73339453026821,-17.5779581130516));
#2442=CARTESIAN_POINT('Ctrl Pts',(11.5216236023597,2.70579191285234,-17.578459477744));
#2443=CARTESIAN_POINT('Ctrl Pts',(11.5590265660723,2.69079474340924,-17.5786734234724));
#2444=CARTESIAN_POINT('Ctrl Pts',(11.6327027250912,2.65847037684635,-17.5790240824285));
#2445=CARTESIAN_POINT('Ctrl Pts',(11.6689886210423,2.6411403398932,-17.5791610790831));
#2446=CARTESIAN_POINT('Ctrl Pts',(11.7403294779004,2.60421287625008,-17.5793535484583));
#2447=CARTESIAN_POINT('Ctrl Pts',(11.7754051210166,2.58460676672518,-17.5794085337715));
#2448=CARTESIAN_POINT('Ctrl Pts',(11.8442428710978,2.54318204615187,-17.5794355550639));
#2449=CARTESIAN_POINT('Ctrl Pts',(11.8780194386332,2.52135406934823,-17.5794070737053));
#2450=CARTESIAN_POINT('Ctrl Pts',(11.9441682993309,2.4755447646438,-17.5792672319117));
#2451=CARTESIAN_POINT('Ctrl Pts',(11.9765558582417,2.45155003737629,-17.5791550562877));
#2452=CARTESIAN_POINT('Ctrl Pts',(12.0398417149996,2.40146530807348,-17.5788494690553));
#2453=CARTESIAN_POINT('Ctrl Pts',(12.0707513344889,2.37536061072206,-17.5786551938466));
#2454=CARTESIAN_POINT('Ctrl Pts',(12.1309925694043,2.3211187553245,-17.5781884041018));
#2455=CARTESIAN_POINT('Ctrl Pts',(12.1603328108255,2.29296478451548,-17.5779150761129));
#2456=CARTESIAN_POINT('Ctrl Pts',(12.2173465549989,2.23469029676254,-17.5772944326668));
#2457=CARTESIAN_POINT('Ctrl Pts',(12.245025500647,2.20455130455625,-17.5769464546525));
#2458=CARTESIAN_POINT('Ctrl Pts',(12.2986263894397,2.14237843670336,-17.5761819166802));
#2459=CARTESIAN_POINT('Ctrl Pts',(12.3245499827596,2.11032573919253,-17.5757648506823));
#2460=CARTESIAN_POINT('Ctrl Pts',(12.3745485735109,2.0444039318369,-17.5748684514588));
#2461=CARTESIAN_POINT('Ctrl Pts',(12.3986221585983,2.0105153808408,-17.5743887666181));
#2462=CARTESIAN_POINT('Ctrl Pts',(12.4448286692557,1.94100740838645,-17.5733744434617));
#2463=CARTESIAN_POINT('Ctrl Pts',(12.4669573604861,1.90536857924207,-17.5728395435209));
#2464=CARTESIAN_POINT('Ctrl Pts',(12.5091825308877,1.83245346143903,-17.5717230183966));
#2465=CARTESIAN_POINT('Ctrl Pts',(12.529271136204,1.79516051266113,-17.5711411631213));
#2466=CARTESIAN_POINT('Ctrl Pts',(12.5673222132069,1.71904307156526,-17.5699394827789));
#2467=CARTESIAN_POINT('Ctrl Pts',(12.585276369608,1.68019950217887,-17.569319454235));
#2468=CARTESIAN_POINT('Ctrl Pts',(12.6189716391827,1.60108941035663,-17.5680509432703));
#2469=CARTESIAN_POINT('Ctrl Pts',(12.6346997667405,1.56081248153308,-17.5674022720273));
#2470=CARTESIAN_POINT('Ctrl Pts',(12.6638494546619,1.4789694546875,-17.5660855089661));
#2471=CARTESIAN_POINT('Ctrl Pts',(12.677262512401,1.43737455269404,-17.5654175549714));
#2472=CARTESIAN_POINT('Ctrl Pts',(12.7017167394786,1.35299762835622,-17.5640737090357));
#2473=CARTESIAN_POINT('Ctrl Pts',(12.7127315959535,1.31026036283591,-17.5633973854664));
#2474=CARTESIAN_POINT('Ctrl Pts',(12.7322520415124,1.22385820521727,-17.5620392901236));
#2475=CARTESIAN_POINT('Ctrl Pts',(12.7407711323991,1.17997255077945,-17.5613609915299));
#2476=CARTESIAN_POINT('Ctrl Pts',(12.7554226519771,1.09101500778541,-17.5600348122473));
#2477=CARTESIAN_POINT('Ctrl Pts',(12.7614743416368,1.04671188820558,-17.5593736698479));
#2478=CARTESIAN_POINT('Ctrl Pts',(12.7705100824036,0.958557582165558,-17.5580073432304));
#2479=CARTESIAN_POINT('Ctrl Pts',(12.7734701414322,0.911875322614524,-17.5573059942404));
#2480=CARTESIAN_POINT('Ctrl Pts',(12.8374551588094,-0.351102266467127,-17.5448967042125));
#2481=CARTESIAN_POINT('Ctrl Pts',(12.8471134139394,-1.80889708169053,-17.5479871891284));
#2482=CARTESIAN_POINT('Ctrl Pts',(12.8565764841318,-3.75217925518623,-17.5479882865929));
#2483=CARTESIAN_POINT('Ctrl Pts',(12.8600055322144,-5.45253928950543,-17.5483073888138));
#2484=CARTESIAN_POINT('Ctrl Pts',(12.8524567653403,-7.39575093510126,-17.5480972779199));
#2485=CARTESIAN_POINT('Ctrl Pts',(12.8354224496025,-9.09623155541641,-17.5478183134387));
#2486=CARTESIAN_POINT('Ctrl Pts',(12.824121549369,-9.94652501416904,-17.5475878135442));
#2487=CARTESIAN_POINT('Ctrl Pts',(12.8176207540189,-10.3716890538019,-17.5475191910753));
#2488=CARTESIAN_POINT('Ctrl Pts',(12.8136376894861,-10.6146430549495,-17.5474876090345));
#2489=CARTESIAN_POINT('Ctrl Pts',(12.8115421865968,-10.7361207352848,-17.5474707192597));
#2490=CARTESIAN_POINT('Ctrl Pts',(12.8046314694892,-10.8445416875799,-17.5486426649484));
#2491=CARTESIAN_POINT('Ctrl Pts',(12.8003055215447,-10.8903683075496,-17.5494867915867));
#2492=CARTESIAN_POINT('Ctrl Pts',(12.7898947184659,-10.9773047576954,-17.5508590818434));
#2493=CARTESIAN_POINT('Ctrl Pts',(12.7834864420481,-11.0209639640637,-17.5514290064406));
#2494=CARTESIAN_POINT('Ctrl Pts',(12.7679748305776,-11.1085817032321,-17.5525969426152));
#2495=CARTESIAN_POINT('Ctrl Pts',(12.7589651696194,-11.1518404386704,-17.5532006942147));
#2496=CARTESIAN_POINT('Ctrl Pts',(12.7384648693815,-11.2371015466586,-17.5543869041918));
#2497=CARTESIAN_POINT('Ctrl Pts',(12.7269641616768,-11.2793077984863,-17.5549638274219));
#2498=CARTESIAN_POINT('Ctrl Pts',(12.7014981839524,-11.3627085445652,-17.5560960339606));
#2499=CARTESIAN_POINT('Ctrl Pts',(12.6875514464176,-11.4038621212578,-17.5566521380538));
#2500=CARTESIAN_POINT('Ctrl Pts',(12.6572937120901,-11.4849325263758,-17.5577299909665));
#2501=CARTESIAN_POINT('Ctrl Pts',(12.6409837967858,-11.5248750751687,-17.5582517552081));
#2502=CARTESIAN_POINT('Ctrl Pts',(12.6060666036207,-11.6034302243674,-17.5592546384156));
#2503=CARTESIAN_POINT('Ctrl Pts',(12.5874645392208,-11.6420513875985,-17.5597359817936));
#2504=CARTESIAN_POINT('Ctrl Pts',(12.5480477459149,-11.7178454088447,-17.5606499908653));
#2505=CARTESIAN_POINT('Ctrl Pts',(12.527233742352,-11.7550325615506,-17.5610830174558));
#2506=CARTESIAN_POINT('Ctrl Pts',(12.4834755817453,-11.8278568593816,-17.5618939833243));
#2507=CARTESIAN_POINT('Ctrl Pts',(12.460531035551,-11.8635063357808,-17.5622723849581));
#2508=CARTESIAN_POINT('Ctrl Pts',(12.4125985887111,-11.9331564814112,-17.5629683252801));
#2509=CARTESIAN_POINT('Ctrl Pts',(12.3876079104099,-11.9671697461856,-17.5632863789223));
#2510=CARTESIAN_POINT('Ctrl Pts',(12.335671537585,-12.0334555290697,-17.5638567856441));
#2511=CARTESIAN_POINT('Ctrl Pts',(12.3087211473187,-12.0657400380365,-17.5641096531707));
#2512=CARTESIAN_POINT('Ctrl Pts',(12.2529551871086,-12.1284820700552,-17.5645458293862));
#2513=CARTESIAN_POINT('Ctrl Pts',(12.2241328899476,-12.1589512953571,-17.564729525944));
#2514=CARTESIAN_POINT('Ctrl Pts',(12.1647142899663,-12.2179814820503,-17.5650247385442));
#2515=CARTESIAN_POINT('Ctrl Pts',(12.134110231515,-12.2465527733924,-17.5651364686026));
#2516=CARTESIAN_POINT('Ctrl Pts',(12.0712214709103,-12.3017091965527,-17.5652862095252));
#2517=CARTESIAN_POINT('Ctrl Pts',(12.0389277806938,-12.3283033998642,-17.5653242620353));
#2518=CARTESIAN_POINT('Ctrl Pts',(11.9727556396364,-12.3794311912807,-17.5653259834883));
#2519=CARTESIAN_POINT('Ctrl Pts',(11.9388658623151,-12.4039737582021,-17.5652894209701));
#2520=CARTESIAN_POINT('Ctrl Pts',(11.8695974309654,-12.4509300188743,-17.5651424947398));
#2521=CARTESIAN_POINT('Ctrl Pts',(11.8342081204938,-12.4733495603875,-17.5650318574862));
#2522=CARTESIAN_POINT('Ctrl Pts',(11.7620421782382,-12.5159916218782,-17.5647383036789));
#2523=CARTESIAN_POINT('Ctrl Pts',(11.7252530662764,-12.536218733583,-17.5645550546781));
#2524=CARTESIAN_POINT('Ctrl Pts',(11.6503911695323,-12.574412177513,-17.564118696783));
#2525=CARTESIAN_POINT('Ctrl Pts',(11.6123041883309,-12.5923818659569,-17.563865162343));
#2526=CARTESIAN_POINT('Ctrl Pts',(11.5349504673704,-12.6260022541946,-17.563291958524));
#2527=CARTESIAN_POINT('Ctrl Pts',(11.495675322341,-12.6416512426873,-17.5629719915953));
#2528=CARTESIAN_POINT('Ctrl Pts',(11.4160667142242,-12.6705646055212,-17.5622702803712));
#2529=CARTESIAN_POINT('Ctrl Pts',(11.3757046330213,-12.6838341869003,-17.5618876735216));
#2530=CARTESIAN_POINT('Ctrl Pts',(11.2940042125194,-12.7079574261696,-17.5610671284777));
#2531=CARTESIAN_POINT('Ctrl Pts',(11.2527107930021,-12.7187921407978,-17.5606289262279));
#2532=CARTESIAN_POINT('Ctrl Pts',(11.1693884834002,-12.7379229657612,-17.5596995402591));
#2533=CARTESIAN_POINT('Ctrl Pts',(11.1271301156398,-12.7462581676687,-17.5592072726141));
#2534=CARTESIAN_POINT('Ctrl Pts',(11.041566811817,-12.760575859389,-17.5581959036484));
#2535=CARTESIAN_POINT('Ctrl Pts',(10.9990652274669,-12.7664369237314,-17.5576759427688));
#2536=CARTESIAN_POINT('Ctrl Pts',(10.9147200634864,-12.7752139174156,-17.556497479255));
#2537=CARTESIAN_POINT('Ctrl Pts',(10.8698659336304,-12.7778978285074,-17.5559373552878));
#2538=CARTESIAN_POINT('Ctrl Pts',(10.5781428620123,-12.7940932740952,-17.5527311970606));
#2539=CARTESIAN_POINT('Ctrl Pts',(10.0886664526541,-12.8026362917539,-17.5527554291547));
#2540=CARTESIAN_POINT('Ctrl Pts',(9.35448372818931,-12.8127623042324,-17.5529462429678));
#2541=CARTESIAN_POINT('Ctrl Pts',(8.62034851128259,-12.8218309395059,-17.5530066871912));
#2542=CARTESIAN_POINT('Ctrl Pts',(7.15212864932899,-12.8361915794769,-17.5532130299481));
#2543=CARTESIAN_POINT('Ctrl Pts',(4.950003015499,-12.845295957144,-17.5534985338153));
#2544=CARTESIAN_POINT('Ctrl Pts',(2.50318534279059,-12.8352288829509,-17.5531672627501));
#2545=CARTESIAN_POINT('Ctrl Pts',(0.79025109904577,-12.8155297058506,-17.553208084504));
#2546=CARTESIAN_POINT('Ctrl Pts',(-0.0662938572984263,-12.8037313488946,
-17.5529243533895));
#2547=CARTESIAN_POINT('Ctrl Pts',(-0.555755844530754,-12.795332327385,-17.5530375927071));
#2548=CARTESIAN_POINT('Ctrl Pts',(-0.800535630110726,-12.7931443780163,
-17.5523584418351));
#2549=CARTESIAN_POINT('Ctrl Pts',(-0.969883059397914,-12.7787185749344,
-17.5556831271307));
#2550=CARTESIAN_POINT('Ctrl Pts',(-1.01473206708586,-12.7750719752432,-17.5565384642565));
#2551=CARTESIAN_POINT('Ctrl Pts',(-1.09897687423366,-12.7652652426875,-17.5580502909238));
#2552=CARTESIAN_POINT('Ctrl Pts',(-1.14140978770897,-12.7591256960595,-17.5586691361242));
#2553=CARTESIAN_POINT('Ctrl Pts',(-1.22686478745723,-12.7444816510283,-17.5598048304077));
#2554=CARTESIAN_POINT('Ctrl Pts',(-1.26907564909599,-12.7361222809421,-17.5603152561956));
#2555=CARTESIAN_POINT('Ctrl Pts',(-1.3523361857495,-12.7170868385295,-17.5612290593054));
#2556=CARTESIAN_POINT('Ctrl Pts',(-1.3936164538543,-12.7063718367262,-17.5616336224384));
#2557=CARTESIAN_POINT('Ctrl Pts',(-1.47533375975295,-12.6825627841668,-17.5623547924928));
#2558=CARTESIAN_POINT('Ctrl Pts',(-1.51572558171215,-12.669490898677,-17.5626706795269));
#2559=CARTESIAN_POINT('Ctrl Pts',(-1.59543787446542,-12.6410098029014,-17.5632182789054));
#2560=CARTESIAN_POINT('Ctrl Pts',(-1.63478697313573,-12.6255961431216,-17.5634506379403));
#2561=CARTESIAN_POINT('Ctrl Pts',(-1.71232984406969,-12.5924550110092,-17.5638373263766));
#2562=CARTESIAN_POINT('Ctrl Pts',(-1.75053198073802,-12.5747297190925,-17.5639918178046));
#2563=CARTESIAN_POINT('Ctrl Pts',(-1.82565965377586,-12.5370135549615,-17.5642261480525));
#2564=CARTESIAN_POINT('Ctrl Pts',(-1.86259917817146,-12.5170193349239,-17.5643064488662));
#2565=CARTESIAN_POINT('Ctrl Pts',(-1.93509355094171,-12.4748171186877,-17.5643961385903));
#2566=CARTESIAN_POINT('Ctrl Pts',(-1.97066053100514,-12.4526042751256,-17.5644060040992));
#2567=CARTESIAN_POINT('Ctrl Pts',(-2.04030214767922,-12.4060247211333,-17.5643586205683));
#2568=CARTESIAN_POINT('Ctrl Pts',(-2.07438714091551,-12.3816520254197,-17.5643017440904));
#2569=CARTESIAN_POINT('Ctrl Pts',(-2.14095632852598,-12.330819648348,-17.5641249246527));
#2570=CARTESIAN_POINT('Ctrl Pts',(-2.17345167013423,-12.304351145164,-17.564005201799));
#2571=CARTESIAN_POINT('Ctrl Pts',(-2.23673837140015,-12.2493975986758,-17.5637075603168));
#2572=CARTESIAN_POINT('Ctrl Pts',(-2.26753837852911,-12.220903480607,-17.5635296814586));
#2573=CARTESIAN_POINT('Ctrl Pts',(-2.32733115526118,-12.161977872969,-17.5631205084146));
#2574=CARTESIAN_POINT('Ctrl Pts',(-2.35633082788673,-12.1315356099178,-17.5628893342237));
#2575=CARTESIAN_POINT('Ctrl Pts',(-2.41242076886179,-12.0687988232833,-17.5623789515832));
#2576=CARTESIAN_POINT('Ctrl Pts',(-2.43951668761267,-12.0364920700673,-17.562099777124));
#2577=CARTESIAN_POINT('Ctrl Pts',(-2.49169948535002,-11.9701162488738,-17.561499577863));
#2578=CARTESIAN_POINT('Ctrl Pts',(-2.5167900249357,-11.9360348003536,-17.5611784222821));
#2579=CARTESIAN_POINT('Ctrl Pts',(-2.56486381695897,-11.8662084213756,-17.5605005193188));
#2580=CARTESIAN_POINT('Ctrl Pts',(-2.58784864966515,-11.8304504989692,-17.5601436856353));
#2581=CARTESIAN_POINT('Ctrl Pts',(-2.63161501979525,-11.757377342965,-17.5594010731672));
#2582=CARTESIAN_POINT('Ctrl Pts',(-2.65239602569716,-11.7200496028905,-17.5590151363973));
#2583=CARTESIAN_POINT('Ctrl Pts',(-2.69166023962903,-11.6439524547124,-17.5582211228512));
#2584=CARTESIAN_POINT('Ctrl Pts',(-2.71014190055844,-11.6051687836838,-17.5578129161525));
#2585=CARTESIAN_POINT('Ctrl Pts',(-2.74471894525499,-11.5262797314096,-17.5569817221001));
#2586=CARTESIAN_POINT('Ctrl Pts',(-2.7608090504276,-11.4861659538993,-17.5565585021565));
#2587=CARTESIAN_POINT('Ctrl Pts',(-2.79051342212144,-11.4047585146888,-17.5557030587508));
#2588=CARTESIAN_POINT('Ctrl Pts',(-2.80412560070427,-11.3634395595909,-17.5552710143301));
#2589=CARTESIAN_POINT('Ctrl Pts',(-2.82880291597222,-11.2797330521394,-17.5544088910879));
#2590=CARTESIAN_POINT('Ctrl Pts',(-2.83985162794357,-11.2373860827911,-17.5539774920754));
#2591=CARTESIAN_POINT('Ctrl Pts',(-2.8592995934645,-11.1518850660772,-17.553107936847));
#2592=CARTESIAN_POINT('Ctrl Pts',(-2.86770895592024,-11.1085291766149,-17.5526748546103));
#2593=CARTESIAN_POINT('Ctrl Pts',(-2.88189466490884,-11.0207798177883,-17.5518626368593));
#2594=CARTESIAN_POINT('Ctrl Pts',(-2.887623198055,-10.9770912113085,-17.5514663125865));
#2595=CARTESIAN_POINT('Ctrl Pts',(-2.89622068981858,-10.8902124882468,-17.5505308377696));
#2596=CARTESIAN_POINT('Ctrl Pts',(-2.89880264522944,-10.8444351385713,-17.5500933865368));
#2597=CARTESIAN_POINT('Ctrl Pts',(-2.90044674568004,-10.7966818381962,-17.5498927719614));
#2598=CARTESIAN_POINT('Ctrl Pts',(-2.91841429769104,-10.7970024626269,-17.5268103500107));
#2599=CARTESIAN_POINT('Ctrl Pts',(-2.93551366051733,-10.3112268136547,-17.5246763216648));
#2600=CARTESIAN_POINT('Ctrl Pts',(-2.95465332007111,-9.33943565268794,-17.523850938519));
#2601=CARTESIAN_POINT('Ctrl Pts',(-2.97077598482909,-7.395880340083,-17.5249396754009));
#2602=CARTESIAN_POINT('Ctrl Pts',(-2.98072376688904,-4.96672049876043,-17.5249852710247));
#2603=CARTESIAN_POINT('Ctrl Pts',(-2.96940100709259,-2.53752024079548,-17.524994765316));
#2604=CARTESIAN_POINT('Ctrl Pts',(-2.9540538352848,-0.836883612988628,-17.5242998373383));
#2605=CARTESIAN_POINT('Ctrl Pts',(-2.94285922561885,0.0134977313129448,
-17.5241691927055));
#2606=CARTESIAN_POINT('Ctrl Pts',(-2.93639048755991,0.438699072267209,-17.524149996009));
#2607=CARTESIAN_POINT('Ctrl Pts',(-2.92759426602316,0.681597918379209,-17.525292679977));
#2608=CARTESIAN_POINT('Ctrl Pts',(-2.9229256033164,0.803041242774622,-17.5259320575221));
#2609=CARTESIAN_POINT('Ctrl Pts',(-2.91553051573503,0.91258800030316,-17.5273284946233));
#2610=CARTESIAN_POINT('Ctrl Pts',(-2.9107145790061,0.959782123128561,-17.5283643289973));
#2611=CARTESIAN_POINT('Ctrl Pts',(-2.89899177184793,1.04973755143132,-17.5302278465552));
#2612=CARTESIAN_POINT('Ctrl Pts',(-2.89190296442682,1.09474754305336,-17.5310667573407));
#2613=CARTESIAN_POINT('Ctrl Pts',(-2.87510291038954,1.18478849109141,-17.5328055574069));
#2614=CARTESIAN_POINT('Ctrl Pts',(-2.86549327150823,1.22919050012041,-17.5337067603436));
#2615=CARTESIAN_POINT('Ctrl Pts',(-2.8439335959755,1.31659860565458,-17.5354873502288));
#2616=CARTESIAN_POINT('Ctrl Pts',(-2.83196429587319,1.35978984246139,-17.5363666151734));
#2617=CARTESIAN_POINT('Ctrl Pts',(-2.80568398440898,1.44499064375085,-17.5381093938725));
#2618=CARTESIAN_POINT('Ctrl Pts',(-2.79139780558322,1.48696302667258,-17.5389733870569));
#2619=CARTESIAN_POINT('Ctrl Pts',(-2.76058584656514,1.56950858324886,-17.5406690072614));
#2620=CARTESIAN_POINT('Ctrl Pts',(-2.7440680294226,1.61010769527196,-17.5415009427409));
#2621=CARTESIAN_POINT('Ctrl Pts',(-2.70886709298463,1.68981688247251,-17.5431223302889));
#2622=CARTESIAN_POINT('Ctrl Pts',(-2.69019601678261,1.72893691878568,-17.543912344687));
#2623=CARTESIAN_POINT('Ctrl Pts',(-2.65077689499021,1.80557320329272,-17.5454389827137));
#2624=CARTESIAN_POINT('Ctrl Pts',(-2.63003700803579,1.8431072855337,-17.5461760518881));
#2625=CARTESIAN_POINT('Ctrl Pts',(-2.58656709847793,1.91647839482493,-17.5475873396772));
#2626=CARTESIAN_POINT('Ctrl Pts',(-2.56384469708072,1.95233109358592,-17.5482620724585));
#2627=CARTESIAN_POINT('Ctrl Pts',(-2.51650084003939,2.02224774623563,-17.5495399648306));
#2628=CARTESIAN_POINT('Ctrl Pts',(-2.49188392323447,2.05633004408719,-17.550143529005));
#2629=CARTESIAN_POINT('Ctrl Pts',(-2.4408416236976,2.12262605346563,-17.5512713730755));
#2630=CARTESIAN_POINT('Ctrl Pts',(-2.4144184310073,2.15485839206049,-17.5517959595842));
#2631=CARTESIAN_POINT('Ctrl Pts',(-2.35985432617209,2.21738195701798,-17.5527593126802));
#2632=CARTESIAN_POINT('Ctrl Pts',(-2.33171288495528,2.24769142819916,-17.5531983894235));
#2633=CARTESIAN_POINT('Ctrl Pts',(-2.27380302235511,2.30630160590951,-17.553985596769));
#2634=CARTESIAN_POINT('Ctrl Pts',(-2.24403079389343,2.33462054556628,-17.5543339554471));
#2635=CARTESIAN_POINT('Ctrl Pts',(-2.18294831200832,2.38918985305266,-17.5549356670004));
#2636=CARTESIAN_POINT('Ctrl Pts',(-2.15163120083168,2.41545696141366,-17.5551893302038));
#2637=CARTESIAN_POINT('Ctrl Pts',(-2.08754756885765,2.46586638449944,-17.5555990092423));
#2638=CARTESIAN_POINT('Ctrl Pts',(-2.05477142354341,2.49002330770992,-17.5557554424144));
#2639=CARTESIAN_POINT('Ctrl Pts',(-1.9878578114932,2.53615930206398,-17.5559693209946));
#2640=CARTESIAN_POINT('Ctrl Pts',(-1.9537066861863,2.55815137837285,-17.5560273082716));
#2641=CARTESIAN_POINT('Ctrl Pts',(-1.88412836038678,2.59990936019758,-17.5560446386111));
#2642=CARTESIAN_POINT('Ctrl Pts',(-1.84868783427145,2.61968399384304,-17.5560044777501));
#2643=CARTESIAN_POINT('Ctrl Pts',(-1.776621140101,2.6569558342994,-17.5558271372534));
#2644=CARTESIAN_POINT('Ctrl Pts',(-1.73997591719286,2.6744611007073,-17.5556903463346));
#2645=CARTESIAN_POINT('Ctrl Pts',(-1.66558266214049,2.70714921682266,-17.5553236930784));
#2646=CARTESIAN_POINT('Ctrl Pts',(-1.62782266080581,2.72233424237747,-17.5550936911639));
#2647=CARTESIAN_POINT('Ctrl Pts',(-1.55130303283451,2.75032723080247,-17.5545445987022));
#2648=CARTESIAN_POINT('Ctrl Pts',(-1.51250791672941,2.76314183462072,-17.5542255783865));
#2649=CARTESIAN_POINT('Ctrl Pts',(-1.43397253040425,2.78636136156635,-17.553509872172));
#2650=CARTESIAN_POINT('Ctrl Pts',(-1.39428126500817,2.79674839113218,-17.5531116741703));
#2651=CARTESIAN_POINT('Ctrl Pts',(-1.31419919577877,2.81502038563079,-17.5522265897542));
#2652=CARTESIAN_POINT('Ctrl Pts',(-1.27353685018013,2.82293803386679,-17.5517447180607));
#2653=CARTESIAN_POINT('Ctrl Pts',(-1.19108872472508,2.83634083045943,-17.5507784248374));
#2654=CARTESIAN_POINT('Ctrl Pts',(-1.15024379640345,2.84171673792802,-17.5502774711692));
#2655=CARTESIAN_POINT('Ctrl Pts',(-1.06944236589162,2.84974655446136,-17.5489918155248));
#2656=CARTESIAN_POINT('Ctrl Pts',(-1.02594080139283,2.85243496035414,-17.548253531249));
#2657=CARTESIAN_POINT('Ctrl Pts',(-0.856164131480443,2.85789467486046,-17.5473259136437));
#2658=CARTESIAN_POINT('Ctrl Pts',(-0.609049375693973,2.86217519589023,-17.5474215406465));
#2659=CARTESIAN_POINT('Ctrl Pts',(-0.11480425429341,2.86872862378731,-17.548175069125));
#2660=CARTESIAN_POINT('Ctrl Pts',(0.75006199057428,2.87820120252025,-17.5497170283685));
#2661=CARTESIAN_POINT('Ctrl Pts',(2.4796793205413,2.88892526048206,-17.5537764489242));
#2662=CARTESIAN_POINT('Ctrl Pts',(4.94999747445693,2.88623290501846,-17.5604252820177));
#2663=CARTESIAN_POINT('Ctrl Pts',(7.42032760948328,2.88811545660201,-17.5541768168941));
#2664=CARTESIAN_POINT('Ctrl Pts',(9.14984470128914,2.87075174410236,-17.5529244485441));
#2665=CARTESIAN_POINT('Ctrl Pts',(10.014709430768,2.86305869786299,-17.5505209280244));
#2666=CARTESIAN_POINT('Ctrl Pts',(10.4471911425413,2.85849294855686,-17.549362693276));
#2667=CARTESIAN_POINT('Ctrl Pts',(10.69432658304,2.8557576017562,-17.548660285457));
#2668=CARTESIAN_POINT('Ctrl Pts',(10.8178932190341,2.85405015484125,-17.5484165559144));
#2669=CARTESIAN_POINT('Ctrl Pts',(10.9258624590991,2.84814325279804,-17.5500304921363));
#2670=CARTESIAN_POINT('Ctrl Pts',(10.9692827163388,2.84470183037516,-17.5511118440591));
#2671=CARTESIAN_POINT('Ctrl Pts',(11.0497737493353,2.83642820092905,-17.5525533031044));
#2672=CARTESIAN_POINT('Ctrl Pts',(11.0904995720896,2.83120425226782,-17.5530109575025));
#2673=CARTESIAN_POINT('Ctrl Pts',(11.1728004369507,2.81824951955528,-17.5538198023907));
#2674=CARTESIAN_POINT('Ctrl Pts',(11.2134058281814,2.81059624461467,-17.5542034009775));
#2675=CARTESIAN_POINT('Ctrl Pts',(11.2933431357141,2.79261389544033,-17.5549977416007));
#2676=CARTESIAN_POINT('Ctrl Pts',(11.3329660727086,2.78234698232365,-17.5553604462445));
#2677=CARTESIAN_POINT('Ctrl Pts',(11.4113716438564,2.7593442127196,-17.5560143468916));
#2678=CARTESIAN_POINT('Ctrl Pts',(11.4500996177311,2.74660987825651,-17.5563149360639));
#2679=CARTESIAN_POINT('Ctrl Pts',(11.5264777619345,2.71874648206969,-17.5568420179205));
#2680=CARTESIAN_POINT('Ctrl Pts',(11.5641654151996,2.70361349440936,-17.5570669318802));
#2681=CARTESIAN_POINT('Ctrl Pts',(11.6384046459852,2.67100622215806,-17.5574355742601));
#2682=CARTESIAN_POINT('Ctrl Pts',(11.6749682235204,2.65352939690638,-17.5575795952328));
#2683=CARTESIAN_POINT('Ctrl Pts',(11.7468587838112,2.61629720432656,-17.5577819363365));
#2684=CARTESIAN_POINT('Ctrl Pts',(11.7822053120788,2.59653381029168,-17.5578397397094));
#2685=CARTESIAN_POINT('Ctrl Pts',(11.8515788292056,2.5547837422203,-17.5578681486554));
#2686=CARTESIAN_POINT('Ctrl Pts',(11.8856194389774,2.53278827195903,-17.5578382044103));
#2687=CARTESIAN_POINT('Ctrl Pts',(11.9522904961758,2.48663317189829,-17.5576911939019));
#2688=CARTESIAN_POINT('Ctrl Pts',(11.9849352810674,2.46246088160294,-17.5575732629933));
#2689=CARTESIAN_POINT('Ctrl Pts',(12.0487294685723,2.41201033355148,-17.55725200721));
#2690=CARTESIAN_POINT('Ctrl Pts',(12.0798894089856,2.3857180923738,-17.557047766842));
#2691=CARTESIAN_POINT('Ctrl Pts',(12.1406250239168,2.33109040068911,-17.5565570411653));
#2692=CARTESIAN_POINT('Ctrl Pts',(12.1702085876103,2.30273887119688,-17.5562696948705));
#2693=CARTESIAN_POINT('Ctrl Pts',(12.2277024735733,2.2440584458964,-17.5556172245822));
#2694=CARTESIAN_POINT('Ctrl Pts',(12.2556175510057,2.21371180708234,-17.5552514009383));
#2695=CARTESIAN_POINT('Ctrl Pts',(12.3096838520623,2.15111275835121,-17.554447656078));
#2696=CARTESIAN_POINT('Ctrl Pts',(12.3358361249082,2.11884220767409,-17.5540092021423));
#2697=CARTESIAN_POINT('Ctrl Pts',(12.3862848403895,2.05247366079243,-17.5530668334422));
#2698=CARTESIAN_POINT('Ctrl Pts',(12.4105793143113,2.01835689629198,-17.5525625496979));
#2699=CARTESIAN_POINT('Ctrl Pts',(12.4572198371853,1.94838135207535,-17.5514962096471));
#2700=CARTESIAN_POINT('Ctrl Pts',(12.4795611496477,1.91250382745524,-17.5509338791385));
#2701=CARTESIAN_POINT('Ctrl Pts',(12.5222031159347,1.83910011970804,-17.5497600962955));
#2702=CARTESIAN_POINT('Ctrl Pts',(12.5424955332361,1.80155778247975,-17.5491484020387));
#2703=CARTESIAN_POINT('Ctrl Pts',(12.5809450967366,1.72493006772642,-17.5478850977417));
#2704=CARTESIAN_POINT('Ctrl Pts',(12.5990935114225,1.68582633130157,-17.5472332712344));
#2705=CARTESIAN_POINT('Ctrl Pts',(12.6331670969036,1.60618470255115,-17.5458997115006));
#2706=CARTESIAN_POINT('Ctrl Pts',(12.6490791432264,1.56563657807959,-17.545217769414));
#2707=CARTESIAN_POINT('Ctrl Pts',(12.6785856486563,1.48323922456891,-17.5438334900056));
#2708=CARTESIAN_POINT('Ctrl Pts',(12.6921710353927,1.44136278684463,-17.5431312619834));
#2709=CARTESIAN_POINT('Ctrl Pts',(12.7169569420217,1.35641345532557,-17.5417185363427));
#2710=CARTESIAN_POINT('Ctrl Pts',(12.7281322637977,1.31338139736581,-17.5410074672037));
#2711=CARTESIAN_POINT('Ctrl Pts',(12.747961079677,1.22637098339803,-17.5395798343464));
#2712=CARTESIAN_POINT('Ctrl Pts',(12.7566249534619,1.18218935825185,-17.5388665318915));
#2713=CARTESIAN_POINT('Ctrl Pts',(12.7715453759861,1.09265844940335,-17.5374727291599));
#2714=CARTESIAN_POINT('Ctrl Pts',(12.7777329570972,1.04801236502047,-17.5367770616191));
#2715=CARTESIAN_POINT('Ctrl Pts',(12.7870267446523,0.95904887567852,-17.5353416852451));
#2716=CARTESIAN_POINT('Ctrl Pts',(12.790097712964,0.912157445021978,-17.534602681384));
#2717=CARTESIAN_POINT('Ctrl Pts',(12.8562419662726,-0.350845381715917,-17.5215848368429));
#2718=CARTESIAN_POINT('Ctrl Pts',(12.8655472863476,-1.80872381419892,-17.5248003570846));
#2719=CARTESIAN_POINT('Ctrl Pts',(12.8749275976718,-3.75210847518938,-17.5248103072771));
#2720=CARTESIAN_POINT('Ctrl Pts',(12.8783264767961,-5.45256089271797,-17.5251416178542));
#2721=CARTESIAN_POINT('Ctrl Pts',(12.870793041829,-7.39588016629703,-17.5249239123358));
#2722=CARTESIAN_POINT('Ctrl Pts',(12.8538339468843,-9.09645987264807,-17.524629008506));
#2723=CARTESIAN_POINT('Ctrl Pts',(12.8425767103552,-9.9468038050161,-17.5243874187868));
#2724=CARTESIAN_POINT('Ctrl Pts',(12.8360935229713,-10.3719933739584,-17.5243149573768));
#2725=CARTESIAN_POINT('Ctrl Pts',(12.8321165422044,-10.6149619160653,-17.5242818932802));
#2726=CARTESIAN_POINT('Ctrl Pts',(12.8300245491049,-10.7364469253335,-17.5242639450202));
#2727=CARTESIAN_POINT('Ctrl Pts',(12.8228556259872,-10.8448697366695,-17.5254962513747));
#2728=CARTESIAN_POINT('Ctrl Pts',(12.8183535480206,-10.8909377676243,-17.5263835265978));
#2729=CARTESIAN_POINT('Ctrl Pts',(12.8076142028284,-10.9788049565938,-17.5278262320228));
#2730=CARTESIAN_POINT('Ctrl Pts',(12.8010541663802,-11.0228579657213,-17.5284253755876));
#2731=CARTESIAN_POINT('Ctrl Pts',(12.7852371982967,-11.1111321662529,-17.5296531854778));
#2732=CARTESIAN_POINT('Ctrl Pts',(12.776062694851,-11.1547285784178,-17.5302879028013));
#2733=CARTESIAN_POINT('Ctrl Pts',(12.7552144996492,-11.2406829234776,-17.5315349584263));
#2734=CARTESIAN_POINT('Ctrl Pts',(12.7435354180651,-11.2832245869069,-17.5321414580492));
#2735=CARTESIAN_POINT('Ctrl Pts',(12.717702366994,-11.3672759033281,-17.5333317287587));
#2736=CARTESIAN_POINT('Ctrl Pts',(12.7035657838042,-11.408748844544,-17.5339163496343));
#2737=CARTESIAN_POINT('Ctrl Pts',(12.6729167826871,-11.4904477714323,-17.5350494782442));
#2738=CARTESIAN_POINT('Ctrl Pts',(12.6564061636253,-11.5306974678792,-17.5355979989543));
#2739=CARTESIAN_POINT('Ctrl Pts',(12.6210773783397,-11.6098545153925,-17.5366523122289));
#2740=CARTESIAN_POINT('Ctrl Pts',(12.6022646282386,-11.6487700050145,-17.537158339992));
#2741=CARTESIAN_POINT('Ctrl Pts',(12.5624166971489,-11.7251413475333,-17.5381192210062));
#2742=CARTESIAN_POINT('Ctrl Pts',(12.5413826873449,-11.7626105718376,-17.538574454594));
#2743=CARTESIAN_POINT('Ctrl Pts',(12.497175348452,-11.8359877995036,-17.5394270077739));
#2744=CARTESIAN_POINT('Ctrl Pts',(12.4740020433225,-11.8719073638053,-17.539824815435));
#2745=CARTESIAN_POINT('Ctrl Pts',(12.425603238283,-11.9420869171022,-17.5405564440136));
#2746=CARTESIAN_POINT('Ctrl Pts',(12.4003754559464,-11.976358683091,-17.5408908091518));
#2747=CARTESIAN_POINT('Ctrl Pts',(12.3479562915361,-12.0431510361192,-17.5414904663757));
#2748=CARTESIAN_POINT('Ctrl Pts',(12.320760766796,-12.0756828105562,-17.5417563025351));
#2749=CARTESIAN_POINT('Ctrl Pts',(12.2644960886754,-12.1389092558683,-17.5422148458185));
#2750=CARTESIAN_POINT('Ctrl Pts',(12.2354208593027,-12.1696148260422,-17.5424079634947));
#2751=CARTESIAN_POINT('Ctrl Pts',(12.1754880235119,-12.2291077763263,-17.5427183145511));
#2752=CARTESIAN_POINT('Ctrl Pts',(12.1446233484302,-12.2579047687473,-17.5428357748233));
#2753=CARTESIAN_POINT('Ctrl Pts',(12.0812048961669,-12.3135028701424,-17.5429931944902));
#2754=CARTESIAN_POINT('Ctrl Pts',(12.0486428704107,-12.3403123961468,-17.54303319837));
#2755=CARTESIAN_POINT('Ctrl Pts',(11.9819254270442,-12.391861263694,-17.5430350084879));
#2756=CARTESIAN_POINT('Ctrl Pts',(11.9477595851571,-12.4166089252672,-17.5429965705051));
#2757=CARTESIAN_POINT('Ctrl Pts',(11.8779303684018,-12.4639657340139,-17.5428421102027));
#2758=CARTESIAN_POINT('Ctrl Pts',(11.8422571323625,-12.4865802282031,-17.5427257984286));
#2759=CARTESIAN_POINT('Ctrl Pts',(11.7695143259187,-12.5296025822345,-17.5424171914879));
#2760=CARTESIAN_POINT('Ctrl Pts',(11.7324331707676,-12.5500145455963,-17.5422245445233));
#2761=CARTESIAN_POINT('Ctrl Pts',(11.6569779468918,-12.5885679437445,-17.5417658091611));
#2762=CARTESIAN_POINT('Ctrl Pts',(11.6185906874276,-12.6067122589852,-17.5414992748927));
#2763=CARTESIAN_POINT('Ctrl Pts',(11.5406271373838,-12.6406718444617,-17.5408966715025));
#2764=CARTESIAN_POINT('Ctrl Pts',(11.5010429418945,-12.6564851405851,-17.5405603056333));
#2765=CARTESIAN_POINT('Ctrl Pts',(11.4208058272126,-12.6857170459425,-17.539822592332));
#2766=CARTESIAN_POINT('Ctrl Pts',(11.3801264920853,-12.6991399975661,-17.5394203978303));
#2767=CARTESIAN_POINT('Ctrl Pts',(11.2977837628083,-12.7235590619558,-17.5385577173421));
#2768=CARTESIAN_POINT('Ctrl Pts',(11.2561612601393,-12.7345366330441,-17.5380971532226));
#2769=CARTESIAN_POINT('Ctrl Pts',(11.1721621130035,-12.7539443732365,-17.5371199239603));
#2770=CARTESIAN_POINT('Ctrl Pts',(11.129575753287,-12.7624077651492,-17.5366027658817));
#2771=CARTESIAN_POINT('Ctrl Pts',(11.0433782065739,-12.7769702833013,-17.5355389658479));
#2772=CARTESIAN_POINT('Ctrl Pts',(11.0004979837959,-12.7829511149572,-17.5349934518725));
#2773=CARTESIAN_POINT('Ctrl Pts',(10.9152610439903,-12.7919790520674,-17.5337529057643));
#2774=CARTESIAN_POINT('Ctrl Pts',(10.8701767871866,-12.7947459992937,-17.5331665982563));
#2775=CARTESIAN_POINT('Ctrl Pts',(10.5784488928405,-12.8115283605355,-17.5297884527816));
#2776=CARTESIAN_POINT('Ctrl Pts',(10.0889451522046,-12.8200425713767,-17.5298232152623));
#2777=CARTESIAN_POINT('Ctrl Pts',(9.35472241096374,-12.8301475757134,-17.5300190334621));
#2778=CARTESIAN_POINT('Ctrl Pts',(8.62054726611841,-12.8392007483839,-17.5300843579053));
#2779=CARTESIAN_POINT('Ctrl Pts',(7.15224747048439,-12.8535260916864,-17.5303006382529));
#2780=CARTESIAN_POINT('Ctrl Pts',(4.95000313050005,-12.862579596299,-17.530601007975));
#2781=CARTESIAN_POINT('Ctrl Pts',(2.5030531111538,-12.8525697441904,-17.5302530197837));
#2782=CARTESIAN_POINT('Ctrl Pts',(0.790026324427432,-12.8328662993843,-17.5302951473343));
#2783=CARTESIAN_POINT('Ctrl Pts',(-0.066565611909082,-12.8211116025764,
-17.5299983252639));
#2784=CARTESIAN_POINT('Ctrl Pts',(-0.556053916953845,-12.8127045319391,
-17.530114836068));
#2785=CARTESIAN_POINT('Ctrl Pts',(-0.800848933398087,-12.8106227458757,
-17.5294032983607));
#2786=CARTESIAN_POINT('Ctrl Pts',(-0.97019486851205,-12.7956136712884,-17.5328977223322));
#2787=CARTESIAN_POINT('Ctrl Pts',(-1.01527366268689,-12.7918271227622,-17.5337968422081));
#2788=CARTESIAN_POINT('Ctrl Pts',(-1.10040511167827,-12.7817213743016,-17.535386354596));
#2789=CARTESIAN_POINT('Ctrl Pts',(-1.14321313812311,-12.7754448605982,-17.5360367448472));
#2790=CARTESIAN_POINT('Ctrl Pts',(-1.2292968310414,-12.7605407542484,-17.5372307754132));
#2791=CARTESIAN_POINT('Ctrl Pts',(-1.27183324526417,-12.7520510706695,-17.5377673011704));
#2792=CARTESIAN_POINT('Ctrl Pts',(-1.35576745451777,-12.7327440611477,-17.5387280047951));
#2793=CARTESIAN_POINT('Ctrl Pts',(-1.39737612930743,-12.7218920787937,-17.539153287921));
#2794=CARTESIAN_POINT('Ctrl Pts',(-1.47973661133478,-12.6978034471242,-17.5399114549372));
#2795=CARTESIAN_POINT('Ctrl Pts',(-1.52044721111168,-12.6845882528338,-17.5402435325574));
#2796=CARTESIAN_POINT('Ctrl Pts',(-1.6007933286836,-12.6558108217242,-17.5408192181338));
#2797=CARTESIAN_POINT('Ctrl Pts',(-1.64045526970119,-12.6402449007183,-17.5410634903885));
#2798=CARTESIAN_POINT('Ctrl Pts',(-1.71861766985868,-12.6067891586713,-17.5414700102927));
#2799=CARTESIAN_POINT('Ctrl Pts',(-1.75712599013679,-12.588901767952,-17.5416324240666));
#2800=CARTESIAN_POINT('Ctrl Pts',(-1.83286061988048,-12.5508501277157,-17.5418787706883));
#2801=CARTESIAN_POINT('Ctrl Pts',(-1.87009990081076,-12.5306829980233,-17.5419631904467));
#2802=CARTESIAN_POINT('Ctrl Pts',(-1.94318798079739,-12.4881230464748,-17.5420574783376));
#2803=CARTESIAN_POINT('Ctrl Pts',(-1.97904799690535,-12.4657258488228,-17.5420678511263));
#2804=CARTESIAN_POINT('Ctrl Pts',(-2.04926953786798,-12.4187650667458,-17.5420180363255));
#2805=CARTESIAN_POINT('Ctrl Pts',(-2.08364060543743,-12.3941959860237,-17.5419582443357));
#2806=CARTESIAN_POINT('Ctrl Pts',(-2.15077545798266,-12.3429576837309,-17.5417723561656));
#2807=CARTESIAN_POINT('Ctrl Pts',(-2.18354947463221,-12.3162803023647,-17.5416464945383));
#2808=CARTESIAN_POINT('Ctrl Pts',(-2.24738627665393,-12.2608954833625,-17.5413335887392));
#2809=CARTESIAN_POINT('Ctrl Pts',(-2.27845694659242,-12.2321796196186,-17.5411465886033));
#2810=CARTESIAN_POINT('Ctrl Pts',(-2.3387831507217,-12.1727966140312,-17.5407164315459));
#2811=CARTESIAN_POINT('Ctrl Pts',(-2.36804484857567,-12.1421193862265,-17.5404734029349));
#2812=CARTESIAN_POINT('Ctrl Pts',(-2.42465012517102,-12.0788984578418,-17.5399368462847));
#2813=CARTESIAN_POINT('Ctrl Pts',(-2.45199863817567,-12.046343296118,-17.5396433555177));
#2814=CARTESIAN_POINT('Ctrl Pts',(-2.50467686771679,-11.9794562894416,-17.539012376656));
#2815=CARTESIAN_POINT('Ctrl Pts',(-2.5300096294639,-11.9451128412908,-17.5386747517053));
#2816=CARTESIAN_POINT('Ctrl Pts',(-2.57855703109601,-11.8747480187036,-17.5379620843291));
#2817=CARTESIAN_POINT('Ctrl Pts',(-2.60177268632465,-11.838714445833,-17.5375869515616));
#2818=CARTESIAN_POINT('Ctrl Pts',(-2.64598865771124,-11.7650755988931,-17.5368062563965));
#2819=CARTESIAN_POINT('Ctrl Pts',(-2.6669879760181,-11.7274585770381,-17.5364005280186));
#2820=CARTESIAN_POINT('Ctrl Pts',(-2.70667550452629,-11.6507685628941,-17.5355657957812));
#2821=CARTESIAN_POINT('Ctrl Pts',(-2.72536167583299,-11.6116822317998,-17.5351366554175));
#2822=CARTESIAN_POINT('Ctrl Pts',(-2.76033286961386,-11.5321741575668,-17.5342628359635));
#2823=CARTESIAN_POINT('Ctrl Pts',(-2.77661240506945,-11.4917444519498,-17.5338179131023));
#2824=CARTESIAN_POINT('Ctrl Pts',(-2.80667966877652,-11.4096912065584,-17.5329185994252));
#2825=CARTESIAN_POINT('Ctrl Pts',(-2.82046453445583,-11.36804440726,-17.5324643999652));
#2826=CARTESIAN_POINT('Ctrl Pts',(-2.84546848365259,-11.2836716473696,-17.5315580632992));
#2827=CARTESIAN_POINT('Ctrl Pts',(-2.85667238086945,-11.2409820543623,-17.5311045507101));
#2828=CARTESIAN_POINT('Ctrl Pts',(-2.87641430960154,-11.1547754917707,-17.5301903852963));
#2829=CARTESIAN_POINT('Ctrl Pts',(-2.88495767382699,-11.1110769510495,-17.5297350992211));
#2830=CARTESIAN_POINT('Ctrl Pts',(-2.89938090712506,-11.0226643745371,-17.5288812216691));
#2831=CARTESIAN_POINT('Ctrl Pts',(-2.90522606115334,-10.9785804775732,-17.5284646480107));
#2832=CARTESIAN_POINT('Ctrl Pts',(-2.91405952596274,-10.8907739558949,-17.527481080505));
#2833=CARTESIAN_POINT('Ctrl Pts',(-2.91673070255692,-10.8447577440252,-17.5270208170802));
#2834=CARTESIAN_POINT('Ctrl Pts',(-2.91841429769104,-10.7970024626269,-17.5268103500107));
#2835=CARTESIAN_POINT('Ctrl Pts',(-2.92739807369654,-10.7971627748422,-17.5152691390353));
#2836=CARTESIAN_POINT('Ctrl Pts',(-2.9447154734257,-10.3113768285905,-17.5130816373722));
#2837=CARTESIAN_POINT('Ctrl Pts',(-2.96393544747413,-9.33955768697087,-17.5122385091871));
#2838=CARTESIAN_POINT('Ctrl Pts',(-2.97994974295914,-7.39594499747812,-17.5133521472475));
#2839=CARTESIAN_POINT('Ctrl Pts',(-2.98988966214951,-4.96671761538216,-17.513400018803));
#2840=CARTESIAN_POINT('Ctrl Pts',(-2.97856762430379,-2.5374526189799,-17.5134090360815));
#2841=CARTESIAN_POINT('Ctrl Pts',(-2.96329131262146,-0.836771350443523,
-17.5126975310658));
#2842=CARTESIAN_POINT('Ctrl Pts',(-2.95211170837927,0.0136320080743721,
-17.5125634588054));
#2843=CARTESIAN_POINT('Ctrl Pts',(-2.9456436526982,0.43884409305142,-17.5125439643049));
#2844=CARTESIAN_POINT('Ctrl Pts',(-2.93672852402487,0.681747152758494,-17.5137142641093));
#2845=CARTESIAN_POINT('Ctrl Pts',(-2.93199274502726,0.80319234697274,-17.5143700831658));
#2846=CARTESIAN_POINT('Ctrl Pts',(-2.92446534771296,0.912739540455819,-17.5157994623232));
#2847=CARTESIAN_POINT('Ctrl Pts',(-2.9195504379008,0.960045694750415,-17.5168611387337));
#2848=CARTESIAN_POINT('Ctrl Pts',(-2.90763992640422,1.05042983512471,-17.5187698982863));
#2849=CARTESIAN_POINT('Ctrl Pts',(-2.90046072222724,1.09562021074566,-17.5196294176227));
#2850=CARTESIAN_POINT('Ctrl Pts',(-2.88348064279118,1.18596029882468,-17.5214105243156));
#2851=CARTESIAN_POINT('Ctrl Pts',(-2.87377536016256,1.23051565645631,-17.5223337691737));
#2852=CARTESIAN_POINT('Ctrl Pts',(-2.85201937242128,1.31823759195955,-17.5241577644478));
#2853=CARTESIAN_POINT('Ctrl Pts',(-2.83995041703559,1.36158010501414,-17.5250584897378));
#2854=CARTESIAN_POINT('Ctrl Pts',(-2.81346785018581,1.44707324699561,-17.5268437646605));
#2855=CARTESIAN_POINT('Ctrl Pts',(-2.79907839318457,1.48918873542472,-17.5277288373161));
#2856=CARTESIAN_POINT('Ctrl Pts',(-2.76805619573542,1.57201507110209,-17.5294658111674));
#2857=CARTESIAN_POINT('Ctrl Pts',(-2.75143163728229,1.61275102353717,-17.530318039796));
#2858=CARTESIAN_POINT('Ctrl Pts',(-2.71601405121917,1.69272762807971,-17.5319789717852));
#2859=CARTESIAN_POINT('Ctrl Pts',(-2.69723309533247,1.73197814479007,-17.5327882557096));
#2860=CARTESIAN_POINT('Ctrl Pts',(-2.65759108366623,1.8088697754441,-17.534352128509));
#2861=CARTESIAN_POINT('Ctrl Pts',(-2.63673837618192,1.84652835033812,-17.5351071751207));
#2862=CARTESIAN_POINT('Ctrl Pts',(-2.59303987515213,1.92014295964886,-17.5365528845753));
#2863=CARTESIAN_POINT('Ctrl Pts',(-2.57020186873994,1.95611440088322,-17.537244073907));
#2864=CARTESIAN_POINT('Ctrl Pts',(-2.52262384992603,2.02626340234732,-17.5385531351029));
#2865=CARTESIAN_POINT('Ctrl Pts',(-2.49788862591585,2.06045896739223,-17.5391714193764));
#2866=CARTESIAN_POINT('Ctrl Pts',(-2.44660678436647,2.12697657594326,-17.540326772982));
#2867=CARTESIAN_POINT('Ctrl Pts',(-2.42006264617136,2.15931691067058,-17.5408641531655));
#2868=CARTESIAN_POINT('Ctrl Pts',(-2.36525369159845,2.22205172334971,-17.541851003715));
#2869=CARTESIAN_POINT('Ctrl Pts',(-2.33698866550579,2.25246411310314,-17.5423007887384));
#2870=CARTESIAN_POINT('Ctrl Pts',(-2.27882858404196,2.31127554422834,-17.5431071970837));
#2871=CARTESIAN_POINT('Ctrl Pts',(-2.24893009469051,2.33969247009999,-17.5434640518957));
#2872=CARTESIAN_POINT('Ctrl Pts',(-2.18759196108968,2.39445327014705,-17.5440804393848));
#2873=CARTESIAN_POINT('Ctrl Pts',(-2.15614585716581,2.42081353863712,-17.5443402898391));
#2874=CARTESIAN_POINT('Ctrl Pts',(-2.09180099946461,2.47140486722895,-17.5447599603309));
#2875=CARTESIAN_POINT('Ctrl Pts',(-2.05889303767707,2.49565019763418,-17.5449202099162));
#2876=CARTESIAN_POINT('Ctrl Pts',(-1.99171241136076,2.54195862361386,-17.5451393038253));
#2877=CARTESIAN_POINT('Ctrl Pts',(-1.95742656906738,2.56403436346359,-17.5451987067793));
#2878=CARTESIAN_POINT('Ctrl Pts',(-1.88757536516727,2.60595521283353,-17.5452164583621));
#2879=CARTESIAN_POINT('Ctrl Pts',(-1.85199710293375,2.62580876230468,-17.5451753193072));
#2880=CARTESIAN_POINT('Ctrl Pts',(-1.7796512621221,2.66323393426643,-17.5449936522931));
#2881=CARTESIAN_POINT('Ctrl Pts',(-1.74286520640021,2.68081329124014,-17.5448535250068));
#2882=CARTESIAN_POINT('Ctrl Pts',(-1.66818665910176,2.71364482570196,-17.5444779303139));
#2883=CARTESIAN_POINT('Ctrl Pts',(-1.63028254893245,2.7288990444666,-17.5442423154147));
#2884=CARTESIAN_POINT('Ctrl Pts',(-1.55347061099238,2.75702555627256,-17.5436798364105));
#2885=CARTESIAN_POINT('Ctrl Pts',(-1.51452838881544,2.76990416550557,-17.5433530213573));
#2886=CARTESIAN_POINT('Ctrl Pts',(-1.43569582613821,2.79324593041438,-17.5426198819603));
#2887=CARTESIAN_POINT('Ctrl Pts',(-1.3958528594858,2.80369197191454,-17.542211933389));
#2888=CARTESIAN_POINT('Ctrl Pts',(-1.31545974896003,2.82207711696948,-17.5413053232145));
#2889=CARTESIAN_POINT('Ctrl Pts',(-1.27464712976301,2.83004768438482,-17.5408115371988));
#2890=CARTESIAN_POINT('Ctrl Pts',(-1.1919086920954,2.8435443276081,-17.5398219355187));
#2891=CARTESIAN_POINT('Ctrl Pts',(-1.15089156700134,2.84896941095308,-17.5393083488404));
#2892=CARTESIAN_POINT('Ctrl Pts',(-1.069686303186,2.85709681409158,-17.5379919497043));
#2893=CARTESIAN_POINT('Ctrl Pts',(-1.02608098900899,2.85983369935143,-17.5372338522008));
#2894=CARTESIAN_POINT('Ctrl Pts',(-0.856301149582106,2.86533733398273,-17.5362885403519));
#2895=CARTESIAN_POINT('Ctrl Pts',(-0.609180731402758,2.86962421328468,-17.5363815961425));
#2896=CARTESIAN_POINT('Ctrl Pts',(-0.114922962392898,2.87612708346317,-17.5371556834961));
#2897=CARTESIAN_POINT('Ctrl Pts',(0.749964570587083,2.88551151511699,-17.5387340939218));
#2898=CARTESIAN_POINT('Ctrl Pts',(2.47962511249038,2.89600014914427,-17.5428931920111));
#2899=CARTESIAN_POINT('Ctrl Pts',(4.94999741050385,2.89296009874042,-17.5497038186841));
#2900=CARTESIAN_POINT('Ctrl Pts',(7.42038198087632,2.8951710216723,-17.5433031179281));
#2901=CARTESIAN_POINT('Ctrl Pts',(9.1499398409351,2.87787952715367,-17.5420201495349));
#2902=CARTESIAN_POINT('Ctrl Pts',(10.0148258224089,2.87032037174364,-17.5395580372575));
#2903=CARTESIAN_POINT('Ctrl Pts',(10.4473190122781,2.86582344439825,-17.5383715016624));
#2904=CARTESIAN_POINT('Ctrl Pts',(10.6944607810073,2.86312832395406,-17.5376520995952));
#2905=CARTESIAN_POINT('Ctrl Pts',(10.8180307034698,2.86143765541786,-17.5374016820563));
#2906=CARTESIAN_POINT('Ctrl Pts',(10.9260005968976,2.85543218083142,-17.5390561352848));
#2907=CARTESIAN_POINT('Ctrl Pts',(10.9695228362736,2.85193024114756,-17.5401632476595));
#2908=CARTESIAN_POINT('Ctrl Pts',(11.0504099770995,2.84355091645289,-17.5416400520939));
#2909=CARTESIAN_POINT('Ctrl Pts',(11.0913051889265,2.83828279004781,-17.5421088046669));
#2910=CARTESIAN_POINT('Ctrl Pts',(11.1738927316826,2.825244533613,-17.5429373373562));
#2911=CARTESIAN_POINT('Ctrl Pts',(11.2146470511916,2.81754531997545,-17.5433302471606));
#2912=CARTESIAN_POINT('Ctrl Pts',(11.2948918200933,2.79945640336718,-17.5441440989379));
#2913=CARTESIAN_POINT('Ctrl Pts',(11.3346648166857,2.78913370249129,-17.5445155676462));
#2914=CARTESIAN_POINT('Ctrl Pts',(11.413364397482,2.76601387641177,-17.5451854343633));
#2915=CARTESIAN_POINT('Ctrl Pts',(11.4522378401655,2.75321755631368,-17.5454933449467));
#2916=CARTESIAN_POINT('Ctrl Pts',(11.5289048413434,2.72522376291359,-17.546033290281));
#2917=CARTESIAN_POINT('Ctrl Pts',(11.5667348394505,2.71002287032699,-17.5462636856958));
#2918=CARTESIAN_POINT('Ctrl Pts',(11.6412556066274,2.67727414435558,-17.5466413205139));
#2919=CARTESIAN_POINT('Ctrl Pts',(11.6779580251511,2.65972392640139,-17.5467888527298));
#2920=CARTESIAN_POINT('Ctrl Pts',(11.7501234362856,2.62233936725314,-17.5469961308942));
#2921=CARTESIAN_POINT('Ctrl Pts',(11.7856054083377,2.60249733339761,-17.5470553419447));
#2922=CARTESIAN_POINT('Ctrl Pts',(11.8552468074213,2.56058458877405,-17.5470844462658));
#2923=CARTESIAN_POINT('Ctrl Pts',(11.8894194403432,2.53850537505549,-17.5470537687448));
#2924=CARTESIAN_POINT('Ctrl Pts',(11.9563515932907,2.49217737360028,-17.5469031759942));
#2925=CARTESIAN_POINT('Ctrl Pts',(11.9891249938221,2.46791630547728,-17.5467823653048));
#2926=CARTESIAN_POINT('Ctrl Pts',(12.0531733440337,2.4172828445767,-17.5464532773057));
#2927=CARTESIAN_POINT('Ctrl Pts',(12.0844584473907,2.39089683454734,-17.5462440525062));
#2928=CARTESIAN_POINT('Ctrl Pts',(12.1454412501106,2.33607622215053,-17.5457413604573));
#2929=CARTESIAN_POINT('Ctrl Pts',(12.1751464766129,2.3076259151839,-17.5454470038275));
#2930=CARTESIAN_POINT('Ctrl Pts',(12.2328804322833,2.24874251986577,-17.5447786209349));
#2931=CARTESIAN_POINT('Ctrl Pts',(12.2609135762886,2.21829205845553,-17.5444038739964));
#2932=CARTESIAN_POINT('Ctrl Pts',(12.3152125833011,2.15547991910036,-17.5435805258412));
#2933=CARTESIAN_POINT('Ctrl Pts',(12.3414791957535,2.12310044172581,-17.5431313779861));
#2934=CARTESIAN_POINT('Ctrl Pts',(12.3921529740573,2.05650852546787,-17.5421660243203));
#2935=CARTESIAN_POINT('Ctrl Pts',(12.4165578918805,2.02227765376763,-17.541649441378));
#2936=CARTESIAN_POINT('Ctrl Pts',(12.4634154213987,1.95206832415948,-17.5405570926237));
#2937=CARTESIAN_POINT('Ctrl Pts',(12.4858630440945,1.91607145136628,-17.539981046989));
#2938=CARTESIAN_POINT('Ctrl Pts',(12.5287134084864,1.84242344901627,-17.5387786352707));
#2939=CARTESIAN_POINT('Ctrl Pts',(12.5491077319186,1.80475641724836,-17.5381520213248));
#2940=CARTESIAN_POINT('Ctrl Pts',(12.5877565380407,1.72787356590836,-17.5368579055902));
#2941=CARTESIAN_POINT('Ctrl Pts',(12.6060020836529,1.68863974590793,-17.5361901788062));
#2942=CARTESIAN_POINT('Ctrl Pts',(12.640264823586,1.60873234852488,-17.5348240971341));
#2943=CARTESIAN_POINT('Ctrl Pts',(12.656268835604,1.56804862660419,-17.5341255151302));
#2944=CARTESIAN_POINT('Ctrl Pts',(12.6859537386647,1.4853741089883,-17.5327074854738));
#2945=CARTESIAN_POINT('Ctrl Pts',(12.699625313325,1.4433569057122,-17.5319881045475));
#2946=CARTESIAN_POINT('Ctrl Pts',(12.7245770179903,1.35812136628818,-17.5305409672698));
#2947=CARTESIAN_POINT('Ctrl Pts',(12.7358326416145,1.31494191855325,-17.5298124757814));
#2948=CARTESIAN_POINT('Ctrl Pts',(12.7558155241077,1.22762736599854,-17.5283501603946));
#2949=CARTESIAN_POINT('Ctrl Pts',(12.7645520464179,1.18329778057878,-17.5276191815516));
#2950=CARTESIAN_POINT('Ctrl Pts',(12.7796064695741,1.09348014567685,-17.5261918739383));
#2951=CARTESIAN_POINT('Ctrl Pts',(12.7858626196757,1.04866264020719,-17.5254784503242));
#2952=CARTESIAN_POINT('Ctrl Pts',(12.7952844492369,0.959294471038985,-17.5240093590636));
#2953=CARTESIAN_POINT('Ctrl Pts',(12.7984126581218,0.91229856901953,-17.5232501848357));
#2954=CARTESIAN_POINT('Ctrl Pts',(12.8656057731657,-0.350718462153459,-17.5099501920605));
#2955=CARTESIAN_POINT('Ctrl Pts',(12.8747716157791,-1.80863680010342,-17.5132016211435));
#2956=CARTESIAN_POINT('Ctrl Pts',(12.8841008281573,-3.75207320505941,-17.5132229948763));
#2957=CARTESIAN_POINT('Ctrl Pts',(12.8874892146512,-5.45257157798922,-17.5135571038327));
#2958=CARTESIAN_POINT('Ctrl Pts',(12.8799599067402,-7.39594484594916,-17.5133381307814));
#2959=CARTESIAN_POINT('Ctrl Pts',(12.8630402910434,-9.096574003654,-17.5130339579196));
#2960=CARTESIAN_POINT('Ctrl Pts',(12.8518039620347,-9.94694321197018,-17.5127874045131));
#2961=CARTESIAN_POINT('Ctrl Pts',(12.8453301222946,-10.3721455313081,-17.5127127692141));
#2962=CARTESIAN_POINT('Ctrl Pts',(12.8413557216336,-10.6151213452876,-17.5126790734934));
#2963=CARTESIAN_POINT('Ctrl Pts',(12.8392665537698,-10.7366100363621,-17.5126604429906));
#2964=CARTESIAN_POINT('Ctrl Pts',(12.8319670860876,-10.8450337473497,-17.5139231372018));
#2965=CARTESIAN_POINT('Ctrl Pts',(12.8273775479598,-10.8912225175876,-17.514831875385));
#2966=CARTESIAN_POINT('Ctrl Pts',(12.8164740030594,-10.9795550375809,-17.5163098212533));
#2967=CARTESIAN_POINT('Ctrl Pts',(12.8098379461423,-11.0238049556156,-17.5169235679902));
#2968=CARTESIAN_POINT('Ctrl Pts',(12.7938684575495,-11.1124074100899,-17.5181812984735));
#2969=CARTESIAN_POINT('Ctrl Pts',(12.7846114519385,-11.1561726485551,-17.5188315019232));
#2970=CARTESIAN_POINT('Ctrl Pts',(12.763589310987,-11.2424736103761,-17.5201089918003));
#2971=CARTESIAN_POINT('Ctrl Pts',(12.7518210436407,-11.2851829799353,-17.5207302721312));
#2972=CARTESIAN_POINT('Ctrl Pts',(12.7258044610428,-11.3695595839606,-17.5219495767534));
#2973=CARTESIAN_POINT('Ctrl Pts',(12.7115729518742,-11.4111922060311,-17.5225484549256));
#2974=CARTESIAN_POINT('Ctrl Pts',(12.6807283180985,-11.4932053939462,-17.5237092223297));
#2975=CARTESIAN_POINT('Ctrl Pts',(12.6641173467312,-11.5336086640727,-17.5242711207394));
#2976=CARTESIAN_POINT('Ctrl Pts',(12.6285827659312,-11.6130666610539,-17.5253511491741));
#2977=CARTESIAN_POINT('Ctrl Pts',(12.6096646722633,-11.6521293134828,-17.5258695192168));
#2978=CARTESIAN_POINT('Ctrl Pts',(12.5696011731876,-11.7287893170951,-17.5268538359494));
#2979=CARTESIAN_POINT('Ctrl Pts',(12.548457159141,-11.7663995765579,-17.5273201734379));
#2980=CARTESIAN_POINT('Ctrl Pts',(12.5040252324629,-11.8400532699733,-17.5281935197313));
#2981=CARTESIAN_POINT('Ctrl Pts',(12.4807375463369,-11.876107877213,-17.5286010310544));
#2982=CARTESIAN_POINT('Ctrl Pts',(12.4321055639915,-11.9465521355934,-17.5293505029733));
#2983=CARTESIAN_POINT('Ctrl Pts',(12.4067592277889,-11.9809531508235,-17.5296930246971));
#2984=CARTESIAN_POINT('Ctrl Pts',(12.3540986695062,-12.0479987904226,-17.5303073062775));
#2985=CARTESIAN_POINT('Ctrl Pts',(12.3267805757479,-12.0806541961406,-17.5305796276021));
#2986=CARTESIAN_POINT('Ctrl Pts',(12.2702665401981,-12.1441228494219,-17.5310493536693));
#2987=CARTESIAN_POINT('Ctrl Pts',(12.2410648434957,-12.1749465909029,-17.5312471825268));
#2988=CARTESIAN_POINT('Ctrl Pts',(12.180874890766,-12.2346709239651,-17.5315651022931));
#2989=CARTESIAN_POINT('Ctrl Pts',(12.1498799067169,-12.2635807661908,-17.5316854280437));
#2990=CARTESIAN_POINT('Ctrl Pts',(12.0861966089545,-12.3193997071822,-17.5318466868623));
#2991=CARTESIAN_POINT('Ctrl Pts',(12.0535004155495,-12.3463168945535,-17.5318876663944));
#2992=CARTESIAN_POINT('Ctrl Pts',(11.9865103204208,-12.3980762996044,-17.531889521151));
#2993=CARTESIAN_POINT('Ctrl Pts',(11.9522064469882,-12.4229265091712,-17.5318501450671));
#2994=CARTESIAN_POINT('Ctrl Pts',(11.8820968365747,-12.4704835910769,-17.531691918211));
#2995=CARTESIAN_POINT('Ctrl Pts',(11.8462816390361,-12.4931955627877,-17.5315727685282));
#2996=CARTESIAN_POINT('Ctrl Pts',(11.7732503989564,-12.5364080618541,-17.531256635743));
#2997=CARTESIAN_POINT('Ctrl Pts',(11.7360232237638,-12.5569124513944,-17.531059289336));
#2998=CARTESIAN_POINT('Ctrl Pts',(11.6602713349197,-12.5956458280992,-17.5305893651294));
#2999=CARTESIAN_POINT('Ctrl Pts',(11.6217339373221,-12.6138774508314,-17.5303163324882));
#3000=CARTESIAN_POINT('Ctrl Pts',(11.543465472169,-12.6480066473161,-17.5296990257301));
#3001=CARTESIAN_POINT('Ctrl Pts',(11.5037267517216,-12.6639020715082,-17.5293544680428));
#3002=CARTESIAN_POINT('Ctrl Pts',(11.423175383718,-12.6932932930164,-17.5285987402707));
#3003=CARTESIAN_POINT('Ctrl Pts',(11.3823374213541,-12.7067928417755,-17.5281867783615));
#3004=CARTESIAN_POINT('Ctrl Pts',(11.299673538343,-12.7313599677073,-17.5273029854377));
#3005=CARTESIAN_POINT('Ctrl Pts',(11.2578864928736,-12.7424086745845,-17.5268313279156));
#3006=CARTESIAN_POINT('Ctrl Pts',(11.1735489293141,-12.7619553588327,-17.5258300318563));
#3007=CARTESIAN_POINT('Ctrl Pts',(11.1307985680919,-12.7704818952196,-17.5253007102004));
#3008=CARTESIAN_POINT('Ctrl Pts',(11.0442839102486,-12.7851683558098,-17.5242102444108));
#3009=CARTESIAN_POINT('Ctrl Pts',(11.0012143360022,-12.791206029898,-17.523652838087));
#3010=CARTESIAN_POINT('Ctrl Pts',(10.9155315619982,-12.8003639949118,-17.5223799393202));
#3011=CARTESIAN_POINT('Ctrl Pts',(10.8703321392433,-12.8031651212246,-17.5217825611056));
#3012=CARTESIAN_POINT('Ctrl Pts',(10.5786021759688,-12.8202633901503,-17.5183124013079));
#3013=CARTESIAN_POINT('Ctrl Pts',(10.0890843477161,-12.8287354532558,-17.5183598169393));
#3014=CARTESIAN_POINT('Ctrl Pts',(9.35484181583833,-12.8388443868653,-17.5185543343132));
#3015=CARTESIAN_POINT('Ctrl Pts',(8.62064662194493,-12.8478843982032,-17.5186235151864));
#3016=CARTESIAN_POINT('Ctrl Pts',(7.15230690230878,-12.8621941564306,-17.5188442519855));
#3017=CARTESIAN_POINT('Ctrl Pts',(4.95000316150989,-12.8712212517725,-17.5191522333188));
#3018=CARTESIAN_POINT('Ctrl Pts',(2.50298701950365,-12.8612396700081,-17.518796102239));
#3019=CARTESIAN_POINT('Ctrl Pts',(0.789913906309336,-12.841535789139,-17.5188382561666));
#3020=CARTESIAN_POINT('Ctrl Pts',(-0.0667014430080132,-12.8297996030973,
-17.5185360494714));
#3021=CARTESIAN_POINT('Ctrl Pts',(-0.556203028772561,-12.8213942351317,
-17.5186521790174));
#3022=CARTESIAN_POINT('Ctrl Pts',(-0.801005561497943,-12.8193615548208,
-17.5179263899274));
#3023=CARTESIAN_POINT('Ctrl Pts',(-0.970350759223493,-12.8040601733447,
-17.5215050802774));
#3024=CARTESIAN_POINT('Ctrl Pts',(-1.01554447739904,-12.8002049008708,-17.5224260273412));
#3025=CARTESIAN_POINT('Ctrl Pts',(-1.10111920599454,-12.7899488773167,-17.5240545067981));
#3026=CARTESIAN_POINT('Ctrl Pts',(-1.14411481719816,-12.7836045919107,-17.5247205179605));
#3027=CARTESIAN_POINT('Ctrl Pts',(-1.23051285007153,-12.768570122117,-17.5259437926735));
#3028=CARTESIAN_POINT('Ctrl Pts',(-1.2732120435206,-12.7600155284322,-17.5264933081897));
#3029=CARTESIAN_POINT('Ctrl Pts',(-1.35748308906974,-12.7405726124607,-17.5274774929491));
#3030=CARTESIAN_POINT('Ctrl Pts',(-1.39925596680107,-12.7296522228626,-17.5279131147257));
#3031=CARTESIAN_POINT('Ctrl Pts',(-1.48193803738401,-12.7054237591775,-17.5286897912655));
#3032=CARTESIAN_POINT('Ctrl Pts',(-1.52280802533076,-12.6921369373783,-17.5290299572192));
#3033=CARTESIAN_POINT('Ctrl Pts',(-1.60347105622048,-12.6632113252563,-17.5296196892184));
#3034=CARTESIAN_POINT('Ctrl Pts',(-1.64328941765722,-12.6475692820959,-17.5298699159925));
#3035=CARTESIAN_POINT('Ctrl Pts',(-1.72176158310688,-12.6139562307018,-17.5302863526582));
#3036=CARTESIAN_POINT('Ctrl Pts',(-1.76042299414271,-12.5959877923829,-17.5304527273733));
#3037=CARTESIAN_POINT('Ctrl Pts',(-1.83646110365832,-12.5577684144173,-17.5307050817347));
#3038=CARTESIAN_POINT('Ctrl Pts',(-1.87385026121301,-12.5375148286247,-17.5307915617247));
#3039=CARTESIAN_POINT('Ctrl Pts',(-1.94723519669787,-12.4947760114998,-17.5308881476599));
#3040=CARTESIAN_POINT('Ctrl Pts',(-1.98324172891967,-12.4722866345781,-17.5308987751672));
#3041=CARTESIAN_POINT('Ctrl Pts',(-2.05375323391565,-12.4251352406881,-17.5308477436614));
#3042=CARTESIAN_POINT('Ctrl Pts',(-2.08826733687638,-12.4004679654413,-17.5307864948947));
#3043=CARTESIAN_POINT('Ctrl Pts',(-2.15568502350189,-12.3490267022576,-17.5305960715078));
#3044=CARTESIAN_POINT('Ctrl Pts',(-2.18859837628197,-12.3222448804678,-17.5304671411779));
#3045=CARTESIAN_POINT('Ctrl Pts',(-2.25271022984992,-12.2666444261525,-17.5301466027025));
#3046=CARTESIAN_POINT('Ctrl Pts',(-2.28391622987971,-12.2378176885559,-17.5299550424964));
#3047=CARTESIAN_POINT('Ctrl Pts',(-2.34450914915727,-12.1782059850895,-17.5295143928115));
#3048=CARTESIAN_POINT('Ctrl Pts',(-2.37390185833486,-12.147411274,-17.5292654375207));
#3049=CARTESIAN_POINT('Ctrl Pts',(-2.43076480384832,-12.0839482754453,-17.5287157934355));
#3050=CARTESIAN_POINT('Ctrl Pts',(-2.45823961320028,-12.0512689090867,-17.5284151447778));
#3051=CARTESIAN_POINT('Ctrl Pts',(-2.51116555914394,-11.9841263097693,-17.5277687759954));
#3052=CARTESIAN_POINT('Ctrl Pts',(-2.53661943146096,-11.9496518617264,-17.5274229164768));
#3053=CARTESIAN_POINT('Ctrl Pts',(-2.58540363844042,-11.8790178174086,-17.5266928667683));
#3054=CARTESIAN_POINT('Ctrl Pts',(-2.60873470455895,-11.842846419342,-17.5263085845219));
#3055=CARTESIAN_POINT('Ctrl Pts',(-2.65317547678041,-11.7689247267838,-17.5255088480033));
#3056=CARTESIAN_POINT('Ctrl Pts',(-2.67428395109675,-11.7311630642228,-17.5250932238382));
#3057=CARTESIAN_POINT('Ctrl Pts',(-2.71418313707375,-11.6541766168588,-17.524238132217));
#3058=CARTESIAN_POINT('Ctrl Pts',(-2.73297156364078,-11.6149389561649,-17.5237985250302));
#3059=CARTESIAN_POINT('Ctrl Pts',(-2.76813983176161,-11.5351213703133,-17.5229033928232));
#3060=CARTESIAN_POINT('Ctrl Pts',(-2.78451408177702,-11.494533701186,-17.5224476190357));
#3061=CARTESIAN_POINT('Ctrl Pts',(-2.81476279282721,-11.4121575520634,-17.521526369126));
#3062=CARTESIAN_POINT('Ctrl Pts',(-2.82863400345332,-11.3703468330426,-17.5210610930094));
#3063=CARTESIAN_POINT('Ctrl Pts',(-2.85380126766191,-11.2856409428333,-17.5201326480599));
#3064=CARTESIAN_POINT('Ctrl Pts',(-2.86508274678573,-11.2427800408399,-17.5196680861994));
#3065=CARTESIAN_POINT('Ctrl Pts',(-2.8849716801897,-11.1562207022779,-17.5187316016852));
#3066=CARTESIAN_POINT('Ctrl Pts',(-2.89358206962994,-11.1123508530383,-17.5182652180715));
#3067=CARTESIAN_POINT('Ctrl Pts',(-2.90812403166004,-11.0236066388434,-17.5173905045666));
#3068=CARTESIAN_POINT('Ctrl Pts',(-2.91402733397523,-10.9793250974905,-17.5169638658236));
#3069=CARTESIAN_POINT('Ctrl Pts',(-2.92297908700317,-10.8910547034329,-17.5159561568201));
#3070=CARTESIAN_POINT('Ctrl Pts',(-2.92569565031144,-10.84491898351,-17.5154841859849));
#3071=CARTESIAN_POINT('Ctrl Pts',(-2.92739807369654,-10.7971627748422,-17.5152691390353));
#3072=CARTESIAN_POINT('',(-2.55007948146561,-10.7904296617972,-18.));
#3073=CARTESIAN_POINT('',(-2.92739807369654,-10.7971627748422,-17.5152691390353));
#3074=CARTESIAN_POINT('',(-2.55007948146561,-10.7904296617972,-18.));
#3075=CARTESIAN_POINT('',(-2.92911048585971,-10.742167307513,-17.5150835964518));
#3076=CARTESIAN_POINT('Ctrl Pts',(-2.92739807369654,-10.7971627748422,-17.5152691390353));
#3077=CARTESIAN_POINT('Ctrl Pts',(-2.92805151862803,-10.7788324036933,-17.5151865970893));
#3078=CARTESIAN_POINT('Ctrl Pts',(-2.92869398965346,-10.7605018565263,-17.5151065695062));
#3079=CARTESIAN_POINT('Ctrl Pts',(-2.92932575025281,-10.7421711401547,-17.5150289802136));
#3080=CARTESIAN_POINT('Ctrl Pts',(-2.92932575025281,-10.7421711401547,-17.5150289802136));
#3081=CARTESIAN_POINT('Ctrl Pts',(-2.94543671777766,-10.2747067612899,-17.5130503215673));
#3082=CARTESIAN_POINT('Ctrl Pts',(-2.96408651605804,-9.32122289247801,-17.5122490145337));
#3083=CARTESIAN_POINT('Ctrl Pts',(-2.97994974295914,-7.39594499747812,-17.5133521472475));
#3084=CARTESIAN_POINT('Ctrl Pts',(-2.98988966214951,-4.96671761538216,-17.513400018803));
#3085=CARTESIAN_POINT('Ctrl Pts',(-2.97856762430379,-2.5374526189799,-17.5134090360815));
#3086=CARTESIAN_POINT('Ctrl Pts',(-2.96329131262146,-0.836771350443523,
-17.5126975310658));
#3087=CARTESIAN_POINT('Ctrl Pts',(-2.95211170837927,0.0136320080743721,
-17.5125634588054));
#3088=CARTESIAN_POINT('Ctrl Pts',(-2.9456436526982,0.43884409305142,-17.5125439643049));
#3089=CARTESIAN_POINT('Ctrl Pts',(-2.93672852402487,0.681747152758494,-17.5137142641093));
#3090=CARTESIAN_POINT('Ctrl Pts',(-2.93199274502726,0.80319234697274,-17.5143700831658));
#3091=CARTESIAN_POINT('Ctrl Pts',(-2.92446534771296,0.912739540455819,-17.5157994623232));
#3092=CARTESIAN_POINT('Ctrl Pts',(-2.9195504379008,0.960045694750415,-17.5168611387337));
#3093=CARTESIAN_POINT('Ctrl Pts',(-2.90763992640422,1.05042983512471,-17.5187698982863));
#3094=CARTESIAN_POINT('Ctrl Pts',(-2.90046072222724,1.09562021074566,-17.5196294176227));
#3095=CARTESIAN_POINT('Ctrl Pts',(-2.88348064279118,1.18596029882468,-17.5214105243156));
#3096=CARTESIAN_POINT('Ctrl Pts',(-2.87377536016256,1.23051565645631,-17.5223337691737));
#3097=CARTESIAN_POINT('Ctrl Pts',(-2.85201937242128,1.31823759195955,-17.5241577644478));
#3098=CARTESIAN_POINT('Ctrl Pts',(-2.83995041703559,1.36158010501414,-17.5250584897378));
#3099=CARTESIAN_POINT('Ctrl Pts',(-2.81346785018581,1.44707324699561,-17.5268437646605));
#3100=CARTESIAN_POINT('Ctrl Pts',(-2.79907839318457,1.48918873542472,-17.5277288373161));
#3101=CARTESIAN_POINT('Ctrl Pts',(-2.76805619573542,1.57201507110209,-17.5294658111674));
#3102=CARTESIAN_POINT('Ctrl Pts',(-2.75143163728229,1.61275102353717,-17.530318039796));
#3103=CARTESIAN_POINT('Ctrl Pts',(-2.71601405121917,1.69272762807971,-17.5319789717852));
#3104=CARTESIAN_POINT('Ctrl Pts',(-2.69723309533247,1.73197814479007,-17.5327882557096));
#3105=CARTESIAN_POINT('Ctrl Pts',(-2.65759108366623,1.8088697754441,-17.534352128509));
#3106=CARTESIAN_POINT('Ctrl Pts',(-2.63673837618192,1.84652835033812,-17.5351071751207));
#3107=CARTESIAN_POINT('Ctrl Pts',(-2.59303987515213,1.92014295964886,-17.5365528845753));
#3108=CARTESIAN_POINT('Ctrl Pts',(-2.57020186873994,1.95611440088322,-17.537244073907));
#3109=CARTESIAN_POINT('Ctrl Pts',(-2.52262384992603,2.02626340234732,-17.5385531351029));
#3110=CARTESIAN_POINT('Ctrl Pts',(-2.49788862591585,2.06045896739223,-17.5391714193764));
#3111=CARTESIAN_POINT('Ctrl Pts',(-2.44660678436647,2.12697657594326,-17.540326772982));
#3112=CARTESIAN_POINT('Ctrl Pts',(-2.42006264617136,2.15931691067058,-17.5408641531655));
#3113=CARTESIAN_POINT('Ctrl Pts',(-2.36525369159845,2.22205172334971,-17.541851003715));
#3114=CARTESIAN_POINT('Ctrl Pts',(-2.33698866550579,2.25246411310314,-17.5423007887384));
#3115=CARTESIAN_POINT('Ctrl Pts',(-2.27882858404196,2.31127554422834,-17.5431071970837));
#3116=CARTESIAN_POINT('Ctrl Pts',(-2.24893009469051,2.33969247009999,-17.5434640518957));
#3117=CARTESIAN_POINT('Ctrl Pts',(-2.18759196108968,2.39445327014705,-17.5440804393848));
#3118=CARTESIAN_POINT('Ctrl Pts',(-2.15614585716581,2.42081353863712,-17.5443402898391));
#3119=CARTESIAN_POINT('Ctrl Pts',(-2.09180099946461,2.47140486722895,-17.5447599603309));
#3120=CARTESIAN_POINT('Ctrl Pts',(-2.05889303767707,2.49565019763418,-17.5449202099162));
#3121=CARTESIAN_POINT('Ctrl Pts',(-1.99171241136076,2.54195862361386,-17.5451393038253));
#3122=CARTESIAN_POINT('Ctrl Pts',(-1.95742656906738,2.56403436346359,-17.5451987067793));
#3123=CARTESIAN_POINT('Ctrl Pts',(-1.88757536516727,2.60595521283353,-17.5452164583621));
#3124=CARTESIAN_POINT('Ctrl Pts',(-1.85199710293375,2.62580876230468,-17.5451753193072));
#3125=CARTESIAN_POINT('Ctrl Pts',(-1.7796512621221,2.66323393426643,-17.5449936522931));
#3126=CARTESIAN_POINT('Ctrl Pts',(-1.74286520640021,2.68081329124014,-17.5448535250068));
#3127=CARTESIAN_POINT('Ctrl Pts',(-1.66818665910176,2.71364482570196,-17.5444779303139));
#3128=CARTESIAN_POINT('Ctrl Pts',(-1.63028254893245,2.7288990444666,-17.5442423154147));
#3129=CARTESIAN_POINT('Ctrl Pts',(-1.55347061099238,2.75702555627256,-17.5436798364105));
#3130=CARTESIAN_POINT('Ctrl Pts',(-1.51452838881544,2.76990416550557,-17.5433530213573));
#3131=CARTESIAN_POINT('Ctrl Pts',(-1.43569582613821,2.79324593041438,-17.5426198819603));
#3132=CARTESIAN_POINT('Ctrl Pts',(-1.3958528594858,2.80369197191454,-17.542211933389));
#3133=CARTESIAN_POINT('Ctrl Pts',(-1.31545974896003,2.82207711696948,-17.5413053232145));
#3134=CARTESIAN_POINT('Ctrl Pts',(-1.27464712976301,2.83004768438482,-17.5408115371988));
#3135=CARTESIAN_POINT('Ctrl Pts',(-1.1919086920954,2.8435443276081,-17.5398219355187));
#3136=CARTESIAN_POINT('Ctrl Pts',(-1.15089156700134,2.84896941095308,-17.5393083488404));
#3137=CARTESIAN_POINT('Ctrl Pts',(-1.069686303186,2.85709681409158,-17.5379919497043));
#3138=CARTESIAN_POINT('Ctrl Pts',(-1.02608098900899,2.85983369935143,-17.5372338522008));
#3139=CARTESIAN_POINT('Ctrl Pts',(-0.856301149582106,2.86533733398273,-17.5362885403519));
#3140=CARTESIAN_POINT('Ctrl Pts',(-0.609180731402758,2.86962421328468,-17.5363815961425));
#3141=CARTESIAN_POINT('Ctrl Pts',(-0.114922962392898,2.87612708346317,-17.5371556834961));
#3142=CARTESIAN_POINT('Ctrl Pts',(0.749964570587083,2.88551151511699,-17.5387340939218));
#3143=CARTESIAN_POINT('Ctrl Pts',(2.47962511249038,2.89600014914427,-17.5428931920111));
#3144=CARTESIAN_POINT('Ctrl Pts',(4.94999741050385,2.89296009874042,-17.5497038186841));
#3145=CARTESIAN_POINT('Ctrl Pts',(7.42038198087632,2.8951710216723,-17.5433031179281));
#3146=CARTESIAN_POINT('Ctrl Pts',(9.1499398409351,2.87787952715367,-17.5420201495349));
#3147=CARTESIAN_POINT('Ctrl Pts',(10.0148258224089,2.87032037174364,-17.5395580372575));
#3148=CARTESIAN_POINT('Ctrl Pts',(10.4473190122781,2.86582344439825,-17.5383715016624));
#3149=CARTESIAN_POINT('Ctrl Pts',(10.6944607810073,2.86312832395406,-17.5376520995952));
#3150=CARTESIAN_POINT('Ctrl Pts',(10.8180307034698,2.86143765541786,-17.5374016820563));
#3151=CARTESIAN_POINT('Ctrl Pts',(10.9260005968976,2.85543218083142,-17.5390561352848));
#3152=CARTESIAN_POINT('Ctrl Pts',(10.9695228362736,2.85193024114756,-17.5401632476595));
#3153=CARTESIAN_POINT('Ctrl Pts',(11.0504099770995,2.84355091645289,-17.5416400520939));
#3154=CARTESIAN_POINT('Ctrl Pts',(11.0913051889265,2.83828279004781,-17.5421088046669));
#3155=CARTESIAN_POINT('Ctrl Pts',(11.1738927316826,2.825244533613,-17.5429373373562));
#3156=CARTESIAN_POINT('Ctrl Pts',(11.2146470511916,2.81754531997545,-17.5433302471606));
#3157=CARTESIAN_POINT('Ctrl Pts',(11.2948918200933,2.79945640336718,-17.5441440989379));
#3158=CARTESIAN_POINT('Ctrl Pts',(11.3346648166857,2.78913370249129,-17.5445155676462));
#3159=CARTESIAN_POINT('Ctrl Pts',(11.413364397482,2.76601387641177,-17.5451854343633));
#3160=CARTESIAN_POINT('Ctrl Pts',(11.4522378401655,2.75321755631368,-17.5454933449467));
#3161=CARTESIAN_POINT('Ctrl Pts',(11.5289048413434,2.72522376291359,-17.546033290281));
#3162=CARTESIAN_POINT('Ctrl Pts',(11.5667348394505,2.71002287032699,-17.5462636856958));
#3163=CARTESIAN_POINT('Ctrl Pts',(11.6412556066274,2.67727414435558,-17.5466413205139));
#3164=CARTESIAN_POINT('Ctrl Pts',(11.6779580251511,2.65972392640139,-17.5467888527298));
#3165=CARTESIAN_POINT('Ctrl Pts',(11.7501234362856,2.62233936725314,-17.5469961308942));
#3166=CARTESIAN_POINT('Ctrl Pts',(11.7856054083377,2.60249733339761,-17.5470553419447));
#3167=CARTESIAN_POINT('Ctrl Pts',(11.8552468074213,2.56058458877405,-17.5470844462658));
#3168=CARTESIAN_POINT('Ctrl Pts',(11.8894194403432,2.53850537505549,-17.5470537687448));
#3169=CARTESIAN_POINT('Ctrl Pts',(11.9563515932907,2.49217737360028,-17.5469031759942));
#3170=CARTESIAN_POINT('Ctrl Pts',(11.9891249938221,2.46791630547728,-17.5467823653048));
#3171=CARTESIAN_POINT('Ctrl Pts',(12.0531733440337,2.4172828445767,-17.5464532773057));
#3172=CARTESIAN_POINT('Ctrl Pts',(12.0844584473907,2.39089683454734,-17.5462440525062));
#3173=CARTESIAN_POINT('Ctrl Pts',(12.1454412501106,2.33607622215053,-17.5457413604573));
#3174=CARTESIAN_POINT('Ctrl Pts',(12.1751464766129,2.3076259151839,-17.5454470038275));
#3175=CARTESIAN_POINT('Ctrl Pts',(12.2328804322833,2.24874251986577,-17.5447786209349));
#3176=CARTESIAN_POINT('Ctrl Pts',(12.2609135762886,2.21829205845553,-17.5444038739964));
#3177=CARTESIAN_POINT('Ctrl Pts',(12.3152125833011,2.15547991910036,-17.5435805258412));
#3178=CARTESIAN_POINT('Ctrl Pts',(12.3414791957535,2.12310044172581,-17.5431313779861));
#3179=CARTESIAN_POINT('Ctrl Pts',(12.3921529740573,2.05650852546787,-17.5421660243203));
#3180=CARTESIAN_POINT('Ctrl Pts',(12.4165578918805,2.02227765376763,-17.541649441378));
#3181=CARTESIAN_POINT('Ctrl Pts',(12.4634154213987,1.95206832415948,-17.5405570926237));
#3182=CARTESIAN_POINT('Ctrl Pts',(12.4858630440945,1.91607145136628,-17.539981046989));
#3183=CARTESIAN_POINT('Ctrl Pts',(12.5287134084864,1.84242344901627,-17.5387786352707));
#3184=CARTESIAN_POINT('Ctrl Pts',(12.5491077319186,1.80475641724836,-17.5381520213248));
#3185=CARTESIAN_POINT('Ctrl Pts',(12.5877565380407,1.72787356590836,-17.5368579055902));
#3186=CARTESIAN_POINT('Ctrl Pts',(12.6060020836529,1.68863974590793,-17.5361901788062));
#3187=CARTESIAN_POINT('Ctrl Pts',(12.640264823586,1.60873234852488,-17.5348240971341));
#3188=CARTESIAN_POINT('Ctrl Pts',(12.656268835604,1.56804862660419,-17.5341255151302));
#3189=CARTESIAN_POINT('Ctrl Pts',(12.6859537386647,1.4853741089883,-17.5327074854738));
#3190=CARTESIAN_POINT('Ctrl Pts',(12.699625313325,1.4433569057122,-17.5319881045475));
#3191=CARTESIAN_POINT('Ctrl Pts',(12.7245770179903,1.35812136628818,-17.5305409672698));
#3192=CARTESIAN_POINT('Ctrl Pts',(12.7358326416145,1.31494191855325,-17.5298124757814));
#3193=CARTESIAN_POINT('Ctrl Pts',(12.7558155241077,1.22762736599854,-17.5283501603946));
#3194=CARTESIAN_POINT('Ctrl Pts',(12.7645520464179,1.18329778057878,-17.5276191815516));
#3195=CARTESIAN_POINT('Ctrl Pts',(12.7796064695741,1.09348014567685,-17.5261918739383));
#3196=CARTESIAN_POINT('Ctrl Pts',(12.7858626196757,1.04866264020719,-17.5254784503242));
#3197=CARTESIAN_POINT('Ctrl Pts',(12.7952844492369,0.959294471038985,-17.5240093590636));
#3198=CARTESIAN_POINT('Ctrl Pts',(12.7984126581218,0.91229856901953,-17.5232501848357));
#3199=CARTESIAN_POINT('Ctrl Pts',(12.8656057731657,-0.350718462153459,-17.5099501920605));
#3200=CARTESIAN_POINT('Ctrl Pts',(12.8747716157791,-1.80863680010342,-17.5132016211435));
#3201=CARTESIAN_POINT('Ctrl Pts',(12.8841008281573,-3.75207320505941,-17.5132229948763));
#3202=CARTESIAN_POINT('Ctrl Pts',(12.8874892146512,-5.45257157798922,-17.5135571038327));
#3203=CARTESIAN_POINT('Ctrl Pts',(12.8799599067402,-7.39594484594916,-17.5133381307814));
#3204=CARTESIAN_POINT('Ctrl Pts',(12.8630402910434,-9.096574003654,-17.5130339579196));
#3205=CARTESIAN_POINT('Ctrl Pts',(12.8518039620347,-9.94694321197018,-17.5127874045131));
#3206=CARTESIAN_POINT('Ctrl Pts',(12.8453301222946,-10.3721455313081,-17.5127127692141));
#3207=CARTESIAN_POINT('Ctrl Pts',(12.8413557216336,-10.6151213452876,-17.5126790734934));
#3208=CARTESIAN_POINT('Ctrl Pts',(12.8392665537698,-10.7366100363621,-17.5126604429906));
#3209=CARTESIAN_POINT('Ctrl Pts',(12.8319670860876,-10.8450337473497,-17.5139231372018));
#3210=CARTESIAN_POINT('Ctrl Pts',(12.8273775479598,-10.8912225175876,-17.514831875385));
#3211=CARTESIAN_POINT('Ctrl Pts',(12.8164740030594,-10.9795550375809,-17.5163098212533));
#3212=CARTESIAN_POINT('Ctrl Pts',(12.8098379461423,-11.0238049556156,-17.5169235679902));
#3213=CARTESIAN_POINT('Ctrl Pts',(12.7938684575495,-11.1124074100899,-17.5181812984735));
#3214=CARTESIAN_POINT('Ctrl Pts',(12.7846114519385,-11.1561726485551,-17.5188315019232));
#3215=CARTESIAN_POINT('Ctrl Pts',(12.763589310987,-11.2424736103761,-17.5201089918003));
#3216=CARTESIAN_POINT('Ctrl Pts',(12.7518210436407,-11.2851829799353,-17.5207302721312));
#3217=CARTESIAN_POINT('Ctrl Pts',(12.7258044610428,-11.3695595839606,-17.5219495767534));
#3218=CARTESIAN_POINT('Ctrl Pts',(12.7115729518742,-11.4111922060311,-17.5225484549256));
#3219=CARTESIAN_POINT('Ctrl Pts',(12.6807283180985,-11.4932053939462,-17.5237092223297));
#3220=CARTESIAN_POINT('Ctrl Pts',(12.6641173467312,-11.5336086640727,-17.5242711207394));
#3221=CARTESIAN_POINT('Ctrl Pts',(12.6285827659312,-11.6130666610539,-17.5253511491741));
#3222=CARTESIAN_POINT('Ctrl Pts',(12.6096646722633,-11.6521293134828,-17.5258695192168));
#3223=CARTESIAN_POINT('Ctrl Pts',(12.5696011731876,-11.7287893170951,-17.5268538359494));
#3224=CARTESIAN_POINT('Ctrl Pts',(12.548457159141,-11.7663995765579,-17.5273201734379));
#3225=CARTESIAN_POINT('Ctrl Pts',(12.5040252324629,-11.8400532699733,-17.5281935197313));
#3226=CARTESIAN_POINT('Ctrl Pts',(12.4807375463369,-11.876107877213,-17.5286010310544));
#3227=CARTESIAN_POINT('Ctrl Pts',(12.4321055639915,-11.9465521355934,-17.5293505029733));
#3228=CARTESIAN_POINT('Ctrl Pts',(12.4067592277889,-11.9809531508235,-17.5296930246971));
#3229=CARTESIAN_POINT('Ctrl Pts',(12.3540986695062,-12.0479987904226,-17.5303073062775));
#3230=CARTESIAN_POINT('Ctrl Pts',(12.3267805757479,-12.0806541961406,-17.5305796276021));
#3231=CARTESIAN_POINT('Ctrl Pts',(12.2702665401981,-12.1441228494219,-17.5310493536693));
#3232=CARTESIAN_POINT('Ctrl Pts',(12.2410648434957,-12.1749465909029,-17.5312471825268));
#3233=CARTESIAN_POINT('Ctrl Pts',(12.180874890766,-12.2346709239651,-17.5315651022931));
#3234=CARTESIAN_POINT('Ctrl Pts',(12.1498799067169,-12.2635807661908,-17.5316854280437));
#3235=CARTESIAN_POINT('Ctrl Pts',(12.0861966089545,-12.3193997071822,-17.5318466868623));
#3236=CARTESIAN_POINT('Ctrl Pts',(12.0535004155495,-12.3463168945535,-17.5318876663944));
#3237=CARTESIAN_POINT('Ctrl Pts',(11.9865103204208,-12.3980762996044,-17.531889521151));
#3238=CARTESIAN_POINT('Ctrl Pts',(11.9522064469882,-12.4229265091712,-17.5318501450671));
#3239=CARTESIAN_POINT('Ctrl Pts',(11.8820968365747,-12.4704835910769,-17.531691918211));
#3240=CARTESIAN_POINT('Ctrl Pts',(11.8462816390361,-12.4931955627877,-17.5315727685282));
#3241=CARTESIAN_POINT('Ctrl Pts',(11.7732503989564,-12.5364080618541,-17.531256635743));
#3242=CARTESIAN_POINT('Ctrl Pts',(11.7360232237638,-12.5569124513944,-17.531059289336));
#3243=CARTESIAN_POINT('Ctrl Pts',(11.6602713349197,-12.5956458280992,-17.5305893651294));
#3244=CARTESIAN_POINT('Ctrl Pts',(11.6217339373221,-12.6138774508314,-17.5303163324882));
#3245=CARTESIAN_POINT('Ctrl Pts',(11.543465472169,-12.6480066473161,-17.5296990257301));
#3246=CARTESIAN_POINT('Ctrl Pts',(11.5037267517216,-12.6639020715082,-17.5293544680428));
#3247=CARTESIAN_POINT('Ctrl Pts',(11.423175383718,-12.6932932930164,-17.5285987402707));
#3248=CARTESIAN_POINT('Ctrl Pts',(11.3823374213541,-12.7067928417755,-17.5281867783615));
#3249=CARTESIAN_POINT('Ctrl Pts',(11.299673538343,-12.7313599677073,-17.5273029854377));
#3250=CARTESIAN_POINT('Ctrl Pts',(11.2578864928736,-12.7424086745845,-17.5268313279156));
#3251=CARTESIAN_POINT('Ctrl Pts',(11.1735489293141,-12.7619553588327,-17.5258300318563));
#3252=CARTESIAN_POINT('Ctrl Pts',(11.1307985680919,-12.7704818952196,-17.5253007102004));
#3253=CARTESIAN_POINT('Ctrl Pts',(11.0442839102486,-12.7851683558098,-17.5242102444108));
#3254=CARTESIAN_POINT('Ctrl Pts',(11.0012143360022,-12.791206029898,-17.523652838087));
#3255=CARTESIAN_POINT('Ctrl Pts',(10.9155315619982,-12.8003639949118,-17.5223799393202));
#3256=CARTESIAN_POINT('Ctrl Pts',(10.8703321392433,-12.8031651212246,-17.5217825611056));
#3257=CARTESIAN_POINT('Ctrl Pts',(10.5786021759688,-12.8202633901503,-17.5183124013079));
#3258=CARTESIAN_POINT('Ctrl Pts',(10.0890843477161,-12.8287354532558,-17.5183598169393));
#3259=CARTESIAN_POINT('Ctrl Pts',(9.35484181583833,-12.8388443868653,-17.5185543343132));
#3260=CARTESIAN_POINT('Ctrl Pts',(8.62064662194493,-12.8478843982032,-17.5186235151864));
#3261=CARTESIAN_POINT('Ctrl Pts',(7.15230690230878,-12.8621941564306,-17.5188442519855));
#3262=CARTESIAN_POINT('Ctrl Pts',(4.95000316150989,-12.8712212517725,-17.5191522333188));
#3263=CARTESIAN_POINT('Ctrl Pts',(2.50298701950365,-12.8612396700081,-17.518796102239));
#3264=CARTESIAN_POINT('Ctrl Pts',(0.789913906309336,-12.841535789139,-17.5188382561666));
#3265=CARTESIAN_POINT('Ctrl Pts',(-0.0667014430080132,-12.8297996030973,
-17.5185360494714));
#3266=CARTESIAN_POINT('Ctrl Pts',(-0.556203028772561,-12.8213942351317,
-17.5186521790174));
#3267=CARTESIAN_POINT('Ctrl Pts',(-0.801005561497943,-12.8193615548208,
-17.5179263899274));
#3268=CARTESIAN_POINT('Ctrl Pts',(-0.970350759223493,-12.8040601733447,
-17.5215050802774));
#3269=CARTESIAN_POINT('Ctrl Pts',(-1.01554447739904,-12.8002049008708,-17.5224260273412));
#3270=CARTESIAN_POINT('Ctrl Pts',(-1.10111920599454,-12.7899488773167,-17.5240545067981));
#3271=CARTESIAN_POINT('Ctrl Pts',(-1.14411481719816,-12.7836045919107,-17.5247205179605));
#3272=CARTESIAN_POINT('Ctrl Pts',(-1.23051285007153,-12.768570122117,-17.5259437926735));
#3273=CARTESIAN_POINT('Ctrl Pts',(-1.2732120435206,-12.7600155284322,-17.5264933081897));
#3274=CARTESIAN_POINT('Ctrl Pts',(-1.35748308906974,-12.7405726124607,-17.5274774929491));
#3275=CARTESIAN_POINT('Ctrl Pts',(-1.39925596680107,-12.7296522228626,-17.5279131147257));
#3276=CARTESIAN_POINT('Ctrl Pts',(-1.48193803738401,-12.7054237591775,-17.5286897912655));
#3277=CARTESIAN_POINT('Ctrl Pts',(-1.52280802533076,-12.6921369373783,-17.5290299572192));
#3278=CARTESIAN_POINT('Ctrl Pts',(-1.60347105622048,-12.6632113252563,-17.5296196892184));
#3279=CARTESIAN_POINT('Ctrl Pts',(-1.64328941765722,-12.6475692820959,-17.5298699159925));
#3280=CARTESIAN_POINT('Ctrl Pts',(-1.72176158310688,-12.6139562307018,-17.5302863526582));
#3281=CARTESIAN_POINT('Ctrl Pts',(-1.76042299414271,-12.5959877923829,-17.5304527273733));
#3282=CARTESIAN_POINT('Ctrl Pts',(-1.83646110365832,-12.5577684144173,-17.5307050817347));
#3283=CARTESIAN_POINT('Ctrl Pts',(-1.87385026121301,-12.5375148286247,-17.5307915617247));
#3284=CARTESIAN_POINT('Ctrl Pts',(-1.94723519669787,-12.4947760114998,-17.5308881476599));
#3285=CARTESIAN_POINT('Ctrl Pts',(-1.98324172891967,-12.4722866345781,-17.5308987751672));
#3286=CARTESIAN_POINT('Ctrl Pts',(-2.05375323391565,-12.4251352406881,-17.5308477436614));
#3287=CARTESIAN_POINT('Ctrl Pts',(-2.08826733687638,-12.4004679654413,-17.5307864948947));
#3288=CARTESIAN_POINT('Ctrl Pts',(-2.15568502350189,-12.3490267022576,-17.5305960715078));
#3289=CARTESIAN_POINT('Ctrl Pts',(-2.18859837628197,-12.3222448804678,-17.5304671411779));
#3290=CARTESIAN_POINT('Ctrl Pts',(-2.25271022984992,-12.2666444261525,-17.5301466027025));
#3291=CARTESIAN_POINT('Ctrl Pts',(-2.28391622987971,-12.2378176885559,-17.5299550424964));
#3292=CARTESIAN_POINT('Ctrl Pts',(-2.34450914915727,-12.1782059850895,-17.5295143928115));
#3293=CARTESIAN_POINT('Ctrl Pts',(-2.37390185833486,-12.147411274,-17.5292654375207));
#3294=CARTESIAN_POINT('Ctrl Pts',(-2.43076480384832,-12.0839482754453,-17.5287157934355));
#3295=CARTESIAN_POINT('Ctrl Pts',(-2.45823961320028,-12.0512689090867,-17.5284151447778));
#3296=CARTESIAN_POINT('Ctrl Pts',(-2.51116555914394,-11.9841263097693,-17.5277687759954));
#3297=CARTESIAN_POINT('Ctrl Pts',(-2.53661943146096,-11.9496518617264,-17.5274229164768));
#3298=CARTESIAN_POINT('Ctrl Pts',(-2.58540363844042,-11.8790178174086,-17.5266928667683));
#3299=CARTESIAN_POINT('Ctrl Pts',(-2.60873470455895,-11.842846419342,-17.5263085845219));
#3300=CARTESIAN_POINT('Ctrl Pts',(-2.65317547678041,-11.7689247267838,-17.5255088480033));
#3301=CARTESIAN_POINT('Ctrl Pts',(-2.67428395109675,-11.7311630642228,-17.5250932238382));
#3302=CARTESIAN_POINT('Ctrl Pts',(-2.71418313707375,-11.6541766168588,-17.524238132217));
#3303=CARTESIAN_POINT('Ctrl Pts',(-2.73297156364078,-11.6149389561649,-17.5237985250302));
#3304=CARTESIAN_POINT('Ctrl Pts',(-2.76813983176161,-11.5351213703133,-17.5229033928232));
#3305=CARTESIAN_POINT('Ctrl Pts',(-2.78451408177702,-11.494533701186,-17.5224476190357));
#3306=CARTESIAN_POINT('Ctrl Pts',(-2.81476279282721,-11.4121575520634,-17.521526369126));
#3307=CARTESIAN_POINT('Ctrl Pts',(-2.82863400345332,-11.3703468330426,-17.5210610930094));
#3308=CARTESIAN_POINT('Ctrl Pts',(-2.85380126766191,-11.2856409428333,-17.5201326480599));
#3309=CARTESIAN_POINT('Ctrl Pts',(-2.86508274678573,-11.2427800408399,-17.5196680861994));
#3310=CARTESIAN_POINT('Ctrl Pts',(-2.8849716801897,-11.1562207022779,-17.5187316016852));
#3311=CARTESIAN_POINT('Ctrl Pts',(-2.89358206962994,-11.1123508530383,-17.5182652180715));
#3312=CARTESIAN_POINT('Ctrl Pts',(-2.90812403166004,-11.0236066388434,-17.5173905045666));
#3313=CARTESIAN_POINT('Ctrl Pts',(-2.91402733397523,-10.9793250974905,-17.5169638658236));
#3314=CARTESIAN_POINT('Ctrl Pts',(-2.92297908700317,-10.8910547034329,-17.5159561568201));
#3315=CARTESIAN_POINT('Ctrl Pts',(-2.92569565031144,-10.84491898351,-17.5154841859849));
#3316=CARTESIAN_POINT('Ctrl Pts',(-2.92739807369654,-10.7971627748422,-17.5152691390353));
#3317=CARTESIAN_POINT('Ctrl Pts',(-2.55007948146561,-10.7904296617972,-18.));
#3318=CARTESIAN_POINT('Ctrl Pts',(-2.5492280581912,-10.8381427818859,-18.));
#3319=CARTESIAN_POINT('Ctrl Pts',(-2.54836688977349,-10.8792642052995,-18.));
#3320=CARTESIAN_POINT('Ctrl Pts',(-2.54436347655305,-10.948050195188,-18.));
#3321=CARTESIAN_POINT('Ctrl Pts',(-2.54091302569956,-10.9840306163173,-18.));
#3322=CARTESIAN_POINT('Ctrl Pts',(-2.53135986007925,-11.0588479372537,-18.));
#3323=CARTESIAN_POINT('Ctrl Pts',(-2.52556293570219,-11.0955217077004,-18.));
#3324=CARTESIAN_POINT('Ctrl Pts',(-2.51184668734514,-11.167264654118,-18.));
#3325=CARTESIAN_POINT('Ctrl Pts',(-2.50382435035095,-11.2029303924104,-18.));
#3326=CARTESIAN_POINT('Ctrl Pts',(-2.48551644456104,-11.2736450777998,-18.));
#3327=CARTESIAN_POINT('Ctrl Pts',(-2.47527163007457,-11.3085710126963,-18.));
#3328=CARTESIAN_POINT('Ctrl Pts',(-2.45264361987564,-11.3773852470859,-18.));
#3329=CARTESIAN_POINT('Ctrl Pts',(-2.44024741948073,-11.4113384132011,-18.));
#3330=CARTESIAN_POINT('Ctrl Pts',(-2.41335628688461,-11.478156552952,-18.));
#3331=CARTESIAN_POINT('Ctrl Pts',(-2.39886257655517,-11.5110383420742,-18.));
#3332=CARTESIAN_POINT('Ctrl Pts',(-2.3678529924328,-11.575574609733,-18.));
#3333=CARTESIAN_POINT('Ctrl Pts',(-2.35132908315861,-11.6072613505707,-18.));
#3334=CARTESIAN_POINT('Ctrl Pts',(-2.31632993246515,-11.6693035370142,-18.));
#3335=CARTESIAN_POINT('Ctrl Pts',(-2.29784614805003,-11.6996862744828,-18.));
#3336=CARTESIAN_POINT('Ctrl Pts',(-2.25900773008952,-11.7590130012688,-18.));
#3337=CARTESIAN_POINT('Ctrl Pts',(-2.23864053517421,-11.7879854588732,-18.));
#3338=CARTESIAN_POINT('Ctrl Pts',(-2.19611864533689,-11.844393160693,-18.));
#3339=CARTESIAN_POINT('Ctrl Pts',(-2.17394833364504,-11.8718559573432,-18.));
#3340=CARTESIAN_POINT('Ctrl Pts',(-2.12790741010464,-11.9251519625622,-18.));
#3341=CARTESIAN_POINT('Ctrl Pts',(-2.10401726107112,-11.9510124351836,-18.));
#3342=CARTESIAN_POINT('Ctrl Pts',(-2.05462628304718,-12.0010187559459,-18.));
#3343=CARTESIAN_POINT('Ctrl Pts',(-2.02910423290246,-12.0251888582338,-18.));
#3344=CARTESIAN_POINT('Ctrl Pts',(-1.9765444677339,-12.071732567558,-18.));
#3345=CARTESIAN_POINT('Ctrl Pts',(-1.94948332350885,-12.0941279788563,-18.));
#3346=CARTESIAN_POINT('Ctrl Pts',(-1.89394456258685,-12.1370447719561,-18.));
#3347=CARTESIAN_POINT('Ctrl Pts',(-1.86543806236794,-12.1575880095366,-18.));
#3348=CARTESIAN_POINT('Ctrl Pts',(-1.80710492301114,-12.1967335612258,-18.));
#3349=CARTESIAN_POINT('Ctrl Pts',(-1.77725219259933,-12.215351554578,-18.));
#3350=CARTESIAN_POINT('Ctrl Pts',(-1.71633506421601,-12.2505778812378,-18.));
#3351=CARTESIAN_POINT('Ctrl Pts',(-1.68524083252164,-12.2672003942078,-18.));
#3352=CARTESIAN_POINT('Ctrl Pts',(-1.62194878046245,-12.2983747663584,-18.));
#3353=CARTESIAN_POINT('Ctrl Pts',(-1.58971724985539,-12.3129390874593,-18.));
#3354=CARTESIAN_POINT('Ctrl Pts',(-1.5242551820999,-12.3399454332165,-18.));
#3355=CARTESIAN_POINT('Ctrl Pts',(-1.4910065276977,-12.3523897917277,-18.));
#3356=CARTESIAN_POINT('Ctrl Pts',(-1.42365379663727,-12.375092675646,-18.));
#3357=CARTESIAN_POINT('Ctrl Pts',(-1.3894781602395,-12.3853693802987,-18.));
#3358=CARTESIAN_POINT('Ctrl Pts',(-1.32030277680794,-12.4037276810995,-18.));
#3359=CARTESIAN_POINT('Ctrl Pts',(-1.28542644888257,-12.4117695267129,-18.));
#3360=CARTESIAN_POINT('Ctrl Pts',(-1.21530252804123,-12.4255124231789,-18.));
#3361=CARTESIAN_POINT('Ctrl Pts',(-1.17943986985851,-12.4313246339494,-18.));
#3362=CARTESIAN_POINT('Ctrl Pts',(-1.10624454945352,-12.4409056412413,-18.));
#3363=CARTESIAN_POINT('Ctrl Pts',(-1.07112564576734,-12.4443568797729,-18.));
#3364=CARTESIAN_POINT('Ctrl Pts',(-1.00417136744258,-12.4483516080917,-18.));
#3365=CARTESIAN_POINT('Ctrl Pts',(-0.963802442256744,-12.4492385511363,
-18.));
#3366=CARTESIAN_POINT('Ctrl Pts',(-0.794425638847339,-12.4523070122821,
-18.));
#3367=CARTESIAN_POINT('Ctrl Pts',(-0.549945285735703,-12.4566626124236,
-18.));
#3368=CARTESIAN_POINT('Ctrl Pts',(-0.0609935096741699,-12.4647642768977,
-18.));
#3369=CARTESIAN_POINT('Ctrl Pts',(0.794633448844789,-12.477495377179,-18.));
#3370=CARTESIAN_POINT('Ctrl Pts',(2.50576445217519,-12.4970697139193,-18.));
#3371=CARTESIAN_POINT('Ctrl Pts',(4.95000012357851,-12.5082609707315,-18.0000000000001));
#3372=CARTESIAN_POINT('Ctrl Pts',(7.14981215764562,-12.4981884146045,-18.));
#3373=CARTESIAN_POINT('Ctrl Pts',(8.61647226268656,-12.4830889102913,-18.));
#3374=CARTESIAN_POINT('Ctrl Pts',(9.3498309704347,-12.4738518675521,-18.));
#3375=CARTESIAN_POINT('Ctrl Pts',(10.0832280297513,-12.4629623733018,-18.));
#3376=CARTESIAN_POINT('Ctrl Pts',(10.5721818236843,-12.4545377548565,-18.));
#3377=CARTESIAN_POINT('Ctrl Pts',(10.8638024575442,-12.4492368224755,-18.));
#3378=CARTESIAN_POINT('Ctrl Pts',(10.9041716240781,-12.4483520258303,-18.));
#3379=CARTESIAN_POINT('Ctrl Pts',(10.9711258427025,-12.4443567372243,-18.));
#3380=CARTESIAN_POINT('Ctrl Pts',(11.0062447684073,-12.4409056889167,-18.));
#3381=CARTESIAN_POINT('Ctrl Pts',(11.0794400830044,-12.4313246248402,-18.));
#3382=CARTESIAN_POINT('Ctrl Pts',(11.115302743126,-12.4255124295529,-18.));
#3383=CARTESIAN_POINT('Ctrl Pts',(11.185426663374,-12.4117695267992,-18.));
#3384=CARTESIAN_POINT('Ctrl Pts',(11.2203029914543,-12.403727682124,-18.));
#3385=CARTESIAN_POINT('Ctrl Pts',(11.2894783748191,-12.3853693805164,-18.));
#3386=CARTESIAN_POINT('Ctrl Pts',(11.3236540112255,-12.375092675838,-18.));
#3387=CARTESIAN_POINT('Ctrl Pts',(11.3910067422771,-12.3523897917952,-18.));
#3388=CARTESIAN_POINT('Ctrl Pts',(11.4242553966788,-12.3399454332561,-18.));
#3389=CARTESIAN_POINT('Ctrl Pts',(11.4897174644329,-12.3129390874762,-18.));
#3390=CARTESIAN_POINT('Ctrl Pts',(11.5219489950396,-12.298374766367,-18.));
#3391=CARTESIAN_POINT('Ctrl Pts',(11.5852410470986,-12.2672003942118,-18.));
#3392=CARTESIAN_POINT('Ctrl Pts',(11.6163352787929,-12.2505778812397,-18.));
#3393=CARTESIAN_POINT('Ctrl Pts',(11.6772524071761,-12.2153515545789,-18.));
#3394=CARTESIAN_POINT('Ctrl Pts',(11.7071051375879,-12.1967335612263,-18.));
#3395=CARTESIAN_POINT('Ctrl Pts',(11.7654382769447,-12.1575880095368,-18.));
#3396=CARTESIAN_POINT('Ctrl Pts',(11.7939447771636,-12.1370447719563,-18.));
#3397=CARTESIAN_POINT('Ctrl Pts',(11.8494835380856,-12.0941279788564,-18.));
#3398=CARTESIAN_POINT('Ctrl Pts',(11.8765446823106,-12.071732567558,-18.));
#3399=CARTESIAN_POINT('Ctrl Pts',(11.9291044474792,-12.0251888582338,-18.));
#3400=CARTESIAN_POINT('Ctrl Pts',(11.954626497624,-12.0010187559459,-18.));
#3401=CARTESIAN_POINT('Ctrl Pts',(12.004017475648,-11.9510124351836,-18.));
#3402=CARTESIAN_POINT('Ctrl Pts',(12.0279076246818,-11.9251519625623,-18.));
#3403=CARTESIAN_POINT('Ctrl Pts',(12.0739485482227,-11.8718559573433,-18.));
#3404=CARTESIAN_POINT('Ctrl Pts',(12.0961188599157,-11.8443931606931,-18.));
#3405=CARTESIAN_POINT('Ctrl Pts',(12.1386407497551,-11.7879854588735,-18.));
#3406=CARTESIAN_POINT('Ctrl Pts',(12.1590079446754,-11.7590130012696,-18.));
#3407=CARTESIAN_POINT('Ctrl Pts',(12.1978463626454,-11.6996862744845,-18.));
#3408=CARTESIAN_POINT('Ctrl Pts',(12.2163301470826,-11.6693035370178,-18.));
#3409=CARTESIAN_POINT('Ctrl Pts',(12.2513292978186,-11.6072613505781,-18.));
#3410=CARTESIAN_POINT('Ctrl Pts',(12.2678532071923,-11.5755746097492,-18.));
#3411=CARTESIAN_POINT('Ctrl Pts',(12.2988627915039,-11.511038342107,-18.));
#3412=CARTESIAN_POINT('Ctrl Pts',(12.3133565022857,-11.478156553025,-18.));
#3413=CARTESIAN_POINT('Ctrl Pts',(12.3402476357226,-11.4113384133481,-18.));
#3414=CARTESIAN_POINT('Ctrl Pts',(12.3526438382124,-11.3773852474189,-18.));
#3415=CARTESIAN_POINT('Ctrl Pts',(12.3752718520968,-11.3085710133526,-18.));
#3416=CARTESIAN_POINT('Ctrl Pts',(12.3855166766145,-11.2736450793523,-18.));
#3417=CARTESIAN_POINT('Ctrl Pts',(12.4038245979134,-11.2029303953087,-18.));
#3418=CARTESIAN_POINT('Ctrl Pts',(12.4118469861012,-11.167264661644,-18.));
#3419=CARTESIAN_POINT('Ctrl Pts',(12.4255632920787,-11.0955217200557,-18.));
#3420=CARTESIAN_POINT('Ctrl Pts',(12.4313605082664,-11.0588479765065,-18.));
#3421=CARTESIAN_POINT('Ctrl Pts',(12.4409137974998,-10.9840306636907,-18.));
#3422=CARTESIAN_POINT('Ctrl Pts',(12.4443661964445,-10.9480504265924,-18.));
#3423=CARTESIAN_POINT('Ctrl Pts',(12.4483686792574,-10.8792643245644,-18.));
#3424=CARTESIAN_POINT('Ctrl Pts',(12.4492452643076,-10.838144390454,-18.));
#3425=CARTESIAN_POINT('Ctrl Pts',(12.451156303012,-10.7297604216658,-18.));
#3426=CARTESIAN_POINT('Ctrl Pts',(12.4532940081674,-10.6084252304503,-18.));
#3427=CARTESIAN_POINT('Ctrl Pts',(12.4574070262664,-10.3657547438614,-18.));
#3428=CARTESIAN_POINT('Ctrl Pts',(12.4642378495099,-9.94108887531435,-18.));
#3429=CARTESIAN_POINT('Ctrl Pts',(12.4764128513056,-9.0917786925619,-18.));
#3430=CARTESIAN_POINT('Ctrl Pts',(12.4948681589649,-7.39323249702683,-18.));
#3431=CARTESIAN_POINT('Ctrl Pts',(12.502802651541,-5.45211517499196,-18.));
#3432=CARTESIAN_POINT('Ctrl Pts',(12.4986727429134,-3.75356240361338,-18.));
#3433=CARTESIAN_POINT('Ctrl Pts',(12.4878341416156,-1.81226647377877,-18.));
#3434=CARTESIAN_POINT('Ctrl Pts',(12.4703868681363,-0.356148849781166,-17.9999999999999));
#3435=CARTESIAN_POINT('Ctrl Pts',(12.4492609182218,0.906375475014506,-18.));
#3436=CARTESIAN_POINT('Ctrl Pts',(12.4484198093851,0.948976098726525,-18.));
#3437=CARTESIAN_POINT('Ctrl Pts',(12.4444400390102,1.0213534919325,-18.));
#3438=CARTESIAN_POINT('Ctrl Pts',(12.4410229537664,1.05896729476641,-18.));
#3439=CARTESIAN_POINT('Ctrl Pts',(12.4316260936822,1.13674526080592,-18.));
#3440=CARTESIAN_POINT('Ctrl Pts',(12.4259239672703,1.17485887159805,-18.));
#3441=CARTESIAN_POINT('Ctrl Pts',(12.412419649039,1.24940028566009,-18.));
#3442=CARTESIAN_POINT('Ctrl Pts',(12.4045321696036,1.2863889406271,-18.));
#3443=CARTESIAN_POINT('Ctrl Pts',(12.3865467169878,1.35960403069394,-18.));
#3444=CARTESIAN_POINT('Ctrl Pts',(12.3764935004468,1.39570892922062,-18.));
#3445=CARTESIAN_POINT('Ctrl Pts',(12.354302026627,1.46674260503766,-18.));
#3446=CARTESIAN_POINT('Ctrl Pts',(12.3421601602349,1.50173120953504,-18.));
#3447=CARTESIAN_POINT('Ctrl Pts',(12.3158421366587,1.57047633538982,-18.));
#3448=CARTESIAN_POINT('Ctrl Pts',(12.3016759730814,1.60424664890738,-18.));
#3449=CARTESIAN_POINT('Ctrl Pts',(12.2713953981577,1.67041374774892,-18.));
#3450=CARTESIAN_POINT('Ctrl Pts',(12.2552811231621,1.7028436294521,-18.));
#3451=CARTESIAN_POINT('Ctrl Pts',(12.2211834685498,1.76623123429151,-18.));
#3452=CARTESIAN_POINT('Ctrl Pts',(12.2032009007208,1.79721551232812,-18.));
#3453=CARTESIAN_POINT('Ctrl Pts',(12.1654576151527,1.8576058234155,-18.));
#3454=CARTESIAN_POINT('Ctrl Pts',(12.1456913749793,1.8870442220497,-18.));
#3455=CARTESIAN_POINT('Ctrl Pts',(12.1044702052461,1.94425459916735,-18.));
#3456=CARTESIAN_POINT('Ctrl Pts',(12.0830058665239,1.97205916273706,-18.));
#3457=CARTESIAN_POINT('Ctrl Pts',(12.0384805211911,2.02592150799733,-18.));
#3458=CARTESIAN_POINT('Ctrl Pts',(12.0154061286462,2.05201137400324,-18.));
#3459=CARTESIAN_POINT('Ctrl Pts',(11.9677551784822,2.10237011007243,-18.));
#3460=CARTESIAN_POINT('Ctrl Pts',(11.9431596803649,2.12667164078527,-18.));
#3461=CARTESIAN_POINT('Ctrl Pts',(11.892558910157,2.17338975155061,-18.));
#3462=CARTESIAN_POINT('Ctrl Pts',(11.8665304878502,2.19583726924019,-18.));
#3463=CARTESIAN_POINT('Ctrl Pts',(11.8131571460336,2.23878861812669,-18.));
#3464=CARTESIAN_POINT('Ctrl Pts',(11.7857854288012,2.25932077598509,-18.));
#3465=CARTESIAN_POINT('Ctrl Pts',(11.7298194611863,2.29838716234428,-18.));
#3466=CARTESIAN_POINT('Ctrl Pts',(11.7011916674472,2.31694893652495,-18.));
#3467=CARTESIAN_POINT('Ctrl Pts',(11.642801413144,2.35202944960299,-18.));
#3468=CARTESIAN_POINT('Ctrl Pts',(11.6130080008463,2.36856845150737,-18.));
#3469=CARTESIAN_POINT('Ctrl Pts',(11.5523863823218,2.3995537523667,-18.));
#3470=CARTESIAN_POINT('Ctrl Pts',(11.5215152724413,2.41402138203221,-18.));
#3471=CARTESIAN_POINT('Ctrl Pts',(11.4588190004208,2.44082910914303,-18.));
#3472=CARTESIAN_POINT('Ctrl Pts',(11.4269674813749,2.45317772082357,-18.));
#3473=CARTESIAN_POINT('Ctrl Pts',(11.3624325052182,2.47569534409813,-18.));
#3474=CARTESIAN_POINT('Ctrl Pts',(11.3296689150457,2.48588767727074,-18.));
#3475=CARTESIAN_POINT('Ctrl Pts',(11.2633174507299,2.50409218231737,-18.));
#3476=CARTESIAN_POINT('Ctrl Pts',(11.229846301014,2.51206548938776,-18.));
#3477=CARTESIAN_POINT('Ctrl Pts',(11.1625163953933,2.52568899832684,-18.));
#3478=CARTESIAN_POINT('Ctrl Pts',(11.1280169293018,2.53145856394351,-18.));
#3479=CARTESIAN_POINT('Ctrl Pts',(11.0574689018435,2.54097941553214,-18.));
#3480=CARTESIAN_POINT('Ctrl Pts',(11.023686280185,2.54439452897267,-18.));
#3481=CARTESIAN_POINT('Ctrl Pts',(10.9594401150182,2.54834284999471,-18.));
#3482=CARTESIAN_POINT('Ctrl Pts',(10.9201968355573,2.54923822274,-18.));
#3483=CARTESIAN_POINT('Ctrl Pts',(10.8122590759806,2.55124153737134,-18.));
#3484=CARTESIAN_POINT('Ctrl Pts',(10.6888225226463,2.55353627497078,-18.));
#3485=CARTESIAN_POINT('Ctrl Pts',(10.4419503604173,2.55795636657637,-18.));
#3486=CARTESIAN_POINT('Ctrl Pts',(10.0099358183868,2.56532063923948,-18.));
#3487=CARTESIAN_POINT('Ctrl Pts',(9.14594496162104,2.57852016114224,-18.));
#3488=CARTESIAN_POINT('Ctrl Pts',(7.41809795731453,2.59882911516994,-18.));
#3489=CARTESIAN_POINT('Ctrl Pts',(4.94999996248853,2.61043485875234,-18.));
#3490=CARTESIAN_POINT('Ctrl Pts',(2.48190252598405,2.5988280477198,-18.));
#3491=CARTESIAN_POINT('Ctrl Pts',(0.754054906758627,2.57852244904648,-18.));
#3492=CARTESIAN_POINT('Ctrl Pts',(-0.109935061437996,2.56531646107536,-18.));
#3493=CARTESIAN_POINT('Ctrl Pts',(-0.603667563875192,2.55691279838931,-18.));
#3494=CARTESIAN_POINT('Ctrl Pts',(-0.850538463553791,2.55239358556618,-18.));
#3495=CARTESIAN_POINT('Ctrl Pts',(-1.02019653846349,2.54923768039272,-18.));
#3496=CARTESIAN_POINT('Ctrl Pts',(-1.05943994579725,2.54834330691331,-18.));
#3497=CARTESIAN_POINT('Ctrl Pts',(-1.12368606407726,2.54439455152999,-18.));
#3498=CARTESIAN_POINT('Ctrl Pts',(-1.15746869435076,2.54097949206685,-18.));
#3499=CARTESIAN_POINT('Ctrl Pts',(-1.22801671598983,2.53145858276014,-18.));
#3500=CARTESIAN_POINT('Ctrl Pts',(-1.26251618213406,2.52568901326952,-18.));
#3501=CARTESIAN_POINT('Ctrl Pts',(-1.32984608687893,2.51206549498747,-18.));
#3502=CARTESIAN_POINT('Ctrl Pts',(-1.36331723642787,2.50409218551479,-18.));
#3503=CARTESIAN_POINT('Ctrl Pts',(-1.42966870058497,2.48588767868192,-18.));
#3504=CARTESIAN_POINT('Ctrl Pts',(-1.46243229070233,2.47569534481467,-18.));
#3505=CARTESIAN_POINT('Ctrl Pts',(-1.52696726682635,2.45317772116144,-18.));
#3506=CARTESIAN_POINT('Ctrl Pts',(-1.5588187858579,2.4408291093071,-18.));
#3507=CARTESIAN_POINT('Ctrl Pts',(-1.62151505787125,2.41402138211169,-18.));
#3508=CARTESIAN_POINT('Ctrl Pts',(-1.65238616774824,2.39955375240464,-18.));
#3509=CARTESIAN_POINT('Ctrl Pts',(-1.71300778627113,2.36856845152594,-18.));
#3510=CARTESIAN_POINT('Ctrl Pts',(-1.74280119856803,2.35202944961178,-18.));
#3511=CARTESIAN_POINT('Ctrl Pts',(-1.80119145287086,2.31694893652928,-18.));
#3512=CARTESIAN_POINT('Ctrl Pts',(-1.82981924660972,2.29838716234634,-18.));
#3513=CARTESIAN_POINT('Ctrl Pts',(-1.88578521422455,2.25932077598608,-18.));
#3514=CARTESIAN_POINT('Ctrl Pts',(-1.91315693145693,2.23878861812716,-18.));
#3515=CARTESIAN_POINT('Ctrl Pts',(-1.96653027327346,2.19583726924042,-18.));
#3516=CARTESIAN_POINT('Ctrl Pts',(-1.99255869558023,2.17338975155074,-18.));
#3517=CARTESIAN_POINT('Ctrl Pts',(-2.04315946578822,2.12667164078533,-18.));
#3518=CARTESIAN_POINT('Ctrl Pts',(-2.06775496390545,2.10237011007246,-18.));
#3519=CARTESIAN_POINT('Ctrl Pts',(-2.11540591406943,2.05201137400327,-18.));
#3520=CARTESIAN_POINT('Ctrl Pts',(-2.13848030661438,2.02592150799734,-18.));
#3521=CARTESIAN_POINT('Ctrl Pts',(-2.18300565194721,1.97205916273706,-18.));
#3522=CARTESIAN_POINT('Ctrl Pts',(-2.20446999066944,1.94425459916736,-18.));
#3523=CARTESIAN_POINT('Ctrl Pts',(-2.24569116040263,1.88704422204972,-18.));
#3524=CARTESIAN_POINT('Ctrl Pts',(-2.26545740057614,1.85760582341551,-18.));
#3525=CARTESIAN_POINT('Ctrl Pts',(-2.3032006861444,1.7972155123282,-18.));
#3526=CARTESIAN_POINT('Ctrl Pts',(-2.32118325397371,1.76623123429167,-18.));
#3527=CARTESIAN_POINT('Ctrl Pts',(-2.35528090858667,1.70284362945244,-18.));
#3528=CARTESIAN_POINT('Ctrl Pts',(-2.37139518358419,1.67041374774971,-18.));
#3529=CARTESIAN_POINT('Ctrl Pts',(-2.40167575851043,1.60424664890895,-18.));
#3530=CARTESIAN_POINT('Ctrl Pts',(-2.41584192209762,1.57047633539361,-18.));
#3531=CARTESIAN_POINT('Ctrl Pts',(-2.44215994568209,1.50173120954199,-18.));
#3532=CARTESIAN_POINT('Ctrl Pts',(-2.45430181213486,1.46674260505621,-18.));
#3533=CARTESIAN_POINT('Ctrl Pts',(-2.47649328595503,1.39570892925005,-18.));
#3534=CARTESIAN_POINT('Ctrl Pts',(-2.48654650293797,1.3596040307932,-18.));
#3535=CARTESIAN_POINT('Ctrl Pts',(-2.50453195515617,1.28638894073791,-18.));
#3536=CARTESIAN_POINT('Ctrl Pts',(-2.51241943835582,1.24940028626508,-18.));
#3537=CARTESIAN_POINT('Ctrl Pts',(-2.52592375048981,1.17485887184189,-18.));
#3538=CARTESIAN_POINT('Ctrl Pts',(-2.53162591262861,1.13674526515124,-18.));
#3539=CARTESIAN_POINT('Ctrl Pts',(-2.54102269903717,1.05896729300372,-18.));
#3540=CARTESIAN_POINT('Ctrl Pts',(-2.5444401444494,1.02135352838768,-18.));
#3541=CARTESIAN_POINT('Ctrl Pts',(-2.54841908911157,0.948976059487538,-18.));
#3542=CARTESIAN_POINT('Ctrl Pts',(-2.54926393718429,0.906375816780805,-18.));
#3543=CARTESIAN_POINT('Ctrl Pts',(-2.55108667564474,0.796844545073022,-18.));
#3544=CARTESIAN_POINT('Ctrl Pts',(-2.55310645562689,0.675479909558155,-18.));
#3545=CARTESIAN_POINT('Ctrl Pts',(-2.55700781573068,0.432752908677515,-18.));
#3546=CARTESIAN_POINT('Ctrl Pts',(-2.563525916719,0.00799261613008734,-18.));
#3547=CARTESIAN_POINT('Ctrl Pts',(-2.57528261949964,-0.84148627445882,-18.));
#3548=CARTESIAN_POINT('Ctrl Pts',(-2.59363936021373,-2.54029336497255,-18.));
#3549=CARTESIAN_POINT('Ctrl Pts',(-2.60477468156783,-4.96683709650753,-18.));
#3550=CARTESIAN_POINT('Ctrl Pts',(-2.5948722796737,-7.39323197068713,-18.));
#3551=CARTESIAN_POINT('Ctrl Pts',(-2.57377376429903,-9.33442853230288,-18.));
#3552=CARTESIAN_POINT('Ctrl Pts',(-2.55874033358421,-10.3050820214064,-18.));
#3553=CARTESIAN_POINT('Ctrl Pts',(-2.55007948146561,-10.7904296617972,-18.));
#3554=CARTESIAN_POINT('Ctrl Pts',(-2.93389529757286,-10.7444306248874,-17.534276623765));
#3555=CARTESIAN_POINT('Ctrl Pts',(-2.68467044382192,-10.6265419856981,-16.5345759642709));
#3556=CARTESIAN_POINT('Ctrl Pts',(-2.43544559007099,-10.5086533465088,-15.5348753047767));
#3557=CARTESIAN_POINT('Ctrl Pts',(-2.18622073632006,-10.3907647073194,-14.5351746452825));
#3558=CARTESIAN_POINT('Ctrl Pts',(-2.93522749962528,-10.6991504144757,-17.5343698727208));
#3559=CARTESIAN_POINT('Ctrl Pts',(-2.68698103934312,-10.5894947754526,-16.5348684019105));
#3560=CARTESIAN_POINT('Ctrl Pts',(-2.43873479009244,-10.4798106490021,-15.5353698569754));
#3561=CARTESIAN_POINT('Ctrl Pts',(-2.19048832981028,-10.370155009979,-14.5358683861652));
#3562=CARTESIAN_POINT('Ctrl Pts',(-2.93879763614978,-10.5807021103206,-17.5346494242141));
#3563=CARTESIAN_POINT('Ctrl Pts',(-2.69338148055373,-10.491297375912,-16.535750851097));
#3564=CARTESIAN_POINT('Ctrl Pts',(-2.44796425926622,-10.4019483164742,-15.5368467284142));
#3565=CARTESIAN_POINT('Ctrl Pts',(-2.20254810367017,-10.3125435820656,-14.5379481552971));
#3566=CARTESIAN_POINT('Ctrl Pts',(-2.9444080297762,-10.399467907114,-17.5352292642543));
#3567=CARTESIAN_POINT('Ctrl Pts',(-2.70397342304427,-10.3366383353347,-16.5375704019172));
#3568=CARTESIAN_POINT('Ctrl Pts',(-2.46354413942512,-10.2737098051826,-15.5399208326057));
#3569=CARTESIAN_POINT('Ctrl Pts',(-2.22310953269319,-10.2108802334033,-14.5422619702687));
#3570=CARTESIAN_POINT('Ctrl Pts',(-2.95014532087659,-10.2074320610926,-17.5360506835133));
#3571=CARTESIAN_POINT('Ctrl Pts',(-2.71493125534945,-10.1679946248857,-16.5401612847498));
#3572=CARTESIAN_POINT('Ctrl Pts',(-2.47971433964387,-10.1286544721979,-15.5442624521786));
#3573=CARTESIAN_POINT('Ctrl Pts',(-2.24450027411674,-10.0892170359911,-14.5483730534151));
#3574=CARTESIAN_POINT('Ctrl Pts',(-2.95483921736773,-10.037669851416,-17.5369478371889));
#3575=CARTESIAN_POINT('Ctrl Pts',(-2.72369873957975,-10.0160157069854,-16.5429736045266));
#3576=CARTESIAN_POINT('Ctrl Pts',(-2.49257310267256,-9.99411896485787,-15.5490218078241));
#3577=CARTESIAN_POINT('Ctrl Pts',(-2.26143262488458,-9.97246482042734,-14.5550475751617));
#3578=CARTESIAN_POINT('Ctrl Pts',(-2.95867150135795,-9.88139665724762,-17.5379301789995));
#3579=CARTESIAN_POINT('Ctrl Pts',(-2.73047127988139,-9.87357477951268,-16.5460827069659));
#3580=CARTESIAN_POINT('Ctrl Pts',(-2.50225477726228,-9.86609194292021,-15.5542033400277));
#3581=CARTESIAN_POINT('Ctrl Pts',(-2.27405455578572,-9.85827006518527,-14.562355867994));
#3582=CARTESIAN_POINT('Ctrl Pts',(-2.96179551432706,-9.734395062064,-17.5389892387867));
#3583=CARTESIAN_POINT('Ctrl Pts',(-2.7354889572511,-9.73839157059294,-16.5493840985675));
#3584=CARTESIAN_POINT('Ctrl Pts',(-2.50922413198443,-9.74172415157245,-15.5598400570006));
#3585=CARTESIAN_POINT('Ctrl Pts',(-2.28291757490847,-9.7457206601014,-14.5702349167813));
#3586=CARTESIAN_POINT('Ctrl Pts',(-2.96955523762146,-9.25571117132827,-17.5429709785676));
#3587=CARTESIAN_POINT('Ctrl Pts',(-2.74493547740949,-9.29151256871547,-16.5620167098607));
#3588=CARTESIAN_POINT('Ctrl Pts',(-2.52013942210688,-9.33005045701362,-15.5808119908973));
#3589=CARTESIAN_POINT('Ctrl Pts',(-2.29551966189491,-9.36585185440081,-14.5998577221904));
#3590=CARTESIAN_POINT('Ctrl Pts',(-2.98088971872788,-8.42510526483824,-17.5515670484401));
#3591=CARTESIAN_POINT('Ctrl Pts',(-2.75877081939064,-8.48040365264959,-16.5889300209402));
#3592=CARTESIAN_POINT('Ctrl Pts',(-2.53674817158809,-8.53401033717786,-15.6264466197593));
#3593=CARTESIAN_POINT('Ctrl Pts',(-2.31462927225085,-8.58930872498921,-14.6638095922594));
#3594=CARTESIAN_POINT('Ctrl Pts',(-2.99234988895451,-7.21338926202396,-17.5660170936081));
#3595=CARTESIAN_POINT('Ctrl Pts',(-2.77333967192022,-7.24312200000064,-16.6344899131483));
#3596=CARTESIAN_POINT('Ctrl Pts',(-2.55427205744558,-7.27417437719865,-15.7028402510278));
#3597=CARTESIAN_POINT('Ctrl Pts',(-2.3352618404113,-7.30390711517533,-14.771313070568));
#3598=CARTESIAN_POINT('Ctrl Pts',(-3.00056874866778,-5.9972923910146,-17.5790075479377));
#3599=CARTESIAN_POINT('Ctrl Pts',(-2.78705436598359,-6.02309704237403,-16.6753111500546));
#3600=CARTESIAN_POINT('Ctrl Pts',(-2.5735605684872,-6.04849501681485,-15.7716540815998));
#3601=CARTESIAN_POINT('Ctrl Pts',(-2.36004618580302,-6.07429966817428,-14.8679576837167));
#3602=CARTESIAN_POINT('Ctrl Pts',(-3.00425335309462,-4.76625912151758,-17.5894372960121));
#3603=CARTESIAN_POINT('Ctrl Pts',(-2.79610705427323,-4.84587269073779,-16.7081328752851));
#3604=CARTESIAN_POINT('Ctrl Pts',(-2.58796348051235,-4.92512251751685,-15.826855923899));
#3605=CARTESIAN_POINT('Ctrl Pts',(-2.37981718169096,-5.00473608673706,-14.945551503172));
#3606=CARTESIAN_POINT('Ctrl Pts',(-3.00339586133425,-3.49853852693656,-17.6005218149545));
#3607=CARTESIAN_POINT('Ctrl Pts',(-2.80119404575392,-3.61393222173091,-16.7430415961981));
#3608=CARTESIAN_POINT('Ctrl Pts',(-2.5989715047728,-3.73034991361207,-15.8854968165236));
#3609=CARTESIAN_POINT('Ctrl Pts',(-2.39676968919247,-3.84574360840641,-15.0280165977672));
#3610=CARTESIAN_POINT('Ctrl Pts',(-2.99828760112801,-2.22813916074296,-17.6108107744641));
#3611=CARTESIAN_POINT('Ctrl Pts',(-2.80343687496874,-2.38288327597637,-16.7753242432923));
#3612=CARTESIAN_POINT('Ctrl Pts',(-2.60865224846542,-2.53481816904393,-15.9400495288011));
#3613=CARTESIAN_POINT('Ctrl Pts',(-2.41380152230615,-2.68956228427733,-15.1045629976294));
#3614=CARTESIAN_POINT('Ctrl Pts',(-2.98951360604694,-0.983734177146089,
-17.6199948815622));
#3615=CARTESIAN_POINT('Ctrl Pts',(-2.80372361504545,-1.17639665453191,-16.8044147580659));
#3616=CARTESIAN_POINT('Ctrl Pts',(-2.61781980590978,-1.3739280318456,-15.98846979047));
#3617=CARTESIAN_POINT('Ctrl Pts',(-2.43202981490829,-1.56659050923143,-15.1728896669738));
#3618=CARTESIAN_POINT('Ctrl Pts',(-2.9802911639266,-0.129283722267413,-17.6263048686677));
#3619=CARTESIAN_POINT('Ctrl Pts',(-2.79993983281082,-0.339238046592087,
-16.8239406344637));
#3620=CARTESIAN_POINT('Ctrl Pts',(-2.61978621748978,-0.54067685587291,-16.0221980839837));
#3621=CARTESIAN_POINT('Ctrl Pts',(-2.43943488637401,-0.750631180197584,
-15.2198338497797));
#3622=CARTESIAN_POINT('Ctrl Pts',(-2.97369200606207,0.357354644558281,-17.6302187441765));
#3623=CARTESIAN_POINT('Ctrl Pts',(-2.79538355484861,0.158971080868918,-16.8365193217368));
#3624=CARTESIAN_POINT('Ctrl Pts',(-2.61702087983395,-0.0417264098886483,
-16.0426511902593));
#3625=CARTESIAN_POINT('Ctrl Pts',(-2.43871242862049,-0.240109973578011,
-15.2489517678195));
#3626=CARTESIAN_POINT('Ctrl Pts',(-2.97162829961434,0.463443061484464,-17.6311854473484));
#3627=CARTESIAN_POINT('Ctrl Pts',(-2.7924580011666,0.264707267910987,-16.839477166768));
#3628=CARTESIAN_POINT('Ctrl Pts',(-2.61331412763751,0.0671005606364701,
-16.0478519950174));
#3629=CARTESIAN_POINT('Ctrl Pts',(-2.43414382918977,-0.131635232937007,
-15.256143714437));
#3630=CARTESIAN_POINT('Ctrl Pts',(-2.96909164349191,0.570627882297027,-17.6322615732544));
#3631=CARTESIAN_POINT('Ctrl Pts',(-2.78819344311606,0.373318854947103,-16.8429166013823));
#3632=CARTESIAN_POINT('Ctrl Pts',(-2.60727049161396,0.174953089502545,-16.0534947012831));
#3633=CARTESIAN_POINT('Ctrl Pts',(-2.42637229123812,-0.0223559378473787,
-15.264149729411));
#3634=CARTESIAN_POINT('Ctrl Pts',(-2.96616490145989,0.674195576905185,-17.6333956785974));
#3635=CARTESIAN_POINT('Ctrl Pts',(-2.78262129123698,0.476572001153519,-16.8464497587982));
#3636=CARTESIAN_POINT('Ctrl Pts',(-2.59908678134377,0.279341917616257,-16.0595330117049));
#3637=CARTESIAN_POINT('Ctrl Pts',(-2.41554317112086,0.0817183418645912,
-15.2725870919057));
#3638=CARTESIAN_POINT('Ctrl Pts',(-2.96382499580336,0.746521753154046,-17.6342498974512));
#3639=CARTESIAN_POINT('Ctrl Pts',(-2.77785946288459,0.549043346428397,-16.8491571190781));
#3640=CARTESIAN_POINT('Ctrl Pts',(-2.59188444238429,0.351159794439306,-16.0640349713841));
#3641=CARTESIAN_POINT('Ctrl Pts',(-2.40591890946552,0.153681387713657,-15.2789421930109));
#3642=CARTESIAN_POINT('Ctrl Pts',(-2.96130458364793,0.819538732897909,-17.6351441570006));
#3643=CARTESIAN_POINT('Ctrl Pts',(-2.77257054303531,0.621585660881098,-16.8519584313883));
#3644=CARTESIAN_POINT('Ctrl Pts',(-2.58383888641886,0.423740146359693,-16.0687809090434));
#3645=CARTESIAN_POINT('Ctrl Pts',(-2.39510484580624,0.225787074342882,-15.2855951834311));
#3646=CARTESIAN_POINT('Ctrl Pts',(-2.95937564378758,0.868298072352546,-17.6357662677247));
#3647=CARTESIAN_POINT('Ctrl Pts',(-2.76859621107759,0.670151492072583,-16.8539248039487));
#3648=CARTESIAN_POINT('Ctrl Pts',(-2.57781071690133,0.471750055023792,-16.0720649418562));
#3649=CARTESIAN_POINT('Ctrl Pts',(-2.38703128419134,0.273603474743828,-15.2902234780802));
#3650=CARTESIAN_POINT('Ctrl Pts',(-2.95439187518798,0.941825383195264,-17.6367437164364));
#3651=CARTESIAN_POINT('Ctrl Pts',(-2.76065604235601,0.742926250070485,-16.8569948295266));
#3652=CARTESIAN_POINT('Ctrl Pts',(-2.56691950321552,0.544000632573101,-16.0772442548116));
#3653=CARTESIAN_POINT('Ctrl Pts',(-2.37318367038355,0.345101499448322,-15.2974953679018));
#3654=CARTESIAN_POINT('Ctrl Pts',(-2.94906214479988,0.997642410587927,-17.6375111907108));
#3655=CARTESIAN_POINT('Ctrl Pts',(-2.75323161107644,0.798156518878186,-16.859412743605));
#3656=CARTESIAN_POINT('Ctrl Pts',(-2.55739743643349,0.598520819077224,-16.0813035656032));
#3657=CARTESIAN_POINT('Ctrl Pts',(-2.36156690271005,0.399034927367483,-15.3032051184975));
#3658=CARTESIAN_POINT('Ctrl Pts',(-2.94065209798209,1.06397126899687,-17.6384624929143));
#3659=CARTESIAN_POINT('Ctrl Pts',(-2.7424756822858,0.863529294526917,-16.8624041718008));
#3660=CARTESIAN_POINT('Ctrl Pts',(-2.54429748903736,0.663015551402145,-16.0863408082018));
#3661=CARTESIAN_POINT('Ctrl Pts',(-2.34612107334107,0.462573576932193,-15.3102824870883));
#3662=CARTESIAN_POINT('Ctrl Pts',(-2.9307875881954,1.13035727848774,-17.639445236912));
#3663=CARTESIAN_POINT('Ctrl Pts',(-2.73033489404653,0.928860284110073,-16.8654972880752));
#3664=CARTESIAN_POINT('Ctrl Pts',(-2.52987953473198,0.727256166925449,-16.0915417208936));
#3665=CARTESIAN_POINT('Ctrl Pts',(-2.32942684058311,0.525759172547786,-15.3175937720568));
#3666=CARTESIAN_POINT('Ctrl Pts',(-2.9209422345221,1.18568119754131,-17.6402973134894));
#3667=CARTESIAN_POINT('Ctrl Pts',(-2.71868830795744,0.983142444983953,-16.8681775006475));
#3668=CARTESIAN_POINT('Ctrl Pts',(-2.51643262778199,0.780533734844902,-16.0960527481884));
#3669=CARTESIAN_POINT('Ctrl Pts',(-2.31417870121733,0.577994982287543,-15.3239329353464));
#3670=CARTESIAN_POINT('Ctrl Pts',(-2.90584625798367,1.26015962189935,-17.6414794574277));
#3671=CARTESIAN_POINT('Ctrl Pts',(-2.70130438357135,1.05609013721278,-16.871897548324));
#3672=CARTESIAN_POINT('Ctrl Pts',(-2.49676031980629,0.851935295124499,-16.102309597944));
#3673=CARTESIAN_POINT('Ctrl Pts',(-2.29221844539397,0.647865810437921,-15.3327276888403));
#3674=CARTESIAN_POINT('Ctrl Pts',(-2.89499901664186,1.30664897404805,-17.6422446983489));
#3675=CARTESIAN_POINT('Ctrl Pts',(-2.68913533552093,1.10150548838476,-16.8743047627749));
#3676=CARTESIAN_POINT('Ctrl Pts',(-2.48327011336064,0.896304108042014,-16.1063607596131));
#3677=CARTESIAN_POINT('Ctrl Pts',(-2.2774064322397,0.691160622378725,-15.3384208240391));
#3678=CARTESIAN_POINT('Ctrl Pts',(-2.87568812027647,1.3809762158057,-17.6435056028211));
#3679=CARTESIAN_POINT('Ctrl Pts',(-2.66786323980119,1.17398259640568,-16.8782724253513));
#3680=CARTESIAN_POINT('Ctrl Pts',(-2.46003665619208,0.966924631120619,-16.1130347068978));
#3681=CARTESIAN_POINT('Ctrl Pts',(-2.2522117757168,0.759931011720598,-15.347801529428));
#3682=CARTESIAN_POINT('Ctrl Pts',(-2.86226822577842,1.42790106826213,-17.6443252379635));
#3683=CARTESIAN_POINT('Ctrl Pts',(-2.65330013658247,1.21964701060519,-16.8808510274063));
#3684=CARTESIAN_POINT('Ctrl Pts',(-2.44433066742245,1.01134598645302,-16.1173735499042));
#3685=CARTESIAN_POINT('Ctrl Pts',(-2.23536257822649,0.803091928796089,-15.353899339347));
#3686=CARTESIAN_POINT('Ctrl Pts',(-2.83910448823914,1.50046693147504,-17.6456379157861));
#3687=CARTESIAN_POINT('Ctrl Pts',(-2.62856789417915,1.29011027133206,-16.8849815156364));
#3688=CARTESIAN_POINT('Ctrl Pts',(-2.41802991285908,1.07970385396949,-16.1243216212076));
#3689=CARTESIAN_POINT('Ctrl Pts',(-2.20749331879909,0.869347193826502,-15.3636652210579));
#3690=CARTESIAN_POINT('Ctrl Pts',(-2.82034352552587,1.55449461326345,-17.6466436618556));
#3691=CARTESIAN_POINT('Ctrl Pts',(-2.60876659768657,1.34247490294302,-16.8881459373918));
#3692=CARTESIAN_POINT('Ctrl Pts',(-2.39718838413712,1.13041393684034,-16.1296453581724));
#3693=CARTESIAN_POINT('Ctrl Pts',(-2.18561145629781,0.918394226519907,-15.3711476337085));
#3694=CARTESIAN_POINT('Ctrl Pts',(-2.79598853421304,1.61824413271077,-17.6478715215981));
#3695=CARTESIAN_POINT('Ctrl Pts',(-2.58337706272119,1.40413399574509,-16.8920094553738));
#3696=CARTESIAN_POINT('Ctrl Pts',(-2.37076437005766,1.18998329986951,-16.1361445636414));
#3697=CARTESIAN_POINT('Ctrl Pts',(-2.15815289856581,0.975873162903827,-15.3802824974171));
#3698=CARTESIAN_POINT('Ctrl Pts',(-2.77129356174278,1.67816870098702,-17.6490590107808));
#3699=CARTESIAN_POINT('Ctrl Pts',(-2.5578694657614,1.46199402282583,-16.8957458660203));
#3700=CARTESIAN_POINT('Ctrl Pts',(-2.34444413776884,1.2457821302199,-16.1424301624931));
#3701=CARTESIAN_POINT('Ctrl Pts',(-2.13102004178746,1.02960745205871,-15.3891170177326));
#3702=CARTESIAN_POINT('Ctrl Pts',(-2.7462693070714,1.73392364238535,-17.6502015046994));
#3703=CARTESIAN_POINT('Ctrl Pts',(-2.53227471741174,1.5157238743386,-16.8993407139984));
#3704=CARTESIAN_POINT('Ctrl Pts',(-2.31827901970366,1.29749017147063,-16.1484775791097));
#3705=CARTESIAN_POINT('Ctrl Pts',(-2.10428443004399,1.07929040342387,-15.3976167884087));
#3706=CARTESIAN_POINT('Ctrl Pts',(-2.71518277807901,1.7984988702761,-17.6515631332119));
#3707=CARTESIAN_POINT('Ctrl Pts',(-2.50072219928717,1.57785579079477,-16.9036251170611));
#3708=CARTESIAN_POINT('Ctrl Pts',(-2.28626039720425,1.35717967828219,-16.1556848629477));
#3709=CARTESIAN_POINT('Ctrl Pts',(-2.07179981841242,1.13653659880085,-15.4077468467968));
#3710=CARTESIAN_POINT('Ctrl Pts',(-2.68987981346561,1.84710795459883,-17.652622806978));
#3711=CARTESIAN_POINT('Ctrl Pts',(-2.47524627551171,1.62454232609167,-16.906959337022));
#3712=CARTESIAN_POINT('Ctrl Pts',(-2.26061172610991,1.40194842819321,-16.1612939333366));
#3713=CARTESIAN_POINT('Ctrl Pts',(-2.04597818815601,1.17938279968605,-15.4156304633806));
#3714=CARTESIAN_POINT('Ctrl Pts',(-2.65209001301553,1.91505974266949,-17.654147882009));
#3715=CARTESIAN_POINT('Ctrl Pts',(-2.43744547430846,1.6897143013271,-16.9117580416461));
#3716=CARTESIAN_POINT('Ctrl Pts',(-2.22279969161784,1.46434077473308,-16.1693663492827));
#3717=CARTESIAN_POINT('Ctrl Pts',(-2.00815515291078,1.23899533339069,-15.4269765089199));
#3718=CARTESIAN_POINT('Ctrl Pts',(-2.6267687469087,1.95738662250564,-17.655130119275));
#3719=CARTESIAN_POINT('Ctrl Pts',(-2.41228809374258,1.73024440912376,-16.9148486023724));
#3720=CARTESIAN_POINT('Ctrl Pts',(-2.19780648356726,1.50307916005449,-16.174565540878));
#3721=CARTESIAN_POINT('Ctrl Pts',(-1.98332583040113,1.27593694667261,-15.4342840239754));
#3722=CARTESIAN_POINT('Ctrl Pts',(-2.58262202134934,2.02663379963194,-17.6567859366111));
#3723=CARTESIAN_POINT('Ctrl Pts',(-2.36867487839444,1.79647034491132,-16.9200586847624));
#3724=CARTESIAN_POINT('Ctrl Pts',(-2.15472644928279,1.56628415909297,-16.1833300001603));
#3725=CARTESIAN_POINT('Ctrl Pts',(-1.94077930632789,1.33612070437235,-15.4466027483117));
#3726=CARTESIAN_POINT('Ctrl Pts',(-2.55689563664309,2.06433514521019,-17.6577178854089));
#3727=CARTESIAN_POINT('Ctrl Pts',(-2.34340383026203,1.83247688778642,-16.9229910225233));
#3728=CARTESIAN_POINT('Ctrl Pts',(-2.12991101850861,1.60060037573732,-16.1882629969554));
#3729=CARTESIAN_POINT('Ctrl Pts',(-1.91641921212756,1.36874211831355,-15.4535361340698));
#3730=CARTESIAN_POINT('Ctrl Pts',(-2.50796138869082,2.13162708327092,-17.6594351748472));
#3731=CARTESIAN_POINT('Ctrl Pts',(-2.29558088447798,1.89667610957173,-16.9283945281859));
#3732=CARTESIAN_POINT('Ctrl Pts',(-2.08319902703555,1.66170728333672,-16.1973528368424));
#3733=CARTESIAN_POINT('Ctrl Pts',(-1.87081852282271,1.42675630963753,-15.4663121901811));
#3734=CARTESIAN_POINT('Ctrl Pts',(-2.47963455880432,2.16823822370262,-17.6604000024883));
#3735=CARTESIAN_POINT('Ctrl Pts',(-2.26802701915943,1.93156646486799,-16.9314303356947));
#3736=CARTESIAN_POINT('Ctrl Pts',(-2.05641833385132,1.69488046758861,-16.2024598502739));
#3737=CARTESIAN_POINT('Ctrl Pts',(-1.84481079420643,1.45820870875398,-15.4734901834803));
#3738=CARTESIAN_POINT('Ctrl Pts',(-2.42646688118794,2.23251279898816,-17.6621550071415));
#3739=CARTESIAN_POINT('Ctrl Pts',(-2.21655984512333,1.99276593718444,-16.9369525282511));
#3740=CARTESIAN_POINT('Ctrl Pts',(-2.00665137311092,1.75300493583262,-16.2117493070025));
#3741=CARTESIAN_POINT('Ctrl Pts',(-1.79674433704631,1.51325807402891,-15.486546828112));
#3742=CARTESIAN_POINT('Ctrl Pts',(-2.39378756119964,2.26963970134929,-17.6632038413134));
#3743=CARTESIAN_POINT('Ctrl Pts',(-2.18505914107401,2.02808667337605,-16.9402526738217));
#3744=CARTESIAN_POINT('Ctrl Pts',(-1.97632933207453,1.78652228578286,-16.2173009692502));
#3745=CARTESIAN_POINT('Ctrl Pts',(-1.76760091194891,1.54496925780962,-15.4943498017586));
#3746=CARTESIAN_POINT('Ctrl Pts',(-2.33823397082191,2.32872205144431,-17.6649359416754));
#3747=CARTESIAN_POINT('Ctrl Pts',(-2.13173670171075,2.08426065961426,-16.9457028092368));
#3748=CARTESIAN_POINT('Ctrl Pts',(-1.92523786174318,1.83978790159076,-16.2264691786025));
#3749=CARTESIAN_POINT('Ctrl Pts',(-1.71874059263202,1.59532650976071,-15.5072360461639));
#3750=CARTESIAN_POINT('Ctrl Pts',(-2.30157931760864,2.36532292348946,-17.6660488004028));
#3751=CARTESIAN_POINT('Ctrl Pts',(-2.09668830232881,2.11904026689139,-16.9492044160541));
#3752=CARTESIAN_POINT('Ctrl Pts',(-1.89179562550811,1.87274839831206,-16.232359725329));
#3753=CARTESIAN_POINT('Ctrl Pts',(-1.68690461022828,1.62646574171399,-15.5155153409803));
#3754=CARTESIAN_POINT('Ctrl Pts',(-2.24339494782691,2.41969950484165,-17.6677681298739));
#3755=CARTESIAN_POINT('Ctrl Pts',(-2.04126473263619,2.17069671317519,-16.9546143731756));
#3756=CARTESIAN_POINT('Ctrl Pts',(-1.8391327302279,1.9216846471618,-16.2414603309481));
#3757=CARTESIAN_POINT('Ctrl Pts',(-1.63700251503718,1.67268185549534,-15.5283065742498));
#3758=CARTESIAN_POINT('Ctrl Pts',(-2.20322918348035,2.45487403371573,-17.6689251360851));
#3759=CARTESIAN_POINT('Ctrl Pts',(-2.00313827537585,2.20410438550896,-16.9582548941674));
#3760=CARTESIAN_POINT('Ctrl Pts',(-1.80304537626122,1.95332720064707,-16.2475845534233));
#3761=CARTESIAN_POINT('Ctrl Pts',(-1.60295446815673,1.70255755244031,-15.5369143115055));
#3762=CARTESIAN_POINT('Ctrl Pts',(-2.14203546513933,2.50496597843674,-17.6706432942071));
#3763=CARTESIAN_POINT('Ctrl Pts',(-1.94525027547677,2.25168539193154,-16.9636611713275));
#3764=CARTESIAN_POINT('Ctrl Pts',(-1.74846301750252,1.99839712940572,-16.2566789532109));
#3765=CARTESIAN_POINT('Ctrl Pts',(-1.55167782783996,1.74511654290052,-15.5496968303313));
#3766=CARTESIAN_POINT('Ctrl Pts',(-2.09896635100579,2.53789757644764,-17.6718230072739));
#3767=CARTESIAN_POINT('Ctrl Pts',(-1.90463928426072,2.28297255530692,-16.967373133049));
#3768=CARTESIAN_POINT('Ctrl Pts',(-1.71030977935062,2.02804137811037,-16.2629233731839));
#3769=CARTESIAN_POINT('Ctrl Pts',(-1.51598271260555,1.77311635696966,-15.5584734989589));
#3770=CARTESIAN_POINT('Ctrl Pts',(-2.03423653191842,2.58404610229031,-17.673553009472));
#3771=CARTESIAN_POINT('Ctrl Pts',(-1.84379505527879,2.3268426256262,-16.9728166933435));
#3772=CARTESIAN_POINT('Ctrl Pts',(-1.65335119821291,2.06963268760731,-16.2720804498578));
#3773=CARTESIAN_POINT('Ctrl Pts',(-1.46290972157328,1.8124292109432,-15.5713441337293));
#3774=CARTESIAN_POINT('Ctrl Pts',(-1.98902887428504,2.61401011338414,-17.6747321563225));
#3775=CARTESIAN_POINT('Ctrl Pts',(-1.80143027906147,2.35534842214636,-16.9765268414471));
#3776=CARTESIAN_POINT('Ctrl Pts',(-1.6138285402061,2.09668180406263,-16.2783219047726));
#3777=CARTESIAN_POINT('Ctrl Pts',(-1.42622994498253,1.83802011282486,-15.5801165898973));
#3778=CARTESIAN_POINT('Ctrl Pts',(-1.92006301569224,2.65646388733393,-17.6764884406401));
#3779=CARTESIAN_POINT('Ctrl Pts',(-1.73699026780201,2.3957852902237,-16.982053146964));
#3780=CARTESIAN_POINT('Ctrl Pts',(-1.55391490475433,2.13510110453781,-16.2876180484776));
#3781=CARTESIAN_POINT('Ctrl Pts',(-1.37084215686411,1.87442250742758,-15.5931827548016));
#3782=CARTESIAN_POINT('Ctrl Pts',(-1.87365357211961,2.68284451138529,-17.6776417600039));
#3783=CARTESIAN_POINT('Ctrl Pts',(-1.69375370806237,2.42094960358846,-16.9856819344748));
#3784=CARTESIAN_POINT('Ctrl Pts',(-1.51384941938434,2.159050993154,-16.2937228886808));
#3785=CARTESIAN_POINT('Ctrl Pts',(-1.3339495553271,1.89715608535717,-15.6017630631517));
#3786=CARTESIAN_POINT('Ctrl Pts',(-1.7995374087537,2.72174132897784,-17.6794403203178));
#3787=CARTESIAN_POINT('Ctrl Pts',(-1.62489794646528,2.45813046402409,-16.9913413943549));
#3788=CARTESIAN_POINT('Ctrl Pts',(-1.450255989722,2.19451452083032,-16.3032426732189));
#3789=CARTESIAN_POINT('Ctrl Pts',(-1.27561652743358,1.93090365587658,-15.6151437472561));
#3790=CARTESIAN_POINT('Ctrl Pts',(-1.75305825857851,2.74404524825773,-17.6805402695242));
#3791=CARTESIAN_POINT('Ctrl Pts',(-1.5818448812271,2.47950468633491,-16.9948020247097));
#3792=CARTESIAN_POINT('Ctrl Pts',(-1.41062464598423,2.21496176530844,-16.3090652443908));
#3793=CARTESIAN_POINT('Ctrl Pts',(-1.23941126863283,1.95042120338561,-15.6233269995764));
#3794=CARTESIAN_POINT('Ctrl Pts',(-1.67263924728403,2.77936805502046,-17.6823978668522));
#3795=CARTESIAN_POINT('Ctrl Pts',(-1.50756018061537,2.51346927281958,-17.0006475461994));
#3796=CARTESIAN_POINT('Ctrl Pts',(-1.34247955009089,2.24756553491187,-16.3188972198721));
#3797=CARTESIAN_POINT('Ctrl Pts',(-1.17740048342223,1.98166675271098,-15.6371468992193));
#3798=CARTESIAN_POINT('Ctrl Pts',(-1.62746121068278,2.79725343104033,-17.6834141839526));
#3799=CARTESIAN_POINT('Ctrl Pts',(-1.4659580071291,2.53073958881186,-17.0038445933606));
#3800=CARTESIAN_POINT('Ctrl Pts',(-1.30444382793607,2.26422472020995,-16.3242775473785));
#3801=CARTESIAN_POINT('Ctrl Pts',(-1.14294062438239,1.99771087798149,-15.6447079567865));
#3802=CARTESIAN_POINT('Ctrl Pts',(-1.54458398363451,2.82689200466755,-17.6852318155762));
#3803=CARTESIAN_POINT('Ctrl Pts',(-1.38985833260934,2.55951618647035,-17.0095648030117));
#3804=CARTESIAN_POINT('Ctrl Pts',(-1.23513222781414,2.29213548914984,-16.3338975375885));
#3805=CARTESIAN_POINT('Ctrl Pts',(-1.08040657678897,2.02475967095263,-15.6582305250241));
#3806=CARTESIAN_POINT('Ctrl Pts',(-1.49724686619346,2.84203305223441,-17.6862437745086));
#3807=CARTESIAN_POINT('Ctrl Pts',(-1.34652674900436,2.57431058533186,-17.0127474825449));
#3808=CARTESIAN_POINT('Ctrl Pts',(-1.19578885102364,2.30658853510886,-16.3392554512492));
#3809=CARTESIAN_POINT('Ctrl Pts',(-1.04506873383454,2.03886606820631,-15.6657591592855));
#3810=CARTESIAN_POINT('Ctrl Pts',(-1.41252636635863,2.86568945950141,-17.6880002302324));
#3811=CARTESIAN_POINT('Ctrl Pts',(-1.26924083404041,2.59765479954048,-17.0182759606383));
#3812=CARTESIAN_POINT('Ctrl Pts',(-1.12595731531638,2.32961517774124,-16.3485508689888));
#3813=CARTESIAN_POINT('Ctrl Pts',(-0.982671782998158,2.06158051778031,-15.6788265993947));
#3814=CARTESIAN_POINT('Ctrl Pts',(-1.35716718727261,2.87917091994609,-17.689116361816));
#3815=CARTESIAN_POINT('Ctrl Pts',(-1.21891860678006,2.61110599223956,-17.0217854384517));
#3816=CARTESIAN_POINT('Ctrl Pts',(-1.08064261620692,2.34304327327507,-16.3544611665257));
#3817=CARTESIAN_POINT('Ctrl Pts',(-0.942394035714366,2.07497834556854,-15.6871302431614));
#3818=CARTESIAN_POINT('Ctrl Pts',(-1.27626865974247,2.89551146593116,-17.6906896920344));
#3819=CARTESIAN_POINT('Ctrl Pts',(-1.14568198344332,2.62774518780629,-17.026739100856));
#3820=CARTESIAN_POINT('Ctrl Pts',(-1.01510452449129,2.35997212110474,-16.3627858822505));
#3821=CARTESIAN_POINT('Ctrl Pts',(-0.88451784819214,2.09220584297986,-15.6988352910721));
#3822=CARTESIAN_POINT('Ctrl Pts',(-1.20984548231833,2.90666013715834,-17.6919401055528));
#3823=CARTESIAN_POINT('Ctrl Pts',(-1.08582409030433,2.63935673558993,-17.0306682687336));
#3824=CARTESIAN_POINT('Ctrl Pts',(-0.961748796893275,2.37206189154177,-16.3694097841109));
#3825=CARTESIAN_POINT('Ctrl Pts',(-0.837727404879277,2.10475848997336,-15.7081379472917));
#3826=CARTESIAN_POINT('Ctrl Pts',(-1.13547462158294,2.91623514295834,-17.6932803028741));
#3827=CARTESIAN_POINT('Ctrl Pts',(-1.0191162381053,2.64973526148234,-17.0348938422139));
#3828=CARTESIAN_POINT('Ctrl Pts',(-0.902805341805593,2.38321847139731,-16.376495025482));
#3829=CARTESIAN_POINT('Ctrl Pts',(-0.786446958327954,2.11671858992131,-15.7181085648217));
#3830=CARTESIAN_POINT('Ctrl Pts',(-1.05343048949199,2.9237894014004,-17.6947017868185));
#3831=CARTESIAN_POINT('Ctrl Pts',(-0.946002293820714,2.65852672597152,-17.0393502074015));
#3832=CARTESIAN_POINT('Ctrl Pts',(-0.83842735091505,2.39329562487806,-16.384035506918));
#3833=CARTESIAN_POINT('Ctrl Pts',(-0.730999155243775,2.12803294944918,-15.728683927501));
#3834=CARTESIAN_POINT('Ctrl Pts',(-0.988965129330451,2.92615399021037,-17.6957541784728));
#3835=CARTESIAN_POINT('Ctrl Pts',(-0.888835407418371,2.66244111315797,-17.0426918546587));
#3836=CARTESIAN_POINT('Ctrl Pts',(-0.78891680050612,2.39866984441321,-16.389575691435));
#3837=CARTESIAN_POINT('Ctrl Pts',(-0.688787078594039,2.13495696736081,-15.736513367621));
#3838=CARTESIAN_POINT('Ctrl Pts',(-0.88578748586421,2.92922152669572,-17.6973484632798));
#3839=CARTESIAN_POINT('Ctrl Pts',(-0.798439059741002,2.66763434349878,-17.0476555305031));
#3840=CARTESIAN_POINT('Ctrl Pts',(-0.710675868095058,2.40614352394133,-16.398067243404));
#3841=CARTESIAN_POINT('Ctrl Pts',(-0.62332744197185,2.14455634074439,-15.7483743106273));
#3842=CARTESIAN_POINT('Ctrl Pts',(-0.762380639869599,2.93254204715769,-17.6990686026401));
#3843=CARTESIAN_POINT('Ctrl Pts',(-0.691350325168341,2.67292466308586,-17.053133331132));
#3844=CARTESIAN_POINT('Ctrl Pts',(-0.62070915587069,2.41325079416124,-16.4071068407078));
#3845=CARTESIAN_POINT('Ctrl Pts',(-0.549678841169432,2.15363341008941,-15.7611715691997));
#3846=CARTESIAN_POINT('Ctrl Pts',(-0.481440217765453,2.93912686339706,-17.703595630666));
#3847=CARTESIAN_POINT('Ctrl Pts',(-0.440899034421522,2.68226770233036,-17.067330367325));
#3848=CARTESIAN_POINT('Ctrl Pts',(-0.400132048563471,2.42545227067733,-16.4311163991808));
#3849=CARTESIAN_POINT('Ctrl Pts',(-0.35959086521954,2.16859310961063,-15.7948511358398));
#3850=CARTESIAN_POINT('Ctrl Pts',(-0.109988692942375,2.94668790580886,-17.7100582646276));
#3851=CARTESIAN_POINT('Ctrl Pts',(-0.101736607816412,2.6921393481116,-17.087697598752));
#3852=CARTESIAN_POINT('Ctrl Pts',(-0.0936700997090428,2.43755724997922,
-16.4652916258146));
#3853=CARTESIAN_POINT('Ctrl Pts',(-0.0854180145830795,2.18300869228196,
-15.842930959939));
#3854=CARTESIAN_POINT('Ctrl Pts',(0.341890619754526,2.95559607225442,-17.7181317209548));
#3855=CARTESIAN_POINT('Ctrl Pts',(0.317263524443584,2.70484600936162,-17.113082711471));
#3856=CARTESIAN_POINT('Ctrl Pts',(0.292681395765255,2.45410548715591,-16.5080437704045));
#3857=CARTESIAN_POINT('Ctrl Pts',(0.268054300454312,2.20335542426311,-15.9029947609207));
#3858=CARTESIAN_POINT('Ctrl Pts',(0.762529484182992,2.96317909169875,-17.7257480948431));
#3859=CARTESIAN_POINT('Ctrl Pts',(0.713765865629223,2.71586806890939,-17.1370537502886));
#3860=CARTESIAN_POINT('Ctrl Pts',(0.66498061806635,2.468551511118,-16.5483523667713));
#3861=CARTESIAN_POINT('Ctrl Pts',(0.616216999512582,2.22124048832863,-15.9596580222167));
#3862=CARTESIAN_POINT('Ctrl Pts',(1.1597002855854,2.96978698102329,-17.7328874481356));
#3863=CARTESIAN_POINT('Ctrl Pts',(1.09321375530774,2.72575017753293,-17.159515592358));
#3864=CARTESIAN_POINT('Ctrl Pts',(1.02672675294842,2.48171413012791,-16.5861442664194));
#3865=CARTESIAN_POINT('Ctrl Pts',(0.960240222670765,2.23767732663754,-16.0127724106418));
#3866=CARTESIAN_POINT('Ctrl Pts',(1.53843170397994,2.97553609561103,-17.7395369311797));
#3867=CARTESIAN_POINT('Ctrl Pts',(1.45937228583208,2.73452275018164,-17.1804389259781));
#3868=CARTESIAN_POINT('Ctrl Pts',(1.38032542400385,2.4935086102921,-16.6213403343029));
#3869=CARTESIAN_POINT('Ctrl Pts',(1.30126600585599,2.25249526486271,-16.0622423291013));
#3870=CARTESIAN_POINT('Ctrl Pts',(1.90222706566134,2.98054177523205,-17.7456834759349));
#3871=CARTESIAN_POINT('Ctrl Pts',(1.81488690817055,2.74230355853653,-17.1997791776559));
#3872=CARTESIAN_POINT('Ctrl Pts',(1.72754021934268,2.50406502977618,-16.6538748540456));
#3873=CARTESIAN_POINT('Ctrl Pts',(1.6402000618519,2.26582681308065,-16.1079705557666));
#3874=CARTESIAN_POINT('Ctrl Pts',(2.25365360384041,2.98487984030342,-17.7513090292484));
#3875=CARTESIAN_POINT('Ctrl Pts',(2.16155970942944,2.74915326848178,-17.2174798247643));
#3876=CARTESIAN_POINT('Ctrl Pts',(2.06950454118033,2.51342679876294,-16.6836519857339));
#3877=CARTESIAN_POINT('Ctrl Pts',(1.97741064676936,2.27770022694129,-16.1498227812497));
#3878=CARTESIAN_POINT('Ctrl Pts',(2.59486324686212,2.98861407575907,-17.7563997512317));
#3879=CARTESIAN_POINT('Ctrl Pts',(2.50114183735208,2.75513492720869,-17.2334982394307));
#3880=CARTESIAN_POINT('Ctrl Pts',(2.40741077135205,2.52165565804382,-16.7105975532339));
#3881=CARTESIAN_POINT('Ctrl Pts',(2.31368936184201,2.28817650949344,-16.1876960414329));
#3882=CARTESIAN_POINT('Ctrl Pts',(2.92771923923684,2.99179430942411,-17.7609367199848));
#3883=CARTESIAN_POINT('Ctrl Pts',(2.83472854164171,2.76029419368172,-17.2477734566316));
#3884=CARTESIAN_POINT('Ctrl Pts',(2.7418106952528,2.52879457150765,-16.7346128270948));
#3885=CARTESIAN_POINT('Ctrl Pts',(2.64881999765767,2.29729445576526,-16.2214495637415));
#3886=CARTESIAN_POINT('Ctrl Pts',(3.25463932904211,2.99446630826578,-17.7649145538633));
#3887=CARTESIAN_POINT('Ctrl Pts',(3.1647109341094,2.76468302598105,-17.2602890174264));
#3888=CARTESIAN_POINT('Ctrl Pts',(3.07481936943856,2.5349009135456,-16.7556688469867));
#3889=CARTESIAN_POINT('Ctrl Pts',(2.98489097450585,2.30511763126087,-16.2510433105499));
#3890=CARTESIAN_POINT('Ctrl Pts',(3.57848909516004,2.99666451476116,-17.7683063773729));
#3891=CARTESIAN_POINT('Ctrl Pts',(3.49229179611245,2.76833009868119,-17.270964050573));
#3892=CARTESIAN_POINT('Ctrl Pts',(3.40609067137463,2.53999529506895,-16.7736196640154));
#3893=CARTESIAN_POINT('Ctrl Pts',(3.31989337232704,2.31166087898898,-16.2762773372155));
#3894=CARTESIAN_POINT('Ctrl Pts',(3.90403214086841,2.99842104025881,-17.7711244671724));
#3895=CARTESIAN_POINT('Ctrl Pts',(3.82292799809064,2.77127989165544,-17.2798206770478));
#3896=CARTESIAN_POINT('Ctrl Pts',(3.74226684172133,2.54414623591041,-16.7885467680777));
#3897=CARTESIAN_POINT('Ctrl Pts',(3.66116269894356,2.31700508730703,-16.2972429779531));
#3898=CARTESIAN_POINT('Ctrl Pts',(4.21511941850226,2.99964288919023,-17.7731026048827));
#3899=CARTESIAN_POINT('Ctrl Pts',(4.13313912030779,2.77333504799473,-17.2860686045694));
#3900=CARTESIAN_POINT('Ctrl Pts',(4.05045452167926,2.54701716606955,-16.7989936578312));
#3901=CARTESIAN_POINT('Ctrl Pts',(3.96847422348479,2.32070932487404,-16.3119596575178));
#3902=CARTESIAN_POINT('Ctrl Pts',(4.50589183034824,3.0004614591425,-17.7747018333304));
#3903=CARTESIAN_POINT('Ctrl Pts',(4.43520599555797,2.77485728581961,-17.291082217591));
#3904=CARTESIAN_POINT('Ctrl Pts',(4.36486048772427,2.54925905017559,-16.8074769952875));
#3905=CARTESIAN_POINT('Ctrl Pts',(4.29417465293401,2.3236548768527,-16.3238573795481));
#3906=CARTESIAN_POINT('Ctrl Pts',(4.76558938805084,3.00089415590108,-17.7757115326179));
#3907=CARTESIAN_POINT('Ctrl Pts',(4.71872855883715,2.77575537456378,-17.2942676258234));
#3908=CARTESIAN_POINT('Ctrl Pts',(4.67162977867724,2.55061432803414,-16.8128131096059));
#3909=CARTESIAN_POINT('Ctrl Pts',(4.62476894946355,2.32547554669684,-16.3313692028114));
#3910=CARTESIAN_POINT('Ctrl Pts',(5.00617043570955,3.00100572340776,-17.776067595945));
#3911=CARTESIAN_POINT('Ctrl Pts',(4.99098283220103,2.7760359397809,-17.2953834639391));
#3912=CARTESIAN_POINT('Ctrl Pts',(4.97587574806695,2.55106593437565,-16.8147023262713));
#3913=CARTESIAN_POINT('Ctrl Pts',(4.96068814455842,2.32609615074879,-16.3340181942655));
#3914=CARTESIAN_POINT('Ctrl Pts',(5.24665300214622,3.00081644940379,-17.775714992306));
#3915=CARTESIAN_POINT('Ctrl Pts',(5.26335731782038,2.77570448838227,-17.2942762163965));
#3916=CARTESIAN_POINT('Ctrl Pts',(5.27998617049911,2.55059196281997,-16.8128337176371));
#3917=CARTESIAN_POINT('Ctrl Pts',(5.29669048617327,2.32548000179846,-16.3313949417276));
#3918=CARTESIAN_POINT('Ctrl Pts',(5.50604313825229,3.00029746202215,-17.77470512788));
#3919=CARTESIAN_POINT('Ctrl Pts',(5.54644236709933,2.77474911489752,-17.2910971598979));
#3920=CARTESIAN_POINT('Ctrl Pts',(5.58684665791157,2.54920369384866,-16.8074898578712));
#3921=CARTESIAN_POINT('Ctrl Pts',(5.62724588675861,2.32365534672404,-16.3238818898892));
#3922=CARTESIAN_POINT('Ctrl Pts',(5.80079274571907,2.99936923855438,-17.7730913840336));
#3923=CARTESIAN_POINT('Ctrl Pts',(5.853183938694,2.77313907999296,-17.2860206108492));
#3924=CARTESIAN_POINT('Ctrl Pts',(5.90555729197006,2.54690870640491,-16.7989469513569));
#3925=CARTESIAN_POINT('Ctrl Pts',(5.957948484945,2.32067854784349,-16.3118761781725));
#3926=CARTESIAN_POINT('Ctrl Pts',(6.14190268529581,2.99789451465999,-17.7708845070733));
#3927=CARTESIAN_POINT('Ctrl Pts',(6.19285982978208,2.7707733296617,-17.2790739751429));
#3928=CARTESIAN_POINT('Ctrl Pts',(6.24378437603152,2.54365333598113,-16.7872682874143));
#3929=CARTESIAN_POINT('Ctrl Pts',(6.29474152051778,2.31653215098284,-16.295457755484));
#3930=CARTESIAN_POINT('Ctrl Pts',(6.5355583918277,2.99568719633549,-17.7680893921283));
#3931=CARTESIAN_POINT('Ctrl Pts',(6.57050958730014,2.76750849484757,-17.2702818095127));
#3932=CARTESIAN_POINT('Ctrl Pts',(6.60547630127034,2.5393277974417,-16.7724706225558));
#3933=CARTESIAN_POINT('Ctrl Pts',(6.64042749674278,2.31114909595378,-16.2746630399403));
#3934=CARTESIAN_POINT('Ctrl Pts',(6.98497938809098,2.99252029416547,-17.764707555132));
#3935=CARTESIAN_POINT('Ctrl Pts',(6.98881171398206,2.76316095830924,-17.2596348291631));
#3936=CARTESIAN_POINT('Ctrl Pts',(6.9925505101674,2.53380456649396,-16.7545760355456));
#3937=CARTESIAN_POINT('Ctrl Pts',(6.99638283605847,2.30444523063774,-16.2495033095767));
#3938=CARTESIAN_POINT('Ctrl Pts',(7.49152978097541,2.98813379880761,-17.7607583742881));
#3939=CARTESIAN_POINT('Ctrl Pts',(7.44849509475486,2.75754212901314,-17.2472140340141));
#3940=CARTESIAN_POINT('Ctrl Pts',(7.40547831916881,2.52694874071129,-16.7336670719874));
#3941=CARTESIAN_POINT('Ctrl Pts',(7.36244363294826,2.29635707091681,-16.2201227317134));
#3942=CARTESIAN_POINT('Ctrl Pts',(7.95144362074532,2.98331614403344,-17.7570671201199));
#3943=CARTESIAN_POINT('Ctrl Pts',(7.85777184022545,2.75171222350382,-17.2355845664622));
#3944=CARTESIAN_POINT('Ctrl Pts',(7.7638233310064,2.52011809501079,-16.7141435952662));
#3945=CARTESIAN_POINT('Ctrl Pts',(7.67015155048653,2.28851417448117,-16.1926610416085));
#3946=CARTESIAN_POINT('Ctrl Pts',(8.34607658729618,2.97860649788968,-17.7538824419395));
#3947=CARTESIAN_POINT('Ctrl Pts',(8.20401876994691,2.74625551019947,-17.2255767624532));
#3948=CARTESIAN_POINT('Ctrl Pts',(8.06194394634313,2.51390628768211,-16.6972737860408));
#3949=CARTESIAN_POINT('Ctrl Pts',(7.91988612899386,2.2815552999919,-16.1689681065546));
#3950=CARTESIAN_POINT('Ctrl Pts',(8.65724040617332,2.97455513349439,-17.7513056403646));
#3951=CARTESIAN_POINT('Ctrl Pts',(8.4759151078681,2.74163366152367,-17.2174455344875));
#3952=CARTESIAN_POINT('Ctrl Pts',(8.29411259526112,2.50873077815512,-16.6836576749701));
#3953=CARTESIAN_POINT('Ctrl Pts',(8.11278729695589,2.2758093061844,-16.149797569093));
#3954=CARTESIAN_POINT('Ctrl Pts',(8.96717676815996,2.97021618415644,-17.7488403718568));
#3955=CARTESIAN_POINT('Ctrl Pts',(8.74269576995513,2.73686647248239,-17.209696534482));
#3956=CARTESIAN_POINT('Ctrl Pts',(8.51788449728578,2.50353051587645,-16.6706006375311));
#3957=CARTESIAN_POINT('Ctrl Pts',(8.29340349908096,2.2701808042024,-16.1314568001563));
#3958=CARTESIAN_POINT('Ctrl Pts',(9.30588277893998,2.96506258034518,-17.7458185935026));
#3959=CARTESIAN_POINT('Ctrl Pts',(9.03757117616512,2.73113504965423,-17.200240768724));
#3960=CARTESIAN_POINT('Ctrl Pts',(8.76998796968057,2.49717715703986,-16.6545536098258));
#3961=CARTESIAN_POINT('Ctrl Pts',(8.5016763669057,2.26324962634891,-16.1089757850472));
#3962=CARTESIAN_POINT('Ctrl Pts',(9.65936122031859,2.95883416896485,-17.7403739557065));
#3963=CARTESIAN_POINT('Ctrl Pts',(9.37705564073217,2.72294263096632,-17.1830621297003));
#3964=CARTESIAN_POINT('Ctrl Pts',(9.09453415581142,2.48705941692337,-16.6257813362003));
#3965=CARTESIAN_POINT('Ctrl Pts',(8.812228576225,2.25116787892484,-16.068469510194));
#3966=CARTESIAN_POINT('Ctrl Pts',(10.0093631522086,2.95190509849019,-17.733454840506));
#3967=CARTESIAN_POINT('Ctrl Pts',(9.72616899184261,2.71314896040586,-17.1613271359183));
#3968=CARTESIAN_POINT('Ctrl Pts',(9.44351022313633,2.47437266527702,-16.5891213237221));
#3969=CARTESIAN_POINT('Ctrl Pts',(9.16031606277037,2.23561652719269,-16.0169936191344));
#3970=CARTESIAN_POINT('Ctrl Pts',(10.3193313578857,2.94516764639616,-17.7262040025378));
#3971=CARTESIAN_POINT('Ctrl Pts',(10.0440964685571,2.70309612024427,-17.1384740672228));
#3972=CARTESIAN_POINT('Ctrl Pts',(9.76861491863446,2.46103332754232,-16.5507797575152));
#3973=CARTESIAN_POINT('Ctrl Pts',(9.49338002930581,2.21896180139044,-15.9630498222002));
#3974=CARTESIAN_POINT('Ctrl Pts',(10.5674116447842,2.9393663769003,-17.719719288085));
#3975=CARTESIAN_POINT('Ctrl Pts',(10.3013690347939,2.69420745288143,-17.1180950872793));
#3976=CARTESIAN_POINT('Ctrl Pts',(10.0356061512618,2.44903939155701,-16.5164299274749));
#3977=CARTESIAN_POINT('Ctrl Pts',(9.76956354127156,2.20388046753814,-15.9148057266692));
#3978=CARTESIAN_POINT('Ctrl Pts',(10.7576531197237,2.93463491628922,-17.7144149762272));
#3979=CARTESIAN_POINT('Ctrl Pts',(10.4999605665257,2.68674702794672,-17.1013847539947));
#3980=CARTESIAN_POINT('Ctrl Pts',(10.2421396606042,2.43886211768522,-16.4883736518557));
#3981=CARTESIAN_POINT('Ctrl Pts',(9.98444710740624,2.19097422934271,-15.8753434296232));
#3982=CARTESIAN_POINT('Ctrl Pts',(10.8547249324052,2.93216263889543,-17.7116026523355));
#3983=CARTESIAN_POINT('Ctrl Pts',(10.6014685965776,2.68284472723553,-17.0925465966135));
#3984=CARTESIAN_POINT('Ctrl Pts',(10.3483067969578,2.43352361287527,-16.4734767410227));
#3985=CARTESIAN_POINT('Ctrl Pts',(10.0950504611302,2.18420570121538,-15.8544206853008));
#3986=CARTESIAN_POINT('Ctrl Pts',(10.9490720952208,2.92656668779302,-17.7088079040003));
#3987=CARTESIAN_POINT('Ctrl Pts',(10.7005258004863,2.67674154081806,-17.083745673513));
#3988=CARTESIAN_POINT('Ctrl Pts',(10.4519298608808,2.42691765888916,-16.4586909276982));
#3989=CARTESIAN_POINT('Ctrl Pts',(10.2033835661463,2.17709251191421,-15.8336286972109));
#3990=CARTESIAN_POINT('Ctrl Pts',(11.041174962019,2.91752049967674,-17.7060169775598));
#3991=CARTESIAN_POINT('Ctrl Pts',(10.7974009432974,2.66818874766179,-17.0749701569468));
#3992=CARTESIAN_POINT('Ctrl Pts',(10.5537031951793,2.41885579240538,-16.4439119633463));
#3993=CARTESIAN_POINT('Ctrl Pts',(10.3099291764577,2.16952404039043,-15.8128651427332));
#3994=CARTESIAN_POINT('Ctrl Pts',(11.1341834431089,2.90340675277185,-17.7031275221981));
#3995=CARTESIAN_POINT('Ctrl Pts',(10.8952036039997,2.65559756022577,-17.0658736732163));
#3996=CARTESIAN_POINT('Ctrl Pts',(10.656207944552,2.4077882876433,-16.4286224151864));
#3997=CARTESIAN_POINT('Ctrl Pts',(10.4172281054428,2.15997909509722,-15.7913685662045));
#3998=CARTESIAN_POINT('Ctrl Pts',(11.205724284185,2.89022214844851,-17.700895908452));
#3999=CARTESIAN_POINT('Ctrl Pts',(10.9701137636349,2.64391585717847,-17.0588537895394));
#4000=CARTESIAN_POINT('Ctrl Pts',(10.7345274414707,2.39760903967867,-16.4168082290581));
#4001=CARTESIAN_POINT('Ctrl Pts',(10.4989169209205,2.15130274840863,-15.7747661101455));
#4002=CARTESIAN_POINT('Ctrl Pts',(11.2562428823843,2.87977005921825,-17.6993213920061));
#4003=CARTESIAN_POINT('Ctrl Pts',(11.0228214351179,2.63464743763657,-17.0538983430566));
#4004=CARTESIAN_POINT('Ctrl Pts',(10.7894002787033,2.3895253896396,-16.4084752860505));
#4005=CARTESIAN_POINT('Ctrl Pts',(10.5559788314369,2.14440276805792,-15.7630522371011));
#4006=CARTESIAN_POINT('Ctrl Pts',(11.3135660355913,2.86567702168462,-17.697595854528));
#4007=CARTESIAN_POINT('Ctrl Pts',(11.0815400368059,2.62172286764238,-17.0484694295721));
#4008=CARTESIAN_POINT('Ctrl Pts',(10.8495265682293,2.37776879989632,-16.3993412433022));
#4009=CARTESIAN_POINT('Ctrl Pts',(10.6175005694439,2.13381464585409,-15.7502148183463));
#4010=CARTESIAN_POINT('Ctrl Pts',(11.3773834508226,2.84823401225731,-17.6957072156707));
#4011=CARTESIAN_POINT('Ctrl Pts',(11.1463009852354,2.60555221845169,-17.0425263951436));
#4012=CARTESIAN_POINT('Ctrl Pts',(10.915223786553,2.36287106444056,-16.3893448006879));
#4013=CARTESIAN_POINT('Ctrl Pts',(10.6841413209659,2.12018927063494,-15.7361639801607));
#4014=CARTESIAN_POINT('Ctrl Pts',(11.4234328921631,2.83391913796001,-17.6943636688175));
#4015=CARTESIAN_POINT('Ctrl Pts',(11.1925877148011,2.59221748947243,-17.0382990281405));
#4016=CARTESIAN_POINT('Ctrl Pts',(10.9617517558553,2.35051630964891,-16.3822330839162));
#4017=CARTESIAN_POINT('Ctrl Pts',(10.7309065784933,2.10881466116133,-15.7261684432392));
#4018=CARTESIAN_POINT('Ctrl Pts',(11.4921594729401,2.81049807366176,-17.6923779658583));
#4019=CARTESIAN_POINT('Ctrl Pts',(11.2612270170193,2.57035444792358,-17.0320507421498));
#4020=CARTESIAN_POINT('Ctrl Pts',(11.0303001768031,2.33021157858665,-16.3717227044748));
#4021=CARTESIAN_POINT('Ctrl Pts',(10.7993677208822,2.09006795284847,-15.7113954807663));
#4022=CARTESIAN_POINT('Ctrl Pts',(11.5344838703081,2.794605846261,-17.6911688446517));
#4023=CARTESIAN_POINT('Ctrl Pts',(11.3031827622324,2.55549135148076,-17.0282461669467));
#4024=CARTESIAN_POINT('Ctrl Pts',(11.0718880011903,2.31637718081519,-16.3653227031704));
#4025=CARTESIAN_POINT('Ctrl Pts',(10.8405868931146,2.07726268603496,-15.7024000254654));
#4026=CARTESIAN_POINT('Ctrl Pts',(11.6046606533606,2.76562996949185,-17.6891769044908));
#4027=CARTESIAN_POINT('Ctrl Pts',(11.3723644816942,2.52841807037138,-17.0219784228001));
#4028=CARTESIAN_POINT('Ctrl Pts',(11.140073643111,2.29120731579916,-16.3547791419985));
#4029=CARTESIAN_POINT('Ctrl Pts',(10.9077774714447,2.05399541667869,-15.6875806603079));
#4030=CARTESIAN_POINT('Ctrl Pts',(11.6505695505076,2.74505508237337,-17.687881184531));
#4031=CARTESIAN_POINT('Ctrl Pts',(11.4173938527799,2.50921295648964,-17.0179012767486));
#4032=CARTESIAN_POINT('Ctrl Pts',(11.1842227170006,2.27337145206375,-16.3479208471782));
#4033=CARTESIAN_POINT('Ctrl Pts',(10.9510470192728,2.03752932618001,-15.6779409393958));
#4034=CARTESIAN_POINT('Ctrl Pts',(11.7167063690722,2.71265293189878,-17.6860207206995));
#4035=CARTESIAN_POINT('Ctrl Pts',(11.4819729823783,2.4790307862699,-17.0120472544075));
#4036=CARTESIAN_POINT('Ctrl Pts',(11.2472440434669,2.24540978137596,-16.3380731802227));
#4037=CARTESIAN_POINT('Ctrl Pts',(11.0125106567729,2.01178763574707,-15.6640997139307));
#4038=CARTESIAN_POINT('Ctrl Pts',(11.7663747645216,2.68638724348083,-17.6846266282164));
#4039=CARTESIAN_POINT('Ctrl Pts',(11.5302872584704,2.45461161608827,-17.0076605935172));
#4040=CARTESIAN_POINT('Ctrl Pts',(11.2942033489142,2.22283694251788,-16.330694169214));
#4041=CARTESIAN_POINT('Ctrl Pts',(11.058115842863,1.99106131512532,-15.6537281345148));
#4042=CARTESIAN_POINT('Ctrl Pts',(11.8275241132236,2.65133697566444,-17.6829099435033));
#4043=CARTESIAN_POINT('Ctrl Pts',(11.5895784909047,2.42210866135848,-17.002258963246));
#4044=CARTESIAN_POINT('Ctrl Pts',(11.3516364162662,2.1928815596749,-16.321607557613));
#4045=CARTESIAN_POINT('Ctrl Pts',(11.1136907939473,1.96365324536894,-15.6409565773556));
#4046=CARTESIAN_POINT('Ctrl Pts',(11.8789685473642,2.61963186158051,-17.6814639295048));
#4047=CARTESIAN_POINT('Ctrl Pts',(11.6393263113844,2.39277693745547,-16.9977089526495));
#4048=CARTESIAN_POINT('Ctrl Pts',(11.3996869738389,2.16592323753589,-16.3139536961755));
#4049=CARTESIAN_POINT('Ctrl Pts',(11.1600447378591,1.93906831341086,-15.6301987193202));
#4050=CARTESIAN_POINT('Ctrl Pts',(11.9363430458589,2.58153380456172,-17.6798457748803));
#4051=CARTESIAN_POINT('Ctrl Pts',(11.6946895293203,2.35762325026572,-16.9926173373125));
#4052=CARTESIAN_POINT('Ctrl Pts',(11.4530387712363,2.13371407168521,-16.305388630465));
#4053=CARTESIAN_POINT('Ctrl Pts',(11.2113852546977,1.90980351738921,-15.6181601928971));
#4054=CARTESIAN_POINT('Ctrl Pts',(11.9878147281303,2.54487273251809,-17.6783875125725));
#4055=CARTESIAN_POINT('Ctrl Pts',(11.7442724789003,2.3238787851993,-16.9880288004838));
#4056=CARTESIAN_POINT('Ctrl Pts',(11.5007324990018,2.10288632069205,-16.2976699236469));
#4057=CARTESIAN_POINT('Ctrl Pts',(11.2571902497717,1.88189237337327,-15.6073112115581));
#4058=CARTESIAN_POINT('Ctrl Pts',(12.0423936389414,2.50316173201084,-17.6768311263513));
#4059=CARTESIAN_POINT('Ctrl Pts',(11.7967868677042,2.28558337877655,-16.9831315348006));
#4060=CARTESIAN_POINT('Ctrl Pts',(11.5511821698485,2.06800663298199,-16.289431812841));
#4061=CARTESIAN_POINT('Ctrl Pts',(11.3055753986113,1.8504282797477,-15.5957322212903));
#4062=CARTESIAN_POINT('Ctrl Pts',(12.0923760579722,2.46223980562549,-17.6753945288426));
#4063=CARTESIAN_POINT('Ctrl Pts',(11.844841264117,2.24810346734881,-16.9786111726603));
#4064=CARTESIAN_POINT('Ctrl Pts',(11.5973081313623,2.03396890973928,-16.2818277749561));
#4065=CARTESIAN_POINT('Ctrl Pts',(11.3497733375072,1.81983257146259,-15.5850444187737));
#4066=CARTESIAN_POINT('Ctrl Pts',(12.1448054424836,2.41630672552852,-17.6738729375759));
#4067=CARTESIAN_POINT('Ctrl Pts',(11.8952356391696,2.20613363522199,-16.9738233885673));
#4068=CARTESIAN_POINT('Ctrl Pts',(11.6456672977723,1.99596244547133,-16.2737738402783));
#4069=CARTESIAN_POINT('Ctrl Pts',(11.3960974944583,1.7857893551648,-15.5737242912697));
#4070=CARTESIAN_POINT('Ctrl Pts',(12.1920153170039,2.37201381438029,-17.6724871111735));
#4071=CARTESIAN_POINT('Ctrl Pts',(11.9406195534744,2.16575584980301,-16.9694627798598));
#4072=CARTESIAN_POINT('Ctrl Pts',(11.689224851008,1.95950003522196,-16.2664385400297));
#4073=CARTESIAN_POINT('Ctrl Pts',(11.4378290874785,1.75324207064468,-15.563414208716));
#4074=CARTESIAN_POINT('Ctrl Pts',(12.2426569480993,2.32124617255871,-17.6709810988905));
#4075=CARTESIAN_POINT('Ctrl Pts',(11.9893349034407,2.1195765570656,-16.9647240162614));
#4076=CARTESIAN_POINT('Ctrl Pts',(11.7360137495473,1.91790920504566,-16.2584670662426));
#4077=CARTESIAN_POINT('Ctrl Pts',(11.4826917048887,1.71623958955256,-15.5522099836136));
#4078=CARTESIAN_POINT('Ctrl Pts',(12.2861455361171,2.27453427909355,-17.6696680246847));
#4079=CARTESIAN_POINT('Ctrl Pts',(12.0312153050837,2.07717818531756,-16.9605923214147));
#4080=CARTESIAN_POINT('Ctrl Pts',(11.7762855289043,1.87982471010249,-16.2515168562148));
#4081=CARTESIAN_POINT('Ctrl Pts',(11.5213552978709,1.6824686163265,-15.5424411529448));
#4082=CARTESIAN_POINT('Ctrl Pts',(12.3352033621494,2.21824820026435,-17.668162047456));
#4083=CARTESIAN_POINT('Ctrl Pts',(12.0785355425558,2.02619136433366,-16.9558536691015));
#4084=CARTESIAN_POINT('Ctrl Pts',(11.821868041683,1.83413725605138,-16.2435455669899));
#4085=CARTESIAN_POINT('Ctrl Pts',(11.5652002220894,1.64208042012068,-15.5312371886353));
#4086=CARTESIAN_POINT('Ctrl Pts',(12.3743116841564,2.1700916624321,-17.6669379357925));
#4087=CARTESIAN_POINT('Ctrl Pts',(12.1163402525918,1.98265652321731,-16.9520018918856));
#4088=CARTESIAN_POINT('Ctrl Pts',(11.8583686381536,1.79522460198513,-16.2370662532809));
#4089=CARTESIAN_POINT('Ctrl Pts',(11.6003972065889,1.60778946277034,-15.5221302093741));
#4090=CARTESIAN_POINT('Ctrl Pts',(12.4218357814329,2.10753181279125,-17.6654194172445));
#4091=CARTESIAN_POINT('Ctrl Pts',(12.1624040415991,1.92620376728031,-16.9472237754852));
#4092=CARTESIAN_POINT('Ctrl Pts',(11.9029719871998,1.7448790943362,-16.2290285836242));
#4093=CARTESIAN_POINT('Ctrl Pts',(11.6435402473661,1.56355104882527,-15.5108329418649));
#4094=CARTESIAN_POINT('Ctrl Pts',(12.4560833998782,2.05900281592667,-17.6642980328022));
#4095=CARTESIAN_POINT('Ctrl Pts',(12.1957130181448,1.88249496014338,-16.9436952274939));
#4096=CARTESIAN_POINT('Ctrl Pts',(11.9353417528042,1.70599107946577,-16.2230930239041));
#4097=CARTESIAN_POINT('Ctrl Pts',(11.6749713710707,1.52948322368247,-15.5024902185958));
#4098=CARTESIAN_POINT('Ctrl Pts',(12.501976813088,1.98933791524858,-17.6627567697684));
#4099=CARTESIAN_POINT('Ctrl Pts',(12.2405256377423,1.8198550413474,-16.9388455309321));
#4100=CARTESIAN_POINT('Ctrl Pts',(11.979073356924,1.65037653727446,-16.2149349785943));
#4101=CARTESIAN_POINT('Ctrl Pts',(11.7176221815783,1.48089366337328,-15.491023739758));
#4102=CARTESIAN_POINT('Ctrl Pts',(12.5310567562915,1.94160143544783,-17.6617498727623));
#4103=CARTESIAN_POINT('Ctrl Pts',(12.2690629372394,1.77700937160492,-16.9356772240115));
#4104=CARTESIAN_POINT('Ctrl Pts',(12.0070674312407,1.61242221517856,-16.209605413277));
#4105=CARTESIAN_POINT('Ctrl Pts',(11.7450736121886,1.44783015133566,-15.4835327645262));
#4106=CARTESIAN_POINT('Ctrl Pts',(12.5750769930495,1.86391614392297,-17.6601776266768));
#4107=CARTESIAN_POINT('Ctrl Pts',(12.3125019498782,1.70739249856598,-16.9307299981286));
#4108=CARTESIAN_POINT('Ctrl Pts',(12.049924702509,1.55087487295227,-16.2012834107476));
#4109=CARTESIAN_POINT('Ctrl Pts',(11.7873496593377,1.39435122759528,-15.4718357821994));
#4110=CARTESIAN_POINT('Ctrl Pts',(12.5988533179389,1.81823237036292,-17.6592952993692));
#4111=CARTESIAN_POINT('Ctrl Pts',(12.336131228664,1.66652460053592,-16.9279536709779));
#4112=CARTESIAN_POINT('Ctrl Pts',(12.0734064419528,1.51482298442077,-16.1966131920387));
#4113=CARTESIAN_POINT('Ctrl Pts',(11.8106843526779,1.36311521459377,-15.4652715636473));
#4114=CARTESIAN_POINT('Ctrl Pts',(12.6380870099051,1.73674269517466,-17.6577825639357));
#4115=CARTESIAN_POINT('Ctrl Pts',(12.3754227966116,1.59373356235621,-16.9231936298621));
#4116=CARTESIAN_POINT('Ctrl Pts',(12.1127548480037,1.45073292848334,-16.188606254639));
#4117=CARTESIAN_POINT('Ctrl Pts',(11.8500906347102,1.30772379566489,-15.4540173205654));
#4118=CARTESIAN_POINT('Ctrl Pts',(12.6591147072262,1.68923862530531,-17.6569362712081));
#4119=CARTESIAN_POINT('Ctrl Pts',(12.3966692547049,1.55136547811184,-16.9205307278504));
#4120=CARTESIAN_POINT('Ctrl Pts',(12.134219860123,1.41350015194997,-16.1841267305321));
#4121=CARTESIAN_POINT('Ctrl Pts',(11.8717744076017,1.2756270047565,-15.4477211871744));
#4122=CARTESIAN_POINT('Ctrl Pts',(12.6929603318844,1.60499013959122,-17.6554992365004));
#4123=CARTESIAN_POINT('Ctrl Pts',(12.4312771206029,1.47634757542605,-16.9160088083325));
#4124=CARTESIAN_POINT('Ctrl Pts',(12.1695884074169,1.34771655787704,-16.176520560212));
#4125=CARTESIAN_POINT('Ctrl Pts',(11.9079051961354,1.21907399371187,-15.4370301320441));
#4126=CARTESIAN_POINT('Ctrl Pts',(12.7132908326528,1.54947490288125,-17.6545887987927));
#4127=CARTESIAN_POINT('Ctrl Pts',(12.4523243012352,1.42698930205712,-16.9131441634611));
#4128=CARTESIAN_POINT('Ctrl Pts',(12.1913527539926,1.30451298068959,-16.171701416897));
#4129=CARTESIAN_POINT('Ctrl Pts',(11.9303862225751,1.18202737986546,-15.4302567815654));
#4130=CARTESIAN_POINT('Ctrl Pts',(12.739762091483,1.46832642167866,-17.6533158399286));
#4131=CARTESIAN_POINT('Ctrl Pts',(12.4802209974169,1.35496086382492,-16.9091383526583));
#4132=CARTESIAN_POINT('Ctrl Pts',(12.2206721224923,1.24161105351261,-16.1649638828231));
#4133=CARTESIAN_POINT('Ctrl Pts',(11.9611310284262,1.12824549565887,-15.4207863955528));
#4134=CARTESIAN_POINT('Ctrl Pts',(12.7589862890077,1.4026695340598,-17.6523247782335));
#4135=CARTESIAN_POINT('Ctrl Pts',(12.5008544171394,1.29677498882706,-16.9060203573906));
#4136=CARTESIAN_POINT('Ctrl Pts',(12.2427177810659,1.19088842093536,-16.1597176505545));
#4137=CARTESIAN_POINT('Ctrl Pts',(11.9845859091975,1.08499387570262,-15.4134132297115));
#4138=CARTESIAN_POINT('Ctrl Pts',(12.7781761620966,1.32714924675092,-17.6512352770577));
#4139=CARTESIAN_POINT('Ctrl Pts',(12.5220261205415,1.2299593624721,-16.9025911548801));
#4140=CARTESIAN_POINT('Ctrl Pts',(12.2658637140356,1.13279467920099,-16.1539518294037));
#4141=CARTESIAN_POINT('Ctrl Pts',(12.0097136724805,1.03560479492216,-15.4053077072262));
#4142=CARTESIAN_POINT('Ctrl Pts',(12.7953744115247,1.24973283709339,-17.6501601965226));
#4143=CARTESIAN_POINT('Ctrl Pts',(12.5415622731995,1.16159069434389,-16.8992099841128));
#4144=CARTESIAN_POINT('Ctrl Pts',(12.2877496200806,1.0734460866558,-16.1482596818702));
#4145=CARTESIAN_POINT('Ctrl Pts',(12.0339374817554,0.985303943906303,-15.3973094694603));
#4146=CARTESIAN_POINT('Ctrl Pts',(12.8078290123158,1.18172774012664,-17.649258698843));
#4147=CARTESIAN_POINT('Ctrl Pts',(12.5564341756385,1.10161972178717,-16.896370114557));
#4148=CARTESIAN_POINT('Ctrl Pts',(12.3050147495416,1.02156368952417,-16.143491214071));
#4149=CARTESIAN_POINT('Ctrl Pts',(12.0536199128644,0.941455671184708,-15.390602629785));
#4150=CARTESIAN_POINT('Ctrl Pts',(12.8218582682856,1.09060137351457,-17.6480965596722));
#4151=CARTESIAN_POINT('Ctrl Pts',(12.574015933243,1.0214612866448,-16.8927182890423));
#4152=CARTESIAN_POINT('Ctrl Pts',(12.3261849260337,0.9522903764357,-16.1373349756661));
#4153=CARTESIAN_POINT('Ctrl Pts',(12.0783425909912,0.883150289565937,-15.3819567050361));
#4154=CARTESIAN_POINT('Ctrl Pts',(12.8341977795671,0.986098572631561,-17.6468225482972));
#4155=CARTESIAN_POINT('Ctrl Pts',(12.5909614543289,0.929607250527988,-16.8887051537276));
#4156=CARTESIAN_POINT('Ctrl Pts',(12.3477038786538,0.87315842014869,-16.1305958832662));
#4157=CARTESIAN_POINT('Ctrl Pts',(12.1044675534156,0.816667098045117,-15.3724784886965));
#4158=CARTESIAN_POINT('Ctrl Pts',(12.8388798474174,0.879571957432895,-17.645636130025));
#4159=CARTESIAN_POINT('Ctrl Pts',(12.6015644900961,0.836580563913206,-16.8849745919472));
#4160=CARTESIAN_POINT('Ctrl Pts',(12.3642462199734,0.793586546579414,-16.1243134736728));
#4161=CARTESIAN_POINT('Ctrl Pts',(12.126930862652,0.750595153059725,-15.3636519355951));
#4162=CARTESIAN_POINT('Ctrl Pts',(12.8439910229081,0.760860517124806,-17.6443196916764));
#4163=CARTESIAN_POINT('Ctrl Pts',(12.6131160736201,0.732401603829154,-16.8808387285352));
#4164=CARTESIAN_POINT('Ctrl Pts',(12.3822844767627,0.703832374159158,-16.1173390399765));
#4165=CARTESIAN_POINT('Ctrl Pts',(12.1514095274747,0.675373460863506,-15.3538580768352));
#4166=CARTESIAN_POINT('Ctrl Pts',(12.8493816409374,0.633147720269373,-17.6428960714438));
#4167=CARTESIAN_POINT('Ctrl Pts',(12.6253394522389,0.619317267177853,-16.8763535216234));
#4168=CARTESIAN_POINT('Ctrl Pts',(12.401298955626,0.605472273838755,-16.1098093707097));
#4169=CARTESIAN_POINT('Ctrl Pts',(12.1772567669276,0.591641820747235,-15.3432668208894));
#4170=CARTESIAN_POINT('Ctrl Pts',(12.856094803636,0.466729867429976,-17.641052608002));
#4171=CARTESIAN_POINT('Ctrl Pts',(12.6404758429018,0.470220150398937,-16.8705559515085));
#4172=CARTESIAN_POINT('Ctrl Pts',(12.4248771987953,0.473638647504159,-16.1000487291024));
#4173=CARTESIAN_POINT('Ctrl Pts',(12.2092582380611,0.47712893047312,-15.3295520726088));
#4174=CARTESIAN_POINT('Ctrl Pts',(12.8621636100055,0.307724132759346,-17.639317172654));
#4175=CARTESIAN_POINT('Ctrl Pts',(12.6540532948735,0.326076759442305,-16.8650930353128));
#4176=CARTESIAN_POINT('Ctrl Pts',(12.4459494429691,0.344401757873757,-16.0908651543702));
#4177=CARTESIAN_POINT('Ctrl Pts',(12.2378391278371,0.362754384556715,-15.316641017029));
#4178=CARTESIAN_POINT('Ctrl Pts',(12.8676098387736,0.155138026917889,-17.6376913232254));
#4179=CARTESIAN_POINT('Ctrl Pts',(12.6660626991884,0.186289596613124,-16.8599789322003));
#4180=CARTESIAN_POINT('Ctrl Pts',(12.4645259916811,0.217365587523129,-16.0822576348747));
#4181=CARTESIAN_POINT('Ctrl Pts',(12.2629788520959,0.248517157218364,-15.3045452438497));
#4182=CARTESIAN_POINT('Ctrl Pts',(12.8724519110366,0.00823900791305162,
-17.6361751824608));
#4183=CARTESIAN_POINT('Ctrl Pts',(12.6765242740949,0.0502988970487051,-16.8552060860103));
#4184=CARTESIAN_POINT('Ctrl Pts',(12.4806030265418,0.0923472655017519,-16.0742347627006));
#4185=CARTESIAN_POINT('Ctrl Pts',(12.2846753896001,0.134407154637405,-15.29326566625));
#4186=CARTESIAN_POINT('Ctrl Pts',(12.8767037220778,-0.13352894496973,-17.6347692980682));
#4187=CARTESIAN_POINT('Ctrl Pts',(12.6854410864022,-0.0821463136250538,
-16.8507860320536));
#4188=CARTESIAN_POINT('Ctrl Pts',(12.4941842339584,-0.03089610528109,-16.0667896250066));
#4189=CARTESIAN_POINT('Ctrl Pts',(12.3029215982828,0.0204865260635857,-15.282806358992));
#4190=CARTESIAN_POINT('Ctrl Pts',(12.8803753863373,-0.270615960044156,-17.6334736445757));
#4191=CARTESIAN_POINT('Ctrl Pts',(12.692815416762,-0.211508899131258,-16.8467029843128));
#4192=CARTESIAN_POINT('Ctrl Pts',(12.5052619227786,-0.15232949767398,-16.0599377928363));
#4193=CARTESIAN_POINT('Ctrl Pts',(12.3177019532034,-0.0932224367610829,
-15.2731671325734));
#4194=CARTESIAN_POINT('Ctrl Pts',(12.8834810729665,-0.403376271494167,-17.6322875982476));
#4195=CARTESIAN_POINT('Ctrl Pts',(12.6986685863715,-0.337673709447996,-16.842982913087));
#4196=CARTESIAN_POINT('Ctrl Pts',(12.5138583513465,-0.272298188206866,-16.053648031772));
#4197=CARTESIAN_POINT('Ctrl Pts',(12.3290458647516,-0.206595626160695,-15.2643433466115));
#4198=CARTESIAN_POINT('Ctrl Pts',(12.8860142433466,-0.532116221497676,-17.6312125941652));
#4199=CARTESIAN_POINT('Ctrl Pts',(12.7029537495273,-0.461442870562397,-16.839579272821));
#4200=CARTESIAN_POINT('Ctrl Pts',(12.5199018232598,-0.390391837923661,-16.0479789989718));
#4201=CARTESIAN_POINT('Ctrl Pts',(12.3368413294406,-0.319718486988382,-15.2563456776276));
#4202=CARTESIAN_POINT('Ctrl Pts',(12.8880287035582,-0.657003183749727,-17.6302406958266));
#4203=CARTESIAN_POINT('Ctrl Pts',(12.705831569211,-0.581756891721252,-16.836557287926));
#4204=CARTESIAN_POINT('Ctrl Pts',(12.5236322898119,-0.507341798169313,-16.0427984886168));
#4205=CARTESIAN_POINT('Ctrl Pts',(12.3414351554647,-0.432095506140837,-15.2491150807162));
#4206=CARTESIAN_POINT('Ctrl Pts',(12.8932743368661,-1.13248807790472,-17.6269500908249));
#4207=CARTESIAN_POINT('Ctrl Pts',(12.7095526449194,-1.04737088639991,-16.8260675277606));
#4208=CARTESIAN_POINT('Ctrl Pts',(12.5258582057315,-0.95856847596099,-16.0255166487865));
#4209=CARTESIAN_POINT('Ctrl Pts',(12.3421365137848,-0.873451284456185,-15.2246340857222));
#4210=CARTESIAN_POINT('Ctrl Pts',(12.9000534963549,-1.9641938084616,-17.6207922819659));
#4211=CARTESIAN_POINT('Ctrl Pts',(12.7119650608842,-1.86778802382512,-16.8068483744278));
#4212=CARTESIAN_POINT('Ctrl Pts',(12.5238742378569,-1.77285137229119,-15.9927659654498));
#4213=CARTESIAN_POINT('Ctrl Pts',(12.3357858023862,-1.67644558765471,-15.1788220579117));
#4214=CARTESIAN_POINT('Ctrl Pts',(12.9046966510448,-3.17663952291215,-17.6105547216507));
#4215=CARTESIAN_POINT('Ctrl Pts',(12.7079618090883,-3.08268402880129,-16.7745767298757));
#4216=CARTESIAN_POINT('Ctrl Pts',(12.5112193649699,-2.98839330071596,-15.9386360425515));
#4217=CARTESIAN_POINT('Ctrl Pts',(12.3144845230134,-2.8944378066051,-15.1026580507764));
#4218=CARTESIAN_POINT('Ctrl Pts',(12.9062939905857,-4.38957066114747,-17.6007089646055));
#4219=CARTESIAN_POINT('Ctrl Pts',(12.7034158191084,-4.2584330434236,-16.7436274094451));
#4220=CARTESIAN_POINT('Ctrl Pts',(12.5005329936911,-4.12788237949279,-15.8864904834159));
#4221=CARTESIAN_POINT('Ctrl Pts',(12.2976548222138,-3.99674476176892,-15.0294089282556));
#4222=CARTESIAN_POINT('Ctrl Pts',(12.9038046244487,-5.63974244012068,-17.589280441756));
#4223=CARTESIAN_POINT('Ctrl Pts',(12.6957400814311,-5.48811022485447,-16.70764581881));
#4224=CARTESIAN_POINT('Ctrl Pts',(12.4876819354132,-5.33627308004335,-15.8260191831825));
#4225=CARTESIAN_POINT('Ctrl Pts',(12.2796173923956,-5.18464086477714,-14.9443845602366));
#4226=CARTESIAN_POINT('Ctrl Pts',(12.8963448912173,-6.90159251690176,-17.5771925350628));
#4227=CARTESIAN_POINT('Ctrl Pts',(12.6828047778053,-6.73085944593582,-16.6695846627324));
#4228=CARTESIAN_POINT('Ctrl Pts',(12.469275504202,-6.55931939296884,-15.7620624704192));
#4229=CARTESIAN_POINT('Ctrl Pts',(12.25573539079,-6.3885863220029,-14.8544545980888));
#4230=CARTESIAN_POINT('Ctrl Pts',(12.8846582031373,-8.16305821132949,-17.5650896917468));
#4231=CARTESIAN_POINT('Ctrl Pts',(12.6674035393667,-7.95739728638742,-16.6316057172949));
#4232=CARTESIAN_POINT('Ctrl Pts',(12.4501183899002,-7.75389547538818,-15.6978974869408));
#4233=CARTESIAN_POINT('Ctrl Pts',(12.2328637261296,-7.54823455044611,-14.764413512489));
#4234=CARTESIAN_POINT('Ctrl Pts',(12.8696879723218,-9.38714365588037,-17.5558382866559));
#4235=CARTESIAN_POINT('Ctrl Pts',(12.6524113570891,-9.07967939468891,-16.6022528405195));
#4236=CARTESIAN_POINT('Ctrl Pts',(12.4352046525856,-8.76734873291266,-15.6491716148388));
#4237=CARTESIAN_POINT('Ctrl Pts',(12.2179280373529,-8.45988447172119,-14.6955861687024));
#4238=CARTESIAN_POINT('Ctrl Pts',(12.8553699333021,-10.2632515160032,-17.5475514576645));
#4239=CARTESIAN_POINT('Ctrl Pts',(12.637709571765,-9.91441421035333,-16.5766568386843));
#4240=CARTESIAN_POINT('Ctrl Pts',(12.419923825235,-9.57448264933613,-15.6048295658096));
#4241=CARTESIAN_POINT('Ctrl Pts',(12.2022634636978,-9.22564534368623,-14.6339349468294));
#4242=CARTESIAN_POINT('Ctrl Pts',(12.8454991752616,-10.7731648961931,-17.5425697660523));
#4243=CARTESIAN_POINT('Ctrl Pts',(12.6267033520313,-10.4103506647209,-16.5605898551336));
#4244=CARTESIAN_POINT('Ctrl Pts',(12.4079415221903,-10.0452226929978,-15.5788527468723));
#4245=CARTESIAN_POINT('Ctrl Pts',(12.1891456989601,-9.68240846152554,-14.5968728359537));
#4246=CARTESIAN_POINT('Ctrl Pts',(12.8336031936569,-10.9030881390294,-17.5413109847861));
#4247=CARTESIAN_POINT('Ctrl Pts',(12.6170154732775,-10.5343192136074,-16.5567574569218));
#4248=CARTESIAN_POINT('Ctrl Pts',(12.4004095196093,-10.1669116335467,-15.5720614543686));
#4249=CARTESIAN_POINT('Ctrl Pts',(12.1838217992299,-9.79814270812471,-14.5875079265042));
#4250=CARTESIAN_POINT('Ctrl Pts',(12.8206575101399,-10.995591445052,-17.5404095141588));
#4251=CARTESIAN_POINT('Ctrl Pts',(12.6067780087315,-10.6243340899083,-16.553843239691));
#4252=CARTESIAN_POINT('Ctrl Pts',(12.3929121653404,-10.2522139525897,-15.5673675625561));
#4253=CARTESIAN_POINT('Ctrl Pts',(12.1790326639319,-9.88095659744603,-14.5808012880883));
#4254=CARTESIAN_POINT('Ctrl Pts',(12.8077811438223,-11.0714880405146,-17.5396708912107));
#4255=CARTESIAN_POINT('Ctrl Pts',(12.5967239101435,-10.6971588722852,-16.551562156942));
#4256=CARTESIAN_POINT('Ctrl Pts',(12.3856626916173,-10.3231979339897,-15.5634149159294));
#4257=CARTESIAN_POINT('Ctrl Pts',(12.1746054579384,-9.94886876576031,-14.5753061816608));
#4258=CARTESIAN_POINT('Ctrl Pts',(12.7968861695234,-11.1268213059382,-17.5391364853285));
#4259=CARTESIAN_POINT('Ctrl Pts',(12.588176753779,-10.7508535179859,-16.5498548372415));
#4260=CARTESIAN_POINT('Ctrl Pts',(12.3794739202838,-10.3745162342154,-15.5606120296388));
#4261=CARTESIAN_POINT('Ctrl Pts',(12.1707645045394,-9.99854844626304,-14.5713303815517));
#4262=CARTESIAN_POINT('Ctrl Pts',(12.7810348714773,-11.1955804737514,-17.538500426635));
#4263=CARTESIAN_POINT('Ctrl Pts',(12.5753178958773,-10.817309837681,-16.5478675816064));
#4264=CARTESIAN_POINT('Ctrl Pts',(12.36960195391,-10.4390735318874,-15.557231163727));
#4265=CARTESIAN_POINT('Ctrl Pts',(12.1638849783101,-10.060802895817,-14.5665983186984));
#4266=CARTESIAN_POINT('Ctrl Pts',(12.7653915313794,-11.255837907709,-17.5379615986858));
#4267=CARTESIAN_POINT('Ctrl Pts',(12.5623813135003,-10.8758708506711,-16.5461648178035));
#4268=CARTESIAN_POINT('Ctrl Pts',(12.3593750747928,-10.4957289797187,-15.5543864007789));
#4269=CARTESIAN_POINT('Ctrl Pts',(12.1563648569137,-10.1157619226808,-14.5625896198967));
#4270=CARTESIAN_POINT('Ctrl Pts',(12.7473619474093,-11.3172796631539,-17.5374305381833));
#4271=CARTESIAN_POINT('Ctrl Pts',(12.5472834121937,-10.9356071348897,-16.5444981698579));
#4272=CARTESIAN_POINT('Ctrl Pts',(12.3472073193379,-10.5538840630192,-15.5515710766125));
#4273=CARTESIAN_POINT('Ctrl Pts',(12.1471287841223,-10.172211534755,-14.5586387082871));
#4274=CARTESIAN_POINT('Ctrl Pts',(12.7263582462466,-11.3822204637147,-17.5368870759026));
#4275=CARTESIAN_POINT('Ctrl Pts',(12.5295188046398,-10.9989448389789,-16.5427860576956));
#4276=CARTESIAN_POINT('Ctrl Pts',(12.332682549732,-10.6155593687604,-15.5486965498245));
#4277=CARTESIAN_POINT('Ctrl Pts',(12.1358431081252,-10.2322837440246,-14.5545955316175));
#4278=CARTESIAN_POINT('Ctrl Pts',(12.7069683499265,-11.4362367153521,-17.5364529840698));
#4279=CARTESIAN_POINT('Ctrl Pts',(12.5129481952975,-11.0517380387505,-16.5414218957677));
#4280=CARTESIAN_POINT('Ctrl Pts',(12.3189309442791,-10.6671782806815,-15.5463971226142));
#4281=CARTESIAN_POINT('Ctrl Pts',(12.1249107896501,-10.2826796040798,-14.5513660343121));
#4282=CARTESIAN_POINT('Ctrl Pts',(12.679912706195,-11.5055600764014,-17.5359159551763));
#4283=CARTESIAN_POINT('Ctrl Pts',(12.4896527931505,-11.1196774695686,-16.5397313194272));
#4284=CARTESIAN_POINT('Ctrl Pts',(12.2993958568447,-10.7337116910393,-15.5435553556288));
#4285=CARTESIAN_POINT('Ctrl Pts',(12.1091359438001,-10.3478290842066,-14.5473707198797));
#4286=CARTESIAN_POINT('Ctrl Pts',(12.660000800486,-11.552135863714,-17.5355706752085));
#4287=CARTESIAN_POINT('Ctrl Pts',(12.4723812047311,-11.1654426868028,-16.538645940768));
#4288=CARTESIAN_POINT('Ctrl Pts',(12.2847648320534,-10.7786956641667,-15.5417266874347));
#4289=CARTESIAN_POINT('Ctrl Pts',(12.0971452362985,-10.3920024872556,-14.5448019529941));
#4290=CARTESIAN_POINT('Ctrl Pts',(12.6271201194992,-11.6235375235144,-17.5350627406474));
#4291=CARTESIAN_POINT('Ctrl Pts',(12.4436952222452,-11.2357966531637,-16.5370472959317));
#4292=CARTESIAN_POINT('Ctrl Pts',(12.2602734729541,-10.8479908043917,-15.5390385353303));
#4293=CARTESIAN_POINT('Ctrl Pts',(12.0768485757001,-10.460249934041,-14.5410230906145));
#4294=CARTESIAN_POINT('Ctrl Pts',(12.6066349159684,-11.6646620740205,-17.5347838644966));
#4295=CARTESIAN_POINT('Ctrl Pts',(12.4257217682339,-11.2764326062973,-16.5361705720652));
#4296=CARTESIAN_POINT('Ctrl Pts',(12.2448121681072,-10.8881592984528,-15.5375616382351));
#4297=CARTESIAN_POINT('Ctrl Pts',(12.0638990203727,-10.4999298307295,-14.5389483458037));
#4298=CARTESIAN_POINT('Ctrl Pts',(12.5697283145427,-11.7336496628275,-17.5343386857853));
#4299=CARTESIAN_POINT('Ctrl Pts',(12.3931786158179,-11.3448116170532,-16.5347696089098));
#4300=CARTESIAN_POINT('Ctrl Pts',(12.2166325701156,-10.9559243910775,-15.5352054427242));
#4301=CARTESIAN_POINT('Ctrl Pts',(12.0400828713908,-10.5670863453032,-14.5356363658488));
#4302=CARTESIAN_POINT('Ctrl Pts',(12.5459535209787,-11.7753018094113,-17.5340828946303));
#4303=CARTESIAN_POINT('Ctrl Pts',(12.3721258758276,-11.3862132957865,-16.5339652368843));
#4304=CARTESIAN_POINT('Ctrl Pts',(12.198302190616,-10.9970889518263,-15.5338510233923));
#4305=CARTESIAN_POINT('Ctrl Pts',(12.0244745454649,-10.6080004382016,-14.5337333656463));
#4306=CARTESIAN_POINT('Ctrl Pts',(12.5063233839262,-11.8397812527871,-17.5337116019405));
#4307=CARTESIAN_POINT('Ctrl Pts',(12.3368667874431,-11.4505408242863,-16.5327968733529));
#4308=CARTESIAN_POINT('Ctrl Pts',(12.1674144497733,-11.0612621260098,-15.5318858014414));
#4309=CARTESIAN_POINT('Ctrl Pts',(11.9979578532902,-10.672021697509,-14.5309710728538));
#4310=CARTESIAN_POINT('Ctrl Pts',(12.4764206108919,-11.8855691981717,-17.5334630791749));
#4311=CARTESIAN_POINT('Ctrl Pts',(12.3101643032615,-11.4963656667222,-16.5320151372899));
#4312=CARTESIAN_POINT('Ctrl Pts',(12.1439124375359,-11.107130845414,-15.5305700889103));
#4313=CARTESIAN_POINT('Ctrl Pts',(11.9776561299055,-10.7179273139644,-14.5291221470252));
#4314=CARTESIAN_POINT('Ctrl Pts',(12.4372230921727,-11.9415270754886,-17.533182141202));
#4315=CARTESIAN_POINT('Ctrl Pts',(12.2750157892211,-11.5525933755043,-16.5311311694501));
#4316=CARTESIAN_POINT('Ctrl Pts',(12.1128133615577,-11.163628317627,-15.5290830347023));
#4317=CARTESIAN_POINT('Ctrl Pts',(11.9506060586061,-10.7746946176427,-14.5270320629504));
#4318=CARTESIAN_POINT('Ctrl Pts',(12.4004948654388,-11.9910181119663,-17.5329512054135));
#4319=CARTESIAN_POINT('Ctrl Pts',(12.2419724853701,-11.6024981989151,-16.5304046217865));
#4320=CARTESIAN_POINT('Ctrl Pts',(12.0834549860765,-11.2139499185439,-15.5278605619464));
#4321=CARTESIAN_POINT('Ctrl Pts',(11.9249326060077,-10.8254300054927,-14.5253139783194));
#4322=CARTESIAN_POINT('Ctrl Pts',(12.3627134569992,-12.0386055431767,-17.5327500120786));
#4323=CARTESIAN_POINT('Ctrl Pts',(12.2078534268362,-11.6506960701202,-16.529771653566));
#4324=CARTESIAN_POINT('Ctrl Pts',(12.0529990849072,-11.2627599473501,-15.5267955260564));
#4325=CARTESIAN_POINT('Ctrl Pts',(11.8981390547442,-10.8748504742936,-14.5238171675438));
#4326=CARTESIAN_POINT('Ctrl Pts',(12.31845833621,-12.0913225910487,-17.5325473956295));
#4327=CARTESIAN_POINT('Ctrl Pts',(12.1677658165353,-11.7042982980879,-16.5291341234737));
#4328=CARTESIAN_POINT('Ctrl Pts',(12.0170785530762,-11.3172483516807,-15.5257230414327));
#4329=CARTESIAN_POINT('Ctrl Pts',(11.8663860334015,-10.9302240587199,-14.5223097692769));
#4330=CARTESIAN_POINT('Ctrl Pts',(12.2830683272169,-12.1307871781738,-17.5324146239095));
#4331=CARTESIAN_POINT('Ctrl Pts',(12.135596040131,-11.7446235911162,-16.5287165204143));
#4332=CARTESIAN_POINT('Ctrl Pts',(11.9881306000348,-11.3584371860387,-15.5250200958101));
#4333=CARTESIAN_POINT('Ctrl Pts',(11.8406583129489,-10.9722735989811,-14.5213219923149));
#4334=CARTESIAN_POINT('Ctrl Pts',(12.2310358005013,-12.1857242583004,-17.5322530275227));
#4335=CARTESIAN_POINT('Ctrl Pts',(12.0881607670225,-11.8010037089888,-16.5282080314022));
#4336=CARTESIAN_POINT('Ctrl Pts',(11.9452918466506,-11.4162608411069,-15.5241647656424));
#4337=CARTESIAN_POINT('Ctrl Pts',(11.8024168131718,-11.0315402917954,-14.5201197695218));
#4338=CARTESIAN_POINT('Ctrl Pts',(12.198570865051,-12.2178579097284,-17.5321753836128));
#4339=CARTESIAN_POINT('Ctrl Pts',(12.0584668789916,-11.8341616608575,-16.5279639142685));
#4340=CARTESIAN_POINT('Ctrl Pts',(11.9183710044586,-11.4504462217324,-15.5237535942779));
#4341=CARTESIAN_POINT('Ctrl Pts',(11.7782670183992,-11.0667499728615,-14.5195421249336));
#4342=CARTESIAN_POINT('Ctrl Pts',(12.1436681664492,-12.2692833853472,-17.5320757628195));
#4343=CARTESIAN_POINT('Ctrl Pts',(12.0081072348423,-11.8874899753555,-16.5276504705339));
#4344=CARTESIAN_POINT('Ctrl Pts',(11.8725544244528,-11.5056778809912,-15.5232262720072));
#4345=CARTESIAN_POINT('Ctrl Pts',(11.736993492846,-11.1238844709995,-14.5188009797216));
#4346=CARTESIAN_POINT('Ctrl Pts',(12.1090333182574,-12.300016689547,-17.5320313629008));
#4347=CARTESIAN_POINT('Ctrl Pts',(11.97625381839,-11.9195238322644,-16.5275109014884));
#4348=CARTESIAN_POINT('Ctrl Pts',(11.843483782282,-11.5390148223299,-15.5229911206651));
#4349=CARTESIAN_POINT('Ctrl Pts',(11.7107042824146,-11.1585219650473,-14.5184706592527));
#4350=CARTESIAN_POINT('Ctrl Pts',(12.0519450698697,-12.347417512212,-17.5319934728092));
#4351=CARTESIAN_POINT('Ctrl Pts',(11.9235759744605,-11.96926037179,-16.5273917193749));
#4352=CARTESIAN_POINT('Ctrl Pts',(11.795217308452,-11.5910869408795,-15.5227905231436));
#4353=CARTESIAN_POINT('Ctrl Pts',(11.6668482130429,-11.2129298004575,-14.5181887697092));
#4354=CARTESIAN_POINT('Ctrl Pts',(12.0090998718221,-12.3810930708496,-17.531985592435));
#4355=CARTESIAN_POINT('Ctrl Pts',(11.8839364746036,-12.004801313788,-16.5273669849791));
#4356=CARTESIAN_POINT('Ctrl Pts',(11.7587839124208,-11.6284947865002,-15.5227487498301));
#4357=CARTESIAN_POINT('Ctrl Pts',(11.6336205152023,-11.2522030294386,-14.5181301423743));
#4358=CARTESIAN_POINT('Ctrl Pts',(11.9561656251431,-12.4199574816704,-17.5320055610587));
#4359=CARTESIAN_POINT('Ctrl Pts',(11.8348028375241,-12.0461321927985,-16.527429887975));
#4360=CARTESIAN_POINT('Ctrl Pts',(11.7134525594479,-11.6722920519498,-15.5228543753057));
#4361=CARTESIAN_POINT('Ctrl Pts',(11.592089771829,-11.2984667630779,-14.5182787022219));
#4362=CARTESIAN_POINT('Ctrl Pts',(11.9044581663184,-12.4558392230685,-17.5320477315214));
#4363=CARTESIAN_POINT('Ctrl Pts',(11.7866807519375,-12.0845462463222,-16.5275625731315));
#4364=CARTESIAN_POINT('Ctrl Pts',(11.6689151779858,-11.7132392110763,-15.5230775946773));
#4365=CARTESIAN_POINT('Ctrl Pts',(11.5511377636049,-11.34194623433,-14.5185924362874));
#4366=CARTESIAN_POINT('Ctrl Pts',(11.8566997725347,-12.4867102762211,-17.5321113264186));
#4367=CARTESIAN_POINT('Ctrl Pts',(11.7420895743608,-12.1178894343553,-16.5277628195911));
#4368=CARTESIAN_POINT('Ctrl Pts',(11.6274946552076,-11.7490544887216,-15.5234140677711));
#4369=CARTESIAN_POINT('Ctrl Pts',(11.5128844570338,-11.3802336468558,-14.5190655609436));
#4370=CARTESIAN_POINT('Ctrl Pts',(11.7955281147583,-12.5239954829139,-17.5322175931956));
#4371=CARTESIAN_POINT('Ctrl Pts',(11.6848219129174,-12.1584724934591,-16.5280971138884));
#4372=CARTESIAN_POINT('Ctrl Pts',(11.5741285662689,-11.7929361590419,-15.5239766293473));
#4373=CARTESIAN_POINT('Ctrl Pts',(11.4634223644281,-11.4274131695871,-14.5198561500401));
#4374=CARTESIAN_POINT('Ctrl Pts',(11.7540058872048,-12.5474726151159,-17.532309742614));
#4375=CARTESIAN_POINT('Ctrl Pts',(11.6458216105474,-12.1842944249991,-16.5283872836796));
#4376=CARTESIAN_POINT('Ctrl Pts',(11.5376558516439,-11.8211025749915,-15.5244641696696));
#4377=CARTESIAN_POINT('Ctrl Pts',(11.4294715749865,-11.4579243848747,-14.5205417107352));
#4378=CARTESIAN_POINT('Ctrl Pts',(11.6896471763116,-12.5816728986882,-17.532476918214));
#4379=CARTESIAN_POINT('Ctrl Pts',(11.5852089614051,-12.2222525401595,-16.5289132727656));
#4380=CARTESIAN_POINT('Ctrl Pts',(11.4807879075603,-11.8628189944968,-15.525349086447));
#4381=CARTESIAN_POINT('Ctrl Pts',(11.3763496926538,-11.5033986359682,-14.5217854409986));
#4382=CARTESIAN_POINT('Ctrl Pts',(11.6484915162222,-12.6021271835171,-17.5325995006299));
#4383=CARTESIAN_POINT('Ctrl Pts',(11.5463410041861,-12.2451901240316,-16.5292990928288));
#4384=CARTESIAN_POINT('Ctrl Pts',(11.4442107999724,-11.8882399516494,-15.5259978207648));
#4385=CARTESIAN_POINT('Ctrl Pts',(11.3420602879364,-11.5313028921639,-14.5226974129637));
#4386=CARTESIAN_POINT('Ctrl Pts',(11.5827525728216,-12.6322667141117,-17.5328237164979));
#4387=CARTESIAN_POINT('Ctrl Pts',(11.4840511256769,-12.2794332216188,-16.5300047224399));
#4388=CARTESIAN_POINT('Ctrl Pts',(11.3853731752836,-11.9265858466711,-15.5271844977039));
#4389=CARTESIAN_POINT('Ctrl Pts',(11.286671728139,-11.5737523541783,-14.5243655036459));
#4390=CARTESIAN_POINT('Ctrl Pts',(11.5332079639619,-12.6534651558411,-17.5330099174511));
#4391=CARTESIAN_POINT('Ctrl Pts',(11.436978017694,-12.3038062655584,-16.5305905992522));
#4392=CARTESIAN_POINT('Ctrl Pts',(11.3407716267133,-11.9541338198314,-15.5281700943409));
#4393=CARTESIAN_POINT('Ctrl Pts',(11.2445416804453,-11.6044749295487,-14.525750776142));
#4394=CARTESIAN_POINT('Ctrl Pts',(11.4736015109591,-12.6766981135842,-17.5332597275358));
#4395=CARTESIAN_POINT('Ctrl Pts',(11.3801460343579,-12.3309754036049,-16.5313768116499));
#4396=CARTESIAN_POINT('Ctrl Pts',(11.2867186625709,-11.9852381512515,-15.5294921950784));
#4397=CARTESIAN_POINT('Ctrl Pts',(11.1932631859697,-11.6395154412722,-14.5276092791925));
#4398=CARTESIAN_POINT('Ctrl Pts',(11.4133177041561,-12.6984550218902,-17.5335326316181));
#4399=CARTESIAN_POINT('Ctrl Pts',(11.3225060810328,-12.3568011344504,-16.5322354355183));
#4400=CARTESIAN_POINT('Ctrl Pts',(11.2317211852245,-12.0151329384353,-15.530936789921));
#4401=CARTESIAN_POINT('Ctrl Pts',(11.1409095621012,-11.6734790509955,-14.5296395938212));
#4402=CARTESIAN_POINT('Ctrl Pts',(11.3625197900017,-12.7149421863679,-17.5337838997607));
#4403=CARTESIAN_POINT('Ctrl Pts',(11.2737636399827,-12.376804026674,-16.5330262675122));
#4404=CARTESIAN_POINT('Ctrl Pts',(11.1850388466462,-12.0386508378338,-15.5322665765807));
#4405=CARTESIAN_POINT('Ctrl Pts',(11.0962826966272,-11.70051267814,-14.5315089443321));
#4406=CARTESIAN_POINT('Ctrl Pts',(11.294693205815,-12.7351101252496,-17.5341417779822));
#4407=CARTESIAN_POINT('Ctrl Pts',(11.2084859730829,-12.4017493367947,-16.5341524068939));
#4408=CARTESIAN_POINT('Ctrl Pts',(11.1223148693832,-12.0683716954613,-15.5341608090788));
#4409=CARTESIAN_POINT('Ctrl Pts',(11.0361076366512,-11.7350109070064,-14.5341714379904));
#4410=CARTESIAN_POINT('Ctrl Pts',(11.2498247400938,-12.7470149943585,-17.5343957481338));
#4411=CARTESIAN_POINT('Ctrl Pts',(11.1651615530444,-12.4168751755322,-16.5349511216436));
#4412=CARTESIAN_POINT('Ctrl Pts',(11.0805177631014,-12.0867233651721,-15.5355055170296));
#4413=CARTESIAN_POINT('Ctrl Pts',(10.995854576052,-11.7565835463458,-14.5360608905394));
#4414=CARTESIAN_POINT('Ctrl Pts',(11.1814174993408,-12.7631477973296,-17.534806599438));
#4415=CARTESIAN_POINT('Ctrl Pts',(11.0988849152782,-12.438004771577,-16.5362450796296));
#4416=CARTESIAN_POINT('Ctrl Pts',(11.0164149143275,-12.1128379855188,-15.5376790059337));
#4417=CARTESIAN_POINT('Ctrl Pts',(10.9338823302649,-11.7876949597662,-14.5391174861252));
#4418=CARTESIAN_POINT('Ctrl Pts',(11.131922462278,-12.7735335266773,-17.5351198932509));
#4419=CARTESIAN_POINT('Ctrl Pts',(11.0508120203565,-12.4520527725991,-16.5372292201438));
#4420=CARTESIAN_POINT('Ctrl Pts',(10.9697033809454,-12.1305647444498,-15.5393389598782));
#4421=CARTESIAN_POINT('Ctrl Pts',(10.8885929390239,-11.8090839903716,-14.5414482867712));
#4422=CARTESIAN_POINT('Ctrl Pts',(11.0671168424369,-12.7850420255216,-17.5355579480852));
#4423=CARTESIAN_POINT('Ctrl Pts',(10.9875403092197,-12.468427340939,-16.5386101498614));
#4424=CARTESIAN_POINT('Ctrl Pts',(10.9080611462631,-12.151778948213,-15.5416550656994));
#4425=CARTESIAN_POINT('Ctrl Pts',(10.8284846130459,-11.8351642636304,-14.5447072674756));
#4426=CARTESIAN_POINT('Ctrl Pts',(11.0054753196747,-12.7945617581236,-17.5359932496989));
#4427=CARTESIAN_POINT('Ctrl Pts',(10.927274750847,-12.4825641925736,-16.5399764180544));
#4428=CARTESIAN_POINT('Ctrl Pts',(10.8490373879339,-12.1705709338503,-15.5439625967888));
#4429=CARTESIAN_POINT('Ctrl Pts',(10.7708368191061,-11.8585733683003,-14.5479457651443));
#4430=CARTESIAN_POINT('Ctrl Pts',(10.9522884940963,-12.8009228376521,-17.5363886984521));
#4431=CARTESIAN_POINT('Ctrl Pts',(10.875024038592,-12.4929907104857,-16.5412264502581));
#4432=CARTESIAN_POINT('Ctrl Pts',(10.7979540704686,-12.1849952339623,-15.5460500191219));
#4433=CARTESIAN_POINT('Ctrl Pts',(10.7206896149642,-11.8770631067959,-14.5508877709279));
#4434=CARTESIAN_POINT('Ctrl Pts',(10.8839201828294,-12.8071064597127,-17.5369249236059));
#4435=CARTESIAN_POINT('Ctrl Pts',(10.8076816937369,-12.5045200137419,-16.5429062998653));
#4436=CARTESIAN_POINT('Ctrl Pts',(10.731325608488,-12.2019637105159,-15.5488957295469));
#4437=CARTESIAN_POINT('Ctrl Pts',(10.6550871193955,-11.8993772645451,-14.5548771058063));
#4438=CARTESIAN_POINT('Ctrl Pts',(10.8368970691418,-12.8099440433577,-17.5373149130963));
#4439=CARTESIAN_POINT('Ctrl Pts',(10.7608751880759,-12.511173163416,-16.5441432879717));
#4440=CARTESIAN_POINT('Ctrl Pts',(10.6851808099407,-12.2122822591866,-15.5509501216354));
#4441=CARTESIAN_POINT('Ctrl Pts',(10.6091589288748,-11.9135113792449,-14.5577784965108));
#4442=CARTESIAN_POINT('Ctrl Pts',(10.7710582417509,-12.8133355557086,-17.537851085483));
#4443=CARTESIAN_POINT('Ctrl Pts',(10.6964813712229,-12.5191716438974,-16.5458198296485));
#4444=CARTESIAN_POINT('Ctrl Pts',(10.6217371033547,-12.2250642576425,-15.5537986946547));
#4445=CARTESIAN_POINT('Ctrl Pts',(10.5471602328267,-11.9309003458313,-14.5617674388202));
#4446=CARTESIAN_POINT('Ctrl Pts',(10.7190821560524,-12.8159159486143,-17.5382939149563));
#4447=CARTESIAN_POINT('Ctrl Pts',(10.6451944758705,-12.5252511263453,-16.5472122097966));
#4448=CARTESIAN_POINT('Ctrl Pts',(10.5711546998963,-12.2346388230186,-15.5561436463928));
#4449=CARTESIAN_POINT('Ctrl Pts',(10.4972670197144,-11.9439740007497,-14.5650619412331));
#4450=CARTESIAN_POINT('Ctrl Pts',(10.6529649229825,-12.8199838236542,-17.5392104003523));
#4451=CARTESIAN_POINT('Ctrl Pts',(10.5702574658253,-12.5356670221157,-16.5500985885054));
#4452=CARTESIAN_POINT('Ctrl Pts',(10.4874385726082,-12.2513795775793,-15.5609920963272));
#4453=CARTESIAN_POINT('Ctrl Pts',(10.404731115451,-11.9670627760408,-14.5718802844802));
#4454=CARTESIAN_POINT('Ctrl Pts',(10.5829181288189,-12.8243619671547,-17.5406594605171));
#4455=CARTESIAN_POINT('Ctrl Pts',(10.4794063692166,-12.5471303200382,-16.5546558893839));
#4456=CARTESIAN_POINT('Ctrl Pts',(10.37575679338,-12.2699493192946,-15.5686643761021));
#4457=CARTESIAN_POINT('Ctrl Pts',(10.2722450337776,-11.992717672178,-14.5826608049689));
#4458=CARTESIAN_POINT('Ctrl Pts',(10.5035035087429,-12.8270115605131,-17.5416257832206));
#4459=CARTESIAN_POINT('Ctrl Pts',(10.3964267236596,-12.5525322134697,-16.5576978157861));
#4460=CARTESIAN_POINT('Ctrl Pts',(10.2892226584185,-12.2780910569746,-15.5737778884637));
#4461=CARTESIAN_POINT('Ctrl Pts',(10.1821458733352,-12.0036117099312,-14.5898499210292));
#4462=CARTESIAN_POINT('Ctrl Pts',(10.3912469247706,-12.8299971777804,-17.542710672905));
#4463=CARTESIAN_POINT('Ctrl Pts',(10.2870043625217,-12.5577034651711,-16.5611110720856));
#4464=CARTESIAN_POINT('Ctrl Pts',(10.1826554383221,-12.2854483656734,-15.5795207363878));
#4465=CARTESIAN_POINT('Ctrl Pts',(10.0784128760732,-12.0131546530641,-14.5979211355684));
#4466=CARTESIAN_POINT('Ctrl Pts',(10.1473437315009,-12.8346432947302,-17.5444832870123));
#4467=CARTESIAN_POINT('Ctrl Pts',(10.0662958595532,-12.5630811007237,-16.5666892513935));
#4468=CARTESIAN_POINT('Ctrl Pts',(9.98516484580969,-12.291554490889,-15.5889028242375));
#4469=CARTESIAN_POINT('Ctrl Pts',(9.90411697386199,-12.0199922968824,-14.6111087886187));
#4470=CARTESIAN_POINT('Ctrl Pts',(9.79469380890561,-12.8406306163589,-17.5469492470404));
#4471=CARTESIAN_POINT('Ctrl Pts',(9.74844111051521,-12.5693452595316,-16.5744498833671));
#4472=CARTESIAN_POINT('Ctrl Pts',(9.70215844767549,-12.2980745541997,-15.6019540659077));
#4473=CARTESIAN_POINT('Ctrl Pts',(9.65590574928509,-12.0267891973723,-14.6294547022344));
#4474=CARTESIAN_POINT('Ctrl Pts',(9.35219186742562,-12.8477112031861,-17.5501704672767));
#4475=CARTESIAN_POINT('Ctrl Pts',(9.34056112668934,-12.5774408941162,-16.5845860066271));
#4476=CARTESIAN_POINT('Ctrl Pts',(9.32890724280065,-12.3071814655679,-15.6190039585493));
#4477=CARTESIAN_POINT('Ctrl Pts',(9.31727650206437,-12.036911156498,-14.6534194978996));
#4478=CARTESIAN_POINT('Ctrl Pts',(8.93892434620577,-12.8537148939945,-17.5531461540863));
#4479=CARTESIAN_POINT('Ctrl Pts',(8.95486601309101,-12.5844069517284,-16.5939496149424));
#4480=CARTESIAN_POINT('Ctrl Pts',(8.97080144751039,-12.3151041723075,-15.6347541465561));
#4481=CARTESIAN_POINT('Ctrl Pts',(8.98674311439562,-12.0457962300414,-14.6755576074121));
#4482=CARTESIAN_POINT('Ctrl Pts',(8.54846458258455,-12.858895222948,-17.5559070548522));
#4483=CARTESIAN_POINT('Ctrl Pts',(8.58573863017732,-12.5906023993883,-16.6026370853809));
#4484=CARTESIAN_POINT('Ctrl Pts',(8.62300682232011,-12.3223125982016,-15.6493677504363));
#4485=CARTESIAN_POINT('Ctrl Pts',(8.66028086991288,-12.0540197746419,-14.696097780965));
#4486=CARTESIAN_POINT('Ctrl Pts',(8.17675720020301,-12.8633608689064,-17.5584471799007));
#4487=CARTESIAN_POINT('Ctrl Pts',(8.23037223402087,-12.5960661773767,-16.6106298944316));
#4488=CARTESIAN_POINT('Ctrl Pts',(8.28399653383304,-12.3287735216888,-15.6628127428688));
#4489=CARTESIAN_POINT('Ctrl Pts',(8.33761156765091,-12.0614788301591,-14.7149954573997));
#4490=CARTESIAN_POINT('Ctrl Pts',(7.82076619943216,-12.8672105834777,-17.5607687821175));
#4491=CARTESIAN_POINT('Ctrl Pts',(7.8864919157804,-12.6008860113842,-16.6179349288256));
#4492=CARTESIAN_POINT('Ctrl Pts',(7.95221868205909,-12.3345624165094,-15.6751012507205));
#4493=CARTESIAN_POINT('Ctrl Pts',(8.01794439840733,-12.0682378444159,-14.7322673974286));
#4494=CARTESIAN_POINT('Ctrl Pts',(7.4781453910919,-12.8705143470961,-17.5628714665042));
#4495=CARTESIAN_POINT('Ctrl Pts',(7.55234437022161,-12.6051103833737,-16.6245514636631));
#4496=CARTESIAN_POINT('Ctrl Pts',(7.62657637924608,-12.3397069617926,-15.6862306652368));
#4497=CARTESIAN_POINT('Ctrl Pts',(7.70077535837579,-12.0743029980702,-14.7479106623957));
#4498=CARTESIAN_POINT('Ctrl Pts',(7.14691760771688,-12.8733298635549,-17.5647548740446));
#4499=CARTESIAN_POINT('Ctrl Pts',(7.22652158685666,-12.6087845369288,-16.6304773999077));
#4500=CARTESIAN_POINT('Ctrl Pts',(7.30612956797597,-12.3442396063401,-15.6962000554788));
#4501=CARTESIAN_POINT('Ctrl Pts',(7.38573354711576,-12.079694279714,-14.7619225813419));
#4502=CARTESIAN_POINT('Ctrl Pts',(6.82514879519208,-12.8757043900167,-17.5664201011325));
#4503=CARTESIAN_POINT('Ctrl Pts',(6.90745049091026,-12.6119455849168,-16.6357179343884));
#4504=CARTESIAN_POINT('Ctrl Pts',(6.98983608135291,-12.3481862782774,-15.705013477813));
#4505=CARTESIAN_POINT('Ctrl Pts',(7.07213777707109,-12.0844274731775,-14.7743113110689));
#4506=CARTESIAN_POINT('Ctrl Pts',(6.51072296624065,-12.8776766337664,-17.5678647361404));
#4507=CARTESIAN_POINT('Ctrl Pts',(6.59375126388994,-12.6146203831272,-16.6402628044776));
#4508=CARTESIAN_POINT('Ctrl Pts',(6.67678856681484,-12.351564228201,-15.7126608415407));
#4509=CARTESIAN_POINT('Ctrl Pts',(6.75981686446413,-12.0885079775619,-14.7850589098779));
#4510=CARTESIAN_POINT('Ctrl Pts',(6.20046424809579,-12.8792824896214,-17.5690948375175));
#4511=CARTESIAN_POINT('Ctrl Pts',(6.28251826998582,-12.6168426854944,-16.6441346908582));
#4512=CARTESIAN_POINT('Ctrl Pts',(6.36474015665025,-12.3544015257009,-15.7191705972538));
#4513=CARTESIAN_POINT('Ctrl Pts',(6.44679417854027,-12.0919617215739,-14.7942104505945));
#4514=CARTESIAN_POINT('Ctrl Pts',(5.89412232130477,-12.8805272219351,-17.5700837312799));
#4515=CARTESIAN_POINT('Ctrl Pts',(5.97537512351582,-12.6185936022263,-16.6472462817019));
#4516=CARTESIAN_POINT('Ctrl Pts',(6.05674681609616,-12.3566586322003,-15.7244049373235));
#4517=CARTESIAN_POINT('Ctrl Pts',(6.13799961830721,-12.0947250124915,-14.8015674877455));
#4518=CARTESIAN_POINT('Ctrl Pts',(5.60033019814239,-12.8814007989132,-17.5708256084782));
#4519=CARTESIAN_POINT('Ctrl Pts',(5.68154183198651,-12.619860939551,-16.6495767940194));
#4520=CARTESIAN_POINT('Ctrl Pts',(5.76245381174395,-12.3583236642267,-15.7283356191588));
#4521=CARTESIAN_POINT('Ctrl Pts',(5.84366544558808,-12.0967838048644,-14.8070868047));
#4522=CARTESIAN_POINT('Ctrl Pts',(5.32199971015424,-12.881956957998,-17.5714020874454));
#4523=CARTESIAN_POINT('Ctrl Pts',(5.39319315420611,-12.6207579548419,-16.6513944349958));
#4524=CARTESIAN_POINT('Ctrl Pts',(5.46447233356997,-12.3595576166626,-15.7313832668679));
#4525=CARTESIAN_POINT('Ctrl Pts',(5.53566577762185,-12.0983586135064,-14.8113756144183));
#4526=CARTESIAN_POINT('Ctrl Pts',(5.06349194910451,-12.8822226299339,-17.5717480991125));
#4527=CARTESIAN_POINT('Ctrl Pts',(5.11916527334448,-12.6212449396467,-16.6524806270626));
#4528=CARTESIAN_POINT('Ctrl Pts',(5.17466363423348,-12.3602688440906,-15.7332172969513));
#4529=CARTESIAN_POINT('Ctrl Pts',(5.23033695847346,-12.0992911538034,-14.8139498249014));
#4530=CARTESIAN_POINT('Ctrl Pts',(4.81544214826012,-12.8822418097995,-17.5718668887078));
#4531=CARTESIAN_POINT('Ctrl Pts',(4.85165947970596,-12.6213603455682,-16.6528563048456));
#4532=CARTESIAN_POINT('Ctrl Pts',(4.88790494488859,-12.3604786114309,-15.7338441634185));
#4533=CARTESIAN_POINT('Ctrl Pts',(4.92412227633443,-12.0995971471996,-14.8148335795563));
#4534=CARTESIAN_POINT('Ctrl Pts',(4.56734978362285,-12.8820224408105,-17.571749661081));
#4535=CARTESIAN_POINT('Ctrl Pts',(4.58434571738445,-12.6210998337178,-16.6524867236391));
#4536=CARTESIAN_POINT('Ctrl Pts',(4.60125070959325,-12.3601775517334,-15.7332243828636));
#4537=CARTESIAN_POINT('Ctrl Pts',(4.61824664335485,-12.0992549446407,-14.8139614454217));
#4538=CARTESIAN_POINT('Ctrl Pts',(4.30850047463447,-12.8815448773054,-17.5714024346514));
#4539=CARTESIAN_POINT('Ctrl Pts',(4.30976047026401,-12.6204556530969,-16.6513945124836));
#4540=CARTESIAN_POINT('Ctrl Pts',(4.31101408701512,-12.3593661290265,-15.7313861196819));
#4541=CARTESIAN_POINT('Ctrl Pts',(4.31227408264467,-12.098276904818,-14.8113781975141));
#4542=CARTESIAN_POINT('Ctrl Pts',(4.02939589586245,-12.8807584490634,-17.5708319046879));
#4543=CARTESIAN_POINT('Ctrl Pts',(4.0213019039435,-12.6193964738923,-16.6496000904392));
#4544=CARTESIAN_POINT('Ctrl Pts',(4.01313431273718,-12.3580333390166,-15.7283654606326));
#4545=CARTESIAN_POINT('Ctrl Pts',(4.00504032081823,-12.0966713638454,-14.8071336463839));
#4546=CARTESIAN_POINT('Ctrl Pts',(3.72238496670406,-12.879582561783,-17.5700417802318));
#4547=CARTESIAN_POINT('Ctrl Pts',(3.71298413878119,-12.6178649723423,-16.6471129818322));
#4548=CARTESIAN_POINT('Ctrl Pts',(3.70355952132729,-12.3561472902062,-15.7241841844502));
#4549=CARTESIAN_POINT('Ctrl Pts',(3.69415869340443,-12.0944297007655,-14.8012553860506));
#4550=CARTESIAN_POINT('Ctrl Pts',(3.38193420153943,-12.8779109739719,-17.5690357022722));
#4551=CARTESIAN_POINT('Ctrl Pts',(3.38068538941393,-12.615787877306,-16.6439499192699));
#4552=CARTESIAN_POINT('Ctrl Pts',(3.37932943231203,-12.3536620754417,-15.7188562872508));
#4553=CARTESIAN_POINT('Ctrl Pts',(3.37808062018652,-12.0915389787758,-14.7937705042486));
#4554=CARTESIAN_POINT('Ctrl Pts',(3.00406885312541,-12.8756096780316,-17.5678072683468));
#4555=CARTESIAN_POINT('Ctrl Pts',(3.02105267602389,-12.6130584134003,-16.6400835036265));
#4556=CARTESIAN_POINT('Ctrl Pts',(3.03790635071335,-12.3505056482122,-15.7123551335331));
#4557=CARTESIAN_POINT('Ctrl Pts',(3.05489017361183,-12.0879543835809,-14.7846313688127));
#4558=CARTESIAN_POINT('Ctrl Pts',(2.58634096715187,-12.8725292798561,-17.5663721649421));
#4559=CARTESIAN_POINT('Ctrl Pts',(2.63271570013551,-12.6095824121444,-16.6355700324516));
#4560=CARTESIAN_POINT('Ctrl Pts',(2.67897980850045,-12.3466320284925,-15.7047568144172));
#4561=CARTESIAN_POINT('Ctrl Pts',(2.72535454148408,-12.0836851607808,-14.7739546819268));
#4562=CARTESIAN_POINT('Ctrl Pts',(2.12641212495995,-12.8684774048629,-17.5646897929394));
#4563=CARTESIAN_POINT('Ctrl Pts',(2.21294530859824,-12.6051867221223,-16.6302909356504));
#4564=CARTESIAN_POINT('Ctrl Pts',(2.29852882171547,-12.3418771243129,-15.695837257087));
#4565=CARTESIAN_POINT('Ctrl Pts',(2.38506200535376,-12.0785864415723,-14.761438399798));
#4566=CARTESIAN_POINT('Ctrl Pts',(1.62429173655626,-12.8632873198815,-17.5628558486052));
#4567=CARTESIAN_POINT('Ctrl Pts',(1.76365487085117,-12.5998095576607,-16.6244911220017));
#4568=CARTESIAN_POINT('Ctrl Pts',(1.90354354760968,-12.336344704452,-15.6861591970809));
#4569=CARTESIAN_POINT('Ctrl Pts',(2.04290668190459,-12.0728669422312,-14.7477944704773));
#4570=CARTESIAN_POINT('Ctrl Pts',(1.10726171195078,-12.8570352027219,-17.5607851476149));
#4571=CARTESIAN_POINT('Ctrl Pts',(1.30560153491016,-12.5934861807742,-16.6180498106921));
#4572=CARTESIAN_POINT('Ctrl Pts',(1.50071623741306,-12.3298706901832,-15.6751244881499));
#4573=CARTESIAN_POINT('Ctrl Pts',(1.69905606037244,-12.0663216682355,-14.7323891512271));
#4574=CARTESIAN_POINT('Ctrl Pts',(0.661223404009893,-12.8509366037968,-17.559245653676));
#4575=CARTESIAN_POINT('Ctrl Pts',(0.920762406110732,-12.5876533884691,-16.6130755773652));
#4576=CARTESIAN_POINT('Ctrl Pts',(1.18329406104346,-12.3244448768523,-15.6671059101704));
#4577=CARTESIAN_POINT('Ctrl Pts',(1.4428330631443,-12.0611616615247,-14.7209358338596));
#4578=CARTESIAN_POINT('Ctrl Pts',(0.28985898783864,-12.8451029601787,-17.5562592997511));
#4579=CARTESIAN_POINT('Ctrl Pts',(0.549471635370386,-12.5808327649194,-16.6037481592193));
#4580=CARTESIAN_POINT('Ctrl Pts',(0.809356202600236,-12.3165664326377,-15.6512295051269));
#4581=CARTESIAN_POINT('Ctrl Pts',(1.06896885013198,-12.0522962373785,-14.6987183645951));
#4582=CARTESIAN_POINT('Ctrl Pts',(0.0106737057277082,-12.8403337138456,
-17.553404778493));
#4583=CARTESIAN_POINT('Ctrl Pts',(0.258230707072757,-12.5748445655388,-16.594749257129));
#4584=CARTESIAN_POINT('Ctrl Pts',(0.506274224195056,-12.3093760582072,-15.6361372074161));
#4585=CARTESIAN_POINT('Ctrl Pts',(0.753831225540105,-12.0438869099004,-14.6774816860521));
#4586=CARTESIAN_POINT('Ctrl Pts',(-0.238684917021823,-12.8358029035461,
-17.5503919435856));
#4587=CARTESIAN_POINT('Ctrl Pts',(-0.0094234837643576,-12.5689330722082,
-16.5852783566341));
#4588=CARTESIAN_POINT('Ctrl Pts',(0.220229857513045,-12.3020831155707,-15.6201807941307));
#4589=CARTESIAN_POINT('Ctrl Pts',(0.449491290770511,-12.0352132842328,-14.6550672071792));
#4590=CARTESIAN_POINT('Ctrl Pts',(-0.473933993466654,-12.8312151687021,
-17.5471700362784));
#4591=CARTESIAN_POINT('Ctrl Pts',(-0.266237957756154,-12.5626490844363,
-16.5751415553139));
#4592=CARTESIAN_POINT('Ctrl Pts',(-0.0584609163769103,-12.2940920106349,
-15.6031257809014));
#4593=CARTESIAN_POINT('Ctrl Pts',(0.14923511933359,-12.0255259263692,-14.631097299937));
#4594=CARTESIAN_POINT('Ctrl Pts',(-0.648304675592518,-12.8277939358737,
-17.5446023654829));
#4595=CARTESIAN_POINT('Ctrl Pts',(-0.456821911858334,-12.5581585982146,
-16.5670602891333));
#4596=CARTESIAN_POINT('Ctrl Pts',(-0.265050083954588,-12.2885561087057,
-15.5895367687536));
#4597=CARTESIAN_POINT('Ctrl Pts',(-0.0735673202204041,-12.0189207710466,
-14.611994692404));
#4598=CARTESIAN_POINT('Ctrl Pts',(-0.761815198157519,-12.8252443645775,
-17.5427507646935));
#4599=CARTESIAN_POINT('Ctrl Pts',(-0.584062857186712,-12.5542784685859,
-16.561240130105));
#4600=CARTESIAN_POINT('Ctrl Pts',(-0.406331874234403,-12.2833107469882,
-15.5797300395809));
#4601=CARTESIAN_POINT('Ctrl Pts',(-0.228579533263596,-12.0123448509966,
-14.5982194049923));
#4602=CARTESIAN_POINT('Ctrl Pts',(-0.81277635490265,-12.8232882683973,-17.5416598132884));
#4603=CARTESIAN_POINT('Ctrl Pts',(-0.648965083971437,-12.5498548785209,
-16.5578062726806));
#4604=CARTESIAN_POINT('Ctrl Pts',(-0.485056135855525,-12.276421485447,-15.5739566338965));
#4605=CARTESIAN_POINT('Ctrl Pts',(-0.321244864924312,-12.0029880955706,
-14.5901030932887));
#4606=CARTESIAN_POINT('Ctrl Pts',(-0.843762680839675,-12.8216747037359,
-17.5408419237204));
#4607=CARTESIAN_POINT('Ctrl Pts',(-0.692661798370367,-12.5457554449935,
-16.5552319776087));
#4608=CARTESIAN_POINT('Ctrl Pts',(-0.541517626812486,-12.2698476035408,
-15.5696282159684));
#4609=CARTESIAN_POINT('Ctrl Pts',(-0.390416744343178,-11.9939283447984,
-14.5840182698566));
#4610=CARTESIAN_POINT('Ctrl Pts',(-0.866431609548758,-12.8196239713049,
-17.5400204863931));
#4611=CARTESIAN_POINT('Ctrl Pts',(-0.731553891034736,-12.539904506221,-16.5526500005399));
#4612=CARTESIAN_POINT('Ctrl Pts',(-0.596634217468721,-12.2601716237091,
-15.565277538141));
#4613=CARTESIAN_POINT('Ctrl Pts',(-0.4617564989547,-11.9804521586251,-14.5779070522879));
#4614=CARTESIAN_POINT('Ctrl Pts',(-0.887679841581405,-12.8173980221576,
-17.5391901485162));
#4615=CARTESIAN_POINT('Ctrl Pts',(-0.769852606436714,-12.5334211466669,
-16.5500364514571));
#4616=CARTESIAN_POINT('Ctrl Pts',(-0.651989208409599,-12.2494387419936,
-15.5608833146816));
#4617=CARTESIAN_POINT('Ctrl Pts',(-0.534161973264908,-11.9654618665029,
-14.5717296176225));
#4618=CARTESIAN_POINT('Ctrl Pts',(-0.920713541307395,-12.8137455556358,
-17.5382228633502));
#4619=CARTESIAN_POINT('Ctrl Pts',(-0.822144936315192,-12.522931584168,-16.5469930160841));
#4620=CARTESIAN_POINT('Ctrl Pts',(-0.723532402030083,-12.2321100854658,
-15.5557631884302));
#4621=CARTESIAN_POINT('Ctrl Pts',(-0.62496379703788,-11.9412961139979,-14.5645333411641));
#4622=CARTESIAN_POINT('Ctrl Pts',(-0.963150983043343,-12.809708898537,-17.5374261469544));
#4623=CARTESIAN_POINT('Ctrl Pts',(-0.87733701469829,-12.5120902531074,-16.5444854672023));
#4624=CARTESIAN_POINT('Ctrl Pts',(-0.791479814340768,-12.2144692811917,
-15.5515467187674));
#4625=CARTESIAN_POINT('Ctrl Pts',(-0.705665845995715,-11.9168506357622,
-14.5586060390153));
#4626=CARTESIAN_POINT('Ctrl Pts',(-1.00156442342724,-12.805842147484,-17.5368766072338));
#4627=CARTESIAN_POINT('Ctrl Pts',(-0.922909665359688,-12.502683344046,-16.5427566081223));
#4628=CARTESIAN_POINT('Ctrl Pts',(-0.844212580148768,-12.1995201406938,
-15.5486376473478));
#4629=CARTESIAN_POINT('Ctrl Pts',(-0.765557822081213,-11.8963613372557,
-14.5545176482363));
#4630=CARTESIAN_POINT('Ctrl Pts',(-1.04338762261567,-12.8011426920736,-17.5363653584677));
#4631=CARTESIAN_POINT('Ctrl Pts',(-0.970216907841707,-12.4924577852918,
-16.5411476389166));
#4632=CARTESIAN_POINT('Ctrl Pts',(-0.89700206534424,-12.1837721336512,-15.5459318488367));
#4633=CARTESIAN_POINT('Ctrl Pts',(-0.823831350570277,-11.8750872268694,
-14.5507141292856));
#4634=CARTESIAN_POINT('Ctrl Pts',(-1.09467343824039,-12.7946462092501,-17.5358324373556));
#4635=CARTESIAN_POINT('Ctrl Pts',(-1.02577032129274,-12.4797856878867,-16.5394708938923));
#4636=CARTESIAN_POINT('Ctrl Pts',(-0.956823987058257,-12.1649225872195,
-15.5431109188298));
#4637=CARTESIAN_POINT('Ctrl Pts',(-0.887920870110606,-11.8500620658562,
-14.5467493753664));
#4638=CARTESIAN_POINT('Ctrl Pts',(-1.14219831221384,-12.7872538748348,-17.5354308023422));
#4639=CARTESIAN_POINT('Ctrl Pts',(-1.07487455629893,-12.4673560916951,-16.5382071304593));
#4640=CARTESIAN_POINT('Ctrl Pts',(-1.00751299143692,-12.147457111371,-15.5409850177689));
#4641=CARTESIAN_POINT('Ctrl Pts',(-0.94018923552201,-11.8275593282313,-14.5437613458861));
#4642=CARTESIAN_POINT('Ctrl Pts',(-1.20112967652377,-12.7770222563789,-17.534984911451));
#4643=CARTESIAN_POINT('Ctrl Pts',(-1.13444410514612,-12.4513309041593,-16.5368041799259));
#4644=CARTESIAN_POINT('Ctrl Pts',(-1.06772155145668,-12.1256375144874,-15.5386247990781));
#4645=CARTESIAN_POINT('Ctrl Pts',(-1.00103598007903,-11.7999461622678,-14.5404440675531));
#4646=CARTESIAN_POINT('Ctrl Pts',(-1.25083456632608,-12.767461776525,-17.5346535787416));
#4647=CARTESIAN_POINT('Ctrl Pts',(-1.1835573063231,-12.4372729354405,-16.53576155827));
#4648=CARTESIAN_POINT('Ctrl Pts',(-1.11624570754768,-12.1070834419596,-15.536871084053));
#4649=CARTESIAN_POINT('Ctrl Pts',(-1.04896844754471,-11.7768946008751,-14.5379790635814));
#4650=CARTESIAN_POINT('Ctrl Pts',(-1.31330139624258,-12.7535576749433,-17.5342916745492));
#4651=CARTESIAN_POINT('Ctrl Pts',(-1.24394288832241,-12.4183438734014,-16.5346229355473));
#4652=CARTESIAN_POINT('Ctrl Pts',(-1.17455324817273,-12.083128499887,-15.5349553570549));
#4653=CARTESIAN_POINT('Ctrl Pts',(-1.10519474025257,-11.7479146983451,-14.535286618053));
#4654=CARTESIAN_POINT('Ctrl Pts',(-1.37590205508544,-12.7380655573957,-17.5339655392277));
#4655=CARTESIAN_POINT('Ctrl Pts',(-1.30357962788016,-12.3982981587865,-16.5335966627253));
#4656=CARTESIAN_POINT('Ctrl Pts',(-1.23122593550708,-12.0585299962986,-15.533229157402));
#4657=CARTESIAN_POINT('Ctrl Pts',(-1.1589035083018,-11.7187625976894,-14.5328602808996));
#4658=CARTESIAN_POINT('Ctrl Pts',(-1.43052617389056,-12.7227608496452,-17.5337153453536));
#4659=CARTESIAN_POINT('Ctrl Pts',(-1.35480692928325,-12.3795389919465,-16.5328095296474));
#4660=CARTESIAN_POINT('Ctrl Pts',(-1.27906126263771,-12.0363159594361,-15.5319047382923));
#4661=CARTESIAN_POINT('Ctrl Pts',(-1.2033420180304,-11.6930941017373,-14.5309989225861));
#4662=CARTESIAN_POINT('Ctrl Pts',(-1.50121850891764,-12.7009327882349,-17.5334230266471));
#4663=CARTESIAN_POINT('Ctrl Pts',(-1.42039329185961,-12.3537886648664,-16.5318896844031));
#4664=CARTESIAN_POINT('Ctrl Pts',(-1.33954102032097,-12.0066438083701,-15.5303575119242));
#4665=CARTESIAN_POINT('Ctrl Pts',(-1.25871580326295,-11.6594996850016,-14.5288241696801));
#4666=CARTESIAN_POINT('Ctrl Pts',(-1.55193587106385,-12.683546409957,-17.5332372396822));
#4667=CARTESIAN_POINT('Ctrl Pts',(-1.46691512383105,-12.3340432517286,-16.5313051874969));
#4668=CARTESIAN_POINT('Ctrl Pts',(-1.38187239469802,-11.9845392769645,-15.5293740293039));
#4669=CARTESIAN_POINT('Ctrl Pts',(-1.29685164746523,-11.6350361187362,-14.5274419771186));
#4670=CARTESIAN_POINT('Ctrl Pts',(-1.62636326469471,-12.6555547469683,-17.5329921794414));
#4671=CARTESIAN_POINT('Ctrl Pts',(-1.53461019983752,-12.3032086262226,-16.5305340927395));
#4672=CARTESIAN_POINT('Ctrl Pts',(-1.44283535658044,-11.9508617249515,-15.528076898012));
#4673=CARTESIAN_POINT('Ctrl Pts',(-1.35108229172325,-11.5985156042059,-14.52561881131));
#4674=CARTESIAN_POINT('Ctrl Pts',(-1.67653444266257,-12.6348715253222,-17.5328457932321));
#4675=CARTESIAN_POINT('Ctrl Pts',(-1.57985636146359,-12.2810555671917,-16.5300735251073));
#4676=CARTESIAN_POINT('Ctrl Pts',(-1.4831603682643,-11.9272390587139,-15.5273020152497));
#4677=CARTESIAN_POINT('Ctrl Pts',(-1.38648228706533,-11.5734231005834,-14.5245297471249));
#4678=CARTESIAN_POINT('Ctrl Pts',(-1.75073050066149,-12.6014458857738,-17.5326537121534));
#4679=CARTESIAN_POINT('Ctrl Pts',(-1.64630589165822,-12.246126728374,-16.5294691583589));
#4680=CARTESIAN_POINT('Ctrl Pts',(-1.54186405964759,-11.8908068471846,-15.5262852822663));
#4681=CARTESIAN_POINT('Ctrl Pts',(-1.43743945064433,-11.5354876897848,-14.5231007284718));
#4682=CARTESIAN_POINT('Ctrl Pts',(-1.80322444024233,-12.5757749886468,-17.532534092452));
#4683=CARTESIAN_POINT('Ctrl Pts',(-1.69301759148907,-12.2198641162183,-16.5290927871443));
#4684=CARTESIAN_POINT('Ctrl Pts',(-1.58279620075759,-11.8639528204565,-15.5256521034152));
#4685=CARTESIAN_POINT('Ctrl Pts',(-1.47258935200433,-11.508041948028,-14.5222107981074));
#4686=CARTESIAN_POINT('Ctrl Pts',(-1.87362593318259,-12.5382416787235,-17.5323952011552));
#4687=CARTESIAN_POINT('Ctrl Pts',(-1.75530074611759,-12.1822406040231,-16.5286557848162));
#4688=CARTESIAN_POINT('Ctrl Pts',(-1.63696174353458,-11.826238939977,-15.5249169098898));
#4689=CARTESIAN_POINT('Ctrl Pts',(-1.51863655646958,-11.4702378652766,-14.5211774935508));
#4690=CARTESIAN_POINT('Ctrl Pts',(-1.93083069077961,-12.5053666540138,-17.5322976211269));
#4691=CARTESIAN_POINT('Ctrl Pts',(-1.80566286778194,-12.1498234504268,-16.528348753339));
#4692=CARTESIAN_POINT('Ctrl Pts',(-1.68048284274181,-11.7942798597173,-15.5244003987324));
#4693=CARTESIAN_POINT('Ctrl Pts',(-1.55531501974414,-11.4387366561303,-14.5204515309444));
#4694=CARTESIAN_POINT('Ctrl Pts',(-1.99430672642166,-12.4656420734955,-17.5322081175557));
#4695=CARTESIAN_POINT('Ctrl Pts',(-1.86127207720434,-12.111317486805,-16.5280671479534));
#4696=CARTESIAN_POINT('Ctrl Pts',(-1.72822617515508,-11.7569924382131,-15.523926624066));
#4697=CARTESIAN_POINT('Ctrl Pts',(-1.59519152593776,-11.4026678515226,-14.5197856544637));
#4698=CARTESIAN_POINT('Ctrl Pts',(-2.05811209562918,-12.4228140004116,-17.5321334224609));
#4699=CARTESIAN_POINT('Ctrl Pts',(-1.91696655520974,-12.0703383266078,-16.5278321153589));
#4700=CARTESIAN_POINT('Ctrl Pts',(-1.77581031372194,-11.7178623010366,-15.5235312551712));
#4701=CARTESIAN_POINT('Ctrl Pts',(-1.63466477330251,-11.3653866272328,-14.5192299480691));
#4702=CARTESIAN_POINT('Ctrl Pts',(-2.11200984694378,-12.3834077323199,-17.5320862727882));
#4703=CARTESIAN_POINT('Ctrl Pts',(-1.9638191949531,-12.0331805539734,-16.5276837849097));
#4704=CARTESIAN_POINT('Ctrl Pts',(-1.81561947829503,-11.6829530118556,-15.5232816582331));
#4705=CARTESIAN_POINT('Ctrl Pts',(-1.66742882630435,-11.3327258335091,-14.5188791703546));
#4706=CARTESIAN_POINT('Ctrl Pts',(-2.18139530443493,-12.3291787676591,-17.5320410390842));
#4707=CARTESIAN_POINT('Ctrl Pts',(-2.02397850092115,-11.9825756465736,-16.5275414495498));
#4708=CARTESIAN_POINT('Ctrl Pts',(-1.86655264807092,-11.6359722220553,-15.5230422363375));
#4709=CARTESIAN_POINT('Ctrl Pts',(-1.70913584455714,-11.2893691009698,-14.5185426468032));
#4710=CARTESIAN_POINT('Ctrl Pts',(-2.22594123317602,-12.2913565270676,-17.5320249107889));
#4711=CARTESIAN_POINT('Ctrl Pts',(-2.06247809920105,-11.9477035756749,-16.5274907286617));
#4712=CARTESIAN_POINT('Ctrl Pts',(-1.89900793481363,-11.6040503912077,-15.5229568398355));
#4713=CARTESIAN_POINT('Ctrl Pts',(-1.73554480083866,-11.260397439815,-14.5184226577084));
#4714=CARTESIAN_POINT('Ctrl Pts',(-2.2908997010043,-12.2322509239055,-17.5320164914649));
#4715=CARTESIAN_POINT('Ctrl Pts',(-2.11851585219517,-11.8937014902262,-16.5274642476927));
#4716=CARTESIAN_POINT('Ctrl Pts',(-1.94612533528281,-11.555151770855,-15.5229122645408));
#4717=CARTESIAN_POINT('Ctrl Pts',(-1.77374148647368,-11.2166023371756,-14.5183600207687));
#4718=CARTESIAN_POINT('Ctrl Pts',(-2.33721063339842,-12.1873037654662,-17.5320211010041));
#4719=CARTESIAN_POINT('Ctrl Pts',(-2.15839625288807,-11.852961557228,-16.5274787604191));
#4720=CARTESIAN_POINT('Ctrl Pts',(-1.97957637274258,-11.5186191872607,-15.5229366547757));
#4721=CARTESIAN_POINT('Ctrl Pts',(-1.80076199223223,-11.1842769790224,-14.5183943141907));
#4722=CARTESIAN_POINT('Ctrl Pts',(-2.3952600202293,-12.1256427074977,-17.5320453165904));
#4723=CARTESIAN_POINT('Ctrl Pts',(-2.20830536628535,-11.7976330919355,-16.5275549678689));
#4724=CARTESIAN_POINT('Ctrl Pts',(-2.02134561653618,-11.4696232596197,-15.5230648187341));
#4725=CARTESIAN_POINT('Ctrl Pts',(-1.83439096259223,-11.1416136440575,-14.5185744700126));
#4726=CARTESIAN_POINT('Ctrl Pts',(-2.45178640468041,-12.0615929358872,-17.5320821028504));
#4727=CARTESIAN_POINT('Ctrl Pts',(-2.25686546203805,-11.7405400427915,-16.5276707159072));
#4728=CARTESIAN_POINT('Ctrl Pts',(-2.06193965647683,-11.4194869978649,-15.5232595343631));
#4729=CARTESIAN_POINT('Ctrl Pts',(-1.86701871383448,-11.0984341047692,-14.51884814742));
#4730=CARTESIAN_POINT('Ctrl Pts',(-2.49367019615312,-12.0093180197615,-17.5321246157003));
#4731=CARTESIAN_POINT('Ctrl Pts',(-2.29281990418671,-11.6943620326199,-16.5278045023436));
#4732=CARTESIAN_POINT('Ctrl Pts',(-2.09196575830257,-11.379405889281,-15.5234845420886));
#4733=CARTESIAN_POINT('Ctrl Pts',(-1.89111546633616,-11.0644499021393,-14.5191644287319));
#4734=CARTESIAN_POINT('Ctrl Pts',(-2.54619502443811,-11.9392761673381,-17.5321910925591));
#4735=CARTESIAN_POINT('Ctrl Pts',(-2.33791794787816,-11.6328309142079,-16.5280136753345));
#4736=CARTESIAN_POINT('Ctrl Pts',(-2.12963711805018,-11.3263855253368,-15.5238364114381));
#4737=CARTESIAN_POINT('Ctrl Pts',(-1.92136004149024,-11.0199402722066,-14.5196589942135));
#4738=CARTESIAN_POINT('Ctrl Pts',(-2.58537077778084,-11.8831828056341,-17.5322519330408));
#4739=CARTESIAN_POINT('Ctrl Pts',(-2.37156337125006,-11.5838275601002,-16.5282051237877));
#4740=CARTESIAN_POINT('Ctrl Pts',(-2.15775303879327,-11.2844722155697,-15.5241584361974));
#4741=CARTESIAN_POINT('Ctrl Pts',(-1.94394563226249,-10.9851169700359,-14.5201116269443));
#4742=CARTESIAN_POINT('Ctrl Pts',(-2.6319462980786,-11.8091107624608,-17.5323445188291));
#4743=CARTESIAN_POINT('Ctrl Pts',(-2.4116257109057,-11.5195893818587,-16.5284964542493));
#4744=CARTESIAN_POINT('Ctrl Pts',(-2.19130238384433,-11.2300678914414,-15.5246484986639));
#4745=CARTESIAN_POINT('Ctrl Pts',(-1.97098179667142,-10.9405465108393,-14.5208004340841));
#4746=CARTESIAN_POINT('Ctrl Pts',(-2.6761895371165,-11.7334902654749,-17.5324464026804));
#4747=CARTESIAN_POINT('Ctrl Pts',(-2.44974104761423,-11.4543046102967,-16.5288170378375));
#4748=CARTESIAN_POINT('Ctrl Pts',(-2.22328996677206,-11.1751188668279,-15.5251877805296));
#4749=CARTESIAN_POINT('Ctrl Pts',(-1.99684147726979,-10.8959332116497,-14.5215584156868));
#4750=CARTESIAN_POINT('Ctrl Pts',(-2.70975499134318,-11.6692976855196,-17.5325413349062));
#4751=CARTESIAN_POINT('Ctrl Pts',(-2.47874943872325,-11.3992371864864,-16.529115755561));
#4752=CARTESIAN_POINT('Ctrl Pts',(-2.24774188797439,-11.1291766179765,-15.5256902588786));
#4753=CARTESIAN_POINT('Ctrl Pts',(-2.01673633535446,-10.8591161189433,-14.5222646795334));
#4754=CARTESIAN_POINT('Ctrl Pts',(-2.74744533783091,-11.5902283826268,-17.53266509494));
#4755=CARTESIAN_POINT('Ctrl Pts',(-2.51144594918902,-11.3317176003445,-16.5295051760244));
#4756=CARTESIAN_POINT('Ctrl Pts',(-2.27544465959038,-11.0732067380958,-15.5263453314949));
#4757=CARTESIAN_POINT('Ctrl Pts',(-2.03944527094849,-10.8146959558135,-14.5231854125793));
#4758=CARTESIAN_POINT('Ctrl Pts',(-2.78138429277428,-11.512776753906,-17.5327917569324));
#4759=CARTESIAN_POINT('Ctrl Pts',(-2.5410023091256,-11.2658305681288,-16.5299037267394));
#4760=CARTESIAN_POINT('Ctrl Pts',(-2.3006186963642,-11.018884330919,-15.5270157654156));
#4761=CARTESIAN_POINT('Ctrl Pts',(-2.06023671271553,-10.7719381451418,-14.5241277352226));
#4762=CARTESIAN_POINT('Ctrl Pts',(-2.80950384835208,-11.4374392535636,-17.5329229757936));
#4763=CARTESIAN_POINT('Ctrl Pts',(-2.5657236943447,-11.2021426101402,-16.5303166203133));
#4764=CARTESIAN_POINT('Ctrl Pts',(-2.32194225298971,-10.966845911247,-15.5277103149175));
#4765=CARTESIAN_POINT('Ctrl Pts',(-2.07816209898233,-10.7315492678235,-14.5251039594372));
#4766=CARTESIAN_POINT('Ctrl Pts',(-2.83759559459714,-11.3542767722385,-17.533071983093));
#4767=CARTESIAN_POINT('Ctrl Pts',(-2.59060557687103,-11.1320731507006,-16.5307854795818));
#4768=CARTESIAN_POINT('Ctrl Pts',(-2.34361431513551,-10.909869485401,-15.5284990271636));
#4769=CARTESIAN_POINT('Ctrl Pts',(-2.0966242974094,-10.6876658638631,-14.5262125236524));
#4770=CARTESIAN_POINT('Ctrl Pts',(-2.86154394446762,-11.2745511048059,-17.5332189894725));
#4771=CARTESIAN_POINT('Ctrl Pts',(-2.61202567610001,-11.0651350144974,-16.5312480476607));
#4772=CARTESIAN_POINT('Ctrl Pts',(-2.36250649789594,-10.8557188921426,-15.5292771435082));
#4773=CARTESIAN_POINT('Ctrl Pts',(-2.11298822952833,-10.6463028018341,-14.5273062016964));
#4774=CARTESIAN_POINT('Ctrl Pts',(-2.88199859178345,-11.189142797669,-17.5333825860343));
#4775=CARTESIAN_POINT('Ctrl Pts',(-2.63076067230454,-10.99382646559,-16.5317628161555));
#4776=CARTESIAN_POINT('Ctrl Pts',(-2.37952201248954,-10.7985101019461,-15.5301430749973));
#4777=CARTESIAN_POINT('Ctrl Pts',(-2.12828409301063,-10.6031937698671,-14.5285233051186));
#4778=CARTESIAN_POINT('Ctrl Pts',(-2.89978157195051,-11.1029586410939,-17.5335504018677));
#4779=CARTESIAN_POINT('Ctrl Pts',(-2.6473708081882,-10.9220814808765,-16.5322908576243));
#4780=CARTESIAN_POINT('Ctrl Pts',(-2.39495935075198,-10.7412042985912,-15.5310313427477));
#4781=CARTESIAN_POINT('Ctrl Pts',(-2.14254858698967,-10.5603271383739,-14.5297717985043));
#4782=CARTESIAN_POINT('Ctrl Pts',(-2.9147960100143,-11.0132782286584,-17.5337282093058));
#4783=CARTESIAN_POINT('Ctrl Pts',(-2.66185655869745,-10.8476818138217,-16.5328503422884));
#4784=CARTESIAN_POINT('Ctrl Pts',(-2.40891666858758,-10.6820853828753,-15.5319724930861));
#4785=CARTESIAN_POINT('Ctrl Pts',(-2.15597721727073,-10.5164889680386,-14.5310946260687));
#4786=CARTESIAN_POINT('Ctrl Pts',(-2.92459037605375,-10.9257661624321,-17.5339053179128));
#4787=CARTESIAN_POINT('Ctrl Pts',(-2.67209708604165,-10.775460704679,-16.5334076265379));
#4788=CARTESIAN_POINT('Ctrl Pts',(-2.41960353625995,-10.6251552374158,-15.5329099459406));
#4789=CARTESIAN_POINT('Ctrl Pts',(-2.16711024624784,-10.4748497796628,-14.5324122545657));
#4790=CARTESIAN_POINT('Ctrl Pts',(-2.93110254023895,-10.8378207281915,-17.5340845829863));
#4791=CARTESIAN_POINT('Ctrl Pts',(-2.67978755491993,-10.7030780299345,-16.5339716942612));
#4792=CARTESIAN_POINT('Ctrl Pts',(-2.42847233065006,-10.5683353235606,-15.5338588151734));
#4793=CARTESIAN_POINT('Ctrl Pts',(-2.17715734533104,-10.4335926253036,-14.5337459264482));
#4794=CARTESIAN_POINT('Ctrl Pts',(-2.9325989273681,-10.7884929467669,-17.5341858828991));
#4795=CARTESIAN_POINT('Ctrl Pts',(-2.68242192442585,-10.6626019869234,-16.5342904426142));
#4796=CARTESIAN_POINT('Ctrl Pts',(-2.43224492998189,-10.5367110315218,-15.5343950040298));
#4797=CARTESIAN_POINT('Ctrl Pts',(-2.18206792703964,-10.4108200716783,-14.5344995637449));
#4798=CARTESIAN_POINT('Ctrl Pts',(-2.93389529757285,-10.7444306248874,-17.534276623765));
#4799=CARTESIAN_POINT('Ctrl Pts',(-2.68467044382192,-10.6265419856981,-16.5345759642709));
#4800=CARTESIAN_POINT('Ctrl Pts',(-2.43544559007099,-10.5086533465088,-15.5348753047767));
#4801=CARTESIAN_POINT('Ctrl Pts',(-2.18622073632006,-10.3907647073194,-14.5351746452825));
#4802=CARTESIAN_POINT('',(-2.19066833036586,-10.3928685135896,-14.553015011659));
#4803=CARTESIAN_POINT('',(-3.04999989271164,-10.7993505597115,-18.));
#4804=CARTESIAN_POINT('',(-2.18741761331402,-10.4075708348445,-14.5517831528655));
#4805=CARTESIAN_POINT('Ctrl Pts',(-2.18741761331402,-10.4075708348445,-14.5517831528655));
#4806=CARTESIAN_POINT('Ctrl Pts',(-2.18346422545037,-10.4252240888128,-14.5503077968757));
#4807=CARTESIAN_POINT('Ctrl Pts',(-2.17928057779342,-10.4429992766018,-14.5488405999064));
#4808=CARTESIAN_POINT('Ctrl Pts',(-2.16573966892247,-10.4954872436067,-14.5447085992314));
#4809=CARTESIAN_POINT('Ctrl Pts',(-2.15540445383145,-10.5304337452439,-14.5421676340909));
#4810=CARTESIAN_POINT('Ctrl Pts',(-2.13254620372453,-10.599751637707,-14.5374757625025));
#4811=CARTESIAN_POINT('Ctrl Pts',(-2.12003251241407,-10.6340843833938,-14.5353370976615));
#4812=CARTESIAN_POINT('Ctrl Pts',(-2.09284759710538,-10.7020390314429,-14.531471331434));
#4813=CARTESIAN_POINT('Ctrl Pts',(-2.07826281510979,-10.7356520777697,-14.5297328686917));
#4814=CARTESIAN_POINT('Ctrl Pts',(-2.04703095782781,-10.8020725795477,-14.5266600324162));
#4815=CARTESIAN_POINT('Ctrl Pts',(-2.03048428502379,-10.8348760008325,-14.5253109419127));
#4816=CARTESIAN_POINT('Ctrl Pts',(-1.99542310186611,-10.8995932743581,-14.5230041531731));
#4817=CARTESIAN_POINT('Ctrl Pts',(-1.97701430497853,-10.9315053035631,-14.522031289059));
#4818=CARTESIAN_POINT('Ctrl Pts',(-1.93830956912246,-10.9943625652129,-14.5204640615591));
#4819=CARTESIAN_POINT('Ctrl Pts',(-1.91812759490037,-11.0253067849699,-14.5198538605102));
#4820=CARTESIAN_POINT('Ctrl Pts',(-1.8759473713297,-11.0861530512712,-14.5189998791757));
#4821=CARTESIAN_POINT('Ctrl Pts',(-1.85407360414049,-11.1160571504323,-14.5187389005358));
#4822=CARTESIAN_POINT('Ctrl Pts',(-1.80858634859431,-11.1747352159555,-14.5185712138518));
#4823=CARTESIAN_POINT('Ctrl Pts',(-1.7851135826083,-11.2035131061883,-14.5186452994419));
#4824=CARTESIAN_POINT('Ctrl Pts',(-1.73656240332543,-11.2597876585696,-14.5191344372348));
#4825=CARTESIAN_POINT('Ctrl Pts',(-1.71165124590086,-11.2872896681744,-14.5195270118072));
#4826=CARTESIAN_POINT('Ctrl Pts',(-1.6602995214123,-11.3409562724947,-14.5206372325134));
#4827=CARTESIAN_POINT('Ctrl Pts',(-1.63404978310614,-11.367126959883,-14.5213297536332));
#4828=CARTESIAN_POINT('Ctrl Pts',(-1.58008324327542,-11.4180910574478,-14.523024383114));
#4829=CARTESIAN_POINT('Ctrl Pts',(-1.55258245281141,-11.4428928934049,-14.5239985855574));
#4830=CARTESIAN_POINT('Ctrl Pts',(-1.49616458876476,-11.4910885479281,-14.5262413199658));
#4831=CARTESIAN_POINT('Ctrl Pts',(-1.46749824852324,-11.5144904818921,-14.5274784829093));
#4832=CARTESIAN_POINT('Ctrl Pts',(-1.40878593922454,-11.5598631980355,-14.5302329549089));
#4833=CARTESIAN_POINT('Ctrl Pts',(-1.37903889207157,-11.5818384892008,-14.531714402671));
#4834=CARTESIAN_POINT('Ctrl Pts',(-1.31819350701666,-11.6243356669877,-14.5349448912711));
#4835=CARTESIAN_POINT('Ctrl Pts',(-1.28745099672061,-11.6448616445281,-14.5366526010755));
#4836=CARTESIAN_POINT('Ctrl Pts',(-1.22458836361557,-11.6844671396077,-14.5403248131878));
#4837=CARTESIAN_POINT('Ctrl Pts',(-1.19293350495385,-11.7035299512152,-14.5422387674654));
#4838=CARTESIAN_POINT('Ctrl Pts',(-1.12827924826852,-11.7401620334748,-14.546315762181));
#4839=CARTESIAN_POINT('Ctrl Pts',(-1.09584081007031,-11.7577186912185,-14.5484192303889));
#4840=CARTESIAN_POINT('Ctrl Pts',(-1.02945474465471,-11.7913940949027,-14.5528699538863));
#4841=CARTESIAN_POINT('Ctrl Pts',(-0.996406700139621,-11.8074018078413,
-14.555133299866));
#4842=CARTESIAN_POINT('Ctrl Pts',(-0.929118892234663,-11.8377955734576,
-14.5598865686732));
#4843=CARTESIAN_POINT('Ctrl Pts',(-0.895887964760321,-11.8521405218266,
-14.5622737987749));
#4844=CARTESIAN_POINT('Ctrl Pts',(-0.841518294727624,-11.8738169869667,
-14.5662806219876));
#4845=CARTESIAN_POINT('Ctrl Pts',(-0.809617489172726,-11.8861729134351,
-14.5686616337555));
#4846=CARTESIAN_POINT('Ctrl Pts',(-0.772488368693229,-11.8995913489723,
-14.5714931304948));
#4847=CARTESIAN_POINT('Ctrl Pts',(-0.738342472443251,-11.9114111508078,
-14.5741342018327));
#4848=CARTESIAN_POINT('Ctrl Pts',(-0.708237208599452,-11.9215421528148,
-14.5764876133544));
#4849=CARTESIAN_POINT('Ctrl Pts',(-0.669380164817328,-11.933758769762,-14.5795406862423));
#4850=CARTESIAN_POINT('Ctrl Pts',(-0.632315321310077,-11.9446606937894,
-14.5825431976026));
#4851=CARTESIAN_POINT('Ctrl Pts',(-0.600564365618428,-11.9537483460346,
-14.5851376763575));
#4852=CARTESIAN_POINT('Ctrl Pts',(-0.56072885327912,-11.9642463937346,-14.5883991758734));
#4853=CARTESIAN_POINT('Ctrl Pts',(-0.503265782978178,-11.9779175649294,
-14.5932886083284));
#4854=CARTESIAN_POINT('Ctrl Pts',(-0.463226604438496,-11.9861482801793,
-14.5968523831378));
#4855=CARTESIAN_POINT('Ctrl Pts',(-0.404965160858239,-11.9969756827472,
-14.6021360317502));
#4856=CARTESIAN_POINT('Ctrl Pts',(-0.3630309843103,-12.003587604896,-14.6060989011811));
#4857=CARTESIAN_POINT('Ctrl Pts',(-0.332604787980361,-12.0070972092773,
-14.6091214264127));
#4858=CARTESIAN_POINT('Ctrl Pts',(-0.313632829378257,-12.0093144266231,
-14.6109759395536));
#4859=CARTESIAN_POINT('Ctrl Pts',(-0.303182487711881,-12.0105014686448,
-14.612001623607));
#4860=CARTESIAN_POINT('Ctrl Pts',(-0.283094721713463,-12.0126637107333,
-14.6139857247734));
#4861=CARTESIAN_POINT('Ctrl Pts',(-0.24996974988368,-12.0159069321761,-14.6172938458494));
#4862=CARTESIAN_POINT('Ctrl Pts',(-0.224705727206694,-12.0178177321589,
-14.6198872587864));
#4863=CARTESIAN_POINT('Ctrl Pts',(-0.165232020369576,-12.0215378196934,
-14.6260760726102));
#4864=CARTESIAN_POINT('Ctrl Pts',(-0.130619545572907,-12.022681077394,-14.629679858164));
#4865=CARTESIAN_POINT('Ctrl Pts',(-0.07176990547551,-12.0251193728652,-14.6356014895893));
#4866=CARTESIAN_POINT('Ctrl Pts',(0.0336767107880092,-12.029085745797,-14.6461819292091));
#4867=CARTESIAN_POINT('Ctrl Pts',(0.136864261834598,-12.032542671898,-14.656193451996));
#4868=CARTESIAN_POINT('Ctrl Pts',(0.317525974865913,-12.0389221956484,-14.673227645488));
#4869=CARTESIAN_POINT('Ctrl Pts',(0.422881000918067,-12.0426370942713,-14.6828675564551));
#4870=CARTESIAN_POINT('Ctrl Pts',(0.633303343006634,-12.0496029240854,-14.7014451820771));
#4871=CARTESIAN_POINT('Ctrl Pts',(0.737867624576195,-12.0529334075588,-14.7103676749694));
#4872=CARTESIAN_POINT('Ctrl Pts',(0.947698110096907,-12.0593959316649,-14.72756981246));
#4873=CARTESIAN_POINT('Ctrl Pts',(1.05248864855938,-12.0625136237728,-14.7358574936213));
#4874=CARTESIAN_POINT('Ctrl Pts',(1.26260114931845,-12.068522249248,-14.7517629948181));
#4875=CARTESIAN_POINT('Ctrl Pts',(1.36735808724349,-12.0714060842621,-14.7593891137106));
#4876=CARTESIAN_POINT('Ctrl Pts',(1.57753520202528,-12.0770465153257,-14.7739470557997));
#4877=CARTESIAN_POINT('Ctrl Pts',(1.682308971855,-12.0797880663375,-14.7808904405676));
#4878=CARTESIAN_POINT('Ctrl Pts',(1.89259638324337,-12.0849320865218,-14.7941366311854));
#4879=CARTESIAN_POINT('Ctrl Pts',(1.99736186567415,-12.0873758400897,-14.8004373875602));
#4880=CARTESIAN_POINT('Ctrl Pts',(2.20774745363454,-12.0919754924307,-14.8123804272247));
#4881=CARTESIAN_POINT('Ctrl Pts',(2.31250002826996,-12.0941454845766,-14.8180308791958));
#4882=CARTESIAN_POINT('Ctrl Pts',(2.52298886355489,-12.0982048588583,-14.828666337621));
#4883=CARTESIAN_POINT('Ctrl Pts',(2.62771860880523,-12.1001060846598,-14.8336637846604));
#4884=CARTESIAN_POINT('Ctrl Pts',(2.83831800341901,-12.1036337533096,-14.8429861175557));
#4885=CARTESIAN_POINT('Ctrl Pts',(2.94302390996537,-12.1052705973488,-14.8473286946355));
#4886=CARTESIAN_POINT('Ctrl Pts',(3.15375814906272,-12.1082757009103,-14.8553331109843));
#4887=CARTESIAN_POINT('Ctrl Pts',(3.25845747929073,-12.1096532166234,-14.8590192963011));
#4888=CARTESIAN_POINT('Ctrl Pts',(3.46937023744882,-12.1121440973363,-14.8657015941574));
#4889=CARTESIAN_POINT('Ctrl Pts',(3.5741110878148,-12.1132668609686,-14.8687299492104));
#4890=CARTESIAN_POINT('Ctrl Pts',(3.78528036871406,-12.1152513643786,-14.8740864297475));
#4891=CARTESIAN_POINT('Ctrl Pts',(3.89017634876891,-12.116123628751,-14.8764551188847));
#4892=CARTESIAN_POINT('Ctrl Pts',(4.10171772147125,-12.1176088328781,-14.8804817705856));
#4893=CARTESIAN_POINT('Ctrl Pts',(4.206964948963,-12.118232965843,-14.8821866880135));
#4894=CARTESIAN_POINT('Ctrl Pts',(4.41898548542995,-12.1192245223986,-14.8848775163366));
#4895=CARTESIAN_POINT('Ctrl Pts',(4.52480086776499,-12.1196004995683,-14.8859095783576));
#4896=CARTESIAN_POINT('Ctrl Pts',(4.7372526077406,-12.1201006205552,-14.8872556792143));
#4897=CARTESIAN_POINT('Ctrl Pts',(4.84358344358368,-12.1202257582503,-14.8876012544965));
#4898=CARTESIAN_POINT('Ctrl Pts',(5.05620404385658,-12.1202326341947,-14.8875955458827));
#4899=CARTESIAN_POINT('Ctrl Pts',(5.16253996486456,-12.120106622573,-14.8872467262184));
#4900=CARTESIAN_POINT('Ctrl Pts',(5.37499757668495,-12.1196193092595,-14.8858894199221));
#4901=CARTESIAN_POINT('Ctrl Pts',(5.4808231398816,-12.1192454788845,-14.8848531047049));
#4902=CARTESIAN_POINT('Ctrl Pts',(5.69285297275858,-12.1182656677017,-14.8821512635391));
#4903=CARTESIAN_POINT('Ctrl Pts',(5.79810844338989,-12.117646769344,-14.8804410867197));
#4904=CARTESIAN_POINT('Ctrl Pts',(6.00965903151642,-12.116173461428,-14.8764033030716));
#4905=CARTESIAN_POINT('Ctrl Pts',(6.11456011659076,-12.115308121294,-14.8740288050862));
#4906=CARTESIAN_POINT('Ctrl Pts',(6.32573758436613,-12.1133398943289,-14.8686598906728));
#4907=CARTESIAN_POINT('Ctrl Pts',(6.43048157397635,-12.1122297593103,-14.8656240695392));
#4908=CARTESIAN_POINT('Ctrl Pts',(6.64140135019039,-12.1097672270065,-14.8589258744439));
#4909=CARTESIAN_POINT('Ctrl Pts',(6.746102526249,-12.1084106583996,-14.8552298618922));
#4910=CARTESIAN_POINT('Ctrl Pts',(6.95684386861558,-12.1054514697071,-14.8472044650206));
#4911=CARTESIAN_POINT('Ctrl Pts',(7.06155271389225,-12.1038466458942,-14.8428487979266));
#4912=CARTESIAN_POINT('Ctrl Pts',(7.27216078727755,-12.1003877571148,-14.8334988184143));
#4913=CARTESIAN_POINT('Ctrl Pts',(7.37689350663432,-12.0985327679164,-14.8284842227653));
#4914=CARTESIAN_POINT('Ctrl Pts',(7.58739052347462,-12.094571066545,-14.8178129679633));
#4915=CARTESIAN_POINT('Ctrl Pts',(7.69214547347321,-12.0924641307845,-14.8121406981176));
#4916=CARTESIAN_POINT('Ctrl Pts',(7.90253981033959,-12.0879958321268,-14.8001523364614));
#4917=CARTESIAN_POINT('Ctrl Pts',(8.00730967859473,-12.0856346043031,-14.793824137962));
#4918=CARTESIAN_POINT('Ctrl Pts',(8.21760867248835,-12.0806547915107,-14.7805231509699));
#4919=CARTESIAN_POINT('Ctrl Pts',(8.32238804111494,-12.0780369939048,-14.7735406994813));
#4920=CARTESIAN_POINT('Ctrl Pts',(8.53257670985915,-12.0725435766942,-14.7589328652583));
#4921=CARTESIAN_POINT('Ctrl Pts',(8.637337670783,-12.0696673814419,-14.7513003493292));
#4922=CARTESIAN_POINT('Ctrl Pts',(8.84746142367805,-12.0636470707709,-14.735389214826));
#4923=CARTESIAN_POINT('Ctrl Pts',(8.95225769165886,-12.0605077521319,-14.727103003882));
#4924=CARTESIAN_POINT('Ctrl Pts',(9.16210073197582,-12.0539900181759,-14.7099069410248));
#4925=CARTESIAN_POINT('Ctrl Pts',(9.2666708208542,-12.0505979367301,-14.7009969179758));
#4926=CARTESIAN_POINT('Ctrl Pts',(9.47710734344371,-12.0434269482442,-14.6824665342263));
#4927=CARTESIAN_POINT('Ctrl Pts',(9.58246992487475,-12.0396883266983,-14.6728280354861));
#4928=CARTESIAN_POINT('Ctrl Pts',(9.76313447064564,-12.0333944309555,-14.6557625526766));
#4929=CARTESIAN_POINT('Ctrl Pts',(9.86632387550229,-12.0297743067406,-14.6457921176609));
#4930=CARTESIAN_POINT('Ctrl Pts',(9.9717817145366,-12.0253864320839,-14.6353224387465));
#4931=CARTESIAN_POINT('Ctrl Pts',(10.0306628284826,-12.022755475303,-14.6294480923777));
#4932=CARTESIAN_POINT('Ctrl Pts',(10.0653069243846,-12.0210435556175,-14.6259957737873));
#4933=CARTESIAN_POINT('Ctrl Pts',(10.1246917930991,-12.016063428328,-14.6201667822897));
#4934=CARTESIAN_POINT('Ctrl Pts',(10.1498727201782,-12.013717838111,-14.6177046803546));
#4935=CARTESIAN_POINT('Ctrl Pts',(10.1829173976012,-12.0101702185412,-14.6144916686934));
#4936=CARTESIAN_POINT('Ctrl Pts',(10.2029673577399,-12.0078857444261,-14.6125465099309));
#4937=CARTESIAN_POINT('Ctrl Pts',(10.2134017505206,-12.0066521254332,-14.6115358626254));
#4938=CARTESIAN_POINT('Ctrl Pts',(10.2323432250602,-12.0043201716251,-14.6097171515462));
#4939=CARTESIAN_POINT('Ctrl Pts',(10.2626425527245,-12.0002664953126,-14.6068630536156));
#4940=CARTESIAN_POINT('Ctrl Pts',(10.3043531298566,-11.9930705616137,-14.6030941735722));
#4941=CARTESIAN_POINT('Ctrl Pts',(10.3624442983195,-11.9820355028931,-14.5978918201434));
#4942=CARTESIAN_POINT('Ctrl Pts',(10.4024184638555,-11.9737242727215,-14.5943587189659));
#4943=CARTESIAN_POINT('Ctrl Pts',(10.4597348372624,-11.9600477407057,-14.5894892397246));
#4944=CARTESIAN_POINT('Ctrl Pts',(10.4995462961226,-11.9498698054621,-14.5861401826465));
#4945=CARTESIAN_POINT('Ctrl Pts',(10.5313749641336,-11.9414084935697,-14.5833614732601));
#4946=CARTESIAN_POINT('Ctrl Pts',(10.5685865996256,-11.9312816141278,-14.5801222632828));
#4947=CARTESIAN_POINT('Ctrl Pts',(10.6076517471222,-11.9199653509273,-14.5767872896559));
#4948=CARTESIAN_POINT('Ctrl Pts',(10.6379459630493,-11.9104512059549,-14.5742331513463));
#4949=CARTESIAN_POINT('Ctrl Pts',(10.6723222440145,-11.8993084896375,-14.5713671880483));
#4950=CARTESIAN_POINT('Ctrl Pts',(10.7096996296882,-11.8865613293758,-14.5683084761527));
#4951=CARTESIAN_POINT('Ctrl Pts',(10.7417980265765,-11.8746657310393,-14.5657657652831));
#4952=CARTESIAN_POINT('Ctrl Pts',(10.7965032959236,-11.8536988358734,-14.5615035652143));
#4953=CARTESIAN_POINT('Ctrl Pts',(10.8299269638811,-11.8396336971155,-14.5590031299472));
#4954=CARTESIAN_POINT('Ctrl Pts',(10.8975686802742,-11.8096779126571,-14.554060437541));
#4955=CARTESIAN_POINT('Ctrl Pts',(10.9307584949062,-11.7937558754417,-14.5517437186958));
#4956=CARTESIAN_POINT('Ctrl Pts',(10.9972705168009,-11.760120432201,-14.5472515470875));
#4957=CARTESIAN_POINT('Ctrl Pts',(11.0297036383792,-11.7424878686259,-14.5451665565129));
#4958=CARTESIAN_POINT('Ctrl Pts',(11.0942502284002,-11.7055923611344,-14.5411761146199));
#4959=CARTESIAN_POINT('Ctrl Pts',(11.1257986180419,-11.6863239221146,-14.5393361089992));
#4960=CARTESIAN_POINT('Ctrl Pts',(11.1883651880115,-11.6462110005543,-14.5358554433883));
#4961=CARTESIAN_POINT('Ctrl Pts',(11.218914079574,-11.6253749641765,-14.5342684647481));
#4962=CARTESIAN_POINT('Ctrl Pts',(11.2793002200949,-11.5821986025804,-14.5313113467166));
#4963=CARTESIAN_POINT('Ctrl Pts',(11.3087738038041,-11.5598511184247,-14.5299851178365));
#4964=CARTESIAN_POINT('Ctrl Pts',(11.3668791418588,-11.5137092395536,-14.5275617330611));
#4965=CARTESIAN_POINT('Ctrl Pts',(11.3952050611444,-11.4899112663431,-14.5265017851922));
#4966=CARTESIAN_POINT('Ctrl Pts',(11.4509005201695,-11.4409289279287,-14.5246222301935));
#4967=CARTESIAN_POINT('Ctrl Pts',(11.4780137040878,-11.41574006827,-14.5238343552206));
#4968=CARTESIAN_POINT('Ctrl Pts',(11.5311870907419,-11.3640329333372,-14.522508753006));
#4969=CARTESIAN_POINT('Ctrl Pts',(11.5570267854226,-11.3375125543597,-14.5219983565392));
#4970=CARTESIAN_POINT('Ctrl Pts',(11.6075693922076,-11.2832011268621,-14.5212354300166));
#4971=CARTESIAN_POINT('Ctrl Pts',(11.6320779809514,-11.2554116180319,-14.5210069016552));
#4972=CARTESIAN_POINT('Ctrl Pts',(11.6798190625541,-11.1986934542967,-14.5208159884821));
#4973=CARTESIAN_POINT('Ctrl Pts',(11.7028895077775,-11.1697653248335,-14.5208738208322));
#4974=CARTESIAN_POINT('Ctrl Pts',(11.747645184217,-11.1109006138473,-14.5212598905809));
#4975=CARTESIAN_POINT('Ctrl Pts',(11.769192292623,-11.080967392588,-14.5216051490163));
#4976=CARTESIAN_POINT('Ctrl Pts',(11.810854948973,-11.0201662544352,-14.5225685104354));
#4977=CARTESIAN_POINT('Ctrl Pts',(11.8308488435457,-10.9893035192761,-14.5232014404588));
#4978=CARTESIAN_POINT('Ctrl Pts',(11.8693644745438,-10.9267157088174,-14.5247419408661));
#4979=CARTESIAN_POINT('Ctrl Pts',(11.8877779316019,-10.8949978975158,-14.5256625020792));
#4980=CARTESIAN_POINT('Ctrl Pts',(11.9230962377463,-10.8307728570616,-14.5277793425291));
#4981=CARTESIAN_POINT('Ctrl Pts',(11.9399039332103,-10.7982746634473,-14.5289871213575));
#4982=CARTESIAN_POINT('Ctrl Pts',(11.9719779799224,-10.7325615384167,-14.5316790040412));
#4983=CARTESIAN_POINT('Ctrl Pts',(11.9871565446478,-10.6993566379108,-14.5331734675056));
#4984=CARTESIAN_POINT('Ctrl Pts',(12.0159431522187,-10.6323021385273,-14.5364388201198));
#4985=CARTESIAN_POINT('Ctrl Pts',(12.0294718784203,-10.5984634381812,-14.5382189810838));
#4986=CARTESIAN_POINT('Ctrl Pts',(12.0549326481468,-10.5302127097302,-14.5420553268729));
#4987=CARTESIAN_POINT('Ctrl Pts',(12.066792082483,-10.495813037517,-14.5441199008827));
#4988=CARTESIAN_POINT('Ctrl Pts',(12.0888769960093,-10.4265501581813,-14.5485222829323));
#4989=CARTESIAN_POINT('Ctrl Pts',(12.0990381782426,-10.3916980702674,-14.5508676958684));
#4990=CARTESIAN_POINT('Ctrl Pts',(12.1176850311029,-10.3217076205766,-14.555821577947));
#4991=CARTESIAN_POINT('Ctrl Pts',(12.1261217063191,-10.2865796449394,-14.5584353332365));
#4992=CARTESIAN_POINT('Ctrl Pts',(12.1413054258244,-10.2161123489982,-14.5639246297323));
#4993=CARTESIAN_POINT('Ctrl Pts',(12.1479946177805,-10.1807840901769,-14.5668081500654));
#4994=CARTESIAN_POINT('Ctrl Pts',(12.159742266755,-10.1100004866789,-14.5728173027337));
#4995=CARTESIAN_POINT('Ctrl Pts',(12.1648024919669,-10.0745490837702,-14.5759384061424));
#4996=CARTESIAN_POINT('Ctrl Pts',(12.1730714368051,-10.0035424739921,-14.5824748589508));
#4997=CARTESIAN_POINT('Ctrl Pts',(12.1760738627397,-9.96803011132103,-14.5859282390418));
#4998=CARTESIAN_POINT('Ctrl Pts',(12.1811689854644,-9.89709831531563,-14.5929003509715));
#4999=CARTESIAN_POINT('Ctrl Pts',(12.1834588500934,-9.86155902226109,-14.5963875143662));
#5000=CARTESIAN_POINT('Ctrl Pts',(12.1875559386846,-9.79042091474477,-14.6033370924128));
#5001=CARTESIAN_POINT('Ctrl Pts',(12.1896254490793,-9.75532662862224,-14.6066831372084));
#5002=CARTESIAN_POINT('Ctrl Pts',(12.2052487763543,-9.33916637358837,-14.6482844286544));
#5003=CARTESIAN_POINT('Ctrl Pts',(12.2243313337493,-8.57739202252996,-14.7249803107051));
#5004=CARTESIAN_POINT('Ctrl Pts',(12.2415263089731,-7.81340182897123,-14.7998480245349));
#5005=CARTESIAN_POINT('Ctrl Pts',(12.2675671143026,-6.67217112839377,-14.9098682746482));
#5006=CARTESIAN_POINT('Ctrl Pts',(12.2874809808777,-5.90763739036869,-14.9807318672175));
#5007=CARTESIAN_POINT('Ctrl Pts',(12.3194440144525,-4.379476581665,-15.1168400438956));
#5008=CARTESIAN_POINT('Ctrl Pts',(12.3328808050306,-3.61622734681566,-15.1820573901179));
#5009=CARTESIAN_POINT('Ctrl Pts',(12.3630370524911,-2.08388975537931,-15.3027132553206));
#5010=CARTESIAN_POINT('Ctrl Pts',(12.3784311345418,-1.31528533472292,-15.3582587898259));
#5011=CARTESIAN_POINT('Ctrl Pts',(12.3799527265434,-0.503977853668817,-15.4134879709633));
#5012=CARTESIAN_POINT('Ctrl Pts',(12.3798233126367,-0.46717595793747,-15.4160264697236));
#5013=CARTESIAN_POINT('Ctrl Pts',(12.378187520424,-0.394167814918136,-15.4213933151018));
#5014=CARTESIAN_POINT('Ctrl Pts',(12.3767594641461,-0.357775239552293,-15.424219374038));
#5015=CARTESIAN_POINT('Ctrl Pts',(12.3730370783488,-0.28491245021165,-15.4300868515141));
#5016=CARTESIAN_POINT('Ctrl Pts',(12.3707063036565,-0.24851489946823,-15.4331318746278));
#5017=CARTESIAN_POINT('Ctrl Pts',(12.3650805229971,-0.175833044345793,-15.4394521578728));
#5018=CARTESIAN_POINT('Ctrl Pts',(12.3617754523695,-0.13954272289703,-15.4427304261547));
#5019=CARTESIAN_POINT('Ctrl Pts',(12.3542512640869,-0.0670231999891417,
-15.4495072287944));
#5020=CARTESIAN_POINT('Ctrl Pts',(12.3500202123869,-0.0308058313264393,
-15.4530079081386));
#5021=CARTESIAN_POINT('Ctrl Pts',(12.3406558978049,0.0415662599391854,-15.4602222428046));
#5022=CARTESIAN_POINT('Ctrl Pts',(12.3355123891482,0.0777153595244144,-15.4639380121995));
#5023=CARTESIAN_POINT('Ctrl Pts',(12.3243395732835,0.149969040659513,-15.4715707038798));
#5024=CARTESIAN_POINT('Ctrl Pts',(12.3183017230058,0.186068686046034,-15.4754892976974));
#5025=CARTESIAN_POINT('Ctrl Pts',(12.305354312706,0.258232319865277,-15.4835102443264));
#5026=CARTESIAN_POINT('Ctrl Pts',(12.2984377158088,0.294293111143611,-15.4876139284903));
#5027=CARTESIAN_POINT('Ctrl Pts',(12.2837440967402,0.366395580731418,-15.4959819772893));
#5028=CARTESIAN_POINT('Ctrl Pts',(12.275961466352,0.402435583247431,-15.5002473424506));
#5029=CARTESIAN_POINT('Ctrl Pts',(12.2595427317287,0.47452884635564,-15.5089091496231));
#5030=CARTESIAN_POINT('Ctrl Pts',(12.2509023703051,0.510581990532384,-15.5133062866901));
#5031=CARTESIAN_POINT('Ctrl Pts',(12.2327699702353,0.58274653543524,-15.5221930917847));
#5032=CARTESIAN_POINT('Ctrl Pts',(12.2232761246527,0.618860116119823,-15.5266827880585));
#5033=CARTESIAN_POINT('Ctrl Pts',(12.2034282603101,0.691203874897984,-15.5357056043826));
#5034=CARTESIAN_POINT('Ctrl Pts',(12.1930871276573,0.727445016901078,-15.5402336761407));
#5035=CARTESIAN_POINT('Ctrl Pts',(12.1714939134822,0.800098197859076,-15.5492806851903));
#5036=CARTESIAN_POINT('Ctrl Pts',(12.1598887216181,0.836326559017341,-15.553916170069));
#5037=CARTESIAN_POINT('Ctrl Pts',(12.1344460274801,0.908118652748178,-15.5636494322566));
#5038=CARTESIAN_POINT('Ctrl Pts',(12.1207721008509,0.943778884766177,-15.5686906962587));
#5039=CARTESIAN_POINT('Ctrl Pts',(12.0915564341484,1.01455387073384,-15.5791164779912));
#5040=CARTESIAN_POINT('Ctrl Pts',(12.0759954253449,1.04966114459925,-15.5845098067467));
#5041=CARTESIAN_POINT('Ctrl Pts',(12.0429791002191,1.11921124193101,-15.5956597683261));
#5042=CARTESIAN_POINT('Ctrl Pts',(12.0255294005819,1.15366875430139,-15.6014151962735));
#5043=CARTESIAN_POINT('Ctrl Pts',(11.9887648633301,1.22177526073838,-15.6132830234062));
#5044=CARTESIAN_POINT('Ctrl Pts',(11.9694581128812,1.2554385930467,-15.6193947260359));
#5045=CARTESIAN_POINT('Ctrl Pts',(11.9289932449867,1.32183333846156,-15.6319732149372));
#5046=CARTESIAN_POINT('Ctrl Pts',(11.9078468553338,1.35458431159257,-15.6384386506513));
#5047=CARTESIAN_POINT('Ctrl Pts',(11.863705535051,1.41904104556201,-15.6517246926485));
#5048=CARTESIAN_POINT('Ctrl Pts',(11.8407245077131,1.45077234955554,-15.6585437125945));
#5049=CARTESIAN_POINT('Ctrl Pts',(11.7929144923936,1.51307152647126,-15.6725357949005));
#5050=CARTESIAN_POINT('Ctrl Pts',(11.7681014766899,1.5436709958087,-15.6797071354639));
#5051=CARTESIAN_POINT('Ctrl Pts',(11.7166261865384,1.60357981570018,-15.6944020995605));
#5052=CARTESIAN_POINT('Ctrl Pts',(11.6899813287528,1.63292853064428,-15.7019240493533));
#5053=CARTESIAN_POINT('Ctrl Pts',(11.6348415950727,1.69020003103548,-15.7173170074457));
#5054=CARTESIAN_POINT('Ctrl Pts',(11.6063672207952,1.71816877208169,-15.7251860052353));
#5055=CARTESIAN_POINT('Ctrl Pts',(11.5475756256307,1.77253005088823,-15.7412676210052));
#5056=CARTESIAN_POINT('Ctrl Pts',(11.5172749068185,1.7989836275077,-15.7494797805972));
#5057=CARTESIAN_POINT('Ctrl Pts',(11.4549263341228,1.85008599451389,-15.7662160645347));
#5058=CARTESIAN_POINT('Ctrl Pts',(11.4229005943345,1.8748118318154,-15.7747392528731));
#5059=CARTESIAN_POINT('Ctrl Pts',(11.3572379903138,1.92222462174709,-15.7920559743816));
#5060=CARTESIAN_POINT('Ctrl Pts',(11.3236320359252,1.94500604540476,-15.8008472449466));
#5061=CARTESIAN_POINT('Ctrl Pts',(11.2548717633774,1.98837629875752,-15.8186795673068));
#5062=CARTESIAN_POINT('Ctrl Pts',(11.2197460593556,2.00907764005555,-15.8277191671038));
#5063=CARTESIAN_POINT('Ctrl Pts',(11.1480275217663,2.04812530317028,-15.8460231381007));
#5064=CARTESIAN_POINT('Ctrl Pts',(11.1114417299661,2.06661639789367,-15.8552910713879));
#5065=CARTESIAN_POINT('Ctrl Pts',(11.0368644878011,2.10108078358783,-15.8740287410678));
#5066=CARTESIAN_POINT('Ctrl Pts',(10.9989214220611,2.11719485715425,-15.8834935031777));
#5067=CARTESIAN_POINT('Ctrl Pts',(10.9218331253248,2.14671970075585,-15.9025742223533));
#5068=CARTESIAN_POINT('Ctrl Pts',(10.8825431683633,2.16038025495618,-15.912229123652));
#5069=CARTESIAN_POINT('Ctrl Pts',(10.8025960497919,2.1848017652478,-15.9317159194947));
#5070=CARTESIAN_POINT('Ctrl Pts',(10.7623605972643,2.19564226262863,-15.9414584241785));
#5071=CARTESIAN_POINT('Ctrl Pts',(10.6818811137997,2.21437944620257,-15.9607811885834));
#5072=CARTESIAN_POINT('Ctrl Pts',(10.6400987637037,2.22259873148099,-15.970840639489));
#5073=CARTESIAN_POINT('Ctrl Pts',(10.5541426743775,2.23557639307825,-15.9911850685941));
#5074=CARTESIAN_POINT('Ctrl Pts',(10.5141163815322,2.24054724422172,-16.0003653736344));
#5075=CARTESIAN_POINT('Ctrl Pts',(10.363789045678,2.25791036518135,-16.0344803515674));
#5076=CARTESIAN_POINT('Ctrl Pts',(10.2489797750209,2.26765200545955,-16.059882662306));
#5077=CARTESIAN_POINT('Ctrl Pts',(10.025831183722,2.28485667638142,-16.1089711166997));
#5078=CARTESIAN_POINT('Ctrl Pts',(9.9144075249603,2.29332853730948,-16.1330448104336));
#5079=CARTESIAN_POINT('Ctrl Pts',(9.68900738292001,2.309597128044,-16.1801633666047));
#5080=CARTESIAN_POINT('Ctrl Pts',(9.57615578440599,2.31743535754677,-16.2030204721579));
#5081=CARTESIAN_POINT('Ctrl Pts',(9.35008107038843,2.33265587816338,-16.2472067367307));
#5082=CARTESIAN_POINT('Ctrl Pts',(9.23699780890612,2.34002653459631,-16.2686132484559));
#5083=CARTESIAN_POINT('Ctrl Pts',(9.00989612456747,2.35431931129778,-16.3098955906243));
#5084=CARTESIAN_POINT('Ctrl Pts',(8.8963197342221,2.36125127957022,-16.3297969229568));
#5085=CARTESIAN_POINT('Ctrl Pts',(8.66829080773643,2.37480331205781,-16.3679291948959));
#5086=CARTESIAN_POINT('Ctrl Pts',(8.55430882363575,2.38145023319339,-16.3861960957797));
#5087=CARTESIAN_POINT('Ctrl Pts',(8.32535591753157,2.39487471332826,-16.4208030325093));
#5088=CARTESIAN_POINT('Ctrl Pts',(8.21098529233277,2.40124576699582,-16.4373659349439));
#5089=CARTESIAN_POINT('Ctrl Pts',(7.98118704405756,2.41329451216921,-16.4688518095286));
#5090=CARTESIAN_POINT('Ctrl Pts',(7.86648423406483,2.4189766124162,-16.4838344831049));
#5091=CARTESIAN_POINT('Ctrl Pts',(7.63589722416415,2.4296214148389,-16.512115171262));
#5092=CARTESIAN_POINT('Ctrl Pts',(7.52091438597366,2.43460066359977,-16.5254787500046));
#5093=CARTESIAN_POINT('Ctrl Pts',(7.28959610443532,2.44380356224637,-16.5504837273798));
#5094=CARTESIAN_POINT('Ctrl Pts',(7.17439415522733,2.44807022147884,-16.5621927681984));
#5095=CARTESIAN_POINT('Ctrl Pts',(6.94239874505011,2.45581385827993,-16.5838526595787));
#5096=CARTESIAN_POINT('Ctrl Pts',(6.8270425333189,2.4593610767449,-16.593876982436));
#5097=CARTESIAN_POINT('Ctrl Pts',(6.59439690252693,2.46565094180484,-16.6121236747687));
#5098=CARTESIAN_POINT('Ctrl Pts',(6.47893740362099,2.46848240387008,-16.6204354796882));
#5099=CARTESIAN_POINT('Ctrl Pts',(6.245586801053,2.47334934504435,-16.6352021133197));
#5100=CARTESIAN_POINT('Ctrl Pts',(6.12999720031597,2.47548642708772,-16.6417744203997));
#5101=CARTESIAN_POINT('Ctrl Pts',(5.8956942384843,2.47899170786923,-16.6529910266726));
#5102=CARTESIAN_POINT('Ctrl Pts',(5.77973174719549,2.48047322531401,-16.6577925693112));
#5103=CARTESIAN_POINT('Ctrl Pts',(5.54379655128315,2.48271017753097,-16.6653780235882));
#5104=CARTESIAN_POINT('Ctrl Pts',(5.42666874971709,2.48359404020214,-16.668355083177));
#5105=CARTESIAN_POINT('Ctrl Pts',(5.18851342508839,2.48466400747161,-16.6721845939972));
#5106=CARTESIAN_POINT('Ctrl Pts',(5.06959490089561,2.48497688144845,-16.6731989614209));
#5107=CARTESIAN_POINT('Ctrl Pts',(4.83059138465845,2.48500725044117,-16.6731747403491));
#5108=CARTESIAN_POINT('Ctrl Pts',(4.71168708473205,2.48475723439907,-16.6721192925612));
#5109=CARTESIAN_POINT('Ctrl Pts',(4.47354959258077,2.48374708090823,-16.6682416788039));
#5110=CARTESIAN_POINT('Ctrl Pts',(4.35643939549421,2.48290575082163,-16.6652347084056));
#5111=CARTESIAN_POINT('Ctrl Pts',(4.12052401031843,2.48072146036673,-16.6576051532381));
#5112=CARTESIAN_POINT('Ctrl Pts',(4.00456664690122,2.479268686997,-16.6527806624286));
#5113=CARTESIAN_POINT('Ctrl Pts',(3.77027265144582,2.47580281549021,-16.6415268235844));
#5114=CARTESIAN_POINT('Ctrl Pts',(3.65468210274024,2.47374319700258,-16.6349093840469));
#5115=CARTESIAN_POINT('Ctrl Pts',(3.42133452489502,2.4691008041591,-16.6200206883214));
#5116=CARTESIAN_POINT('Ctrl Pts',(3.30587464926025,2.4664563530711,-16.6116138132473));
#5117=CARTESIAN_POINT('Ctrl Pts',(3.07323656353744,2.46061236179741,-16.5931462088266));
#5118=CARTESIAN_POINT('Ctrl Pts',(2.9578816438114,2.4573688822523,-16.582975711381));
#5119=CARTESIAN_POINT('Ctrl Pts',(2.72589669892512,2.45030152996504,-16.560995823885));
#5120=CARTESIAN_POINT('Ctrl Pts',(2.61069965106861,2.44644681421122,-16.5490954599405));
#5121=CARTESIAN_POINT('Ctrl Pts',(2.37939989195724,2.43814005057958,-16.5236817191743));
#5122=CARTESIAN_POINT('Ctrl Pts',(2.26442368150095,2.43366502944977,-16.5100918402186));
#5123=CARTESIAN_POINT('Ctrl Pts',(2.03385701337153,2.42410592037455,-16.481332212865));
#5124=CARTESIAN_POINT('Ctrl Pts',(1.91916264339064,2.419003911109,-16.466097727023));
#5125=CARTESIAN_POINT('Ctrl Pts',(1.68938824321818,2.40818415483899,-16.4340882991506));
#5126=CARTESIAN_POINT('Ctrl Pts',(1.57502629951616,2.40245095316282,-16.4172583039318));
#5127=CARTESIAN_POINT('Ctrl Pts',(1.34609630725813,2.39036635278848,-16.3821015317523));
#5128=CARTESIAN_POINT('Ctrl Pts',(1.23211229575907,2.38400225799358,-16.3637276922987));
#5129=CARTESIAN_POINT('Ctrl Pts',(1.00407443678496,2.37065331097944,-16.3255335050151));
#5130=CARTESIAN_POINT('Ctrl Pts',(0.890485645226759,2.36365021644031,-16.3056734897292));
#5131=CARTESIAN_POINT('Ctrl Pts',(0.663358110183848,2.34903208974638,-16.2645477640043));
#5132=CARTESIAN_POINT('Ctrl Pts',(0.550257675993425,2.34142487103475,-16.2432484319169));
#5133=CARTESIAN_POINT('Ctrl Pts',(0.324150272298539,2.32558001502407,-16.1993375998741));
#5134=CARTESIAN_POINT('Ctrl Pts',(0.211270361698878,2.31724592842359,-16.1766902000851));
#5135=CARTESIAN_POINT('Ctrl Pts',(-0.0141844504586453,2.29995009276481,
-16.1299979881586));
#5136=CARTESIAN_POINT('Ctrl Pts',(-0.125626191552384,2.29134561689884,-16.1059754748092));
#5137=CARTESIAN_POINT('Ctrl Pts',(-0.291521534460359,2.27820184080917,-16.0696451969712));
#5138=CARTESIAN_POINT('Ctrl Pts',(-0.406219571692226,2.2687058885059,-16.0444287556829));
#5139=CARTESIAN_POINT('Ctrl Pts',(-0.519348721748265,2.25801872782285,-16.0188684245955));
#5140=CARTESIAN_POINT('Ctrl Pts',(-0.614225704372077,2.24677356989078,-15.9974744784234));
#5141=CARTESIAN_POINT('Ctrl Pts',(-0.654449628933048,2.24127024302815,-15.9884611733142));
#5142=CARTESIAN_POINT('Ctrl Pts',(-0.74057826753287,2.22760583213553,-15.9683417030825));
#5143=CARTESIAN_POINT('Ctrl Pts',(-0.782331643146518,2.21965538025808,-15.9581933420031));
#5144=CARTESIAN_POINT('Ctrl Pts',(-0.862599046739916,2.20112370648091,-15.9388883520038));
#5145=CARTESIAN_POINT('Ctrl Pts',(-0.902666687642036,2.19028511883579,-15.9292232721177));
#5146=CARTESIAN_POINT('Ctrl Pts',(-0.982448031696476,2.16596912439192,-15.909807993356));
#5147=CARTESIAN_POINT('Ctrl Pts',(-1.0217248677259,2.1523786411192,-15.9001625870659));
#5148=CARTESIAN_POINT('Ctrl Pts',(-1.09892164489162,2.1229516580316,-15.8810733648644));
#5149=CARTESIAN_POINT('Ctrl Pts',(-1.13698597712898,2.10686929483811,-15.8715859737339));
#5150=CARTESIAN_POINT('Ctrl Pts',(-1.21195062406759,2.07244070029814,-15.8527557999426));
#5151=CARTESIAN_POINT('Ctrl Pts',(-1.24879429853154,2.05394706626054,-15.8434196421297));
#5152=CARTESIAN_POINT('Ctrl Pts',(-1.32112472173386,2.01486430491391,-15.8249443858834));
#5153=CARTESIAN_POINT('Ctrl Pts',(-1.35659934812791,1.99412650857972,-15.8158021657301));
#5154=CARTESIAN_POINT('Ctrl Pts',(-1.42593562094538,1.95078239322888,-15.7977844064693));
#5155=CARTESIAN_POINT('Ctrl Pts',(-1.45978584261982,1.92806172041393,-15.788906842454));
#5156=CARTESIAN_POINT('Ctrl Pts',(-1.52582217781211,1.88090717731817,-15.7714359370967));
#5157=CARTESIAN_POINT('Ctrl Pts',(-1.55798976657585,1.85638148131223,-15.7628431460751));
#5158=CARTESIAN_POINT('Ctrl Pts',(-1.62064714880207,1.8057523596179,-15.7459506417733));
#5159=CARTESIAN_POINT('Ctrl Pts',(-1.65111743693587,1.77957212454262,-15.7376520830001));
#5160=CARTESIAN_POINT('Ctrl Pts',(-1.71037500897025,1.72576057335827,-15.7213543731107));
#5161=CARTESIAN_POINT('Ctrl Pts',(-1.73914181159335,1.69806637262088,-15.7133569793735));
#5162=CARTESIAN_POINT('Ctrl Pts',(-1.79499030880212,1.64134711119765,-15.6976671402138));
#5163=CARTESIAN_POINT('Ctrl Pts',(-1.822052123112,1.61227005882892,-15.6899767611458));
#5164=CARTESIAN_POINT('Ctrl Pts',(-1.87449191364565,1.55289801162043,-15.6749053049512));
#5165=CARTESIAN_POINT('Ctrl Pts',(-1.89985314012596,1.52256006263453,-15.6675255354561));
#5166=CARTESIAN_POINT('Ctrl Pts',(-1.94889210050038,1.4607775124381,-15.653078849183));
#5167=CARTESIAN_POINT('Ctrl Pts',(-1.97255165555458,1.42930117343059,-15.6460143546823));
#5168=CARTESIAN_POINT('Ctrl Pts',(-2.01813562037227,1.36542290015158,-15.6322187176026));
#5169=CARTESIAN_POINT('Ctrl Pts',(-2.04005325512823,1.33299164051902,-15.6254873796471));
#5170=CARTESIAN_POINT('Ctrl Pts',(-2.08216732742064,1.26731399605234,-15.61235780518));
#5171=CARTESIAN_POINT('Ctrl Pts',(-2.10235710692842,1.23404880135134,-15.6059598148021));
#5172=CARTESIAN_POINT('Ctrl Pts',(-2.14104196969248,1.16679332804443,-15.59349305938));
#5173=CARTESIAN_POINT('Ctrl Pts',(-2.15953181243233,1.13278845236392,-15.5874245367855));
#5174=CARTESIAN_POINT('Ctrl Pts',(-2.1948420845586,1.06413971138377,-15.5756129165326));
#5175=CARTESIAN_POINT('Ctrl Pts',(-2.21166060402711,1.02948319022238,-15.5698692974582));
#5176=CARTESIAN_POINT('Ctrl Pts',(-2.24365221135076,0.959609876453353,-15.5587033538549));
#5177=CARTESIAN_POINT('Ctrl Pts',(-2.25882400814064,0.924385144697192,-15.5532807745602));
#5178=CARTESIAN_POINT('Ctrl Pts',(-2.28754206843763,0.853454603952717,-15.5427541362976));
#5179=CARTESIAN_POINT('Ctrl Pts',(-2.30109034163422,0.817740706115018,-15.537649035858));
#5180=CARTESIAN_POINT('Ctrl Pts',(-2.32658461375167,0.745905655501771,-15.527752037967));
#5181=CARTESIAN_POINT('Ctrl Pts',(-2.33853398460352,0.709779904974429,-15.5229591264054));
#5182=CARTESIAN_POINT('Ctrl Pts',(-2.36084146773679,0.637192303606161,-15.513685716697));
#5183=CARTESIAN_POINT('Ctrl Pts',(-2.37120274077455,0.600726922679502,-15.5092046428988));
#5184=CARTESIAN_POINT('Ctrl Pts',(-2.39035989975399,0.527554694156761,-15.5005482062565));
#5185=CARTESIAN_POINT('Ctrl Pts',(-2.39917336509594,0.490849390538156,-15.4963678301053));
#5186=CARTESIAN_POINT('Ctrl Pts',(-2.41524389748838,0.417256572608487,-15.4883126174507));
#5187=CARTESIAN_POINT('Ctrl Pts',(-2.42248926325609,0.380360868306636,-15.484442995515));
#5188=CARTESIAN_POINT('Ctrl Pts',(-2.4353766079889,0.306425843146178,-15.4770230926843));
#5189=CARTESIAN_POINT('Ctrl Pts',(-2.44106470323482,0.269403273772458,-15.4734580816524));
#5190=CARTESIAN_POINT('Ctrl Pts',(-2.45125183692009,0.195383673140918,-15.466525104363));
#5191=CARTESIAN_POINT('Ctrl Pts',(-2.45576994190099,0.158387766942605,-15.4631541920139));
#5192=CARTESIAN_POINT('Ctrl Pts',(-2.46366242405381,0.0844332529137373,
-15.4566156616166));
#5193=CARTESIAN_POINT('Ctrl Pts',(-2.46704537012215,0.0474754900129616,
-15.4534471332534));
#5194=CARTESIAN_POINT('Ctrl Pts',(-2.47264978906732,-0.026400602588785,
-15.4473322564638));
#5195=CARTESIAN_POINT('Ctrl Pts',(-2.47489349532253,-0.0633113754338242,
-15.4443810457836));
#5196=CARTESIAN_POINT('Ctrl Pts',(-2.47833713151976,-0.137061135411032,
-15.4386828485199));
#5197=CARTESIAN_POINT('Ctrl Pts',(-2.47950352805413,-0.17390565175914,-15.4359461207885));
#5198=CARTESIAN_POINT('Ctrl Pts',(-2.48041824051334,-0.247562799424826,
-15.4307761849699));
#5199=CARTESIAN_POINT('Ctrl Pts',(-2.48030812554496,-0.284346542534419,
-15.4283067387357));
#5200=CARTESIAN_POINT('Ctrl Pts',(-2.48018122632511,-0.357731293802908,
-15.4233298976262));
#5201=CARTESIAN_POINT('Ctrl Pts',(-2.48008563523095,-0.394290294180875,
-15.4208473379538));
#5202=CARTESIAN_POINT('Ctrl Pts',(-2.47984588217896,-0.467470783746766,
-15.4159043901807));
#5203=CARTESIAN_POINT('Ctrl Pts',(-2.47970658183097,-0.504298213967933,
-15.4134272932924));
#5204=CARTESIAN_POINT('Ctrl Pts',(-2.47580130654624,-1.3156276140785,-15.3587803915583));
#5205=CARTESIAN_POINT('Ctrl Pts',(-2.4604870609131,-2.08417314418657,-15.3032714225447));
#5206=CARTESIAN_POINT('Ctrl Pts',(-2.43239356241057,-3.61647979794102,-15.1822083321218));
#5207=CARTESIAN_POINT('Ctrl Pts',(-2.41957516216106,-4.37968612518459,-15.1168775394474));
#5208=CARTESIAN_POINT('Ctrl Pts',(-2.38758591718259,-5.90778612721109,-14.9808320736315));
#5209=CARTESIAN_POINT('Ctrl Pts',(-2.36807439137268,-6.6722886244545,-14.9099086450554));
#5210=CARTESIAN_POINT('Ctrl Pts',(-2.33944403520158,-8.00526347424282,-14.7810130057287));
#5211=CARTESIAN_POINT('Ctrl Pts',(-2.32671037923517,-8.67228289599354,-14.7146906285242));
#5212=CARTESIAN_POINT('Ctrl Pts',(-2.30440052499106,-9.38697715554378,-14.6433641044625));
#5213=CARTESIAN_POINT('Ctrl Pts',(-2.2976882116558,-9.57762114862832,-14.6243529839207));
#5214=CARTESIAN_POINT('Ctrl Pts',(-2.29442592444426,-9.67297326709091,-14.6147796428934));
#5215=CARTESIAN_POINT('Ctrl Pts',(-2.29024541836048,-9.75530733528963,-14.6067965471305));
#5216=CARTESIAN_POINT('Ctrl Pts',(-2.28773211751118,-9.79040873769492,-14.6035513838547));
#5217=CARTESIAN_POINT('Ctrl Pts',(-2.28140352992244,-9.86140173950958,-14.5971172147048));
#5218=CARTESIAN_POINT('Ctrl Pts',(-2.27769629342996,-9.89678864635659,-14.593963925857));
#5219=CARTESIAN_POINT('Ctrl Pts',(-2.26921968826095,-9.96724226613745,-14.5878185053198));
#5220=CARTESIAN_POINT('Ctrl Pts',(-2.26443717578641,-10.0024202971684,-14.5848187043317));
#5221=CARTESIAN_POINT('Ctrl Pts',(-2.25379665239107,-10.072777181001,-14.5789319663902));
#5222=CARTESIAN_POINT('Ctrl Pts',(-2.24797139705568,-10.1079131290298,-14.5760455911168));
#5223=CARTESIAN_POINT('Ctrl Pts',(-2.23537578362072,-10.1781639721457,-14.5703489251407));
#5224=CARTESIAN_POINT('Ctrl Pts',(-2.22862312046006,-10.2132717220761,-14.5675392379998));
#5225=CARTESIAN_POINT('Ctrl Pts',(-2.21434301781,-10.2835896053025,-14.5619184446278));
#5226=CARTESIAN_POINT('Ctrl Pts',(-2.2068432856418,-10.318778793498,-14.5591087085847));
#5227=CARTESIAN_POINT('Ctrl Pts',(-2.19626160389148,-10.3672666625575,-14.555148380818));
#5228=CARTESIAN_POINT('Ctrl Pts',(-2.19350437111262,-10.3800295622508,-14.5540852167385));
#5229=CARTESIAN_POINT('Ctrl Pts',(-2.19067856271952,-10.3928718452744,-14.5530120280365));
#5230=CARTESIAN_POINT('Ctrl Pts',(-2.19066833036597,-10.3928685135896,-14.553015011659));
#5231=CARTESIAN_POINT('Ctrl Pts',(-2.18961497067084,-10.3976881630535,-14.5526106862745));
#5232=CARTESIAN_POINT('Ctrl Pts',(-2.18853372042175,-10.4025869681387,-14.5521996761763));
#5233=CARTESIAN_POINT('Ctrl Pts',(-2.18741757787372,-10.407570834664,-14.5517831547878));
#5234=CARTESIAN_POINT('Origin',(4.95000010728836,-4.96389956365932,-18.));
#5235=CARTESIAN_POINT('',(-2.02565574669592,-10.7399309071429,-18.));
#5236=CARTESIAN_POINT('Ctrl Pts',(11.9252132596748,0.799612281103056,-18.));
#5237=CARTESIAN_POINT('Ctrl Pts',(11.9327254836352,0.657041149237146,-18.));
#5238=CARTESIAN_POINT('Ctrl Pts',(11.9311829302119,0.50319882010212,-18.));
#5239=CARTESIAN_POINT('Ctrl Pts',(11.9386513289931,0.101727581918818,-18.));
#5240=CARTESIAN_POINT('Ctrl Pts',(11.9433066891593,-0.0159481083980934,
-18.));
#5241=CARTESIAN_POINT('Ctrl Pts',(11.9500298694664,-0.383459415816513,-18.));
#5242=CARTESIAN_POINT('Ctrl Pts',(11.9514186235579,-0.49521443114759,-18.));
#5243=CARTESIAN_POINT('Ctrl Pts',(11.9558301771393,-0.806097825913957,-18.));
#5244=CARTESIAN_POINT('Ctrl Pts',(11.9573432498987,-0.877021623645136,-18.));
#5245=CARTESIAN_POINT('Ctrl Pts',(11.9656946969313,-1.33835483805123,-18.));
#5246=CARTESIAN_POINT('Ctrl Pts',(11.9681940163873,-1.49475627824383,-18.0000000000115));
#5247=CARTESIAN_POINT('Ctrl Pts',(11.9782499123214,-2.30940906304504,-18.0000000000115));
#5248=CARTESIAN_POINT('Ctrl Pts',(11.9876052273708,-3.09894623803633,-17.9999999999999));
#5249=CARTESIAN_POINT('Ctrl Pts',(11.9987929601568,-6.80002920083001,-17.9999999999999));
#5250=CARTESIAN_POINT('Ctrl Pts',(11.96100655608,-8.95890961453942,-18.));
#5251=CARTESIAN_POINT('Ctrl Pts',(11.9475682680382,-9.84263706189838,-18.));
#5252=CARTESIAN_POINT('Ctrl Pts',(11.9407622905925,-9.96106354895838,-17.9999999999992));
#5253=CARTESIAN_POINT('Ctrl Pts',(11.9331996433229,-10.3728376166093,-17.9999999999992));
#5254=CARTESIAN_POINT('Ctrl Pts',(11.9397929474965,-10.5239459248839,-18.));
#5255=CARTESIAN_POINT('Ctrl Pts',(11.9276037330228,-10.8264306952724,-18.));
#5256=CARTESIAN_POINT('Ctrl Pts',(11.914781646492,-10.9816568850796,-17.9999999998732));
#5257=CARTESIAN_POINT('Ctrl Pts',(11.7974699437623,-11.3067083996021,-17.9999999998732));
#5258=CARTESIAN_POINT('Ctrl Pts',(11.716957122853,-11.4383438402679,-18.));
#5259=CARTESIAN_POINT('Ctrl Pts',(11.5413585070786,-11.6296008858452,-18.));
#5260=CARTESIAN_POINT('Ctrl Pts',(11.4337861950675,-11.7245459567672,-17.9999999999782));
#5261=CARTESIAN_POINT('Ctrl Pts',(11.0814546178177,-11.8855795929146,-17.9999999999782));
#5262=CARTESIAN_POINT('Ctrl Pts',(10.8773717100048,-11.9148985143331,-18.));
#5263=CARTESIAN_POINT('Ctrl Pts',(10.5287761804937,-11.9272251241126,-18.));
#5264=CARTESIAN_POINT('Ctrl Pts',(10.3822817933985,-11.9207576221197,-18.));
#5265=CARTESIAN_POINT('Ctrl Pts',(10.0225502249573,-11.927632295458,-18.));
#5266=CARTESIAN_POINT('Ctrl Pts',(9.95595161351256,-11.9298746530931,-17.9999999999922));
#5267=CARTESIAN_POINT('Ctrl Pts',(9.49303606960496,-11.9430860937569,-17.9999999999922));
#5268=CARTESIAN_POINT('Ctrl Pts',(9.13392166989748,-11.9465979369423,-18.0000000000001));
#5269=CARTESIAN_POINT('Ctrl Pts',(8.58581521737769,-11.9566733061253,-18.0000000000001));
#5270=CARTESIAN_POINT('Ctrl Pts',(8.22886056873479,-11.963408851211,-18.));
#5271=CARTESIAN_POINT('Ctrl Pts',(6.93969498899442,-11.9816459276846,-18.));
#5272=CARTESIAN_POINT('Ctrl Pts',(5.50180332207545,-11.9851070498664,-18.));
#5273=CARTESIAN_POINT('Ctrl Pts',(2.47517637833947,-11.9807351649758,-18.));
#5274=CARTESIAN_POINT('Ctrl Pts',(0.507618685081249,-11.9441158669641,-18.));
#5275=CARTESIAN_POINT('Ctrl Pts',(-0.0923263047429979,-11.931340578188,
-18.));
#5276=CARTESIAN_POINT('Ctrl Pts',(-0.177499084465792,-11.923058406881,-18.));
#5277=CARTESIAN_POINT('Ctrl Pts',(-0.603191880845604,-11.9216429733773,
-18.));
#5278=CARTESIAN_POINT('Ctrl Pts',(-0.742257823219428,-11.9253659022454,
-18.));
#5279=CARTESIAN_POINT('Ctrl Pts',(-1.02462731195286,-11.9080558218768,-18.));
#5280=CARTESIAN_POINT('Ctrl Pts',(-1.19306424739721,-11.8889373188422,-18.0000000000552));
#5281=CARTESIAN_POINT('Ctrl Pts',(-1.50650942786532,-11.73363944651,-18.0000000000552));
#5282=CARTESIAN_POINT('Ctrl Pts',(-1.62539181381304,-11.6495962751104,-18.));
#5283=CARTESIAN_POINT('Ctrl Pts',(-1.83132452613911,-11.4216424405234,-18.));
#5284=CARTESIAN_POINT('Ctrl Pts',(-1.89732312047227,-11.297863616746,-17.9999999996723));
#5285=CARTESIAN_POINT('Ctrl Pts',(-2.04262771329236,-10.9127695553015,-17.9999999996723));
#5286=CARTESIAN_POINT('Ctrl Pts',(-2.03256316677501,-10.6019503201499,-18.0000000025759));
#5287=CARTESIAN_POINT('Ctrl Pts',(-2.03993851963348,-10.051033489313,-18.0000000025759));
#5288=CARTESIAN_POINT('Ctrl Pts',(-2.04263791153797,-9.93343448431994,-18.));
#5289=CARTESIAN_POINT('Ctrl Pts',(-2.05721389868677,-9.30115110448694,-18.));
#5290=CARTESIAN_POINT('Ctrl Pts',(-2.0677422684381,-8.50297046007824,-17.9999999975982));
#5291=CARTESIAN_POINT('Ctrl Pts',(-2.09959357432061,-6.18924341579636,-17.9999999975982));
#5292=CARTESIAN_POINT('Ctrl Pts',(-2.10193058256911,-3.81183367638613,-18.));
#5293=CARTESIAN_POINT('Ctrl Pts',(-2.06107159090191,-1.04904177078194,-18.));
#5294=CARTESIAN_POINT('Ctrl Pts',(-2.0581836735982,-0.904054917163409,-18.));
#5295=CARTESIAN_POINT('Ctrl Pts',(-2.05120080268267,-0.525664668480152,
-18.));
#5296=CARTESIAN_POINT('Ctrl Pts',(-2.05026439774154,-0.410174114097739,
-17.9999999959154));
#5297=CARTESIAN_POINT('Ctrl Pts',(-2.04365050997795,0.00287950056321373,
-17.9999999959154));
#5298=CARTESIAN_POINT('Ctrl Pts',(-2.04095105322,0.00472592326753285,-17.9999999999995));
#5299=CARTESIAN_POINT('Ctrl Pts',(-2.03106225735785,0.563645263879846,-17.9999999999995));
#5300=CARTESIAN_POINT('Ctrl Pts',(-2.02995019809495,0.719672493539002,-18.));
#5301=CARTESIAN_POINT('Ctrl Pts',(-2.00580393065067,1.00204725431134,-18.));
#5302=CARTESIAN_POINT('Ctrl Pts',(-1.98553150358543,1.13496764385696,-17.9999999998711));
#5303=CARTESIAN_POINT('Ctrl Pts',(-1.86766207322254,1.42987295529741,-17.9999999998711));
#5304=CARTESIAN_POINT('Ctrl Pts',(-1.77251086327754,1.55312503783936,-18.0000000000326));
#5305=CARTESIAN_POINT('Ctrl Pts',(-1.61495534808621,1.71360255443611,-18.0000000000326));
#5306=CARTESIAN_POINT('Ctrl Pts',(-1.50357064614016,1.8105355214749,-18.0000000000558));
#5307=CARTESIAN_POINT('Ctrl Pts',(-1.12782097400622,1.96733300363075,-18.0000000000558));
#5308=CARTESIAN_POINT('Ctrl Pts',(-0.919889491146213,1.97046619501925,-18.));
#5309=CARTESIAN_POINT('Ctrl Pts',(-0.371063069319261,1.97827131658187,-18.));
#5310=CARTESIAN_POINT('Ctrl Pts',(-0.134236774553208,1.98644298752637,-17.9999999999238));
#5311=CARTESIAN_POINT('Ctrl Pts',(0.258056698333562,1.99446715737958,-17.9999999999238));
#5312=CARTESIAN_POINT('Ctrl Pts',(0.385296751140736,1.99630216659305,-18.));
#5313=CARTESIAN_POINT('Ctrl Pts',(0.752108882451245,2.00258293569656,-18.));
#5314=CARTESIAN_POINT('Ctrl Pts',(0.828733582461698,2.00439787211517,-18.));
#5315=CARTESIAN_POINT('Ctrl Pts',(1.59820374658274,2.01873940032318,-18.));
#5316=CARTESIAN_POINT('Ctrl Pts',(2.02304223537318,2.02595184319737,-18.));
#5317=CARTESIAN_POINT('Ctrl Pts',(3.5211935528064,2.04104379463213,-18.));
#5318=CARTESIAN_POINT('Ctrl Pts',(4.96275847693409,2.04482606722815,-18.));
#5319=CARTESIAN_POINT('Ctrl Pts',(7.18566877699899,2.03272193544115,-18.));
#5320=CARTESIAN_POINT('Ctrl Pts',(8.35845219438854,2.01847237511026,-18.0000000010281));
#5321=CARTESIAN_POINT('Ctrl Pts',(9.72916927123412,1.99200531625,-18.0000000010281));
#5322=CARTESIAN_POINT('Ctrl Pts',(9.95034090725514,1.98701266289786,-18.));
#5323=CARTESIAN_POINT('Ctrl Pts',(10.3751347160766,1.9780829897113,-18.));
#5324=CARTESIAN_POINT('Ctrl Pts',(10.4994518091812,1.97708113351693,-18.));
#5325=CARTESIAN_POINT('Ctrl Pts',(10.8669929523874,1.96528829813973,-18.));
#5326=CARTESIAN_POINT('Ctrl Pts',(11.0570282815662,1.95253268428213,-18.));
#5327=CARTESIAN_POINT('Ctrl Pts',(11.3173976256088,1.84520183389352,-18.));
#5328=CARTESIAN_POINT('Ctrl Pts',(11.4368809796367,1.78982248457969,-18.));
#5329=CARTESIAN_POINT('Ctrl Pts',(11.6337051907076,1.59385360224694,-18.));
#5330=CARTESIAN_POINT('Ctrl Pts',(11.7380498011455,1.48428284866367,-17.9999999999994));
#5331=CARTESIAN_POINT('Ctrl Pts',(11.8892273639254,1.14184893965398,-17.9999999999994));
#5332=CARTESIAN_POINT('Ctrl Pts',(11.9157688559568,0.978853386661008,-18.));
#5333=CARTESIAN_POINT('Ctrl Pts',(11.9252132596748,0.799612281103056,-18.));
#5334=CARTESIAN_POINT('Ctrl Pts',(-2.18741761331402,-10.4075708348445,-14.5517831528655));
#5335=CARTESIAN_POINT('Ctrl Pts',(-2.19140631143512,-10.3897599082764,-14.5532716862115));
#5336=CARTESIAN_POINT('Ctrl Pts',(-2.19520931888868,-10.3720884913209,-14.5547545498927));
#5337=CARTESIAN_POINT('Ctrl Pts',(-2.2068432856418,-10.318778793498,-14.5591087085847));
#5338=CARTESIAN_POINT('Ctrl Pts',(-2.21434301781,-10.2835896053025,-14.5619184446278));
#5339=CARTESIAN_POINT('Ctrl Pts',(-2.22862312046006,-10.2132717220761,-14.5675392379998));
#5340=CARTESIAN_POINT('Ctrl Pts',(-2.23537578362072,-10.1781639721457,-14.5703489251407));
#5341=CARTESIAN_POINT('Ctrl Pts',(-2.24797139705568,-10.1079131290298,-14.5760455911168));
#5342=CARTESIAN_POINT('Ctrl Pts',(-2.25379665239107,-10.072777181001,-14.5789319663902));
#5343=CARTESIAN_POINT('Ctrl Pts',(-2.26443717578641,-10.0024202971684,-14.5848187043317));
#5344=CARTESIAN_POINT('Ctrl Pts',(-2.26921968826095,-9.96724226613745,-14.5878185053198));
#5345=CARTESIAN_POINT('Ctrl Pts',(-2.27769629342996,-9.89678864635659,-14.593963925857));
#5346=CARTESIAN_POINT('Ctrl Pts',(-2.28140352992244,-9.86140173950958,-14.5971172147048));
#5347=CARTESIAN_POINT('Ctrl Pts',(-2.28773211751118,-9.79040873769492,-14.6035513838547));
#5348=CARTESIAN_POINT('Ctrl Pts',(-2.29024541836048,-9.75530733528963,-14.6067965471305));
#5349=CARTESIAN_POINT('Ctrl Pts',(-2.29442592444426,-9.67297326709091,-14.6147796428934));
#5350=CARTESIAN_POINT('Ctrl Pts',(-2.2976882116558,-9.57762114862832,-14.6243529839207));
#5351=CARTESIAN_POINT('Ctrl Pts',(-2.30440052499106,-9.38697715554378,-14.6433641044625));
#5352=CARTESIAN_POINT('Ctrl Pts',(-2.32671037923517,-8.67228289599354,-14.7146906285242));
#5353=CARTESIAN_POINT('Ctrl Pts',(-2.33944403520158,-8.00526347424282,-14.7810130057287));
#5354=CARTESIAN_POINT('Ctrl Pts',(-2.36807439137268,-6.6722886244545,-14.9099086450554));
#5355=CARTESIAN_POINT('Ctrl Pts',(-2.38758591718259,-5.90778612721109,-14.9808320736315));
#5356=CARTESIAN_POINT('Ctrl Pts',(-2.41957516216106,-4.37968612518459,-15.1168775394474));
#5357=CARTESIAN_POINT('Ctrl Pts',(-2.43239356241057,-3.61647979794102,-15.1822083321218));
#5358=CARTESIAN_POINT('Ctrl Pts',(-2.4604870609131,-2.08417314418657,-15.3032714225447));
#5359=CARTESIAN_POINT('Ctrl Pts',(-2.47580130654624,-1.3156276140785,-15.3587803915583));
#5360=CARTESIAN_POINT('Ctrl Pts',(-2.47970658183097,-0.504298213967933,
-15.4134272932924));
#5361=CARTESIAN_POINT('Ctrl Pts',(-2.47984588217896,-0.467470783746766,
-15.4159043901807));
#5362=CARTESIAN_POINT('Ctrl Pts',(-2.48008563523095,-0.394290294180875,
-15.4208473379538));
#5363=CARTESIAN_POINT('Ctrl Pts',(-2.48018122632511,-0.357731293802908,
-15.4233298976262));
#5364=CARTESIAN_POINT('Ctrl Pts',(-2.48030812554496,-0.284346542534419,
-15.4283067387357));
#5365=CARTESIAN_POINT('Ctrl Pts',(-2.48041824051334,-0.247562799424826,
-15.4307761849699));
#5366=CARTESIAN_POINT('Ctrl Pts',(-2.47950352805413,-0.17390565175914,-15.4359461207885));
#5367=CARTESIAN_POINT('Ctrl Pts',(-2.47833713151976,-0.137061135411032,
-15.4386828485199));
#5368=CARTESIAN_POINT('Ctrl Pts',(-2.47489349532253,-0.0633113754338242,
-15.4443810457836));
#5369=CARTESIAN_POINT('Ctrl Pts',(-2.47264978906732,-0.026400602588785,
-15.4473322564638));
#5370=CARTESIAN_POINT('Ctrl Pts',(-2.46704537012215,0.0474754900129616,
-15.4534471332534));
#5371=CARTESIAN_POINT('Ctrl Pts',(-2.46366242405381,0.0844332529137373,
-15.4566156616166));
#5372=CARTESIAN_POINT('Ctrl Pts',(-2.45576994190099,0.158387766942605,-15.4631541920139));
#5373=CARTESIAN_POINT('Ctrl Pts',(-2.45125183692009,0.195383673140918,-15.466525104363));
#5374=CARTESIAN_POINT('Ctrl Pts',(-2.44106470323482,0.269403273772458,-15.4734580816524));
#5375=CARTESIAN_POINT('Ctrl Pts',(-2.4353766079889,0.306425843146178,-15.4770230926843));
#5376=CARTESIAN_POINT('Ctrl Pts',(-2.42248926325609,0.380360868306636,-15.484442995515));
#5377=CARTESIAN_POINT('Ctrl Pts',(-2.41524389748838,0.417256572608487,-15.4883126174507));
#5378=CARTESIAN_POINT('Ctrl Pts',(-2.39917336509594,0.490849390538156,-15.4963678301053));
#5379=CARTESIAN_POINT('Ctrl Pts',(-2.39035989975399,0.527554694156761,-15.5005482062565));
#5380=CARTESIAN_POINT('Ctrl Pts',(-2.37120274077455,0.600726922679502,-15.5092046428988));
#5381=CARTESIAN_POINT('Ctrl Pts',(-2.36084146773679,0.637192303606161,-15.513685716697));
#5382=CARTESIAN_POINT('Ctrl Pts',(-2.33853398460352,0.709779904974429,-15.5229591264054));
#5383=CARTESIAN_POINT('Ctrl Pts',(-2.32658461375167,0.745905655501771,-15.527752037967));
#5384=CARTESIAN_POINT('Ctrl Pts',(-2.30109034163422,0.817740706115018,-15.537649035858));
#5385=CARTESIAN_POINT('Ctrl Pts',(-2.28754206843763,0.853454603952717,-15.5427541362976));
#5386=CARTESIAN_POINT('Ctrl Pts',(-2.25882400814064,0.924385144697192,-15.5532807745602));
#5387=CARTESIAN_POINT('Ctrl Pts',(-2.24365221135076,0.959609876453353,-15.5587033538549));
#5388=CARTESIAN_POINT('Ctrl Pts',(-2.21166060402711,1.02948319022238,-15.5698692974582));
#5389=CARTESIAN_POINT('Ctrl Pts',(-2.1948420845586,1.06413971138377,-15.5756129165326));
#5390=CARTESIAN_POINT('Ctrl Pts',(-2.15953181243233,1.13278845236392,-15.5874245367855));
#5391=CARTESIAN_POINT('Ctrl Pts',(-2.14104196969248,1.16679332804443,-15.59349305938));
#5392=CARTESIAN_POINT('Ctrl Pts',(-2.10235710692842,1.23404880135134,-15.6059598148021));
#5393=CARTESIAN_POINT('Ctrl Pts',(-2.08216732742064,1.26731399605234,-15.61235780518));
#5394=CARTESIAN_POINT('Ctrl Pts',(-2.04005325512823,1.33299164051902,-15.6254873796471));
#5395=CARTESIAN_POINT('Ctrl Pts',(-2.01813562037227,1.36542290015158,-15.6322187176026));
#5396=CARTESIAN_POINT('Ctrl Pts',(-1.97255165555458,1.42930117343059,-15.6460143546823));
#5397=CARTESIAN_POINT('Ctrl Pts',(-1.94889210050038,1.4607775124381,-15.653078849183));
#5398=CARTESIAN_POINT('Ctrl Pts',(-1.89985314012596,1.52256006263453,-15.6675255354561));
#5399=CARTESIAN_POINT('Ctrl Pts',(-1.87449191364565,1.55289801162043,-15.6749053049512));
#5400=CARTESIAN_POINT('Ctrl Pts',(-1.822052123112,1.61227005882892,-15.6899767611458));
#5401=CARTESIAN_POINT('Ctrl Pts',(-1.79499030880212,1.64134711119765,-15.6976671402138));
#5402=CARTESIAN_POINT('Ctrl Pts',(-1.73914181159335,1.69806637262088,-15.7133569793735));
#5403=CARTESIAN_POINT('Ctrl Pts',(-1.71037500897025,1.72576057335827,-15.7213543731107));
#5404=CARTESIAN_POINT('Ctrl Pts',(-1.65111743693587,1.77957212454262,-15.7376520830001));
#5405=CARTESIAN_POINT('Ctrl Pts',(-1.62064714880207,1.8057523596179,-15.7459506417733));
#5406=CARTESIAN_POINT('Ctrl Pts',(-1.55798976657585,1.85638148131223,-15.7628431460751));
#5407=CARTESIAN_POINT('Ctrl Pts',(-1.52582217781211,1.88090717731817,-15.7714359370967));
#5408=CARTESIAN_POINT('Ctrl Pts',(-1.45978584261982,1.92806172041393,-15.788906842454));
#5409=CARTESIAN_POINT('Ctrl Pts',(-1.42593562094538,1.95078239322888,-15.7977844064693));
#5410=CARTESIAN_POINT('Ctrl Pts',(-1.35659934812791,1.99412650857972,-15.8158021657301));
#5411=CARTESIAN_POINT('Ctrl Pts',(-1.32112472173386,2.01486430491391,-15.8249443858834));
#5412=CARTESIAN_POINT('Ctrl Pts',(-1.24879429853154,2.05394706626054,-15.8434196421297));
#5413=CARTESIAN_POINT('Ctrl Pts',(-1.21195062406759,2.07244070029814,-15.8527557999426));
#5414=CARTESIAN_POINT('Ctrl Pts',(-1.13698597712898,2.10686929483811,-15.8715859737339));
#5415=CARTESIAN_POINT('Ctrl Pts',(-1.09892164489162,2.1229516580316,-15.8810733648644));
#5416=CARTESIAN_POINT('Ctrl Pts',(-1.0217248677259,2.1523786411192,-15.9001625870659));
#5417=CARTESIAN_POINT('Ctrl Pts',(-0.982448031696476,2.16596912439192,-15.909807993356));
#5418=CARTESIAN_POINT('Ctrl Pts',(-0.902666687642036,2.19028511883579,-15.9292232721177));
#5419=CARTESIAN_POINT('Ctrl Pts',(-0.862599046739916,2.20112370648091,-15.9388883520038));
#5420=CARTESIAN_POINT('Ctrl Pts',(-0.782331643146518,2.21965538025808,-15.9581933420031));
#5421=CARTESIAN_POINT('Ctrl Pts',(-0.74057826753287,2.22760583213553,-15.9683417030825));
#5422=CARTESIAN_POINT('Ctrl Pts',(-0.654449628933048,2.24127024302815,-15.9884611733142));
#5423=CARTESIAN_POINT('Ctrl Pts',(-0.614225704372077,2.24677356989078,-15.9974744784234));
#5424=CARTESIAN_POINT('Ctrl Pts',(-0.519348721748265,2.25801872782285,-16.0188684245955));
#5425=CARTESIAN_POINT('Ctrl Pts',(-0.406219571692226,2.2687058885059,-16.0444287556829));
#5426=CARTESIAN_POINT('Ctrl Pts',(-0.291521534460359,2.27820184080917,-16.0696451969712));
#5427=CARTESIAN_POINT('Ctrl Pts',(-0.125626191552384,2.29134561689884,-16.1059754748092));
#5428=CARTESIAN_POINT('Ctrl Pts',(-0.0141844504586453,2.29995009276481,
-16.1299979881586));
#5429=CARTESIAN_POINT('Ctrl Pts',(0.211270361698878,2.31724592842359,-16.1766902000851));
#5430=CARTESIAN_POINT('Ctrl Pts',(0.324150272298539,2.32558001502407,-16.1993375998741));
#5431=CARTESIAN_POINT('Ctrl Pts',(0.550257675993425,2.34142487103475,-16.2432484319169));
#5432=CARTESIAN_POINT('Ctrl Pts',(0.663358110183848,2.34903208974638,-16.2645477640043));
#5433=CARTESIAN_POINT('Ctrl Pts',(0.890485645226759,2.36365021644031,-16.3056734897292));
#5434=CARTESIAN_POINT('Ctrl Pts',(1.00407443678496,2.37065331097944,-16.3255335050151));
#5435=CARTESIAN_POINT('Ctrl Pts',(1.23211229575907,2.38400225799358,-16.3637276922987));
#5436=CARTESIAN_POINT('Ctrl Pts',(1.34609630725813,2.39036635278848,-16.3821015317523));
#5437=CARTESIAN_POINT('Ctrl Pts',(1.57502629951616,2.40245095316282,-16.4172583039318));
#5438=CARTESIAN_POINT('Ctrl Pts',(1.68938824321818,2.40818415483899,-16.4340882991506));
#5439=CARTESIAN_POINT('Ctrl Pts',(1.91916264339064,2.419003911109,-16.466097727023));
#5440=CARTESIAN_POINT('Ctrl Pts',(2.03385701337153,2.42410592037455,-16.481332212865));
#5441=CARTESIAN_POINT('Ctrl Pts',(2.26442368150095,2.43366502944977,-16.5100918402186));
#5442=CARTESIAN_POINT('Ctrl Pts',(2.37939989195724,2.43814005057958,-16.5236817191743));
#5443=CARTESIAN_POINT('Ctrl Pts',(2.61069965106861,2.44644681421122,-16.5490954599405));
#5444=CARTESIAN_POINT('Ctrl Pts',(2.72589669892512,2.45030152996504,-16.560995823885));
#5445=CARTESIAN_POINT('Ctrl Pts',(2.9578816438114,2.4573688822523,-16.582975711381));
#5446=CARTESIAN_POINT('Ctrl Pts',(3.07323656353744,2.46061236179741,-16.5931462088266));
#5447=CARTESIAN_POINT('Ctrl Pts',(3.30587464926025,2.4664563530711,-16.6116138132473));
#5448=CARTESIAN_POINT('Ctrl Pts',(3.42133452489502,2.4691008041591,-16.6200206883214));
#5449=CARTESIAN_POINT('Ctrl Pts',(3.65468210274024,2.47374319700258,-16.6349093840469));
#5450=CARTESIAN_POINT('Ctrl Pts',(3.77027265144582,2.47580281549021,-16.6415268235844));
#5451=CARTESIAN_POINT('Ctrl Pts',(4.00456664690122,2.479268686997,-16.6527806624286));
#5452=CARTESIAN_POINT('Ctrl Pts',(4.12052401031843,2.48072146036673,-16.6576051532381));
#5453=CARTESIAN_POINT('Ctrl Pts',(4.35643939549421,2.48290575082163,-16.6652347084056));
#5454=CARTESIAN_POINT('Ctrl Pts',(4.47354959258077,2.48374708090823,-16.6682416788039));
#5455=CARTESIAN_POINT('Ctrl Pts',(4.71168708473205,2.48475723439907,-16.6721192925612));
#5456=CARTESIAN_POINT('Ctrl Pts',(4.83059138465845,2.48500725044117,-16.6731747403491));
#5457=CARTESIAN_POINT('Ctrl Pts',(5.06959490089561,2.48497688144845,-16.6731989614209));
#5458=CARTESIAN_POINT('Ctrl Pts',(5.18851342508839,2.48466400747161,-16.6721845939972));
#5459=CARTESIAN_POINT('Ctrl Pts',(5.42666874971709,2.48359404020214,-16.668355083177));
#5460=CARTESIAN_POINT('Ctrl Pts',(5.54379655128315,2.48271017753097,-16.6653780235882));
#5461=CARTESIAN_POINT('Ctrl Pts',(5.77973174719549,2.48047322531401,-16.6577925693112));
#5462=CARTESIAN_POINT('Ctrl Pts',(5.8956942384843,2.47899170786923,-16.6529910266726));
#5463=CARTESIAN_POINT('Ctrl Pts',(6.12999720031597,2.47548642708772,-16.6417744203997));
#5464=CARTESIAN_POINT('Ctrl Pts',(6.245586801053,2.47334934504435,-16.6352021133197));
#5465=CARTESIAN_POINT('Ctrl Pts',(6.47893740362099,2.46848240387008,-16.6204354796882));
#5466=CARTESIAN_POINT('Ctrl Pts',(6.59439690252693,2.46565094180484,-16.6121236747687));
#5467=CARTESIAN_POINT('Ctrl Pts',(6.8270425333189,2.4593610767449,-16.593876982436));
#5468=CARTESIAN_POINT('Ctrl Pts',(6.94239874505011,2.45581385827993,-16.5838526595787));
#5469=CARTESIAN_POINT('Ctrl Pts',(7.17439415522733,2.44807022147884,-16.5621927681984));
#5470=CARTESIAN_POINT('Ctrl Pts',(7.28959610443532,2.44380356224637,-16.5504837273798));
#5471=CARTESIAN_POINT('Ctrl Pts',(7.52091438597366,2.43460066359977,-16.5254787500046));
#5472=CARTESIAN_POINT('Ctrl Pts',(7.63589722416415,2.4296214148389,-16.512115171262));
#5473=CARTESIAN_POINT('Ctrl Pts',(7.86648423406483,2.4189766124162,-16.4838344831049));
#5474=CARTESIAN_POINT('Ctrl Pts',(7.98118704405756,2.41329451216921,-16.4688518095286));
#5475=CARTESIAN_POINT('Ctrl Pts',(8.21098529233277,2.40124576699582,-16.4373659349439));
#5476=CARTESIAN_POINT('Ctrl Pts',(8.32535591753157,2.39487471332826,-16.4208030325093));
#5477=CARTESIAN_POINT('Ctrl Pts',(8.55430882363575,2.38145023319339,-16.3861960957797));
#5478=CARTESIAN_POINT('Ctrl Pts',(8.66829080773643,2.37480331205781,-16.3679291948959));
#5479=CARTESIAN_POINT('Ctrl Pts',(8.8963197342221,2.36125127957022,-16.3297969229568));
#5480=CARTESIAN_POINT('Ctrl Pts',(9.00989612456747,2.35431931129778,-16.3098955906243));
#5481=CARTESIAN_POINT('Ctrl Pts',(9.23699780890612,2.34002653459631,-16.2686132484559));
#5482=CARTESIAN_POINT('Ctrl Pts',(9.35008107038843,2.33265587816338,-16.2472067367307));
#5483=CARTESIAN_POINT('Ctrl Pts',(9.57615578440599,2.31743535754677,-16.2030204721579));
#5484=CARTESIAN_POINT('Ctrl Pts',(9.68900738292001,2.309597128044,-16.1801633666047));
#5485=CARTESIAN_POINT('Ctrl Pts',(9.9144075249603,2.29332853730948,-16.1330448104336));
#5486=CARTESIAN_POINT('Ctrl Pts',(10.025831183722,2.28485667638142,-16.1089711166997));
#5487=CARTESIAN_POINT('Ctrl Pts',(10.2489797750209,2.26765200545955,-16.059882662306));
#5488=CARTESIAN_POINT('Ctrl Pts',(10.363789045678,2.25791036518135,-16.0344803515674));
#5489=CARTESIAN_POINT('Ctrl Pts',(10.5141163815322,2.24054724422172,-16.0003653736344));
#5490=CARTESIAN_POINT('Ctrl Pts',(10.5541426743775,2.23557639307825,-15.9911850685941));
#5491=CARTESIAN_POINT('Ctrl Pts',(10.6400987637037,2.22259873148099,-15.970840639489));
#5492=CARTESIAN_POINT('Ctrl Pts',(10.6818811137997,2.21437944620257,-15.9607811885834));
#5493=CARTESIAN_POINT('Ctrl Pts',(10.7623605972643,2.19564226262863,-15.9414584241785));
#5494=CARTESIAN_POINT('Ctrl Pts',(10.8025960497919,2.1848017652478,-15.9317159194947));
#5495=CARTESIAN_POINT('Ctrl Pts',(10.8825431683633,2.16038025495618,-15.912229123652));
#5496=CARTESIAN_POINT('Ctrl Pts',(10.9218331253248,2.14671970075585,-15.9025742223533));
#5497=CARTESIAN_POINT('Ctrl Pts',(10.9989214220611,2.11719485715425,-15.8834935031777));
#5498=CARTESIAN_POINT('Ctrl Pts',(11.0368644878011,2.10108078358783,-15.8740287410678));
#5499=CARTESIAN_POINT('Ctrl Pts',(11.1114417299661,2.06661639789367,-15.8552910713879));
#5500=CARTESIAN_POINT('Ctrl Pts',(11.1480275217663,2.04812530317028,-15.8460231381007));
#5501=CARTESIAN_POINT('Ctrl Pts',(11.2197460593556,2.00907764005555,-15.8277191671038));
#5502=CARTESIAN_POINT('Ctrl Pts',(11.2548717633774,1.98837629875752,-15.8186795673068));
#5503=CARTESIAN_POINT('Ctrl Pts',(11.3236320359252,1.94500604540476,-15.8008472449466));
#5504=CARTESIAN_POINT('Ctrl Pts',(11.3572379903138,1.92222462174709,-15.7920559743816));
#5505=CARTESIAN_POINT('Ctrl Pts',(11.4229005943345,1.8748118318154,-15.7747392528731));
#5506=CARTESIAN_POINT('Ctrl Pts',(11.4549263341228,1.85008599451389,-15.7662160645347));
#5507=CARTESIAN_POINT('Ctrl Pts',(11.5172749068185,1.7989836275077,-15.7494797805972));
#5508=CARTESIAN_POINT('Ctrl Pts',(11.5475756256307,1.77253005088823,-15.7412676210052));
#5509=CARTESIAN_POINT('Ctrl Pts',(11.6063672207952,1.71816877208169,-15.7251860052353));
#5510=CARTESIAN_POINT('Ctrl Pts',(11.6348415950727,1.69020003103548,-15.7173170074457));
#5511=CARTESIAN_POINT('Ctrl Pts',(11.6899813287528,1.63292853064428,-15.7019240493533));
#5512=CARTESIAN_POINT('Ctrl Pts',(11.7166261865384,1.60357981570018,-15.6944020995605));
#5513=CARTESIAN_POINT('Ctrl Pts',(11.7681014766899,1.5436709958087,-15.6797071354639));
#5514=CARTESIAN_POINT('Ctrl Pts',(11.7929144923936,1.51307152647126,-15.6725357949005));
#5515=CARTESIAN_POINT('Ctrl Pts',(11.8407245077131,1.45077234955554,-15.6585437125945));
#5516=CARTESIAN_POINT('Ctrl Pts',(11.863705535051,1.41904104556201,-15.6517246926485));
#5517=CARTESIAN_POINT('Ctrl Pts',(11.9078468553338,1.35458431159257,-15.6384386506513));
#5518=CARTESIAN_POINT('Ctrl Pts',(11.9289932449867,1.32183333846156,-15.6319732149372));
#5519=CARTESIAN_POINT('Ctrl Pts',(11.9694581128812,1.2554385930467,-15.6193947260359));
#5520=CARTESIAN_POINT('Ctrl Pts',(11.9887648633301,1.22177526073838,-15.6132830234062));
#5521=CARTESIAN_POINT('Ctrl Pts',(12.0255294005819,1.15366875430139,-15.6014151962735));
#5522=CARTESIAN_POINT('Ctrl Pts',(12.0429791002191,1.11921124193101,-15.5956597683261));
#5523=CARTESIAN_POINT('Ctrl Pts',(12.0759954253449,1.04966114459925,-15.5845098067467));
#5524=CARTESIAN_POINT('Ctrl Pts',(12.0915564341484,1.01455387073384,-15.5791164779912));
#5525=CARTESIAN_POINT('Ctrl Pts',(12.1207721008509,0.943778884766177,-15.5686906962587));
#5526=CARTESIAN_POINT('Ctrl Pts',(12.1344460274801,0.908118652748178,-15.5636494322566));
#5527=CARTESIAN_POINT('Ctrl Pts',(12.1598887216181,0.836326559017341,-15.553916170069));
#5528=CARTESIAN_POINT('Ctrl Pts',(12.1714939134822,0.800098197859076,-15.5492806851903));
#5529=CARTESIAN_POINT('Ctrl Pts',(12.1930871276573,0.727445016901078,-15.5402336761407));
#5530=CARTESIAN_POINT('Ctrl Pts',(12.2034282603101,0.691203874897984,-15.5357056043826));
#5531=CARTESIAN_POINT('Ctrl Pts',(12.2232761246527,0.618860116119823,-15.5266827880585));
#5532=CARTESIAN_POINT('Ctrl Pts',(12.2327699702353,0.58274653543524,-15.5221930917847));
#5533=CARTESIAN_POINT('Ctrl Pts',(12.2509023703051,0.510581990532384,-15.5133062866901));
#5534=CARTESIAN_POINT('Ctrl Pts',(12.2595427317287,0.47452884635564,-15.5089091496231));
#5535=CARTESIAN_POINT('Ctrl Pts',(12.275961466352,0.402435583247431,-15.5002473424506));
#5536=CARTESIAN_POINT('Ctrl Pts',(12.2837440967402,0.366395580731418,-15.4959819772893));
#5537=CARTESIAN_POINT('Ctrl Pts',(12.2984377158088,0.294293111143611,-15.4876139284903));
#5538=CARTESIAN_POINT('Ctrl Pts',(12.305354312706,0.258232319865277,-15.4835102443264));
#5539=CARTESIAN_POINT('Ctrl Pts',(12.3183017230058,0.186068686046034,-15.4754892976974));
#5540=CARTESIAN_POINT('Ctrl Pts',(12.3243395732835,0.149969040659513,-15.4715707038798));
#5541=CARTESIAN_POINT('Ctrl Pts',(12.3355123891482,0.0777153595244144,-15.4639380121995));
#5542=CARTESIAN_POINT('Ctrl Pts',(12.3406558978049,0.0415662599391854,-15.4602222428046));
#5543=CARTESIAN_POINT('Ctrl Pts',(12.3500202123869,-0.0308058313264393,
-15.4530079081386));
#5544=CARTESIAN_POINT('Ctrl Pts',(12.3542512640869,-0.0670231999891417,
-15.4495072287944));
#5545=CARTESIAN_POINT('Ctrl Pts',(12.3617754523695,-0.13954272289703,-15.4427304261547));
#5546=CARTESIAN_POINT('Ctrl Pts',(12.3650805229971,-0.175833044345793,-15.4394521578728));
#5547=CARTESIAN_POINT('Ctrl Pts',(12.3707063036565,-0.24851489946823,-15.4331318746278));
#5548=CARTESIAN_POINT('Ctrl Pts',(12.3730370783488,-0.28491245021165,-15.4300868515141));
#5549=CARTESIAN_POINT('Ctrl Pts',(12.3767594641461,-0.357775239552293,-15.424219374038));
#5550=CARTESIAN_POINT('Ctrl Pts',(12.378187520424,-0.394167814918136,-15.4213933151018));
#5551=CARTESIAN_POINT('Ctrl Pts',(12.3798233126367,-0.46717595793747,-15.4160264697236));
#5552=CARTESIAN_POINT('Ctrl Pts',(12.3799527265434,-0.503977853668817,-15.4134879709633));
#5553=CARTESIAN_POINT('Ctrl Pts',(12.3784311345418,-1.31528533472292,-15.3582587898259));
#5554=CARTESIAN_POINT('Ctrl Pts',(12.3630370524911,-2.08388975537931,-15.3027132553206));
#5555=CARTESIAN_POINT('Ctrl Pts',(12.3328808050306,-3.61622734681566,-15.1820573901179));
#5556=CARTESIAN_POINT('Ctrl Pts',(12.3194440144525,-4.379476581665,-15.1168400438956));
#5557=CARTESIAN_POINT('Ctrl Pts',(12.2874809808777,-5.90763739036869,-14.9807318672175));
#5558=CARTESIAN_POINT('Ctrl Pts',(12.2675671143026,-6.67217112839377,-14.9098682746482));
#5559=CARTESIAN_POINT('Ctrl Pts',(12.2415263089731,-7.81340182897123,-14.7998480245349));
#5560=CARTESIAN_POINT('Ctrl Pts',(12.2243313337493,-8.57739202252996,-14.7249803107051));
#5561=CARTESIAN_POINT('Ctrl Pts',(12.2052487763543,-9.33916637358837,-14.6482844286544));
#5562=CARTESIAN_POINT('Ctrl Pts',(12.1896254490793,-9.75532662862224,-14.6066831372084));
#5563=CARTESIAN_POINT('Ctrl Pts',(12.1875559386846,-9.79042091474477,-14.6033370924128));
#5564=CARTESIAN_POINT('Ctrl Pts',(12.1834588500934,-9.86155902226109,-14.5963875143662));
#5565=CARTESIAN_POINT('Ctrl Pts',(12.1811689854644,-9.89709831531563,-14.5929003509715));
#5566=CARTESIAN_POINT('Ctrl Pts',(12.1760738627397,-9.96803011132103,-14.5859282390418));
#5567=CARTESIAN_POINT('Ctrl Pts',(12.1730714368051,-10.0035424739921,-14.5824748589508));
#5568=CARTESIAN_POINT('Ctrl Pts',(12.1648024919669,-10.0745490837702,-14.5759384061424));
#5569=CARTESIAN_POINT('Ctrl Pts',(12.159742266755,-10.1100004866789,-14.5728173027337));
#5570=CARTESIAN_POINT('Ctrl Pts',(12.1479946177805,-10.1807840901769,-14.5668081500654));
#5571=CARTESIAN_POINT('Ctrl Pts',(12.1413054258244,-10.2161123489982,-14.5639246297323));
#5572=CARTESIAN_POINT('Ctrl Pts',(12.1261217063191,-10.2865796449394,-14.5584353332365));
#5573=CARTESIAN_POINT('Ctrl Pts',(12.1176850311029,-10.3217076205766,-14.555821577947));
#5574=CARTESIAN_POINT('Ctrl Pts',(12.0990381782426,-10.3916980702674,-14.5508676958684));
#5575=CARTESIAN_POINT('Ctrl Pts',(12.0888769960093,-10.4265501581813,-14.5485222829323));
#5576=CARTESIAN_POINT('Ctrl Pts',(12.066792082483,-10.495813037517,-14.5441199008827));
#5577=CARTESIAN_POINT('Ctrl Pts',(12.0549326481468,-10.5302127097302,-14.5420553268729));
#5578=CARTESIAN_POINT('Ctrl Pts',(12.0294718784203,-10.5984634381812,-14.5382189810838));
#5579=CARTESIAN_POINT('Ctrl Pts',(12.0159431522187,-10.6323021385273,-14.5364388201198));
#5580=CARTESIAN_POINT('Ctrl Pts',(11.9871565446478,-10.6993566379108,-14.5331734675056));
#5581=CARTESIAN_POINT('Ctrl Pts',(11.9719779799224,-10.7325615384167,-14.5316790040412));
#5582=CARTESIAN_POINT('Ctrl Pts',(11.9399039332103,-10.7982746634473,-14.5289871213575));
#5583=CARTESIAN_POINT('Ctrl Pts',(11.9230962377463,-10.8307728570616,-14.5277793425291));
#5584=CARTESIAN_POINT('Ctrl Pts',(11.8877779316019,-10.8949978975158,-14.5256625020792));
#5585=CARTESIAN_POINT('Ctrl Pts',(11.8693644745438,-10.9267157088174,-14.5247419408661));
#5586=CARTESIAN_POINT('Ctrl Pts',(11.8308488435457,-10.9893035192761,-14.5232014404588));
#5587=CARTESIAN_POINT('Ctrl Pts',(11.810854948973,-11.0201662544352,-14.5225685104354));
#5588=CARTESIAN_POINT('Ctrl Pts',(11.769192292623,-11.080967392588,-14.5216051490163));
#5589=CARTESIAN_POINT('Ctrl Pts',(11.747645184217,-11.1109006138473,-14.5212598905809));
#5590=CARTESIAN_POINT('Ctrl Pts',(11.7028895077775,-11.1697653248335,-14.5208738208322));
#5591=CARTESIAN_POINT('Ctrl Pts',(11.6798190625541,-11.1986934542967,-14.5208159884821));
#5592=CARTESIAN_POINT('Ctrl Pts',(11.6320779809514,-11.2554116180319,-14.5210069016552));
#5593=CARTESIAN_POINT('Ctrl Pts',(11.6075693922076,-11.2832011268621,-14.5212354300166));
#5594=CARTESIAN_POINT('Ctrl Pts',(11.5570267854226,-11.3375125543597,-14.5219983565392));
#5595=CARTESIAN_POINT('Ctrl Pts',(11.5311870907419,-11.3640329333372,-14.522508753006));
#5596=CARTESIAN_POINT('Ctrl Pts',(11.4780137040878,-11.41574006827,-14.5238343552206));
#5597=CARTESIAN_POINT('Ctrl Pts',(11.4509005201695,-11.4409289279287,-14.5246222301935));
#5598=CARTESIAN_POINT('Ctrl Pts',(11.3952050611444,-11.4899112663431,-14.5265017851922));
#5599=CARTESIAN_POINT('Ctrl Pts',(11.3668791418588,-11.5137092395536,-14.5275617330611));
#5600=CARTESIAN_POINT('Ctrl Pts',(11.3087738038041,-11.5598511184247,-14.5299851178365));
#5601=CARTESIAN_POINT('Ctrl Pts',(11.2793002200949,-11.5821986025804,-14.5313113467166));
#5602=CARTESIAN_POINT('Ctrl Pts',(11.218914079574,-11.6253749641765,-14.5342684647481));
#5603=CARTESIAN_POINT('Ctrl Pts',(11.1883651880115,-11.6462110005543,-14.5358554433883));
#5604=CARTESIAN_POINT('Ctrl Pts',(11.1257986180419,-11.6863239221146,-14.5393361089992));
#5605=CARTESIAN_POINT('Ctrl Pts',(11.0942502284002,-11.7055923611344,-14.5411761146199));
#5606=CARTESIAN_POINT('Ctrl Pts',(11.0297036383792,-11.7424878686259,-14.5451665565129));
#5607=CARTESIAN_POINT('Ctrl Pts',(10.9972705168009,-11.760120432201,-14.5472515470875));
#5608=CARTESIAN_POINT('Ctrl Pts',(10.9307584949062,-11.7937558754417,-14.5517437186958));
#5609=CARTESIAN_POINT('Ctrl Pts',(10.8975686802742,-11.8096779126571,-14.554060437541));
#5610=CARTESIAN_POINT('Ctrl Pts',(10.8299269638811,-11.8396336971155,-14.5590031299472));
#5611=CARTESIAN_POINT('Ctrl Pts',(10.7965032959236,-11.8536988358734,-14.5615035652143));
#5612=CARTESIAN_POINT('Ctrl Pts',(10.7417980265765,-11.8746657310393,-14.5657657652831));
#5613=CARTESIAN_POINT('Ctrl Pts',(10.7096996296882,-11.8865613293758,-14.5683084761527));
#5614=CARTESIAN_POINT('Ctrl Pts',(10.6723222440145,-11.8993084896375,-14.5713671880483));
#5615=CARTESIAN_POINT('Ctrl Pts',(10.6379459630493,-11.9104512059549,-14.5742331513463));
#5616=CARTESIAN_POINT('Ctrl Pts',(10.6076517471222,-11.9199653509273,-14.5767872896559));
#5617=CARTESIAN_POINT('Ctrl Pts',(10.5685865996256,-11.9312816141278,-14.5801222632828));
#5618=CARTESIAN_POINT('Ctrl Pts',(10.5313749641336,-11.9414084935697,-14.5833614732601));
#5619=CARTESIAN_POINT('Ctrl Pts',(10.4995462961226,-11.9498698054621,-14.5861401826465));
#5620=CARTESIAN_POINT('Ctrl Pts',(10.4597348372624,-11.9600477407057,-14.5894892397246));
#5621=CARTESIAN_POINT('Ctrl Pts',(10.4024184638555,-11.9737242727215,-14.5943587189659));
#5622=CARTESIAN_POINT('Ctrl Pts',(10.3624442983195,-11.9820355028931,-14.5978918201434));
#5623=CARTESIAN_POINT('Ctrl Pts',(10.3043531298566,-11.9930705616137,-14.6030941735722));
#5624=CARTESIAN_POINT('Ctrl Pts',(10.2626425527245,-12.0002664953126,-14.6068630536156));
#5625=CARTESIAN_POINT('Ctrl Pts',(10.2323432250602,-12.0043201716251,-14.6097171515462));
#5626=CARTESIAN_POINT('Ctrl Pts',(10.2134017505206,-12.0066521254332,-14.6115358626254));
#5627=CARTESIAN_POINT('Ctrl Pts',(10.2029673577399,-12.0078857444261,-14.6125465099309));
#5628=CARTESIAN_POINT('Ctrl Pts',(10.1829173976012,-12.0101702185412,-14.6144916686934));
#5629=CARTESIAN_POINT('Ctrl Pts',(10.1498727201782,-12.013717838111,-14.6177046803546));
#5630=CARTESIAN_POINT('Ctrl Pts',(10.1246917930991,-12.016063428328,-14.6201667822897));
#5631=CARTESIAN_POINT('Ctrl Pts',(10.0653069243846,-12.0210435556175,-14.6259957737873));
#5632=CARTESIAN_POINT('Ctrl Pts',(10.0306628284826,-12.022755475303,-14.6294480923777));
#5633=CARTESIAN_POINT('Ctrl Pts',(9.9717817145366,-12.0253864320839,-14.6353224387465));
#5634=CARTESIAN_POINT('Ctrl Pts',(9.86632387550229,-12.0297743067406,-14.6457921176609));
#5635=CARTESIAN_POINT('Ctrl Pts',(9.76313447064564,-12.0333944309555,-14.6557625526766));
#5636=CARTESIAN_POINT('Ctrl Pts',(9.58246992487475,-12.0396883266983,-14.6728280354861));
#5637=CARTESIAN_POINT('Ctrl Pts',(9.47710734344371,-12.0434269482442,-14.6824665342263));
#5638=CARTESIAN_POINT('Ctrl Pts',(9.2666708208542,-12.0505979367301,-14.7009969179758));
#5639=CARTESIAN_POINT('Ctrl Pts',(9.16210073197582,-12.0539900181759,-14.7099069410248));
#5640=CARTESIAN_POINT('Ctrl Pts',(8.95225769165886,-12.0605077521319,-14.727103003882));
#5641=CARTESIAN_POINT('Ctrl Pts',(8.84746142367805,-12.0636470707709,-14.735389214826));
#5642=CARTESIAN_POINT('Ctrl Pts',(8.637337670783,-12.0696673814419,-14.7513003493292));
#5643=CARTESIAN_POINT('Ctrl Pts',(8.53257670985915,-12.0725435766942,-14.7589328652583));
#5644=CARTESIAN_POINT('Ctrl Pts',(8.32238804111494,-12.0780369939048,-14.7735406994813));
#5645=CARTESIAN_POINT('Ctrl Pts',(8.21760867248835,-12.0806547915107,-14.7805231509699));
#5646=CARTESIAN_POINT('Ctrl Pts',(8.00730967859473,-12.0856346043031,-14.793824137962));
#5647=CARTESIAN_POINT('Ctrl Pts',(7.90253981033959,-12.0879958321268,-14.8001523364614));
#5648=CARTESIAN_POINT('Ctrl Pts',(7.69214547347321,-12.0924641307845,-14.8121406981176));
#5649=CARTESIAN_POINT('Ctrl Pts',(7.58739052347462,-12.094571066545,-14.8178129679633));
#5650=CARTESIAN_POINT('Ctrl Pts',(7.37689350663432,-12.0985327679164,-14.8284842227653));
#5651=CARTESIAN_POINT('Ctrl Pts',(7.27216078727755,-12.1003877571148,-14.8334988184143));
#5652=CARTESIAN_POINT('Ctrl Pts',(7.06155271389225,-12.1038466458942,-14.8428487979266));
#5653=CARTESIAN_POINT('Ctrl Pts',(6.95684386861558,-12.1054514697071,-14.8472044650206));
#5654=CARTESIAN_POINT('Ctrl Pts',(6.746102526249,-12.1084106583996,-14.8552298618922));
#5655=CARTESIAN_POINT('Ctrl Pts',(6.64140135019039,-12.1097672270065,-14.8589258744439));
#5656=CARTESIAN_POINT('Ctrl Pts',(6.43048157397635,-12.1122297593103,-14.8656240695392));
#5657=CARTESIAN_POINT('Ctrl Pts',(6.32573758436613,-12.1133398943289,-14.8686598906728));
#5658=CARTESIAN_POINT('Ctrl Pts',(6.11456011659076,-12.115308121294,-14.8740288050862));
#5659=CARTESIAN_POINT('Ctrl Pts',(6.00965903151642,-12.116173461428,-14.8764033030716));
#5660=CARTESIAN_POINT('Ctrl Pts',(5.79810844338989,-12.117646769344,-14.8804410867197));
#5661=CARTESIAN_POINT('Ctrl Pts',(5.69285297275858,-12.1182656677017,-14.8821512635391));
#5662=CARTESIAN_POINT('Ctrl Pts',(5.4808231398816,-12.1192454788845,-14.8848531047049));
#5663=CARTESIAN_POINT('Ctrl Pts',(5.37499757668495,-12.1196193092595,-14.8858894199221));
#5664=CARTESIAN_POINT('Ctrl Pts',(5.16253996486456,-12.120106622573,-14.8872467262184));
#5665=CARTESIAN_POINT('Ctrl Pts',(5.05620404385658,-12.1202326341947,-14.8875955458827));
#5666=CARTESIAN_POINT('Ctrl Pts',(4.84358344358368,-12.1202257582503,-14.8876012544965));
#5667=CARTESIAN_POINT('Ctrl Pts',(4.7372526077406,-12.1201006205552,-14.8872556792143));
#5668=CARTESIAN_POINT('Ctrl Pts',(4.52480086776499,-12.1196004995683,-14.8859095783576));
#5669=CARTESIAN_POINT('Ctrl Pts',(4.41898548542995,-12.1192245223986,-14.8848775163366));
#5670=CARTESIAN_POINT('Ctrl Pts',(4.206964948963,-12.118232965843,-14.8821866880135));
#5671=CARTESIAN_POINT('Ctrl Pts',(4.10171772147125,-12.1176088328781,-14.8804817705856));
#5672=CARTESIAN_POINT('Ctrl Pts',(3.89017634876891,-12.116123628751,-14.8764551188847));
#5673=CARTESIAN_POINT('Ctrl Pts',(3.78528036871406,-12.1152513643786,-14.8740864297475));
#5674=CARTESIAN_POINT('Ctrl Pts',(3.5741110878148,-12.1132668609686,-14.8687299492104));
#5675=CARTESIAN_POINT('Ctrl Pts',(3.46937023744882,-12.1121440973363,-14.8657015941574));
#5676=CARTESIAN_POINT('Ctrl Pts',(3.25845747929073,-12.1096532166234,-14.8590192963011));
#5677=CARTESIAN_POINT('Ctrl Pts',(3.15375814906272,-12.1082757009103,-14.8553331109843));
#5678=CARTESIAN_POINT('Ctrl Pts',(2.94302390996537,-12.1052705973488,-14.8473286946355));
#5679=CARTESIAN_POINT('Ctrl Pts',(2.83831800341901,-12.1036337533096,-14.8429861175557));
#5680=CARTESIAN_POINT('Ctrl Pts',(2.62771860880523,-12.1001060846598,-14.8336637846604));
#5681=CARTESIAN_POINT('Ctrl Pts',(2.52298886355489,-12.0982048588583,-14.828666337621));
#5682=CARTESIAN_POINT('Ctrl Pts',(2.31250002826996,-12.0941454845766,-14.8180308791958));
#5683=CARTESIAN_POINT('Ctrl Pts',(2.20774745363454,-12.0919754924307,-14.8123804272247));
#5684=CARTESIAN_POINT('Ctrl Pts',(1.99736186567415,-12.0873758400897,-14.8004373875602));
#5685=CARTESIAN_POINT('Ctrl Pts',(1.89259638324337,-12.0849320865218,-14.7941366311854));
#5686=CARTESIAN_POINT('Ctrl Pts',(1.682308971855,-12.0797880663375,-14.7808904405676));
#5687=CARTESIAN_POINT('Ctrl Pts',(1.57753520202528,-12.0770465153257,-14.7739470557997));
#5688=CARTESIAN_POINT('Ctrl Pts',(1.36735808724349,-12.0714060842621,-14.7593891137106));
#5689=CARTESIAN_POINT('Ctrl Pts',(1.26260114931845,-12.068522249248,-14.7517629948181));
#5690=CARTESIAN_POINT('Ctrl Pts',(1.05248864855938,-12.0625136237728,-14.7358574936213));
#5691=CARTESIAN_POINT('Ctrl Pts',(0.947698110096907,-12.0593959316649,-14.72756981246));
#5692=CARTESIAN_POINT('Ctrl Pts',(0.737867624576195,-12.0529334075588,-14.7103676749694));
#5693=CARTESIAN_POINT('Ctrl Pts',(0.633303343006634,-12.0496029240854,-14.7014451820771));
#5694=CARTESIAN_POINT('Ctrl Pts',(0.422881000918067,-12.0426370942713,-14.6828675564551));
#5695=CARTESIAN_POINT('Ctrl Pts',(0.317525974865913,-12.0389221956484,-14.673227645488));
#5696=CARTESIAN_POINT('Ctrl Pts',(0.136864261834598,-12.032542671898,-14.656193451996));
#5697=CARTESIAN_POINT('Ctrl Pts',(0.0336767107880092,-12.029085745797,-14.6461819292091));
#5698=CARTESIAN_POINT('Ctrl Pts',(-0.07176990547551,-12.0251193728652,-14.6356014895893));
#5699=CARTESIAN_POINT('Ctrl Pts',(-0.130619545572907,-12.022681077394,-14.629679858164));
#5700=CARTESIAN_POINT('Ctrl Pts',(-0.165232020369576,-12.0215378196934,
-14.6260760726102));
#5701=CARTESIAN_POINT('Ctrl Pts',(-0.224705727206694,-12.0178177321589,
-14.6198872587864));
#5702=CARTESIAN_POINT('Ctrl Pts',(-0.24996974988368,-12.0159069321761,-14.6172938458494));
#5703=CARTESIAN_POINT('Ctrl Pts',(-0.283094721713463,-12.0126637107333,
-14.6139857247734));
#5704=CARTESIAN_POINT('Ctrl Pts',(-0.303182487711881,-12.0105014686448,
-14.612001623607));
#5705=CARTESIAN_POINT('Ctrl Pts',(-0.313632829378257,-12.0093144266231,
-14.6109759395536));
#5706=CARTESIAN_POINT('Ctrl Pts',(-0.332604787980361,-12.0070972092773,
-14.6091214264127));
#5707=CARTESIAN_POINT('Ctrl Pts',(-0.3630309843103,-12.003587604896,-14.6060989011811));
#5708=CARTESIAN_POINT('Ctrl Pts',(-0.404965160858239,-11.9969756827472,
-14.6021360317502));
#5709=CARTESIAN_POINT('Ctrl Pts',(-0.463226604438496,-11.9861482801793,
-14.5968523831378));
#5710=CARTESIAN_POINT('Ctrl Pts',(-0.503265782978178,-11.9779175649294,
-14.5932886083284));
#5711=CARTESIAN_POINT('Ctrl Pts',(-0.56072885327912,-11.9642463937346,-14.5883991758734));
#5712=CARTESIAN_POINT('Ctrl Pts',(-0.600564365618428,-11.9537483460346,
-14.5851376763575));
#5713=CARTESIAN_POINT('Ctrl Pts',(-0.632315321310077,-11.9446606937894,
-14.5825431976026));
#5714=CARTESIAN_POINT('Ctrl Pts',(-0.669380164817328,-11.933758769762,-14.5795406862423));
#5715=CARTESIAN_POINT('Ctrl Pts',(-0.708237208599452,-11.9215421528148,
-14.5764876133544));
#5716=CARTESIAN_POINT('Ctrl Pts',(-0.738342472443251,-11.9114111508078,
-14.5741342018327));
#5717=CARTESIAN_POINT('Ctrl Pts',(-0.772488368693229,-11.8995913489723,
-14.5714931304948));
#5718=CARTESIAN_POINT('Ctrl Pts',(-0.809617489172726,-11.8861729134351,
-14.5686616337555));
#5719=CARTESIAN_POINT('Ctrl Pts',(-0.841518294727624,-11.8738169869667,
-14.5662806219876));
#5720=CARTESIAN_POINT('Ctrl Pts',(-0.895887964760321,-11.8521405218266,
-14.5622737987749));
#5721=CARTESIAN_POINT('Ctrl Pts',(-0.929118892234663,-11.8377955734576,
-14.5598865686732));
#5722=CARTESIAN_POINT('Ctrl Pts',(-0.996406700139621,-11.8074018078413,
-14.555133299866));
#5723=CARTESIAN_POINT('Ctrl Pts',(-1.02945474465471,-11.7913940949027,-14.5528699538863));
#5724=CARTESIAN_POINT('Ctrl Pts',(-1.09584081007031,-11.7577186912185,-14.5484192303889));
#5725=CARTESIAN_POINT('Ctrl Pts',(-1.12827924826852,-11.7401620334748,-14.546315762181));
#5726=CARTESIAN_POINT('Ctrl Pts',(-1.19293350495385,-11.7035299512152,-14.5422387674654));
#5727=CARTESIAN_POINT('Ctrl Pts',(-1.22458836361557,-11.6844671396077,-14.5403248131878));
#5728=CARTESIAN_POINT('Ctrl Pts',(-1.28745099672061,-11.6448616445281,-14.5366526010755));
#5729=CARTESIAN_POINT('Ctrl Pts',(-1.31819350701666,-11.6243356669877,-14.5349448912711));
#5730=CARTESIAN_POINT('Ctrl Pts',(-1.37903889207157,-11.5818384892008,-14.531714402671));
#5731=CARTESIAN_POINT('Ctrl Pts',(-1.40878593922454,-11.5598631980355,-14.5302329549089));
#5732=CARTESIAN_POINT('Ctrl Pts',(-1.46749824852324,-11.5144904818921,-14.5274784829093));
#5733=CARTESIAN_POINT('Ctrl Pts',(-1.49616458876476,-11.4910885479281,-14.5262413199658));
#5734=CARTESIAN_POINT('Ctrl Pts',(-1.55258245281141,-11.4428928934049,-14.5239985855574));
#5735=CARTESIAN_POINT('Ctrl Pts',(-1.58008324327542,-11.4180910574478,-14.523024383114));
#5736=CARTESIAN_POINT('Ctrl Pts',(-1.63404978310614,-11.367126959883,-14.5213297536332));
#5737=CARTESIAN_POINT('Ctrl Pts',(-1.6602995214123,-11.3409562724947,-14.5206372325134));
#5738=CARTESIAN_POINT('Ctrl Pts',(-1.71165124590086,-11.2872896681744,-14.5195270118072));
#5739=CARTESIAN_POINT('Ctrl Pts',(-1.73656240332543,-11.2597876585696,-14.5191344372348));
#5740=CARTESIAN_POINT('Ctrl Pts',(-1.7851135826083,-11.2035131061883,-14.5186452994419));
#5741=CARTESIAN_POINT('Ctrl Pts',(-1.80858634859431,-11.1747352159555,-14.5185712138518));
#5742=CARTESIAN_POINT('Ctrl Pts',(-1.85407360414049,-11.1160571504323,-14.5187389005358));
#5743=CARTESIAN_POINT('Ctrl Pts',(-1.8759473713297,-11.0861530512712,-14.5189998791757));
#5744=CARTESIAN_POINT('Ctrl Pts',(-1.91812759490037,-11.0253067849699,-14.5198538605102));
#5745=CARTESIAN_POINT('Ctrl Pts',(-1.93830956912246,-10.9943625652129,-14.5204640615591));
#5746=CARTESIAN_POINT('Ctrl Pts',(-1.97701430497853,-10.9315053035631,-14.522031289059));
#5747=CARTESIAN_POINT('Ctrl Pts',(-1.99542310186611,-10.8995932743581,-14.5230041531731));
#5748=CARTESIAN_POINT('Ctrl Pts',(-2.03048428502379,-10.8348760008325,-14.5253109419127));
#5749=CARTESIAN_POINT('Ctrl Pts',(-2.04703095782781,-10.8020725795477,-14.5266600324162));
#5750=CARTESIAN_POINT('Ctrl Pts',(-2.07826281510979,-10.7356520777697,-14.5297328686917));
#5751=CARTESIAN_POINT('Ctrl Pts',(-2.09284759710538,-10.7020390314429,-14.531471331434));
#5752=CARTESIAN_POINT('Ctrl Pts',(-2.12003251241407,-10.6340843833938,-14.5353370976615));
#5753=CARTESIAN_POINT('Ctrl Pts',(-2.13254620372453,-10.599751637707,-14.5374757625025));
#5754=CARTESIAN_POINT('Ctrl Pts',(-2.15540445383145,-10.5304337452439,-14.5421676340909));
#5755=CARTESIAN_POINT('Ctrl Pts',(-2.16573966892247,-10.4954872436067,-14.5447085992314));
#5756=CARTESIAN_POINT('Ctrl Pts',(-2.17928057779342,-10.4429992766018,-14.5488405999064));
#5757=CARTESIAN_POINT('Ctrl Pts',(-2.18346422545037,-10.4252240888128,-14.5503077968757));
#5758=CARTESIAN_POINT('Ctrl Pts',(-2.18741761331402,-10.4075708348445,-14.5517831528655));
#5759=CARTESIAN_POINT('Ctrl Pts',(-2.14552035470368,-10.3919498781883,-14.5235308401132));
#5760=CARTESIAN_POINT('Ctrl Pts',(-2.14949816585717,-10.374459134269,-14.5249821150416));
#5761=CARTESIAN_POINT('Ctrl Pts',(-2.15328880708345,-10.3571024170544,-14.5264295483646));
#5762=CARTESIAN_POINT('Ctrl Pts',(-2.16486653306866,-10.304731110946,-14.5306846554555));
#5763=CARTESIAN_POINT('Ctrl Pts',(-2.17231248081728,-10.2701529530361,-14.5334363285021));
#5764=CARTESIAN_POINT('Ctrl Pts',(-2.18647217855932,-10.2010396662446,-14.5389488142052));
#5765=CARTESIAN_POINT('Ctrl Pts',(-2.19315724825062,-10.1665271606182,-14.5417083477664));
#5766=CARTESIAN_POINT('Ctrl Pts',(-2.20561401531178,-10.0974527166371,-14.5473091032571));
#5767=CARTESIAN_POINT('Ctrl Pts',(-2.21136505635224,-10.062907803134,-14.550149178537));
#5768=CARTESIAN_POINT('Ctrl Pts',(-2.22185492554432,-9.99373928558845,-14.5559445116626));
#5769=CARTESIAN_POINT('Ctrl Pts',(-2.22656407500969,-9.95913300593933,-14.5589016926547));
#5770=CARTESIAN_POINT('Ctrl Pts',(-2.23490653206554,-9.88977186572171,-14.564966364725));
#5771=CARTESIAN_POINT('Ctrl Pts',(-2.2385346835866,-9.85501683919673,-14.5680721531757));
#5772=CARTESIAN_POINT('Ctrl Pts',(-2.24469545132682,-9.78548334862498,-14.5743931233443));
#5773=CARTESIAN_POINT('Ctrl Pts',(-2.24713942136582,-9.75077444822314,-14.5776182606527));
#5774=CARTESIAN_POINT('Ctrl Pts',(-2.25127041958963,-9.66851228864435,-14.5856244363491));
#5775=CARTESIAN_POINT('Ctrl Pts',(-2.25453167524903,-9.57324197617992,-14.5952120954615));
#5776=CARTESIAN_POINT('Ctrl Pts',(-2.26122535828694,-9.38274612261067,-14.6142574416284));
#5777=CARTESIAN_POINT('Ctrl Pts',(-2.28345772155304,-8.6685321782771,-14.6857241228761));
#5778=CARTESIAN_POINT('Ctrl Pts',(-2.29611908068522,-8.00164219887726,-14.7522205620813));
#5779=CARTESIAN_POINT('Ctrl Pts',(-2.32473774732028,-6.66858618774496,-14.8814993004881));
#5780=CARTESIAN_POINT('Ctrl Pts',(-2.34428858612083,-5.90417088972417,-14.9526390457695));
#5781=CARTESIAN_POINT('Ctrl Pts',(-2.37634215025713,-4.37651739081693,-15.0891407949327));
#5782=CARTESIAN_POINT('Ctrl Pts',(-2.38922580479894,-3.61336655461924,-15.1547314279011));
#5783=CARTESIAN_POINT('Ctrl Pts',(-2.41766789823949,-2.08120430807283,-15.2763354790008));
#5784=CARTESIAN_POINT('Ctrl Pts',(-2.43317248240225,-1.3130734242878,-15.3321162240408));
#5785=CARTESIAN_POINT('Ctrl Pts',(-2.43705814367948,-0.502454550764448,
-15.38711636848));
#5786=CARTESIAN_POINT('Ctrl Pts',(-2.43719288359722,-0.465925527768193,
-15.3895894380762));
#5787=CARTESIAN_POINT('Ctrl Pts',(-2.43737277967432,-0.393903811974425,
-15.394490690197));
#5788=CARTESIAN_POINT('Ctrl Pts',(-2.43741098827617,-0.357857325626915,
-15.3969634726287));
#5789=CARTESIAN_POINT('Ctrl Pts',(-2.43736829388407,-0.28534535750682,-15.401946081693));
#5790=CARTESIAN_POINT('Ctrl Pts',(-2.4373697242839,-0.249025706208107,-15.4044223207788));
#5791=CARTESIAN_POINT('Ctrl Pts',(-2.43624630679615,-0.176351252870573,
-15.4096012624252));
#5792=CARTESIAN_POINT('Ctrl Pts',(-2.43498446339427,-0.139997889466207,
-15.4123409776634));
#5793=CARTESIAN_POINT('Ctrl Pts',(-2.43135320767302,-0.0672284636940326,
-15.4180462509587));
#5794=CARTESIAN_POINT('Ctrl Pts',(-2.42901658830435,-0.0308170722106139,
-15.4210010599169));
#5795=CARTESIAN_POINT('Ctrl Pts',(-2.42323280945691,0.042043275529257,-15.4271227496987));
#5796=CARTESIAN_POINT('Ctrl Pts',(-2.41976376854408,0.0784857272230264,
-15.4302944783661));
#5797=CARTESIAN_POINT('Ctrl Pts',(-2.41170543603675,0.151395643762133,-15.4368399608618));
#5798=CARTESIAN_POINT('Ctrl Pts',(-2.40710805187776,0.187859984136736,-15.4402143873513));
#5799=CARTESIAN_POINT('Ctrl Pts',(-2.39677049011376,0.26079895660529,-15.4471550639786));
#5800=CARTESIAN_POINT('Ctrl Pts',(-2.39101226327193,0.297271267300904,-15.4507239838963));
#5801=CARTESIAN_POINT('Ctrl Pts',(-2.37801012166591,0.370092736095387,-15.4581475838952));
#5802=CARTESIAN_POINT('Ctrl Pts',(-2.37072260431459,0.406424547617804,-15.462016072222));
#5803=CARTESIAN_POINT('Ctrl Pts',(-2.35459739280139,0.478878458620918,-15.470063289525));
#5804=CARTESIAN_POINT('Ctrl Pts',(-2.34577094439697,0.515006863637018,-15.4742369161887));
#5805=CARTESIAN_POINT('Ctrl Pts',(-2.32661582190367,0.587013473749572,-15.4828747444553));
#5806=CARTESIAN_POINT('Ctrl Pts',(-2.31627088911399,0.622888289003883,-15.4873434581427));
#5807=CARTESIAN_POINT('Ctrl Pts',(-2.29402794207599,0.694283891460919,-15.4965857220539));
#5808=CARTESIAN_POINT('Ctrl Pts',(-2.28212744248866,0.72980657433858,-15.5013595810138));
#5809=CARTESIAN_POINT('Ctrl Pts',(-2.25676420035644,0.800425671092974,-15.5112116426268));
#5810=CARTESIAN_POINT('Ctrl Pts',(-2.24329899120515,0.835524867126027,-15.5162905120734));
#5811=CARTESIAN_POINT('Ctrl Pts',(-2.21478257629571,0.905217631574546,-15.526757169408));
#5812=CARTESIAN_POINT('Ctrl Pts',(-2.19973069808582,0.939816744091207,-15.5321454887023));
#5813=CARTESIAN_POINT('Ctrl Pts',(-2.16801720721328,1.00843101967056,-15.5432345482313));
#5814=CARTESIAN_POINT('Ctrl Pts',(-2.15135795318348,1.04245217141498,-15.5489351424232));
#5815=CARTESIAN_POINT('Ctrl Pts',(-2.11640639727341,1.10982496059352,-15.5606518289475));
#5816=CARTESIAN_POINT('Ctrl Pts',(-2.09811771613703,1.14318640964069,-15.5666678179175));
#5817=CARTESIAN_POINT('Ctrl Pts',(-2.05987815395651,1.20915168152863,-15.579019801476));
#5818=CARTESIAN_POINT('Ctrl Pts',(-2.03993422338,1.24176735126105,-15.5853549436756));
#5819=CARTESIAN_POINT('Ctrl Pts',(-1.9983568898302,1.30614579420446,-15.5983485591151));
#5820=CARTESIAN_POINT('Ctrl Pts',(-1.97673235315994,1.33792411605064,-15.6050060207507));
#5821=CARTESIAN_POINT('Ctrl Pts',(-1.93178152698664,1.40050047981664,-15.6186430942192));
#5822=CARTESIAN_POINT('Ctrl Pts',(-1.90846561885111,1.43132299141093,-15.6256217034797));
#5823=CARTESIAN_POINT('Ctrl Pts',(-1.86016343798015,1.49180584094932,-15.6398850903348));
#5824=CARTESIAN_POINT('Ctrl Pts',(-1.83519845160121,1.52149367298678,-15.6471664260736));
#5825=CARTESIAN_POINT('Ctrl Pts',(-1.78360109849302,1.57957907195866,-15.6620294077289));
#5826=CARTESIAN_POINT('Ctrl Pts',(-1.75699031345635,1.6080138538341,-15.6696082161991));
#5827=CARTESIAN_POINT('Ctrl Pts',(-1.70209543800192,1.6634670065454,-15.6850628653018));
#5828=CARTESIAN_POINT('Ctrl Pts',(-1.67383698561966,1.69053098569356,-15.6929348896933));
#5829=CARTESIAN_POINT('Ctrl Pts',(-1.61564797707844,1.74310658111105,-15.7089697796967));
#5830=CARTESIAN_POINT('Ctrl Pts',(-1.58574519963102,1.7686737678176,-15.717128738454));
#5831=CARTESIAN_POINT('Ctrl Pts',(-1.52427398486709,1.81810826015432,-15.7337301729066));
#5832=CARTESIAN_POINT('Ctrl Pts',(-1.49273446659348,1.84204388535462,-15.7421688128336));
#5833=CARTESIAN_POINT('Ctrl Pts',(-1.42800355240133,1.888057427375,-15.7593200450007));
#5834=CARTESIAN_POINT('Ctrl Pts',(-1.39484248532201,1.91021759628065,-15.7680288301329));
#5835=CARTESIAN_POINT('Ctrl Pts',(-1.32692915120813,1.95248900833052,-15.7856988259368));
#5836=CARTESIAN_POINT('Ctrl Pts',(-1.29220442418419,1.97270315213178,-15.7946577323113));
#5837=CARTESIAN_POINT('Ctrl Pts',(-1.22140925512576,2.01079816737893,-15.8127584326995));
#5838=CARTESIAN_POINT('Ctrl Pts',(-1.18537277960262,2.02881389133216,-15.8218976239078));
#5839=CARTESIAN_POINT('Ctrl Pts',(-1.11205167577474,2.0623538043969,-15.8403275867096));
#5840=CARTESIAN_POINT('Ctrl Pts',(-1.07484211550874,2.07801411210573,-15.8496069671842));
#5841=CARTESIAN_POINT('Ctrl Pts',(-0.99936232652513,2.10667557087291,-15.8682786448414));
#5842=CARTESIAN_POINT('Ctrl Pts',(-0.961004611513201,2.11989931168699,-15.8777001954927));
#5843=CARTESIAN_POINT('Ctrl Pts',(-0.883085758292155,2.14356113666726,-15.8966633803071));
#5844=CARTESIAN_POINT('Ctrl Pts',(-0.84393118705054,2.15411493810885,-15.9061073152563));
#5845=CARTESIAN_POINT('Ctrl Pts',(-0.765399070247662,2.17218043637587,-15.9249881620647));
#5846=CARTESIAN_POINT('Ctrl Pts',(-0.724765208886132,2.17989928699471,-15.9348560627323));
#5847=CARTESIAN_POINT('Ctrl Pts',(-0.641006379176851,2.1931467574403,-15.9544145147448));
#5848=CARTESIAN_POINT('Ctrl Pts',(-0.601441735570423,2.19851718365671,-15.9632839379177));
#5849=CARTESIAN_POINT('Ctrl Pts',(-0.507401505029873,2.20955992268351,-15.9844802976283));
#5850=CARTESIAN_POINT('Ctrl Pts',(-0.394951189826001,2.22010008847936,-16.0098605959785));
#5851=CARTESIAN_POINT('Ctrl Pts',(-0.280473748957723,2.22949144294869,-16.0349968939757));
#5852=CARTESIAN_POINT('Ctrl Pts',(-0.114611995783191,2.24254643880038,-16.0712547424668));
#5853=CARTESIAN_POINT('Ctrl Pts',(-0.00333684323988692,2.25110273101338,
-16.0951900428048));
#5854=CARTESIAN_POINT('Ctrl Pts',(0.221607308610488,2.26825084716616,-16.1416953993584));
#5855=CARTESIAN_POINT('Ctrl Pts',(0.334252131901966,2.27650901352631,-16.1642583595336));
#5856=CARTESIAN_POINT('Ctrl Pts',(0.559941605079801,2.29221849079827,-16.2080112268774));
#5857=CARTESIAN_POINT('Ctrl Pts',(0.672812257088287,2.29976029489563,-16.2292293301636));
#5858=CARTESIAN_POINT('Ctrl Pts',(0.89948513456939,2.31424870449397,-16.2702005649041));
#5859=CARTESIAN_POINT('Ctrl Pts',(1.01283325258987,2.32118785829167,-16.289983822704));
#5860=CARTESIAN_POINT('Ctrl Pts',(1.2404107802746,2.33441481663402,-16.3280337855637));
#5861=CARTESIAN_POINT('Ctrl Pts',(1.35414706779634,2.34071943387461,-16.3463353615864));
#5862=CARTESIAN_POINT('Ctrl Pts',(1.5826056288011,2.35269074555861,-16.3813577026049));
#5863=CARTESIAN_POINT('Ctrl Pts',(1.69671210291182,2.35836890268212,-16.3981204149656));
#5864=CARTESIAN_POINT('Ctrl Pts',(1.92600693606411,2.36908512575466,-16.4300062205775));
#5865=CARTESIAN_POINT('Ctrl Pts',(2.04043831275037,2.37413711796735,-16.4451787423638));
#5866=CARTESIAN_POINT('Ctrl Pts',(2.27051878797943,2.38360340491093,-16.4738262206241));
#5867=CARTESIAN_POINT('Ctrl Pts',(2.38522442345797,2.38803380503225,-16.4873598241));
#5868=CARTESIAN_POINT('Ctrl Pts',(2.61603349050344,2.39625925206643,-16.5126735716203));
#5869=CARTESIAN_POINT('Ctrl Pts',(2.73095199370764,2.40007502764335,-16.5245236892204));
#5870=CARTESIAN_POINT('Ctrl Pts',(2.96244337105743,2.4070730402401,-16.5464163553518));
#5871=CARTESIAN_POINT('Ctrl Pts',(3.07751154738627,2.41028340610834,-16.5565430449882));
#5872=CARTESIAN_POINT('Ctrl Pts',(3.30965555434063,2.41607029524404,-16.5749368362429));
#5873=CARTESIAN_POINT('Ctrl Pts',(3.42482031765321,2.41868758015034,-16.5833067286457));
#5874=CARTESIAN_POINT('Ctrl Pts',(3.65767401751539,2.42328487472964,-16.5981355905703));
#5875=CARTESIAN_POINT('Ctrl Pts',(3.77296274978429,2.42532343640421,-16.6047233075046));
#5876=CARTESIAN_POINT('Ctrl Pts',(4.00676031172258,2.42875549255397,-16.615931824771));
#5877=CARTESIAN_POINT('Ctrl Pts',(4.1224160758492,2.43019527845973,-16.6207335476336));
#5878=CARTESIAN_POINT('Ctrl Pts',(4.35781887121867,2.43236207605827,-16.628329857495));
#5879=CARTESIAN_POINT('Ctrl Pts',(4.47464963633354,2.43319948882205,-16.6313212596823));
#5880=CARTESIAN_POINT('Ctrl Pts',(4.71221862983336,2.43420254974821,-16.6351805986951));
#5881=CARTESIAN_POINT('Ctrl Pts',(4.830898649733,2.4344538965459,-16.6362298408386));
#5882=CARTESIAN_POINT('Ctrl Pts',(5.06929280465712,2.43442519203786,-16.6362531968277));
#5883=CARTESIAN_POINT('Ctrl Pts',(5.18798752665137,2.43411461044062,-16.6352432411106));
#5884=CARTESIAN_POINT('Ctrl Pts',(5.42557357102751,2.43305482668134,-16.6314304010625));
#5885=CARTESIAN_POINT('Ctrl Pts',(5.54242241563272,2.43217762552809,-16.6284675299488));
#5886=CARTESIAN_POINT('Ctrl Pts',(5.77784465807829,2.42996095131312,-16.6209138710816));
#5887=CARTESIAN_POINT('Ctrl Pts',(5.89350561098632,2.42849451771522,-16.6161340389823));
#5888=CARTESIAN_POINT('Ctrl Pts',(6.12731185236732,2.42502521297337,-16.604961618911));
#5889=CARTESIAN_POINT('Ctrl Pts',(6.24259948184205,2.42291355351062,-16.5984169466225));
#5890=CARTESIAN_POINT('Ctrl Pts',(6.47545608532797,2.41810271184168,-16.583704942586));
#5891=CARTESIAN_POINT('Ctrl Pts',(6.59062026249672,2.41530798831585,-16.5754256671454));
#5892=CARTESIAN_POINT('Ctrl Pts',(6.82277120264591,2.40909680900509,-16.5572428682254));
#5893=CARTESIAN_POINT('Ctrl Pts',(6.9378402458992,2.40559778190677,-16.5472554923428));
#5894=CARTESIAN_POINT('Ctrl Pts',(7.16934133585539,2.39795611347761,-16.5256681316418));
#5895=CARTESIAN_POINT('Ctrl Pts',(7.28426421120144,2.39374852115259,-16.5140003706974));
#5896=CARTESIAN_POINT('Ctrl Pts',(7.51509039369184,2.38467022861081,-16.4890763954173));
#5897=CARTESIAN_POINT('Ctrl Pts',(7.62980193256542,2.37975990057338,-16.475758552408));
#5898=CARTESIAN_POINT('Ctrl Pts',(7.85990130274887,2.36926045655211,-16.4475675510628));
#5899=CARTESIAN_POINT('Ctrl Pts',(7.97434039892016,2.36365598380277,-16.4326352028673));
#5900=CARTESIAN_POINT('Ctrl Pts',(8.20365733761254,2.35177057480385,-16.4012481830577));
#5901=CARTESIAN_POINT('Ctrl Pts',(8.31777171766558,2.34548421784815,-16.384740491614));
#5902=CARTESIAN_POINT('Ctrl Pts',(8.54625133894743,2.33223887481858,-16.3502416462773));
#5903=CARTESIAN_POINT('Ctrl Pts',(8.6599853063388,2.32566459229849,-16.3320423757025));
#5904=CARTESIAN_POINT('Ctrl Pts',(8.88755353330343,2.31224490322206,-16.294051782012));
#5905=CARTESIAN_POINT('Ctrl Pts',(9.00088948469538,2.30537393796183,-16.274229286549));
#5906=CARTESIAN_POINT('Ctrl Pts',(9.22753672006582,2.2911959664946,-16.2331093831871));
#5907=CARTESIAN_POINT('Ctrl Pts',(9.34039081847675,2.28387988409676,-16.2117892291534));
#5908=CARTESIAN_POINT('Ctrl Pts',(9.56604772433804,2.26876555427194,-16.1677746887004));
#5909=CARTESIAN_POINT('Ctrl Pts',(9.67866598104216,2.26098062490762,-16.1450115124168));
#5910=CARTESIAN_POINT('Ctrl Pts',(9.90355554013371,2.24481068169611,-16.0981015001611));
#5911=CARTESIAN_POINT('Ctrl Pts',(10.0148157062156,2.23638099160484,-16.0741164012511));
#5912=CARTESIAN_POINT('Ctrl Pts',(10.2379110281287,2.21927526455925,-16.0251382392382));
#5913=CARTESIAN_POINT('Ctrl Pts',(10.3523229841713,2.20966866545384,-15.9998435996024));
#5914=CARTESIAN_POINT('Ctrl Pts',(10.5013396955637,2.19260428568113,-15.9660472522952));
#5915=CARTESIAN_POINT('Ctrl Pts',(10.5407100843865,2.18774214678053,-15.957020442443));
#5916=CARTESIAN_POINT('Ctrl Pts',(10.6243073187178,2.17514727266713,-15.9372475035107));
#5917=CARTESIAN_POINT('Ctrl Pts',(10.6649711227732,2.16717335790526,-15.9274633483195));
#5918=CARTESIAN_POINT('Ctrl Pts',(10.7437176283983,2.1489087734282,-15.9085629242701));
#5919=CARTESIAN_POINT('Ctrl Pts',(10.7830385845337,2.13835188954989,-15.8990434656075));
#5920=CARTESIAN_POINT('Ctrl Pts',(10.8611253988032,2.1145861419264,-15.8800096267639));
#5921=CARTESIAN_POINT('Ctrl Pts',(10.8994985436506,2.10129433984231,-15.8705782294082));
#5922=CARTESIAN_POINT('Ctrl Pts',(10.974877173949,2.07253775561014,-15.8519139528363));
#5923=CARTESIAN_POINT('Ctrl Pts',(11.0119707317342,2.05684681552699,-15.842656164612));
#5924=CARTESIAN_POINT('Ctrl Pts',(11.0849186417946,2.02327318892542,-15.8243152119183));
#5925=CARTESIAN_POINT('Ctrl Pts',(11.1207060594039,2.0052607897503,-15.8152418233797));
#5926=CARTESIAN_POINT('Ctrl Pts',(11.1909092936193,1.96720244970759,-15.797306536964));
#5927=CARTESIAN_POINT('Ctrl Pts',(11.2252961629434,1.94702546458817,-15.7884467967996));
#5928=CARTESIAN_POINT('Ctrl Pts',(11.2926528996755,1.90473307163149,-15.77095549973));
#5929=CARTESIAN_POINT('Ctrl Pts',(11.3255793464043,1.88251604898762,-15.7623294063446));
#5930=CARTESIAN_POINT('Ctrl Pts',(11.3899555668847,1.83625571469499,-15.7453245948923));
#5931=CARTESIAN_POINT('Ctrl Pts',(11.4213626781139,1.81212763146754,-15.7369514419894));
#5932=CARTESIAN_POINT('Ctrl Pts',(11.4825465763252,1.76223750838104,-15.7204967426333));
#5933=CARTESIAN_POINT('Ctrl Pts',(11.5122914893161,1.73640712371654,-15.7124189578078));
#5934=CARTESIAN_POINT('Ctrl Pts',(11.5700419926518,1.68330329046598,-15.6965881761982));
#5935=CARTESIAN_POINT('Ctrl Pts',(11.5980233341172,1.65597631452442,-15.6888379436333));
#5936=CARTESIAN_POINT('Ctrl Pts',(11.6522434990251,1.59999599209776,-15.6736657683954));
#5937=CARTESIAN_POINT('Ctrl Pts',(11.6784565763279,1.57130246181949,-15.6662474620985));
#5938=CARTESIAN_POINT('Ctrl Pts',(11.7291327666206,1.51270705482201,-15.6517436413));
#5939=CARTESIAN_POINT('Ctrl Pts',(11.7535739481774,1.482771202779,-15.6446612415392));
#5940=CARTESIAN_POINT('Ctrl Pts',(11.8007018408739,1.42179913349311,-15.6308318305309));
#5941=CARTESIAN_POINT('Ctrl Pts',(11.8233690485508,1.39073595178899,-15.6240877085182));
#5942=CARTESIAN_POINT('Ctrl Pts',(11.8669416632126,1.32761257018297,-15.6109371622542));
#5943=CARTESIAN_POINT('Ctrl Pts',(11.8878303319062,1.29553089672077,-15.6045332931401));
#5944=CARTESIAN_POINT('Ctrl Pts',(11.9278362519415,1.23046959185669,-15.5920645894487));
#5945=CARTESIAN_POINT('Ctrl Pts',(11.9469396003586,1.19747382023734,-15.5860018777233));
#5946=CARTESIAN_POINT('Ctrl Pts',(11.9833520390014,1.13069483754066,-15.5742195201148));
#5947=CARTESIAN_POINT('Ctrl Pts',(12.0006513324642,1.09690021810314,-15.5685011999447));
#5948=CARTESIAN_POINT('Ctrl Pts',(12.0334200414609,1.0286653169144,-15.5574138212052));
#5949=CARTESIAN_POINT('Ctrl Pts',(12.0488823111768,0.994213660187391,-15.5520465203704));
#5950=CARTESIAN_POINT('Ctrl Pts',(12.0779522675979,0.924739253792321,-15.5416621047653));
#5951=CARTESIAN_POINT('Ctrl Pts',(12.0915776867102,0.889725745143967,-15.5366368320588));
#5952=CARTESIAN_POINT('Ctrl Pts',(12.1169727442298,0.819213988453767,-15.5269263015503));
#5953=CARTESIAN_POINT('Ctrl Pts',(12.1285864903263,0.783625696010022,-15.522294910376));
#5954=CARTESIAN_POINT('Ctrl Pts',(12.1502338167236,0.712229587195739,-15.513252446395));
#5955=CARTESIAN_POINT('Ctrl Pts',(12.16060127134,0.676597827490233,-15.5087312120831));
#5956=CARTESIAN_POINT('Ctrl Pts',(12.1805002924707,0.605437082400586,-15.4997279895583));
#5957=CARTESIAN_POINT('Ctrl Pts',(12.1900182064397,0.569898529911152,-15.4952513114294));
#5958=CARTESIAN_POINT('Ctrl Pts',(12.2081961354049,0.498853483746398,-15.4863943797197));
#5959=CARTESIAN_POINT('Ctrl Pts',(12.2168572398835,0.463346581945683,-15.4820143969923));
#5960=CARTESIAN_POINT('Ctrl Pts',(12.233313721816,0.392320614495613,-15.4733893908734));
#5961=CARTESIAN_POINT('Ctrl Pts',(12.2411128656387,0.356803263789744,-15.4691439044545));
#5962=CARTESIAN_POINT('Ctrl Pts',(12.255835156725,0.285725493539305,-15.4608170902411));
#5963=CARTESIAN_POINT('Ctrl Pts',(12.2627635811466,0.250168116654622,-15.456734940843));
#5964=CARTESIAN_POINT('Ctrl Pts',(12.275730106283,0.178994408722118,-15.4487577541524));
#5965=CARTESIAN_POINT('Ctrl Pts',(12.2817749481453,0.143382733361088,-15.4448615675226));
#5966=CARTESIAN_POINT('Ctrl Pts',(12.2929572549988,0.0720916668749869,-15.4372738429429));
#5967=CARTESIAN_POINT('Ctrl Pts',(12.2981029187487,0.0364191095845326,-15.4335808664293));
#5968=CARTESIAN_POINT('Ctrl Pts',(12.3074672606849,-0.0350089725073118,
-15.4264119921775));
#5969=CARTESIAN_POINT('Ctrl Pts',(12.3116963269633,-0.0707595352264056,
-15.4229339067434));
#5970=CARTESIAN_POINT('Ctrl Pts',(12.3192133794766,-0.142355532071299,-15.4162014876008));
#5971=CARTESIAN_POINT('Ctrl Pts',(12.3225119453971,-0.178180108102194,-15.4129460438263));
#5972=CARTESIAN_POINT('Ctrl Pts',(12.328121257856,-0.24992383571048,-15.4066717521546));
#5973=CARTESIAN_POINT('Ctrl Pts',(12.3304444503918,-0.285874507997953,-15.4036473730412));
#5974=CARTESIAN_POINT('Ctrl Pts',(12.3341528226232,-0.357886679169215,-15.3978166634769));
#5975=CARTESIAN_POINT('Ctrl Pts',(12.335565686518,-0.393773596597883,-15.3950167818041));
#5976=CARTESIAN_POINT('Ctrl Pts',(12.3371715907652,-0.465628891513627,-15.3897119551358));
#5977=CARTESIAN_POINT('Ctrl Pts',(12.3372928376147,-0.502132390903593,-15.387180423308));
#5978=CARTESIAN_POINT('Ctrl Pts',(12.3356772349962,-1.31273068765519,-15.3316237895328));
#5979=CARTESIAN_POINT('Ctrl Pts',(12.320096078315,-2.08091928140082,-15.2758065270132));
#5980=CARTESIAN_POINT('Ctrl Pts',(12.2896908089003,-3.61311333138898,-15.1545868843268));
#5981=CARTESIAN_POINT('Ctrl Pts',(12.2762163665795,-4.37630665961686,-15.0891031306857));
#5982=CARTESIAN_POINT('Ctrl Pts',(12.2441901548146,-5.90402122250389,-14.9525385883909));
#5983=CARTESIAN_POINT('Ctrl Pts',(12.2242507298607,-6.66846811875216,-14.8814554181233));
#5984=CARTESIAN_POINT('Ctrl Pts',(12.1983004415571,-7.80976763359468,-14.771088657157));
#5985=CARTESIAN_POINT('Ctrl Pts',(12.1812409363075,-8.57367490522691,-14.6959975080674));
#5986=CARTESIAN_POINT('Ctrl Pts',(12.1621666820773,-9.33500283561021,-14.6191618937014));
#5987=CARTESIAN_POINT('Ctrl Pts',(12.1465474326715,-9.75079304784641,-14.5775001284543));
#5988=CARTESIAN_POINT('Ctrl Pts',(12.1445293827791,-9.78549581407737,-14.5741781130657));
#5989=CARTESIAN_POINT('Ctrl Pts',(12.1404889196843,-9.85516750945229,-14.567367309298));
#5990=CARTESIAN_POINT('Ctrl Pts',(12.1382143338818,-9.89006783315748,-14.563942701971));
#5991=CARTESIAN_POINT('Ctrl Pts',(12.1330896821684,-9.95988441935987,-14.5570912317192));
#5992=CARTESIAN_POINT('Ctrl Pts',(12.1300771436746,-9.99480906878402,-14.5537017771724));
#5993=CARTESIAN_POINT('Ctrl Pts',(12.1218457168944,-10.0645959818616,-14.5472877196891));
#5994=CARTESIAN_POINT('Ctrl Pts',(12.116823438612,-10.0994409976177,-14.5442240862049));
#5995=CARTESIAN_POINT('Ctrl Pts',(12.1051742648286,-10.1690218743841,-14.5383258113165));
#5996=CARTESIAN_POINT('Ctrl Pts',(12.0985498655909,-10.2037438930948,-14.5354959642677));
#5997=CARTESIAN_POINT('Ctrl Pts',(12.0835298443297,-10.2729983791699,-14.5301087789558));
#5998=CARTESIAN_POINT('Ctrl Pts',(12.0751916512437,-10.3075175419463,-14.527543813137));
#5999=CARTESIAN_POINT('Ctrl Pts',(12.05677379987,-10.3762948313193,-14.5226822875128));
#6000=CARTESIAN_POINT('Ctrl Pts',(12.0467439296066,-10.4105380947928,-14.5203808158695));
#6001=CARTESIAN_POINT('Ctrl Pts',(12.0249541818168,-10.4785913779111,-14.5160606577367));
#6002=CARTESIAN_POINT('Ctrl Pts',(12.0132594326501,-10.5123851473799,-14.5140348327845));
#6003=CARTESIAN_POINT('Ctrl Pts',(11.988160313618,-10.5794345698475,-14.5102701964692));
#6004=CARTESIAN_POINT('Ctrl Pts',(11.9748296108868,-10.6126725256915,-14.5085234541056));
#6005=CARTESIAN_POINT('Ctrl Pts',(11.9464707597966,-10.6785387954325,-14.5053190087808));
#6006=CARTESIAN_POINT('Ctrl Pts',(11.9315236717817,-10.7111497629981,-14.5038525224566));
#6007=CARTESIAN_POINT('Ctrl Pts',(11.8999438145637,-10.7756906144827,-14.5012105592063));
#6008=CARTESIAN_POINT('Ctrl Pts',(11.8834011935935,-10.8076032195565,-14.5000252215831));
#6009=CARTESIAN_POINT('Ctrl Pts',(11.8486434201547,-10.8706753870957,-14.4979471427151));
#6010=CARTESIAN_POINT('Ctrl Pts',(11.83052860954,-10.9018176909818,-14.4970434023123));
#6011=CARTESIAN_POINT('Ctrl Pts',(11.7926394884073,-10.9632758338664,-14.4955303356883));
#6012=CARTESIAN_POINT('Ctrl Pts',(11.7729777627214,-10.993574892433,-14.4949085237105));
#6013=CARTESIAN_POINT('Ctrl Pts',(11.7320072208039,-11.0532731853549,-14.4939611269121));
#6014=CARTESIAN_POINT('Ctrl Pts',(11.7108257401577,-11.0826562642237,-14.4936212151981));
#6015=CARTESIAN_POINT('Ctrl Pts',(11.6668272097786,-11.1404486506771,-14.4932395304151));
#6016=CARTESIAN_POINT('Ctrl Pts',(11.6441555602379,-11.1688421305054,-14.4931812125966));
#6017=CARTESIAN_POINT('Ctrl Pts',(11.5972344634867,-11.2245240699534,-14.4933648374443));
#6018=CARTESIAN_POINT('Ctrl Pts',(11.5731569847579,-11.2517969850969,-14.4935870044463));
#6019=CARTESIAN_POINT('Ctrl Pts',(11.5234951367718,-11.3051128638145,-14.4943310101522));
#6020=CARTESIAN_POINT('Ctrl Pts',(11.4981170446717,-11.3311377722428,-14.4948292233962));
#6021=CARTESIAN_POINT('Ctrl Pts',(11.445880462875,-11.3818963661276,-14.4961244391704));
#6022=CARTESIAN_POINT('Ctrl Pts',(11.4192586569069,-11.406612512437,-14.4968943261003));
#6023=CARTESIAN_POINT('Ctrl Pts',(11.364554180068,-11.4546962639228,-14.4987321602059));
#6024=CARTESIAN_POINT('Ctrl Pts',(11.3367490355036,-11.478045462082,-14.4997683634276));
#6025=CARTESIAN_POINT('Ctrl Pts',(11.279686297324,-11.5233418519623,-14.5021389253937));
#6026=CARTESIAN_POINT('Ctrl Pts',(11.250761641847,-11.5452664009664,-14.5034357333789));
#6027=CARTESIAN_POINT('Ctrl Pts',(11.1914641193187,-11.5876556613323,-14.5063292523839));
#6028=CARTESIAN_POINT('Ctrl Pts',(11.1614933184104,-11.608094913853,-14.5078810781794));
#6029=CARTESIAN_POINT('Ctrl Pts',(11.1000614629689,-11.6474797072133,-14.5112875632463));
#6030=CARTESIAN_POINT('Ctrl Pts',(11.0691166692863,-11.6663808318464,-14.51308694276));
#6031=CARTESIAN_POINT('Ctrl Pts',(11.0057350005872,-11.7026177816726,-14.5169935207506));
#6032=CARTESIAN_POINT('Ctrl Pts',(10.9739416888581,-11.7199074892511,-14.519031724953));
#6033=CARTESIAN_POINT('Ctrl Pts',(10.9086396984061,-11.752945118625,-14.5234299792299));
#6034=CARTESIAN_POINT('Ctrl Pts',(10.8761021320605,-11.7685627310121,-14.5256953074891));
#6035=CARTESIAN_POINT('Ctrl Pts',(10.8096504758981,-11.7980141328738,-14.5305378906283));
#6036=CARTESIAN_POINT('Ctrl Pts',(10.7769554246039,-11.8117832327107,-14.532978193332));
#6037=CARTESIAN_POINT('Ctrl Pts',(10.7232193646686,-11.8324000332171,-14.5371550751773));
#6038=CARTESIAN_POINT('Ctrl Pts',(10.6917433337386,-11.8440780393223,-14.5396425162173));
#6039=CARTESIAN_POINT('Ctrl Pts',(10.6550507828842,-11.8566109927253,-14.542637921247));
#6040=CARTESIAN_POINT('Ctrl Pts',(10.6212524852983,-11.8675855419146,-14.5454484300546));
#6041=CARTESIAN_POINT('Ctrl Pts',(10.591655506807,-11.8768955356703,-14.5479385020502));
#6042=CARTESIAN_POINT('Ctrl Pts',(10.5533094619471,-11.8880228450865,-14.5512057441697));
#6043=CARTESIAN_POINT('Ctrl Pts',(10.5166181904887,-11.8980304415863,-14.5543922371398));
#6044=CARTESIAN_POINT('Ctrl Pts',(10.485460230083,-11.9063264175223,-14.5571079106772));
#6045=CARTESIAN_POINT('Ctrl Pts',(10.4465514654289,-11.9162715646696,-14.5603810507924));
#6046=CARTESIAN_POINT('Ctrl Pts',(10.390400824561,-11.9296595010475,-14.5651544487659));
#6047=CARTESIAN_POINT('Ctrl Pts',(10.3508069318603,-11.9378958920973,-14.568653469107));
#6048=CARTESIAN_POINT('Ctrl Pts',(10.2937147488864,-11.9487411492818,-14.5737666607182));
#6049=CARTESIAN_POINT('Ctrl Pts',(10.2530379345179,-11.9557547112884,-14.5774435723358));
#6050=CARTESIAN_POINT('Ctrl Pts',(10.223640146129,-11.9596881552919,-14.58021325218));
#6051=CARTESIAN_POINT('Ctrl Pts',(10.2049106584008,-11.9619990932157,-14.5820113743665));
#6052=CARTESIAN_POINT('Ctrl Pts',(10.1946029608465,-11.9632207592744,-14.5830093530034));
#6053=CARTESIAN_POINT('Ctrl Pts',(10.1748117312804,-11.9654819326327,-14.5849287799069));
#6054=CARTESIAN_POINT('Ctrl Pts',(10.1422532879767,-11.9689857012323,-14.5880937899913));
#6055=CARTESIAN_POINT('Ctrl Pts',(10.1175360020246,-11.9712922616981,-14.5905107411433));
#6056=CARTESIAN_POINT('Ctrl Pts',(10.0594138652348,-11.9761721593334,-14.5962169504421));
#6057=CARTESIAN_POINT('Ctrl Pts',(10.0256272513451,-11.9778417313421,-14.5995866369322));
#6058=CARTESIAN_POINT('Ctrl Pts',(9.96695025159982,-11.9804609630122,-14.6054482551057));
#6059=CARTESIAN_POINT('Ctrl Pts',(9.86184176051479,-11.9848282884574,-14.6158973525927));
#6060=CARTESIAN_POINT('Ctrl Pts',(9.75879054153644,-11.9884294096732,-14.6258716643675));
#6061=CARTESIAN_POINT('Ctrl Pts',(9.57816573206711,-11.9947102976471,-14.6429587655946));
#6062=CARTESIAN_POINT('Ctrl Pts',(9.47288359629185,-11.9984426549449,-14.6526029690358));
#6063=CARTESIAN_POINT('Ctrl Pts',(9.26267857748224,-12.0055926152495,-14.6711401632226));
#6064=CARTESIAN_POINT('Ctrl Pts',(9.1582087050214,-12.0089749338676,-14.6800549178359));
#6065=CARTESIAN_POINT('Ctrl Pts',(8.94855530067256,-12.0154759875289,-14.6972605045246));
#6066=CARTESIAN_POINT('Ctrl Pts',(8.84385420547073,-12.0186076671947,-14.7055511554117));
#6067=CARTESIAN_POINT('Ctrl Pts',(8.63392966397549,-12.0246124392285,-14.7214703997995));
#6068=CARTESIAN_POINT('Ctrl Pts',(8.52926439350718,-12.0274815336295,-14.7291070278981));
#6069=CARTESIAN_POINT('Ctrl Pts',(8.31927273471036,-12.0329612078361,-14.743722409126));
#6070=CARTESIAN_POINT('Ctrl Pts',(8.21458844382494,-12.0355727950539,-14.7507086154024));
#6071=CARTESIAN_POINT('Ctrl Pts',(8.00448719136693,-12.0405403540355,-14.7640164108189));
#6072=CARTESIAN_POINT('Ctrl Pts',(7.89981197107941,-12.0428961161813,-14.7703480205773));
#6073=CARTESIAN_POINT('Ctrl Pts',(7.68961536123707,-12.047353634959,-14.7823424956881));
#6074=CARTESIAN_POINT('Ctrl Pts',(7.58495449867555,-12.0494558483576,-14.7880178259331));
#6075=CARTESIAN_POINT('Ctrl Pts',(7.37465539745888,-12.053408171734,-14.7986944902188));
#6076=CARTESIAN_POINT('Ctrl Pts',(7.27001624383448,-12.0552591415907,-14.8037117891919));
#6077=CARTESIAN_POINT('Ctrl Pts',(7.0596064461499,-12.058709979521,-14.8130664742646));
#6078=CARTESIAN_POINT('Ctrl Pts',(6.95499065074162,-12.0603114457872,-14.8174244861611));
#6079=CARTESIAN_POINT('Ctrl Pts',(6.74444787642155,-12.0632638684862,-14.8254538914663));
#6080=CARTESIAN_POINT('Ctrl Pts',(6.63983934850358,-12.0646176987308,-14.8291518865897));
#6081=CARTESIAN_POINT('Ctrl Pts',(6.42911833926943,-12.067074719023,-14.8358533975541));
#6082=CARTESIAN_POINT('Ctrl Pts',(6.32446695511446,-12.0681826752469,-14.8388908369228));
#6083=CARTESIAN_POINT('Ctrl Pts',(6.11348808521762,-12.0701466480009,-14.8442623765107));
#6084=CARTESIAN_POINT('Ctrl Pts',(6.00868039033908,-12.0710102883594,-14.8466381296109));
#6085=CARTESIAN_POINT('Ctrl Pts',(5.79732743644218,-12.0724807173006,-14.850677819501));
#6086=CARTESIAN_POINT('Ctrl Pts',(5.69216756439819,-12.0730984215209,-14.8523888648496));
#6087=CARTESIAN_POINT('Ctrl Pts',(5.48033284640046,-12.0740766882645,-14.855091904024));
#6088=CARTESIAN_POINT('Ctrl Pts',(5.37460688387164,-12.0744497179855,-14.8561287337532));
#6089=CARTESIAN_POINT('Ctrl Pts',(5.16234100116129,-12.0749365667322,-14.8574865669323));
#6090=CARTESIAN_POINT('Ctrl Pts',(5.05610851529359,-12.0750622459326,-14.8578355616596));
#6091=CARTESIAN_POINT('Ctrl Pts',(4.84367781622559,-12.0750557347438,-14.8578411497951));
#6092=CARTESIAN_POINT('Ctrl Pts',(4.73745037763447,-12.0749308699458,-14.8574953986104));
#6093=CARTESIAN_POINT('Ctrl Pts',(4.52519041483409,-12.0744319144793,-14.8561485383045));
#6094=CARTESIAN_POINT('Ctrl Pts',(4.41947456330732,-12.0740568050965,-14.8551159248785));
#6095=CARTESIAN_POINT('Ctrl Pts',(4.20764919347427,-12.0730674466003,-14.8524236798585));
#6096=CARTESIAN_POINT('Ctrl Pts',(4.10249751627592,-12.0724447312364,-14.8507178130352));
#6097=CARTESIAN_POINT('Ctrl Pts',(3.89115379739099,-12.0709630379813,-14.8466890425421));
#6098=CARTESIAN_POINT('Ctrl Pts',(3.7863511844739,-12.0700928070533,-14.8443189867122));
#6099=CARTESIAN_POINT('Ctrl Pts',(3.57538050480373,-12.0681133703352,-14.8389596174206));
#6100=CARTESIAN_POINT('Ctrl Pts',(3.47073225646588,-12.0669934148714,-14.8359294494566));
#6101=CARTESIAN_POINT('Ctrl Pts',(3.26001827155658,-12.0645094090974,-14.8292434171743));
#6102=CARTESIAN_POINT('Ctrl Pts',(3.15541158617867,-12.0631356733679,-14.8255549384301));
#6103=CARTESIAN_POINT('Ctrl Pts',(2.94487583399647,-12.0601395200285,-14.8175458602652));
#6104=CARTESIAN_POINT('Ctrl Pts',(2.84026295425089,-12.0585076352122,-14.8132004688049));
#6105=CARTESIAN_POINT('Ctrl Pts',(2.62986181897558,-12.0549912816241,-14.8038724767081));
#6106=CARTESIAN_POINT('Ctrl Pts',(2.52522565398379,-12.0530963860812,-14.798871660111));
#6107=CARTESIAN_POINT('Ctrl Pts',(2.31493478174927,-12.0490509717127,-14.7882294747337));
#6108=CARTESIAN_POINT('Ctrl Pts',(2.21027630341448,-12.0468888640394,-14.782575059342));
#6109=CARTESIAN_POINT('Ctrl Pts',(2.00008832294777,-12.042306075672,-14.7706241622298));
#6110=CARTESIAN_POINT('Ctrl Pts',(1.89541743537718,-12.0398720002035,-14.7643187965073));
#6111=CARTESIAN_POINT('Ctrl Pts',(1.68532765833268,-12.0347478215075,-14.7510636411512));
#6112=CARTESIAN_POINT('Ctrl Pts',(1.58064893332612,-12.0320184586232,-14.744114816809));
#6113=CARTESIAN_POINT('Ctrl Pts',(1.37066885098667,-12.026398956569,-14.7295473077994));
#6114=CARTESIAN_POINT('Ctrl Pts',(1.26600761476497,-12.023522480126,-14.7219170014191));
#6115=CARTESIAN_POINT('Ctrl Pts',(1.05609422864289,-12.0175289725919,-14.7060034901659));
#6116=CARTESIAN_POINT('Ctrl Pts',(0.95139882895888,-12.0144177994075,-14.6977116736439));
#6117=CARTESIAN_POINT('Ctrl Pts',(0.741757928670604,-12.0079694849205,-14.6805006875257));
#6118=CARTESIAN_POINT('Ctrl Pts',(0.637293858966418,-12.0046459380879,-14.6715742461311));
#6119=CARTESIAN_POINT('Ctrl Pts',(0.427103101159096,-11.9976910843845,-14.6529926013513));
#6120=CARTESIAN_POINT('Ctrl Pts',(0.321828560779938,-11.9939808876406,-14.6433474135512));
#6121=CARTESIAN_POINT('Ctrl Pts',(0.141206854342487,-11.9876193732555,-14.6262902413504));
#6122=CARTESIAN_POINT('Ctrl Pts',(0.0381573081325725,-11.9841737033573,
-14.6162769752483));
#6123=CARTESIAN_POINT('Ctrl Pts',(-0.0669403202692743,-11.9802068677089,
-14.6057228663282));
#6124=CARTESIAN_POINT('Ctrl Pts',(-0.125586080084429,-11.9777722657969,
-14.5998161592853));
#6125=CARTESIAN_POINT('Ctrl Pts',(-0.159341733616227,-11.9766468538951,
-14.5963016391338));
#6126=CARTESIAN_POINT('Ctrl Pts',(-0.217546258963611,-11.9729621214807,
-14.5902544337988));
#6127=CARTESIAN_POINT('Ctrl Pts',(-0.242344125086679,-11.971072216013,-14.5877115682604));
#6128=CARTESIAN_POINT('Ctrl Pts',(-0.274980546514791,-11.9678564964293,
-14.5844563442357));
#6129=CARTESIAN_POINT('Ctrl Pts',(-0.29480867098133,-11.965712618155,-14.582499498952));
#6130=CARTESIAN_POINT('Ctrl Pts',(-0.305131750346749,-11.9645341838875,
-14.5814875080771));
#6131=CARTESIAN_POINT('Ctrl Pts',(-0.32389120530087,-11.9623352021055,-14.5796544383217));
#6132=CARTESIAN_POINT('Ctrl Pts',(-0.353408142495126,-11.958919134537,-14.5767248277146));
#6133=CARTESIAN_POINT('Ctrl Pts',(-0.394298691582799,-11.9524614126232,
-14.5728631934676));
#6134=CARTESIAN_POINT('Ctrl Pts',(-0.451555579035402,-11.9418147394139,
-14.5676720460127));
#6135=CARTESIAN_POINT('Ctrl Pts',(-0.491211338434852,-11.9336558878994,
-14.5641436409579));
#6136=CARTESIAN_POINT('Ctrl Pts',(-0.547500098496709,-11.920270469095,-14.5593522270745));
#6137=CARTESIAN_POINT('Ctrl Pts',(-0.586432662222774,-11.9100218024329,
-14.5561620011612));
#6138=CARTESIAN_POINT('Ctrl Pts',(-0.617518728724489,-11.90112791094,-14.5536218586537));
#6139=CARTESIAN_POINT('Ctrl Pts',(-0.654070291805999,-11.8903815387724,
-14.5506609883568));
#6140=CARTESIAN_POINT('Ctrl Pts',(-0.692217269614699,-11.8783975783924,
-14.547662171186));
#6141=CARTESIAN_POINT('Ctrl Pts',(-0.721632636336871,-11.8685000602497,
-14.5453635747583));
#6142=CARTESIAN_POINT('Ctrl Pts',(-0.755211457641838,-11.856881144246,-14.5427671536911));
#6143=CARTESIAN_POINT('Ctrl Pts',(-0.791667469055783,-11.8437083468769,
-14.5399883404936));
#6144=CARTESIAN_POINT('Ctrl Pts',(-0.822955381274073,-11.8315923537506,
-14.5376548011839));
#6145=CARTESIAN_POINT('Ctrl Pts',(-0.876370033424032,-11.8103000467025,
-14.5337214409525));
#6146=CARTESIAN_POINT('Ctrl Pts',(-0.908880408511515,-11.796265289839,-14.5313889651217));
#6147=CARTESIAN_POINT('Ctrl Pts',(-0.974993218714993,-11.7663974799246,
-14.526727011868));
#6148=CARTESIAN_POINT('Ctrl Pts',(-1.00739500944048,-11.750698786872,-14.5245125699045));
#6149=CARTESIAN_POINT('Ctrl Pts',(-1.07257649698241,-11.7176235616303,-14.520153876838));
#6150=CARTESIAN_POINT('Ctrl Pts',(-1.10437509409242,-11.7004060664089,-14.5180980926472));
#6151=CARTESIAN_POINT('Ctrl Pts',(-1.16786126847607,-11.6644190460318,-14.5141090106226));
#6152=CARTESIAN_POINT('Ctrl Pts',(-1.19890828310716,-11.6457132740006,-14.5122391910114));
#6153=CARTESIAN_POINT('Ctrl Pts',(-1.26062291986195,-11.6068112627637,-14.5086502936848));
#6154=CARTESIAN_POINT('Ctrl Pts',(-1.29077834998469,-11.5866671661288,-14.5069834967313));
#6155=CARTESIAN_POINT('Ctrl Pts',(-1.35051385396083,-11.54492426159,-14.5038296602564));
#6156=CARTESIAN_POINT('Ctrl Pts',(-1.37969912806623,-11.523354062598,-14.5023850362482));
#6157=CARTESIAN_POINT('Ctrl Pts',(-1.43733995371629,-11.4787901356155,-14.499699208531));
#6158=CARTESIAN_POINT('Ctrl Pts',(-1.46546918678123,-11.4558182291256,-14.4984942509377));
#6159=CARTESIAN_POINT('Ctrl Pts',(-1.52086096686748,-11.4084842774253,-14.4963105991244));
#6160=CARTESIAN_POINT('Ctrl Pts',(-1.54785150336064,-11.3841371208932,-14.4953632849514));
#6161=CARTESIAN_POINT('Ctrl Pts',(-1.60084242808354,-11.3340872030314,-14.4937166718405));
#6162=CARTESIAN_POINT('Ctrl Pts',(-1.62661048305651,-11.3083959415424,-14.4930450278371));
#6163=CARTESIAN_POINT('Ctrl Pts',(-1.67704166032896,-11.2556956708588,-14.4919702948243));
#6164=CARTESIAN_POINT('Ctrl Pts',(-1.70150180127435,-11.2286974996895,-14.4915919015597));
#6165=CARTESIAN_POINT('Ctrl Pts',(-1.74919402277352,-11.1734388702345,-14.4911242433894));
#6166=CARTESIAN_POINT('Ctrl Pts',(-1.77224918633432,-11.1451881830151,-14.4910569288389));
#6167=CARTESIAN_POINT('Ctrl Pts',(-1.81694567331148,-11.0875723293791,-14.491230631922));
#6168=CARTESIAN_POINT('Ctrl Pts',(-1.83843892185002,-11.0582161781197,-14.4914902947368));
#6169=CARTESIAN_POINT('Ctrl Pts',(-1.87990354136606,-10.9984735076731,-14.4923335392152));
#6170=CARTESIAN_POINT('Ctrl Pts',(-1.89974478151023,-10.9680962794532,-14.4929337277843));
#6171=CARTESIAN_POINT('Ctrl Pts',(-1.93781454002435,-10.9063807977289,-14.4944722662764));
#6172=CARTESIAN_POINT('Ctrl Pts',(-1.95592509386974,-10.8750531727102,-14.4954258430674));
#6173=CARTESIAN_POINT('Ctrl Pts',(-1.99043842000259,-10.811511525128,-14.4976848467196));
#6174=CARTESIAN_POINT('Ctrl Pts',(-2.0067325007285,-10.7793080274247,-14.499004789129));
#6175=CARTESIAN_POINT('Ctrl Pts',(-2.03751029118419,-10.7140935533323,-14.5020095496167));
#6176=CARTESIAN_POINT('Ctrl Pts',(-2.05189168786705,-10.6810939669557,-14.5037084436687));
#6177=CARTESIAN_POINT('Ctrl Pts',(-2.07872504333585,-10.6143709543373,-14.5074846375532));
#6178=CARTESIAN_POINT('Ctrl Pts',(-2.09108866348923,-10.5806627342733,-14.5095728637576));
#6179=CARTESIAN_POINT('Ctrl Pts',(-2.11370908046154,-10.5125979225267,-14.5141521567659));
#6180=CARTESIAN_POINT('Ctrl Pts',(-2.12395228492988,-10.4782840910432,-14.5166315553086));
#6181=CARTESIAN_POINT('Ctrl Pts',(-2.13741098005499,-10.4267405940677,-14.5206617960515));
#6182=CARTESIAN_POINT('Ctrl Pts',(-2.14157921770069,-10.4092862665347,-14.52209198572));
#6183=CARTESIAN_POINT('Ctrl Pts',(-2.14552035470368,-10.3919498781883,-14.5235308401132));
#6184=CARTESIAN_POINT('Ctrl Pts',(-1.85223954443124,-10.2826031815949,-14.3257646508469));
#6185=CARTESIAN_POINT('Ctrl Pts',(-1.85613784233082,-10.2673526767026,-14.3269560599036));
#6186=CARTESIAN_POINT('Ctrl Pts',(-1.85984545426076,-10.2521999341072,-14.3281544928586));
#6187=CARTESIAN_POINT('Ctrl Pts',(-1.87102882118989,-10.2063972491823,-14.3317163762962));
#6188=CARTESIAN_POINT('Ctrl Pts',(-1.87809870595514,-10.1760963738836,-14.3340615269392));
#6189=CARTESIAN_POINT('Ctrl Pts',(-1.89141553851901,-10.1154152559207,-14.3388158602648));
#6190=CARTESIAN_POINT('Ctrl Pts',(-1.89762760526823,-10.0850695282976,-14.3412242757108));
#6191=CARTESIAN_POINT('Ctrl Pts',(-1.90911217034329,-10.0242297543392,-14.3461537362848));
#6192=CARTESIAN_POINT('Ctrl Pts',(-1.91434418593989,-9.99382228534787,-14.3486695866538));
#6193=CARTESIAN_POINT('Ctrl Pts',(-1.92377869405756,-9.93297202070678,-14.3538252809124));
#6194=CARTESIAN_POINT('Ctrl Pts',(-1.92797577904784,-9.90236852491658,-14.3564837668743));
#6195=CARTESIAN_POINT('Ctrl Pts',(-1.93537681835136,-9.84065396567826,-14.361983764464));
#6196=CARTESIAN_POINT('Ctrl Pts',(-1.93845510643737,-9.81032319868072,-14.3647561667534));
#6197=CARTESIAN_POINT('Ctrl Pts',(-1.94343560791985,-9.75100502010578,-14.3702860430981));
#6198=CARTESIAN_POINT('Ctrl Pts',(-1.94540347562759,-9.71904437824727,-14.3733688805957));
#6199=CARTESIAN_POINT('Ctrl Pts',(-1.94917305079125,-9.63728543668635,-14.381539998597));
#6200=CARTESIAN_POINT('Ctrl Pts',(-1.95244078273868,-9.54258774407186,-14.3912247693453));
#6201=CARTESIAN_POINT('Ctrl Pts',(-1.95899713951171,-9.35312890283881,-14.4105112696294));
#6202=CARTESIAN_POINT('Ctrl Pts',(-1.98069178543276,-8.6422771459699,-14.4829579739963));
#6203=CARTESIAN_POINT('Ctrl Pts',(-1.99284333589798,-7.97629326352511,-14.550673700758));
#6204=CARTESIAN_POINT('Ctrl Pts',(-2.02138199949904,-6.64266915058325,-14.682633712672));
#6205=CARTESIAN_POINT('Ctrl Pts',(-2.04120687806901,-5.8788641884652,-14.755287942499));
#6206=CARTESIAN_POINT('Ctrl Pts',(-2.07371134426331,-4.35433631205884,-14.8949835169046));
#6207=CARTESIAN_POINT('Ctrl Pts',(-2.08705125852144,-3.59157371759608,-14.9623931595458));
#6208=CARTESIAN_POINT('Ctrl Pts',(-2.11793408773163,-2.06042267584925,-15.0877837890508));
#6209=CARTESIAN_POINT('Ctrl Pts',(-2.13477002015885,-1.2951935834951,-15.1454672367124));
#6210=CARTESIAN_POINT('Ctrl Pts',(-2.13851938178187,-0.489549183847525,
-15.2029398092311));
#6211=CARTESIAN_POINT('Ctrl Pts',(-2.13862104861441,-0.455107814607379,
-15.2053850265413));
#6212=CARTESIAN_POINT('Ctrl Pts',(-2.13838357414919,-0.391199346146304,
-15.209993917624));
#6213=CARTESIAN_POINT('Ctrl Pts',(-2.1380190291727,-0.358739007252621,-15.2123985887795));
#6214=CARTESIAN_POINT('Ctrl Pts',(-2.13678973794409,-0.292337439078431,
-15.2174214036947));
#6215=CARTESIAN_POINT('Ctrl Pts',(-2.13602946191004,-0.259265984768225,
-15.2199454482384));
#6216=CARTESIAN_POINT('Ctrl Pts',(-2.13344629005999,-0.193470468431593,
-15.2251871067848));
#6217=CARTESIAN_POINT('Ctrl Pts',(-2.1315158161929,-0.160555108394159,-15.2279478784526));
#6218=CARTESIAN_POINT('Ctrl Pts',(-2.12657110566276,-0.0946481348215446,
-15.2337027077233));
#6219=CARTESIAN_POINT('Ctrl Pts',(-2.12358417241101,-0.0617323474739073,
-15.2366826891002));
#6220=CARTESIAN_POINT('Ctrl Pts',(-2.11654490759093,0.00401777001931386,
-15.2428520573971));
#6221=CARTESIAN_POINT('Ctrl Pts',(-2.11247316381313,0.0368530532937035,
-15.2460461987569));
#6222=CARTESIAN_POINT('Ctrl Pts',(-2.10325392398926,0.102450778611116,-15.2526403370378));
#6223=CARTESIAN_POINT('Ctrl Pts',(-2.098101480489,0.135194152978992,-15.2560393858834));
#6224=CARTESIAN_POINT('Ctrl Pts',(-2.08671109834044,0.200568758152245,-15.2630339131617));
#6225=CARTESIAN_POINT('Ctrl Pts',(-2.08046168591172,0.233189166752671,-15.2666302802743));
#6226=CARTESIAN_POINT('Ctrl Pts',(-2.06665626130921,0.298215872251901,-15.2740796538943));
#6227=CARTESIAN_POINT('Ctrl Pts',(-2.05907361887109,0.33060039203694,-15.2779402362788));
#6228=CARTESIAN_POINT('Ctrl Pts',(-2.04256549344805,0.395081903261775,-15.2859315345729));
#6229=CARTESIAN_POINT('Ctrl Pts',(-2.03364825655785,0.427172048328963,-15.2900578870872));
#6230=CARTESIAN_POINT('Ctrl Pts',(-2.01450741487077,0.491019341537036,-15.2985654460276));
#6231=CARTESIAN_POINT('Ctrl Pts',(-2.00427683244232,0.522760185041667,-15.3029476507667));
#6232=CARTESIAN_POINT('Ctrl Pts',(-1.98248564589049,0.585811796107721,-15.3119718909512));
#6233=CARTESIAN_POINT('Ctrl Pts',(-1.97092724110519,0.61711300757792,-15.3166123829572));
#6234=CARTESIAN_POINT('Ctrl Pts',(-1.94648121373817,0.679220424132388,-15.3261498895758));
#6235=CARTESIAN_POINT('Ctrl Pts',(-1.93359744755991,0.710016710757978,-15.3310451432835));
#6236=CARTESIAN_POINT('Ctrl Pts',(-1.90649255648617,0.771045038236323,-15.3410919325924));
#6237=CARTESIAN_POINT('Ctrl Pts',(-1.89228010173365,0.801264819077284,-15.3462404333027));
#6238=CARTESIAN_POINT('Ctrl Pts',(-1.86251343351673,0.861065824415131,-15.3567913028782));
#6239=CARTESIAN_POINT('Ctrl Pts',(-1.84696902772889,0.890639392146153,-15.362190725085));
#6240=CARTESIAN_POINT('Ctrl Pts',(-1.81452849728994,0.949080517701401,-15.3732428726592));
#6241=CARTESIAN_POINT('Ctrl Pts',(-1.79764793574891,0.977937982019115,-15.3788911285084));
#6242=CARTESIAN_POINT('Ctrl Pts',(-1.76252548893579,1.03487184159989,-15.3904397074058));
#6243=CARTESIAN_POINT('Ctrl Pts',(-1.74430248832041,1.06294083863201,-15.3963349140453));
#6244=CARTESIAN_POINT('Ctrl Pts',(-1.70648233963658,1.11822486883065,-15.4083768146827));
#6245=CARTESIAN_POINT('Ctrl Pts',(-1.68690947646766,1.14543263002516,-15.4145171425738));
#6246=CARTESIAN_POINT('Ctrl Pts',(-1.64639063277246,1.19889562116946,-15.4270442718132));
#6247=CARTESIAN_POINT('Ctrl Pts',(-1.62548024201917,1.22514134822606,-15.433421681567));
#6248=CARTESIAN_POINT('Ctrl Pts',(-1.58233552851606,1.27652628540365,-15.4464019767256));
#6249=CARTESIAN_POINT('Ctrl Pts',(-1.5601442092477,1.30166330389002,-15.4529942723733));
#6250=CARTESIAN_POINT('Ctrl Pts',(-1.51444393445641,1.35074216291148,-15.4663979356681));
#6251=CARTESIAN_POINT('Ctrl Pts',(-1.49099033939253,1.37468105512853,-15.473195743937));
#6252=CARTESIAN_POINT('Ctrl Pts',(-1.44277082983484,1.42127144251776,-15.4870040710691));
#6253=CARTESIAN_POINT('Ctrl Pts',(-1.41807081447996,1.44392387102682,-15.4939985009413));
#6254=CARTESIAN_POINT('Ctrl Pts',(-1.36736176606208,1.48784778035271,-15.5081936613364));
#6255=CARTESIAN_POINT('Ctrl Pts',(-1.3414315479743,1.50912361952843,-15.5153754091081));
#6256=CARTESIAN_POINT('Ctrl Pts',(-1.28826351958478,1.55019571935726,-15.529939367381));
#6257=CARTESIAN_POINT('Ctrl Pts',(-1.26112048296679,1.57000083136649,-15.5372989344502));
#6258=CARTESIAN_POINT('Ctrl Pts',(-1.20552752509592,1.60802738859655,-15.5522124716655));
#6259=CARTESIAN_POINT('Ctrl Pts',(-1.17719053254648,1.62626399984902,-15.5597397860552));
#6260=CARTESIAN_POINT('Ctrl Pts',(-1.11923777695884,1.66102652970245,-15.5749754553456));
#6261=CARTESIAN_POINT('Ctrl Pts',(-1.08976233532873,1.67757505133299,-15.5826511513167));
#6262=CARTESIAN_POINT('Ctrl Pts',(-1.02971396200073,1.70875591341446,-15.5981299676986));
#6263=CARTESIAN_POINT('Ctrl Pts',(-0.999327840750185,1.72342616987106,-15.6058904052025));
#6264=CARTESIAN_POINT('Ctrl Pts',(-0.937511616352688,1.75074543795271,-15.6215188501699));
#6265=CARTESIAN_POINT('Ctrl Pts',(-0.906285270715788,1.76345119356478,-15.629342259301));
#6266=CARTESIAN_POINT('Ctrl Pts',(-0.842824740909462,1.78675419167563,-15.6450909331318));
#6267=CARTESIAN_POINT('Ctrl Pts',(-0.810900226658718,1.7974104476529,-15.6529458863254));
#6268=CARTESIAN_POINT('Ctrl Pts',(-0.746019877962634,1.81649355214886,-15.6687437371775));
#6269=CARTESIAN_POINT('Ctrl Pts',(-0.713254518031134,1.82505236272931,-15.6766412168614));
#6270=CARTESIAN_POINT('Ctrl Pts',(-0.646872845448551,1.83985650473093,-15.6925508369214));
#6271=CARTESIAN_POINT('Ctrl Pts',(-0.614070795386122,1.84595738599216,-15.7004568142437));
#6272=CARTESIAN_POINT('Ctrl Pts',(-0.546906071497223,1.85627854006373,-15.7160879100497));
#6273=CARTESIAN_POINT('Ctrl Pts',(-0.511953590032755,1.8607258485134,-15.7239491487803));
#6274=CARTESIAN_POINT('Ctrl Pts',(-0.423770387303401,1.87034493687079,-15.7437648390168));
#6275=CARTESIAN_POINT('Ctrl Pts',(-0.316074210253963,1.87985942584847,-15.7678828727493));
#6276=CARTESIAN_POINT('Ctrl Pts',(-0.203138443743885,1.88852053787273,-15.7924583189506));
#6277=CARTESIAN_POINT('Ctrl Pts',(-0.0375133086214348,1.90094947263155,
-15.8282104314803));
#6278=CARTESIAN_POINT('Ctrl Pts',(0.0725965341678985,1.90917113444914,-15.8515345360521));
#6279=CARTESIAN_POINT('Ctrl Pts',(0.293965975863582,1.92528598613144,-15.8967314893188));
#6280=CARTESIAN_POINT('Ctrl Pts',(0.404965086873051,1.9330117725713,-15.9187037585734));
#6281=CARTESIAN_POINT('Ctrl Pts',(0.627729166518,1.94777387722734,-15.9613507895264));
#6282=CARTESIAN_POINT('Ctrl Pts',(0.7389912328116,1.95485761348928,-15.9820003257685));
#6283=CARTESIAN_POINT('Ctrl Pts',(0.962481606716039,1.96843824253052,-16.0218900550682));
#6284=CARTESIAN_POINT('Ctrl Pts',(1.07414491989138,1.97492961029737,-16.0411360655604));
#6285=CARTESIAN_POINT('Ctrl Pts',(1.2985002135924,1.98730279158864,-16.0781764246128));
#6286=CARTESIAN_POINT('Ctrl Pts',(1.41050234314869,1.99319092813524,-16.0959721875029));
#6287=CARTESIAN_POINT('Ctrl Pts',(1.63566098415641,2.00436936103857,-16.1300534778083));
#6288=CARTESIAN_POINT('Ctrl Pts',(1.74797905868215,2.00966206728409,-16.1463452406408));
#6289=CARTESIAN_POINT('Ctrl Pts',(1.97391704985576,2.01965369112799,-16.1773656632379));
#6290=CARTESIAN_POINT('Ctrl Pts',(2.0865073279028,2.0243554349594,-16.1921044617009));
#6291=CARTESIAN_POINT('Ctrl Pts',(2.31318461584676,2.03317208896501,-16.2199668739855));
#6292=CARTESIAN_POINT('Ctrl Pts',(2.42599604684862,2.03729002572804,-16.2331065714099));
#6293=CARTESIAN_POINT('Ctrl Pts',(2.6533704607691,2.04494636464534,-16.2577203435544));
#6294=CARTESIAN_POINT('Ctrl Pts',(2.76633896393342,2.04848944349348,-16.2692187730097));
#6295=CARTESIAN_POINT('Ctrl Pts',(2.9943755409307,2.05500220518149,-16.2905008355763));
#6296=CARTESIAN_POINT('Ctrl Pts',(3.10743641143393,2.05798060022177,-16.3003209730633));
#6297=CARTESIAN_POINT('Ctrl Pts',(3.33612188401354,2.06336802209423,-16.3181979080577));
#6298=CARTESIAN_POINT('Ctrl Pts',(3.44922106497261,2.06579473833462,-16.326309214566));
#6299=CARTESIAN_POINT('Ctrl Pts',(3.67861719742901,2.07007693952304,-16.3407188068305));
#6300=CARTESIAN_POINT('Ctrl Pts',(3.79179406077147,2.0719671706251,-16.3470991466085));
#6301=CARTESIAN_POINT('Ctrl Pts',(4.02211538004692,2.07516371307793,-16.3579895327049));
#6302=CARTESIAN_POINT('Ctrl Pts',(4.13566158428435,2.07651114420138,-16.3626329701088));
#6303=CARTESIAN_POINT('Ctrl Pts',(4.36747431589565,2.07855704328198,-16.3699953469811));
#6304=CARTESIAN_POINT('Ctrl Pts',(4.48235083125215,2.07936556358143,-16.3728789278611));
#6305=CARTESIAN_POINT('Ctrl Pts',(4.71593873407993,2.08032037638941,-16.3766092423908));
#6306=CARTESIAN_POINT('Ctrl Pts',(4.83304996351583,2.08058031822132,-16.3776155986887));
#6307=CARTESIAN_POINT('Ctrl Pts',(5.06717767414541,2.08056347559888,-16.3776327977607));
#6308=CARTESIAN_POINT('Ctrl Pts',(5.18430694449993,2.08026901696557,-16.3766534755437));
#6309=CARTESIAN_POINT('Ctrl Pts',(5.41790643726377,2.07928013152161,-16.3729579556229));
#6310=CARTESIAN_POINT('Ctrl Pts',(5.53280435397161,2.07845004330539,-16.3700937104423));
#6311=CARTESIAN_POINT('Ctrl Pts',(5.76463398013779,2.07637473447178,-16.3627633837412));
#6312=CARTESIAN_POINT('Ctrl Pts',(5.87818581147271,2.07501434082854,-16.3581348941325));
#6313=CARTESIAN_POINT('Ctrl Pts',(6.1085137851615,2.07179659522515,-16.3472722324981));
#6314=CARTESIAN_POINT('Ctrl Pts',(6.22168847698996,2.06986293942833,-16.3409207313606));
#6315=CARTESIAN_POINT('Ctrl Pts',(6.45108665284086,2.06544502808585,-16.3265911872079));
#6316=CARTESIAN_POINT('Ctrl Pts',(6.5641837929049,2.06290707360691,-16.318539694588));
#6317=CARTESIAN_POINT('Ctrl Pts',(6.79287190600524,2.05724721855168,-16.3008039608999));
#6318=CARTESIAN_POINT('Ctrl Pts',(6.9059306758172,2.05408501130935,-16.2910754289266));
#6319=CARTESIAN_POINT('Ctrl Pts',(7.13397169061481,2.04715758414646,-16.2699955669828));
#6320=CARTESIAN_POINT('Ctrl Pts',(7.24694086393292,2.0433631769404,-16.2586169139843));
#6321=CARTESIAN_POINT('Ctrl Pts',(7.47432254655076,2.03515717376946,-16.2342598987773));
#6322=CARTESIAN_POINT('Ctrl Pts',(7.58713480308495,2.03072950029804,-16.2212621544438));
#6323=CARTESIAN_POINT('Ctrl Pts',(7.81382087325412,2.0212470254292,-16.193699150244));
#6324=CARTESIAN_POINT('Ctrl Pts',(7.92641380052147,2.01618693249527,-16.1791187038969));
#6325=CARTESIAN_POINT('Ctrl Pts',(8.15236174203157,2.00544331703386,-16.148424281033));
#6326=CARTESIAN_POINT('Ctrl Pts',(8.26468221663001,1.99975256241458,-16.1323019691096));
#6327=CARTESIAN_POINT('Ctrl Pts',(8.48984904907999,1.98775776821421,-16.0985611418492));
#6328=CARTESIAN_POINT('Ctrl Pts',(8.60184671392674,1.98169366974655,-16.0808346246179));
#6329=CARTESIAN_POINT('Ctrl Pts',(8.82619023599885,1.96920026730111,-16.0438357531673));
#6330=CARTESIAN_POINT('Ctrl Pts',(8.93784282677143,1.9627562873075,-16.0245652476374));
#6331=CARTESIAN_POINT('Ctrl Pts',(9.16130936958945,1.9493820134533,-15.9845822019488));
#6332=CARTESIAN_POINT('Ctrl Pts',(9.2725585735101,1.94244791323378,-15.9638668880016));
#6333=CARTESIAN_POINT('Ctrl Pts',(9.49529201751934,1.92807707238749,-15.9210538409317));
#6334=CARTESIAN_POINT('Ctrl Pts',(9.60627501148472,1.92066446887622,-15.8989492839085));
#6335=CARTESIAN_POINT('Ctrl Pts',(9.8275930423379,1.90518679923153,-15.853497278136));
#6336=CARTESIAN_POINT('Ctrl Pts',(9.93770613537416,1.89704849717878,-15.830135020113));
#6337=CARTESIAN_POINT('Ctrl Pts',(10.1604293964638,1.88064185661556,-15.7819259772811));
#6338=CARTESIAN_POINT('Ctrl Pts',(10.2720669207543,1.87197108521943,-15.7573855728417));
#6339=CARTESIAN_POINT('Ctrl Pts',(10.4118994492907,1.85700621235289,-15.7258210123404));
#6340=CARTESIAN_POINT('Ctrl Pts',(10.4466856723663,1.85289687778095,-15.7178681122736));
#6341=CARTESIAN_POINT('Ctrl Pts',(10.5137632197053,1.84299305698369,-15.7020954794612));
#6342=CARTESIAN_POINT('Ctrl Pts',(10.5466035298988,1.83673012145882,-15.6942376744174));
#6343=CARTESIAN_POINT('Ctrl Pts',(10.6132147381655,1.82177420365643,-15.6782953465794));
#6344=CARTESIAN_POINT('Ctrl Pts',(10.6461371684817,1.813202821533,-15.6703358962802));
#6345=CARTESIAN_POINT('Ctrl Pts',(10.7112004106111,1.79402723187574,-15.6544734588483));
#6346=CARTESIAN_POINT('Ctrl Pts',(10.7431567473956,1.78331687339208,-15.6466061580847));
#6347=CARTESIAN_POINT('Ctrl Pts',(10.8065672494928,1.75993799027252,-15.6308571756431));
#6348=CARTESIAN_POINT('Ctrl Pts',(10.8377145201736,1.74720911373596,-15.6230480905868));
#6349=CARTESIAN_POINT('Ctrl Pts',(10.8992569735511,1.71987065490593,-15.6074842197814));
#6350=CARTESIAN_POINT('Ctrl Pts',(10.9294558470447,1.7052092386482,-15.5997726163341));
#6351=CARTESIAN_POINT('Ctrl Pts',(10.9890519194606,1.67407608954364,-15.5844181206556));
#6352=CARTESIAN_POINT('Ctrl Pts',(11.0182669686194,1.65756964659924,-15.5768174104341));
#6353=CARTESIAN_POINT('Ctrl Pts',(11.0757989384571,1.62282223667874,-15.5617132752096));
#6354=CARTESIAN_POINT('Ctrl Pts',(11.103968847926,1.60455605659024,-15.5542434356984));
#6355=CARTESIAN_POINT('Ctrl Pts',(11.1593403643569,1.56636287736028,-15.5394219848467));
#6356=CARTESIAN_POINT('Ctrl Pts',(11.1864170982938,1.54641910559429,-15.5320990862128));
#6357=CARTESIAN_POINT('Ctrl Pts',(11.2394482500978,1.50501466031903,-15.5176154754191));
#6358=CARTESIAN_POINT('Ctrl Pts',(11.2653025477746,1.48354664458372,-15.510478316062));
#6359=CARTESIAN_POINT('Ctrl Pts',(11.3157653828473,1.43924490895656,-15.496403372784));
#6360=CARTESIAN_POINT('Ctrl Pts',(11.3402955201077,1.41641030785589,-15.4894844962357));
#6361=CARTESIAN_POINT('Ctrl Pts',(11.3880786778069,1.3694682133878,-15.4758578031002));
#6362=CARTESIAN_POINT('Ctrl Pts',(11.4112693174258,1.34536099142901,-15.4691649981446));
#6363=CARTESIAN_POINT('Ctrl Pts',(11.4563517834208,1.29595946154666,-15.4559991842618));
#6364=CARTESIAN_POINT('Ctrl Pts',(11.4781901506532,1.2706689417244,-15.449539365802));
#6365=CARTESIAN_POINT('Ctrl Pts',(11.5205431612745,1.21898661680745,-15.4368486584089));
#6366=CARTESIAN_POINT('Ctrl Pts',(11.5410136532083,1.19260029791774,-15.4306288176414));
#6367=CARTESIAN_POINT('Ctrl Pts',(11.5806053090839,1.13881037848928,-15.4184267452762));
#6368=CARTESIAN_POINT('Ctrl Pts',(11.5996899470851,1.11141380470731,-15.4124538394413));
#6369=CARTESIAN_POINT('Ctrl Pts',(11.6364832217375,1.05568658515019,-15.4007536335024));
#6370=CARTESIAN_POINT('Ctrl Pts',(11.6541627544366,1.02736373041818,-15.3950338605102));
#6371=CARTESIAN_POINT('Ctrl Pts',(11.6881105232753,0.969877432042852,-15.383849781116));
#6372=CARTESIAN_POINT('Ctrl Pts',(11.7043569131425,0.940723022991588,-15.3783912371646));
#6373=CARTESIAN_POINT('Ctrl Pts',(11.7353924196677,0.881694559063525,-15.3677419013187));
#6374=CARTESIAN_POINT('Ctrl Pts',(11.7501633370814,0.851832136834346,-15.362556848475));
#6375=CARTESIAN_POINT('Ctrl Pts',(11.7782136743222,0.791461957202182,-15.3524618890295));
#6376=CARTESIAN_POINT('Ctrl Pts',(11.7914986186005,0.760975006988713,-15.3475488677996));
#6377=CARTESIAN_POINT('Ctrl Pts',(11.8165613941787,0.699426283735363,-15.3379970445817));
#6378=CARTESIAN_POINT('Ctrl Pts',(11.828235401772,0.668318626725603,-15.3333942102216));
#6379=CARTESIAN_POINT('Ctrl Pts',(11.8502595795355,0.605721034976773,-15.3243841774));
#6380=CARTESIAN_POINT('Ctrl Pts',(11.8608127220513,0.574355678186386,-15.3199103497215));
#6381=CARTESIAN_POINT('Ctrl Pts',(11.8810692728705,0.511475755906282,-15.3110444594347));
#6382=CARTESIAN_POINT('Ctrl Pts',(11.8907559302419,0.479962522503947,-15.3066588266293));
#6383=CARTESIAN_POINT('Ctrl Pts',(11.9092524555874,0.416753920813995,-15.2980110431681));
#6384=CARTESIAN_POINT('Ctrl Pts',(11.9180588098886,0.385070737123163,-15.2937511226377));
#6385=CARTESIAN_POINT('Ctrl Pts',(11.9347795041164,0.321515830058008,-15.285383733782));
#6386=CARTESIAN_POINT('Ctrl Pts',(11.9426942491986,0.289657046357894,-15.2812773921601));
#6387=CARTESIAN_POINT('Ctrl Pts',(11.9576172431174,0.225752169914603,-15.2732392244619));
#6388=CARTESIAN_POINT('Ctrl Pts',(11.9646284598981,0.193718693647039,-15.2693078148409));
#6389=CARTESIAN_POINT('Ctrl Pts',(11.97772878918,0.129474468729117,-15.2616369509307));
#6390=CARTESIAN_POINT('Ctrl Pts',(11.9838225742,0.0972785792669418,-15.2578976110621));
#6391=CARTESIAN_POINT('Ctrl Pts',(11.9950713119087,0.0327258232936734,-15.2506246606135));
#6392=CARTESIAN_POINT('Ctrl Pts',(12.0002320755733,0.000389046682395822,
-15.2470912276192));
#6393=CARTESIAN_POINT('Ctrl Pts',(12.0095965822938,-0.0644309441123514,
-15.2402405865353));
#6394=CARTESIAN_POINT('Ctrl Pts',(12.0138118013675,-0.0969139165748632,
-15.2369206407138));
#6395=CARTESIAN_POINT('Ctrl Pts',(12.0212788163814,-0.162045142488727,-15.2304989353034));
#6396=CARTESIAN_POINT('Ctrl Pts',(12.0245320057662,-0.194609663079993,-15.2274032114849));
#6397=CARTESIAN_POINT('Ctrl Pts',(12.0300257803064,-0.259786227780443,-15.2214509458326));
#6398=CARTESIAN_POINT('Ctrl Pts',(12.0322963822475,-0.292609223897611,-15.2185709201103));
#6399=CARTESIAN_POINT('Ctrl Pts',(12.0359059389483,-0.358666342530519,-15.2129978178036));
#6400=CARTESIAN_POINT('Ctrl Pts',(12.0372132559911,-0.39101475228665,-15.2103808911328));
#6401=CARTESIAN_POINT('Ctrl Pts',(12.0386090270113,-0.454798740145479,-15.2055105344457));
#6402=CARTESIAN_POINT('Ctrl Pts',(12.0386740118423,-0.489214356356091,-15.2030274800394));
#6403=CARTESIAN_POINT('Ctrl Pts',(12.0363983754402,-1.29484776297619,-15.1451791791091));
#6404=CARTESIAN_POINT('Ctrl Pts',(12.0195104105404,-2.0601261479574,-15.0874591524441));
#6405=CARTESIAN_POINT('Ctrl Pts',(11.9873595742941,-3.59131509371241,-14.9622936387737));
#6406=CARTESIAN_POINT('Ctrl Pts',(11.9736248411264,-4.35411731001415,-14.8949442783358));
#6407=CARTESIAN_POINT('Ctrl Pts',(11.9411512626074,-5.87870792335139,-14.7551863445452));
#6408=CARTESIAN_POINT('Ctrl Pts',(11.9210427060576,-6.64254727458155,-14.6825639096113));
#6409=CARTESIAN_POINT('Ctrl Pts',(11.8957116409383,-7.78432802209346,-14.5697748364564));
#6410=CARTESIAN_POINT('Ctrl Pts',(11.8796296164848,-8.54765574507469,-14.493113032761));
#6411=CARTESIAN_POINT('Ctrl Pts',(11.8605693405359,-9.30585736963199,-14.4153092796094));
#6412=CARTESIAN_POINT('Ctrl Pts',(11.8450083441708,-9.71905828783015,-14.3732174796486));
#6413=CARTESIAN_POINT('Ctrl Pts',(11.8433339033046,-9.75101933142349,-14.370067417853));
#6414=CARTESIAN_POINT('Ctrl Pts',(11.8397070309108,-9.81042766713054,-14.3642241594931));
#6415=CARTESIAN_POINT('Ctrl Pts',(11.8375267309139,-9.84085394803885,-14.3612402901236));
#6416=CARTESIAN_POINT('Ctrl Pts',(11.8322040165223,-9.90286497702428,-14.3552313716738));
#6417=CARTESIAN_POINT('Ctrl Pts',(11.8291160763763,-9.93367503552197,-14.3522904364041));
#6418=CARTESIAN_POINT('Ctrl Pts',(11.8211486269145,-9.99492439555722,-14.3467328353402));
#6419=CARTESIAN_POINT('Ctrl Pts',(11.8163912373598,-10.0255244856466,-14.3440716675548));
#6420=CARTESIAN_POINT('Ctrl Pts',(11.8054321006502,-10.086686426406,-14.3389493661697));
#6421=CARTESIAN_POINT('Ctrl Pts',(11.7992608519597,-10.1171646789894,-14.3364953272634));
#6422=CARTESIAN_POINT('Ctrl Pts',(11.7853868535647,-10.177929531661,-14.3318228893845));
#6423=CARTESIAN_POINT('Ctrl Pts',(11.7777379511878,-10.2081869804513,-14.3295994693523));
#6424=CARTESIAN_POINT('Ctrl Pts',(11.7609231827056,-10.2684721673185,-14.3253844214108));
#6425=CARTESIAN_POINT('Ctrl Pts',(11.751812450322,-10.2984536461559,-14.3233905496828));
#6426=CARTESIAN_POINT('Ctrl Pts',(11.732088887097,-10.3580397647121,-14.3196459535654));
#6427=CARTESIAN_POINT('Ctrl Pts',(11.7215469161965,-10.3875922065808,-14.3178913759313));
#6428=CARTESIAN_POINT('Ctrl Pts',(11.6989793668378,-10.4462324958304,-14.3146287026593));
#6429=CARTESIAN_POINT('Ctrl Pts',(11.687034814677,-10.4752652305672,-14.3131158936382));
#6430=CARTESIAN_POINT('Ctrl Pts',(11.6616702715955,-10.5328139032069,-14.3103377963983));
#6431=CARTESIAN_POINT('Ctrl Pts',(11.6483435106901,-10.5612673295326,-14.3090671522129));
#6432=CARTESIAN_POINT('Ctrl Pts',(11.6202229867967,-10.6176022769705,-14.3067746237237));
#6433=CARTESIAN_POINT('Ctrl Pts',(11.605535882337,-10.6454157506364,-14.3057463752957));
#6434=CARTESIAN_POINT('Ctrl Pts',(11.5747018408037,-10.7004178201791,-14.3039396272895));
#6435=CARTESIAN_POINT('Ctrl Pts',(11.5586775564946,-10.7275315598169,-14.3031536314623));
#6436=CARTESIAN_POINT('Ctrl Pts',(11.5251739994065,-10.7810820422927,-14.3018326035579));
#6437=CARTESIAN_POINT('Ctrl Pts',(11.5078374670901,-10.8074353527614,-14.3012886137048));
#6438=CARTESIAN_POINT('Ctrl Pts',(11.4717117104646,-10.8594137418302,-14.3004529746622));
#6439=CARTESIAN_POINT('Ctrl Pts',(11.4530896460775,-10.8849458106678,-14.3001504828879));
#6440=CARTESIAN_POINT('Ctrl Pts',(11.4143911104461,-10.9352319403556,-14.2997995012341));
#6441=CARTESIAN_POINT('Ctrl Pts',(11.3945110649837,-10.9598828557477,-14.2997377753567));
#6442=CARTESIAN_POINT('Ctrl Pts',(11.3533298190059,-11.008311243907,-14.2998703935702));
#6443=CARTESIAN_POINT('Ctrl Pts',(11.3322701639745,-11.0319679825659,-14.3000480172213));
#6444=CARTESIAN_POINT('Ctrl Pts',(11.2887735593502,-11.0783150432355,-14.300659593662));
#6445=CARTESIAN_POINT('Ctrl Pts',(11.2666267627041,-11.1008716277778,-14.301072506703));
#6446=CARTESIAN_POINT('Ctrl Pts',(11.2209477155825,-11.1449904749671,-14.3021550369445));
#6447=CARTESIAN_POINT('Ctrl Pts',(11.1977656620638,-11.1663975799014,-14.3027989865531));
#6448=CARTESIAN_POINT('Ctrl Pts',(11.14999790135,-11.2081912876105,-14.3043448007306));
#6449=CARTESIAN_POINT('Ctrl Pts',(11.125838314742,-11.2283989746165,-14.3052147719781));
#6450=CARTESIAN_POINT('Ctrl Pts',(11.0760735167763,-11.2677770589923,-14.3072156061353));
#6451=CARTESIAN_POINT('Ctrl Pts',(11.0509915127197,-11.2867409114529,-14.3083064574261));
#6452=CARTESIAN_POINT('Ctrl Pts',(10.9993138692766,-11.3236206628102,-14.3107548276113));
#6453=CARTESIAN_POINT('Ctrl Pts',(10.97338986758,-11.3412822245544,-14.3120605803903));
#6454=CARTESIAN_POINT('Ctrl Pts',(10.9199002228333,-11.3755703812855,-14.3149478850569));
#6455=CARTESIAN_POINT('Ctrl Pts',(10.8931807311841,-11.3919001093737,-14.3164628778766));
#6456=CARTESIAN_POINT('Ctrl Pts',(10.8379522463201,-11.4235274055672,-14.319782565761));
#6457=CARTESIAN_POINT('Ctrl Pts',(10.8106373685913,-11.4384171233867,-14.3214932983054));
#6458=CARTESIAN_POINT('Ctrl Pts',(10.753804294472,-11.4672700364482,-14.3252342903822));
#6459=CARTESIAN_POINT('Ctrl Pts',(10.725830923322,-11.4807572377164,-14.327140065414));
#6460=CARTESIAN_POINT('Ctrl Pts',(10.6677099802003,-11.506677162505,-14.3312818494207));
#6461=CARTESIAN_POINT('Ctrl Pts',(10.6401084044414,-11.5183763298387,-14.3333021655761));
#6462=CARTESIAN_POINT('Ctrl Pts',(10.5931631931622,-11.5365398470873,-14.3368808452551));
#6463=CARTESIAN_POINT('Ctrl Pts',(10.5660388907586,-11.5466969632354,-14.338982022855));
#6464=CARTESIAN_POINT('Ctrl Pts',(10.5341422084967,-11.5577286123097,-14.341534045546));
#6465=CARTESIAN_POINT('Ctrl Pts',(10.5043891700122,-11.5675272069488,-14.3439563553667));
#6466=CARTESIAN_POINT('Ctrl Pts',(10.4796709079349,-11.5754086981941,-14.345998120029));
#6467=CARTESIAN_POINT('Ctrl Pts',(10.4463598932252,-11.5852122246682,-14.3487912683068));
#6468=CARTESIAN_POINT('Ctrl Pts',(10.4133119641423,-11.5943850220389,-14.3516086139116));
#6469=CARTESIAN_POINT('Ctrl Pts',(10.3868534707271,-11.6015241215208,-14.3538820948976));
#6470=CARTESIAN_POINT('Ctrl Pts',(10.3542518410309,-11.6098397533397,-14.3566258396621));
#6471=CARTESIAN_POINT('Ctrl Pts',(10.3062854688455,-11.6212060974711,-14.3607230110997));
#6472=CARTESIAN_POINT('Ctrl Pts',(10.2693298499695,-11.6289200252831,-14.3639864496671));
#6473=CARTESIAN_POINT('Ctrl Pts',(10.2192560182315,-11.6384350292915,-14.3684729751094));
#6474=CARTESIAN_POINT('Ctrl Pts',(10.1858147000945,-11.6441708207285,-14.3715059859787));
#6475=CARTESIAN_POINT('Ctrl Pts',(10.162721431039,-11.647264941551,-14.3736855164716));
#6476=CARTESIAN_POINT('Ctrl Pts',(10.1454874420983,-11.6494255046594,-14.3753383956335));
#6477=CARTESIAN_POINT('Ctrl Pts',(10.1360620588569,-11.6505646768985,-14.3762481502188));
#6478=CARTESIAN_POINT('Ctrl Pts',(10.1180851700411,-11.6526619869018,-14.3779871091051));
#6479=CARTESIAN_POINT('Ctrl Pts',(10.0889250599804,-11.6558598553423,-14.3808167033848));
#6480=CARTESIAN_POINT('Ctrl Pts',(10.0674603426462,-11.6578917759555,-14.3829167934861));
#6481=CARTESIAN_POINT('Ctrl Pts',(10.0181645412602,-11.6620730216831,-14.387764948489));
#6482=CARTESIAN_POINT('Ctrl Pts',(9.99038203044026,-11.6634452359146,-14.3905557903717));
#6483=CARTESIAN_POINT('Ctrl Pts',(9.93314399586431,-11.6659812963247,-14.3963275868445));
#6484=CARTESIAN_POINT('Ctrl Pts',(9.83046868609033,-11.6702055348141,-14.4066338413676));
#6485=CARTESIAN_POINT('Ctrl Pts',(9.72838910038691,-11.6736739965119,-14.4166347389436));
#6486=CARTESIAN_POINT('Ctrl Pts',(9.54803806775502,-11.6798634413536,-14.4338738765124));
#6487=CARTESIAN_POINT('Ctrl Pts',(9.44331873320264,-11.6835520891573,-14.4435579704225));
#6488=CARTESIAN_POINT('Ctrl Pts',(9.23473363308252,-11.6905555513692,-14.4621427445975));
#6489=CARTESIAN_POINT('Ctrl Pts',(9.13096482357982,-11.6938692885486,-14.4710907247917));
#6490=CARTESIAN_POINT('Ctrl Pts',(8.92263883085428,-11.7002536028313,-14.4883629909122));
#6491=CARTESIAN_POINT('Ctrl Pts',(8.81860375918032,-11.7033317628879,-14.4966847491944));
#6492=CARTESIAN_POINT('Ctrl Pts',(8.61007370730463,-11.70922790107,-14.5126607273881));
#6493=CARTESIAN_POINT('Ctrl Pts',(8.50607820241511,-11.7120471782984,-14.5203261775909));
#6494=CARTESIAN_POINT('Ctrl Pts',(8.29746562377915,-11.7174307440527,-14.5349943623319));
#6495=CARTESIAN_POINT('Ctrl Pts',(8.19344684874027,-11.7199987636478,-14.5420068809831));
#6496=CARTESIAN_POINT('Ctrl Pts',(7.98472979667343,-11.7248806479923,-14.5553623064326));
#6497=CARTESIAN_POINT('Ctrl Pts',(7.88071709610815,-11.7271980498288,-14.5617178241705));
#6498=CARTESIAN_POINT('Ctrl Pts',(7.67190458572473,-11.7315802085659,-14.573755065521));
#6499=CARTESIAN_POINT('Ctrl Pts',(7.56790232460631,-11.7336492674603,-14.5794518459677));
#6500=CARTESIAN_POINT('Ctrl Pts',(7.35898864089609,-11.7375360429652,-14.5901663497481));
#6501=CARTESIAN_POINT('Ctrl Pts',(7.25500444338475,-11.7393587831786,-14.5952025969531));
#6502=CARTESIAN_POINT('Ctrl Pts',(7.04598257645246,-11.7427533590564,-14.6045901967954));
#6503=CARTESIAN_POINT('Ctrl Pts',(6.94201813912187,-11.7443312396892,-14.6089646417644));
#6504=CARTESIAN_POINT('Ctrl Pts',(6.73286532504082,-11.7472363795875,-14.6170220889198));
#6505=CARTESIAN_POINT('Ctrl Pts',(6.62890536714469,-11.7485709837448,-14.6207339707689));
#6506=CARTESIAN_POINT('Ctrl Pts',(6.4195756799046,-11.7509894680111,-14.6274586888493));
#6507=CARTESIAN_POINT('Ctrl Pts',(6.31557260294791,-11.7520821608982,-14.6305074466513));
#6508=CARTESIAN_POINT('Ctrl Pts',(6.10598382912305,-11.7540163450342,-14.6358973805762));
#6509=CARTESIAN_POINT('Ctrl Pts',(6.00182997153111,-11.7548681414436,-14.6382818860298));
#6510=CARTESIAN_POINT('Ctrl Pts',(5.79186033445046,-11.7563183304943,-14.6423349655332));
#6511=CARTESIAN_POINT('Ctrl Pts',(5.68736976883295,-11.7569277985308,-14.6440520344514));
#6512=CARTESIAN_POINT('Ctrl Pts',(5.47690074226122,-11.75789510177,-14.6467635258774));
#6513=CARTESIAN_POINT('Ctrl Pts',(5.3718720639267,-11.7582626645011,-14.6478038997604));
#6514=CARTESIAN_POINT('Ctrl Pts',(5.16094823272715,-11.7587461189357,-14.6491654772668));
#6515=CARTESIAN_POINT('Ctrl Pts',(5.05543982231907,-11.7588695455984,-14.6495156689779));
#6516=CARTESIAN_POINT('Ctrl Pts',(4.84433841767862,-11.7588655388052,-14.6495204275062));
#6517=CARTESIAN_POINT('Ctrl Pts',(4.73883478981509,-11.7587425936376,-14.6491734499018));
#6518=CARTESIAN_POINT('Ctrl Pts',(4.52791721404091,-11.7582518091264,-14.6478212540307));
#6519=CARTESIAN_POINT('Ctrl Pts',(4.422898158405,-11.7578827626792,-14.6467848025269));
#6520=CARTESIAN_POINT('Ctrl Pts',(4.21243884186095,-11.7569088128602,-14.6440826113701));
#6521=CARTESIAN_POINT('Ctrl Pts',(4.10795613303324,-11.7562960009929,-14.6423701256298));
#6522=CARTESIAN_POINT('Ctrl Pts',(3.89799586855638,-11.7548389096269,-14.6383264951471));
#6523=CARTESIAN_POINT('Ctrl Pts',(3.79384693089066,-11.7539828921714,-14.6359468962209));
#6524=CARTESIAN_POINT('Ctrl Pts',(3.58426637158234,-11.7520389356912,-14.6305672864368));
#6525=CARTESIAN_POINT('Ctrl Pts',(3.48026640571388,-11.7509386252461,-14.6275244439865));
#6526=CARTESIAN_POINT('Ctrl Pts',(3.27094378736338,-11.7485027498368,-14.6208122595273));
#6527=CARTESIAN_POINT('Ctrl Pts',(3.16698564850241,-11.7471554603848,-14.6171077381361));
#6528=CARTESIAN_POINT('Ctrl Pts',(2.95783928891217,-11.7442219800636,-14.6090660160205));
#6529=CARTESIAN_POINT('Ctrl Pts',(2.85387760567045,-11.7426247706602,-14.604700938843));
#6530=CARTESIAN_POINT('Ctrl Pts',(2.64486428651943,-11.7391876840228,-14.5953333126773));
#6531=CARTESIAN_POINT('Ctrl Pts',(2.54088317977178,-11.7373369922994,-14.5903089411386));
#6532=CARTESIAN_POINT('Ctrl Pts',(2.33197805617238,-11.7333894599604,-14.5796196206639));
#6533=CARTESIAN_POINT('Ctrl Pts',(2.22797824288684,-11.7312822788785,-14.5739375358068));
#6534=CARTESIAN_POINT('Ctrl Pts',(2.01917352281752,-11.7268179222175,-14.5619315289045));
#6535=CARTESIAN_POINT('Ctrl Pts',(1.91516478656449,-11.7244510643329,-14.5555940452183));
#6536=CARTESIAN_POINT('Ctrl Pts',(1.70645845640657,-11.7194663636649,-14.5422759722375));
#6537=CARTESIAN_POINT('Ctrl Pts',(1.6024450179809,-11.7168222847856,-14.5352890782593));
#6538=CARTESIAN_POINT('Ctrl Pts',(1.39384417431584,-11.7113488659938,-14.5206547172496));
#6539=CARTESIAN_POINT('Ctrl Pts',(1.28985278278743,-11.7085243006216,-14.5129949809677));
#6540=CARTESIAN_POINT('Ctrl Pts',(1.08133320716147,-11.7026362415671,-14.4970255015553));
#6541=CARTESIAN_POINT('Ctrl Pts',(0.97730359741088,-11.6995710271562,-14.4887046321549));
#6542=CARTESIAN_POINT('Ctrl Pts',(0.768989746237195,-11.6932219174554,-14.4714317591595));
#6543=CARTESIAN_POINT('Ctrl Pts',(0.665226724532016,-11.6899469928716,-14.4624776241781));
#6544=CARTESIAN_POINT('Ctrl Pts',(0.456656421948319,-11.6830691100991,-14.4438677017765));
#6545=CARTESIAN_POINT('Ctrl Pts',(0.351944980728859,-11.6793928042023,-14.434185309362));
#6546=CARTESIAN_POINT('Ctrl Pts',(0.171598934034201,-11.6731555366254,-14.4169671896013));
#6547=CARTESIAN_POINT('Ctrl Pts',(0.0695196989132092,-11.6697881882907,
-14.4069422880705));
#6548=CARTESIAN_POINT('Ctrl Pts',(-0.0331472315588101,-11.6658197568122,
-14.3965706103623));
#6549=CARTESIAN_POINT('Ctrl Pts',(-0.0903558127228952,-11.6634095613176,
-14.3907697759692));
#6550=CARTESIAN_POINT('Ctrl Pts',(-0.118111540188051,-11.6624039034138,
-14.3878822672739));
#6551=CARTESIAN_POINT('Ctrl Pts',(-0.167445266322832,-11.658976025352,-14.3828214154276));
#6552=CARTESIAN_POINT('Ctrl Pts',(-0.18897257586444,-11.6572273210596,-14.3806350251545));
#6553=CARTESIAN_POINT('Ctrl Pts',(-0.218194729186473,-11.654207146897,-14.3777483194202));
#6554=CARTESIAN_POINT('Ctrl Pts',(-0.23620192149775,-11.6521902517711,-14.3759832841571));
#6555=CARTESIAN_POINT('Ctrl Pts',(-0.245639050945121,-11.6510735542644,
-14.3750658976779));
#6556=CARTESIAN_POINT('Ctrl Pts',(-0.26289843602877,-11.6489988913101,-14.3733860418331));
#6557=CARTESIAN_POINT('Ctrl Pts',(-0.286057246311003,-11.6462377522375,
-14.3711052919541));
#6558=CARTESIAN_POINT('Ctrl Pts',(-0.319643239553844,-11.6408611867953,
-14.3679522707508));
#6559=CARTESIAN_POINT('Ctrl Pts',(-0.369842379884687,-11.6314780942461,
-14.363412109114));
#6560=CARTESIAN_POINT('Ctrl Pts',(-0.406837327841828,-11.6238188808772,
-14.3601289232213));
#6561=CARTESIAN_POINT('Ctrl Pts',(-0.454883106007168,-11.6124417456276,
-14.3560252954837));
#6562=CARTESIAN_POINT('Ctrl Pts',(-0.48750609454681,-11.6039349970045,-14.3533330851215));
#6563=CARTESIAN_POINT('Ctrl Pts',(-0.513933697354077,-11.5963987799072,
-14.3511736966749));
#6564=CARTESIAN_POINT('Ctrl Pts',(-0.546891868047251,-11.5867423905449,
-14.3485040354089));
#6565=CARTESIAN_POINT('Ctrl Pts',(-0.58006667540623,-11.576386752121,-14.3458854192171));
#6566=CARTESIAN_POINT('Ctrl Pts',(-0.604655044517374,-11.5681242465542,
-14.3439699929627));
#6567=CARTESIAN_POINT('Ctrl Pts',(-0.634264578487791,-11.5579091702311,
-14.3416865235529));
#6568=CARTESIAN_POINT('Ctrl Pts',(-0.666007187071863,-11.5464588257913,
-14.3392763483222));
#6569=CARTESIAN_POINT('Ctrl Pts',(-0.693009336220162,-11.5360191506541,
-14.337274817513));
#6570=CARTESIAN_POINT('Ctrl Pts',(-0.739732801331615,-11.5174194809193,
-14.3338563591657));
#6571=CARTESIAN_POINT('Ctrl Pts',(-0.767205876700008,-11.5055530138291,
-14.3319064678374));
#6572=CARTESIAN_POINT('Ctrl Pts',(-0.825093520959571,-11.4793680156707,
-14.3278836469733));
#6573=CARTESIAN_POINT('Ctrl Pts',(-0.852973033069168,-11.4658317660227,
-14.3260113946118));
#6574=CARTESIAN_POINT('Ctrl Pts',(-0.909723775274601,-11.4369578956481,
-14.3222967338904));
#6575=CARTESIAN_POINT('Ctrl Pts',(-0.937043758942007,-11.4221145672932,
-14.3205746861226));
#6576=CARTESIAN_POINT('Ctrl Pts',(-0.992354566907814,-11.3906426513467,
-14.3172008683618));
#6577=CARTESIAN_POINT('Ctrl Pts',(-1.0191465684758,-11.3744363938024,-14.3156399773755));
#6578=CARTESIAN_POINT('Ctrl Pts',(-1.07282603451096,-11.3404585305146,-14.312634192816));
#6579=CARTESIAN_POINT('Ctrl Pts',(-1.09887171182002,-11.3229877683371,-14.3112538025498));
#6580=CARTESIAN_POINT('Ctrl Pts',(-1.15083852958081,-11.2865246189578,-14.3086364688738));
#6581=CARTESIAN_POINT('Ctrl Pts',(-1.17609119965808,-11.2677901720737,-14.3074496404781));
#6582=CARTESIAN_POINT('Ctrl Pts',(-1.22623193185024,-11.2288876838239,-14.305244275863));
#6583=CARTESIAN_POINT('Ctrl Pts',(-1.25060124954506,-11.2089260303549,-14.3042647877634));
#6584=CARTESIAN_POINT('Ctrl Pts',(-1.2988106245823,-11.1676239473574,-14.3024946793567));
#6585=CARTESIAN_POINT('Ctrl Pts',(-1.32222925818103,-11.1464595887604,-14.3017356095224));
#6586=CARTESIAN_POINT('Ctrl Pts',(-1.3683909917772,-11.1028088890934,-14.3004250877734));
#6587=CARTESIAN_POINT('Ctrl Pts',(-1.39078717849109,-11.0804736463745,-14.2998996010894));
#6588=CARTESIAN_POINT('Ctrl Pts',(-1.43477459301101,-11.0345376718595,-14.2990732694981));
#6589=CARTESIAN_POINT('Ctrl Pts',(-1.45607756946772,-11.0110664091293,-14.2987941535451));
#6590=CARTESIAN_POINT('Ctrl Pts',(-1.49775711850341,-10.9629191977565,-14.2984768495684));
#6591=CARTESIAN_POINT('Ctrl Pts',(-1.51788904689049,-10.9383589748872,-14.2984569319527));
#6592=CARTESIAN_POINT('Ctrl Pts',(-1.55705015748472,-10.8881785588547,-14.2986727543514));
#6593=CARTESIAN_POINT('Ctrl Pts',(-1.57587978831629,-10.8626580923876,-14.2989231968621));
#6594=CARTESIAN_POINT('Ctrl Pts',(-1.61233515031843,-10.810640539794,-14.2996912978108));
#6595=CARTESIAN_POINT('Ctrl Pts',(-1.62979129212106,-10.7842323052165,-14.3002213819438));
#6596=CARTESIAN_POINT('Ctrl Pts',(-1.66341615610761,-10.7305092297955,-14.3015591175949));
#6597=CARTESIAN_POINT('Ctrl Pts',(-1.67943907216913,-10.7032724848795,-14.3023776613227));
#6598=CARTESIAN_POINT('Ctrl Pts',(-1.71011732127164,-10.6479601697563,-14.3043021936979));
#6599=CARTESIAN_POINT('Ctrl Pts',(-1.72464336581868,-10.6199561903063,-14.3054180678359));
#6600=CARTESIAN_POINT('Ctrl Pts',(-1.75224253144329,-10.5631838462803,-14.3079463423033));
#6601=CARTESIAN_POINT('Ctrl Pts',(-1.76520050971275,-10.5344785827704,-14.3093681746128));
#6602=CARTESIAN_POINT('Ctrl Pts',(-1.78957253326842,-10.4763768698149,-14.3125174839514));
#6603=CARTESIAN_POINT('Ctrl Pts',(-1.80088624247548,-10.4470405434138,-14.3142524612654));
#6604=CARTESIAN_POINT('Ctrl Pts',(-1.82184128403374,-10.3877470888803,-14.3180438753011));
#6605=CARTESIAN_POINT('Ctrl Pts',(-1.83143969048967,-10.3578617253242,-14.3200925115145));
#6606=CARTESIAN_POINT('Ctrl Pts',(-1.84432435362977,-10.3129299974278,-14.3234100079002));
#6607=CARTESIAN_POINT('Ctrl Pts',(-1.8483839061363,-10.297721373477,-14.3245814058549));
#6608=CARTESIAN_POINT('Ctrl Pts',(-1.85223954443124,-10.2826031815949,-14.3257646508469));
#6609=CARTESIAN_POINT('Ctrl Pts',(-1.5589587341588,-10.1732564850014,-14.1279984615805));
#6610=CARTESIAN_POINT('Ctrl Pts',(-1.5627554418768,-10.1602392742343,-14.1289363052018));
#6611=CARTESIAN_POINT('Ctrl Pts',(-1.56640363680322,-10.1472976978095,-14.1298791379842));
#6612=CARTESIAN_POINT('Ctrl Pts',(-1.57718814387816,-10.1080628268918,-14.1327487167605));
#6613=CARTESIAN_POINT('Ctrl Pts',(-1.58388482477896,-10.0820397059584,-14.1346868009817));
#6614=CARTESIAN_POINT('Ctrl Pts',(-1.59635858624549,-10.0297907152948,-14.1386829906474));
#6615=CARTESIAN_POINT('Ctrl Pts',(-1.60209866116431,-10.0036122191464,-14.1407400003167));
#6616=CARTESIAN_POINT('Ctrl Pts',(-1.61260917117332,-9.95100628730662,-14.1449986902988));
#6617=CARTESIAN_POINT('Ctrl Pts',(-1.61732533222231,-9.9247376179241,-14.1471894809409));
#6618=CARTESIAN_POINT('Ctrl Pts',(-1.62569925712443,-9.87220352772659,-14.1517068380647));
#6619=CARTESIAN_POINT('Ctrl Pts',(-1.62939414259371,-9.84560631783437,-14.154064256889));
#6620=CARTESIAN_POINT('Ctrl Pts',(-1.63583785717126,-9.79153315543668,-14.159003353292));
#6621=CARTESIAN_POINT('Ctrl Pts',(-1.63839121072418,-9.76563397874676,-14.1614364676267));
#6622=CARTESIAN_POINT('Ctrl Pts',(-1.6421545184512,-9.71652264944008,-14.1661839289466));
#6623=CARTESIAN_POINT('Ctrl Pts',(-1.64370783729966,-9.68731524018791,-14.1691103162163));
#6624=CARTESIAN_POINT('Ctrl Pts',(-1.64701665740995,-9.60605856580778,-14.1774689764932));
#6625=CARTESIAN_POINT('Ctrl Pts',(-1.65038237504973,-9.51193334514654,-14.1872300481244));
#6626=CARTESIAN_POINT('Ctrl Pts',(-1.65675521254165,-9.32351175495312,-14.2067682232229));
#6627=CARTESIAN_POINT('Ctrl Pts',(-1.67794367166455,-8.6160220582641,-14.2801877541553));
#6628=CARTESIAN_POINT('Ctrl Pts',(-1.6895604881529,-7.95094427610719,-14.3491284709718));
#6629=CARTESIAN_POINT('Ctrl Pts',(-1.71803133281227,-6.616752245737,-14.4837669500536));
#6630=CARTESIAN_POINT('Ctrl Pts',(-1.73812256032451,-5.85355722764903,-14.5579374522892));
#6631=CARTESIAN_POINT('Ctrl Pts',(-1.77108239111033,-4.33215564628481,-14.7008257950936));
#6632=CARTESIAN_POINT('Ctrl Pts',(-1.78487508880952,-3.56977998686289,-14.7700552999962));
#6633=CARTESIAN_POINT('Ctrl Pts',(-1.81820246994679,-2.03964251725099,-14.8992315302682));
#6634=CARTESIAN_POINT('Ctrl Pts',(-1.83636292647393,-1.2773103203557,-14.95881948732));
#6635=CARTESIAN_POINT('Ctrl Pts',(-1.8399826586485,-0.476645657570376,-15.0187626783528));
#6636=CARTESIAN_POINT('Ctrl Pts',(-1.84004356886243,-0.444283946254824,
-15.0211823065888));
#6637=CARTESIAN_POINT('Ctrl Pts',(-1.83939960225475,-0.388500957384889,
-15.0254955531568));
#6638=CARTESIAN_POINT('Ctrl Pts',(-1.83862511416127,-0.359617073556701,
-15.027834313781));
#6639=CARTESIAN_POINT('Ctrl Pts',(-1.83621295702902,-0.299332037780618,
-15.032896199915));
#6640=CARTESIAN_POINT('Ctrl Pts',(-1.83468486517885,-0.269505802861221,
-15.0354697568607));
#6641=CARTESIAN_POINT('Ctrl Pts',(-1.83064982803199,-0.210589735976676,
-15.0407719683974));
#6642=CARTESIAN_POINT('Ctrl Pts',(-1.8280473672612,-0.181111930086929,-15.0435547577607));
#6643=CARTESIAN_POINT('Ctrl Pts',(-1.82178841263488,-0.122068162081831,
-15.0493593017051));
#6644=CARTESIAN_POINT('Ctrl Pts',(-1.81815168601704,-0.092647541968313,
-15.052364351767));
#6645=CARTESIAN_POINT('Ctrl Pts',(-1.80985715798741,-0.0340077630427606,
-15.0585813155317));
#6646=CARTESIAN_POINT('Ctrl Pts',(-1.80518245109963,-0.00477958118049928,
-15.061797940153));
#6647=CARTESIAN_POINT('Ctrl Pts',(-1.79480260570243,0.053505894167554,-15.068440674736));
#6648=CARTESIAN_POINT('Ctrl Pts',(-1.78909440073397,0.0825282675157046,
-15.0718645020948));
#6649=CARTESIAN_POINT('Ctrl Pts',(-1.77665237515286,0.140338704789325,-15.078912581294));
#6650=CARTESIAN_POINT('Ctrl Pts',(-1.76991001060214,0.169106601004089,-15.0825369634353));
#6651=CARTESIAN_POINT('Ctrl Pts',(-1.75530327464532,0.226339420187848,-15.0900113987817));
#6652=CARTESIAN_POINT('Ctrl Pts',(-1.74742507953199,0.254776365757799,-15.0938642711123));
#6653=CARTESIAN_POINT('Ctrl Pts',(-1.73053297082318,0.311285134524669,-15.1017999741027));
#6654=CARTESIAN_POINT('Ctrl Pts',(-1.72152556644719,0.339337221864791,-15.1058788671575));
#6655=CARTESIAN_POINT('Ctrl Pts',(-1.702399175283,0.395025278117592,-15.1142560853104));
#6656=CARTESIAN_POINT('Ctrl Pts',(-1.6922827336006,0.422632069412802,-15.118551860121));
#6657=CARTESIAN_POINT('Ctrl Pts',(-1.67094335977449,0.477339695686189,-15.1273580555583));
#6658=CARTESIAN_POINT('Ctrl Pts',(-1.65972702273636,0.504419450048141,-15.1318651890152));
#6659=CARTESIAN_POINT('Ctrl Pts',(-1.63619824266076,0.558015165104216,-15.1410881336342));
#6660=CARTESIAN_POINT('Ctrl Pts',(-1.6238958837524,0.58450856386868,-15.1457997797015));
#6661=CARTESIAN_POINT('Ctrl Pts',(-1.59820255742069,0.636872435012339,-15.1554266907661));
#6662=CARTESIAN_POINT('Ctrl Pts',(-1.58482948201431,0.662712904225682,-15.1603353823707));
#6663=CARTESIAN_POINT('Ctrl Pts',(-1.55700968654587,0.713700619855241,-15.1703480524166));
#6664=CARTESIAN_POINT('Ctrl Pts',(-1.54258006333292,0.738826616302981,-15.1754463172847));
#6665=CARTESIAN_POINT('Ctrl Pts',(-1.51265063825335,0.788336071473315,-15.1858339068723));
#6666=CARTESIAN_POINT('Ctrl Pts',(-1.49717811861642,0.812689562445054,-15.1911144446294));
#6667=CARTESIAN_POINT('Ctrl Pts',(-1.46517286254876,0.86059199385604,-15.2018596080749));
#6668=CARTESIAN_POINT('Ctrl Pts',(-1.44867070799686,0.884114332082462,-15.2073148904311));
#6669=CARTESIAN_POINT('Ctrl Pts',(-1.41460783549161,0.930303935627486,-15.2184050655203));
#6670=CARTESIAN_POINT('Ctrl Pts',(-1.39708655831376,0.952941161911941,-15.2240282629668));
#6671=CARTESIAN_POINT('Ctrl Pts',(-1.36099977704961,0.997290740144127,-15.2354454549927));
#6672=CARTESIAN_POINT('Ctrl Pts',(-1.34249482986483,1.01895973180054,-15.2412216463628));
#6673=CARTESIAN_POINT('Ctrl Pts',(-1.30450765617478,1.06124670481025,-15.2529188780785));
#6674=CARTESIAN_POINT('Ctrl Pts',(-1.28508991316375,1.08183294373776,-15.2588221082699));
#6675=CARTESIAN_POINT('Ctrl Pts',(-1.24528682584635,1.12190524748169,-15.2707664760192));
#6676=CARTESIAN_POINT('Ctrl Pts',(-1.22499032094469,1.14134827539166,-15.2767832438845));
#6677=CARTESIAN_POINT('Ctrl Pts',(-1.18344626825348,1.1790758684735,-15.2889453053597));
#6678=CARTESIAN_POINT('Ctrl Pts',(-1.16230459199387,1.19731674958742,-15.2950620799185));
#6679=CARTESIAN_POINT('Ctrl Pts',(-1.11907560839725,1.23258900139205,-15.3074175748024));
#6680=CARTESIAN_POINT('Ctrl Pts',(-1.09711784648181,1.24957343324444,-15.3136220389377));
#6681=CARTESIAN_POINT('Ctrl Pts',(-1.0522530989244,1.28228322738642,-15.3261486063076));
#6682=CARTESIAN_POINT('Ctrl Pts',(-1.02950646529262,1.29795770894431,-15.3324289989991));
#6683=CARTESIAN_POINT('Ctrl Pts',(-0.983051526010891,1.3279974332898,-15.3451049573761));
#6684=CARTESIAN_POINT('Ctrl Pts',(-0.959538556976361,1.34231028453723,-15.3514506770214));
#6685=CARTESIAN_POINT('Ctrl Pts',(-0.911546430696926,1.3695642055126,-15.3642521379486));
#6686=CARTESIAN_POINT('Ctrl Pts',(-0.887320206335985,1.38244674126241,-15.3706445303029));
#6687=CARTESIAN_POINT('Ctrl Pts',(-0.838018740464875,1.40671391470604,-15.3835015094505));
#6688=CARTESIAN_POINT('Ctrl Pts',(-0.813282717520122,1.41803805624571,-15.3898832769461));
#6689=CARTESIAN_POINT('Ctrl Pts',(-0.762971891360937,1.43913751675274,-15.4027099307768));
#6690=CARTESIAN_POINT('Ctrl Pts',(-0.737727496523008,1.44888762657595,-15.4090780583517));
#6691=CARTESIAN_POINT('Ctrl Pts',(-0.686288510113208,1.46683356425876,-15.4219024455164));
#6692=CARTESIAN_POINT('Ctrl Pts',(-0.660792878343938,1.47492041379489,-15.4281934202586));
#6693=CARTESIAN_POINT('Ctrl Pts',(-0.608958173999299,1.48942790951162,-15.4408214186433));
#6694=CARTESIAN_POINT('Ctrl Pts',(-0.582566817539824,1.49598179180644,-15.4471828605533));
#6695=CARTESIAN_POINT('Ctrl Pts',(-0.52835854936116,1.50753708624266,-15.4601063927759));
#6696=CARTESIAN_POINT('Ctrl Pts',(-0.503356319304108,1.51204164062785,-15.4660591288414));
#6697=CARTESIAN_POINT('Ctrl Pts',(-0.452822069330843,1.51938481323671,-15.4777613406996));
#6698=CARTESIAN_POINT('Ctrl Pts',(-0.422463013138771,1.52295701797266,-15.4846076413376));
#6699=CARTESIAN_POINT('Ctrl Pts',(-0.340135256371337,1.53110757110685,-15.5030589351618));
#6700=CARTESIAN_POINT('Ctrl Pts',(-0.237208544741263,1.53961834602776,-15.5259011055794));
#6701=CARTESIAN_POINT('Ctrl Pts',(-0.125797749073254,1.54756219255039,-15.5499167104178));
#6702=CARTESIAN_POINT('Ctrl Pts',(0.0395808139937831,1.55933433787283,-15.5851715681704));
#6703=CARTESIAN_POINT('Ctrl Pts',(0.148530759225613,1.56723910827415,-15.6078797690363));
#6704=CARTESIAN_POINT('Ctrl Pts',(0.366324902815709,1.58232585362394,-15.651765541917));
#6705=CARTESIAN_POINT('Ctrl Pts',(0.47567762593832,1.58951299186329,-15.6731497015969));
#6706=CARTESIAN_POINT('Ctrl Pts',(0.695517114336853,1.60332958490394,-15.7146903383148));
#6707=CARTESIAN_POINT('Ctrl Pts',(0.805169857067358,1.60995414740318,-15.7347715384359));
#6708=CARTESIAN_POINT('Ctrl Pts',(1.02547839118329,1.62262859337249,-15.7735793043199));
#6709=CARTESIAN_POINT('Ctrl Pts',(1.13545629768986,1.62867083330949,-15.7922884355833));
#6710=CARTESIAN_POINT('Ctrl Pts',(1.35658992556471,1.64019119727152,-15.8283189714224));
#6711=CARTESIAN_POINT('Ctrl Pts',(1.46685729504428,1.64566193240297,-15.845609127517));
#6712=CARTESIAN_POINT('Ctrl Pts',(1.6887166759669,1.65604843555959,-15.8787491494045));
#6713=CARTESIAN_POINT('Ctrl Pts',(1.79924559966749,1.66095476221858,-15.894570166326));
#6714=CARTESIAN_POINT('Ctrl Pts',(2.02182759842288,1.6702226764209,-15.9247250242508));
#6715=CARTESIAN_POINT('Ctrl Pts',(2.1325758052463,1.67457330995912,-15.9390302668607));
#6716=CARTESIAN_POINT('Ctrl Pts',(2.35585099500895,1.68274114598728,-15.9661074640284));
#6717=CARTESIAN_POINT('Ctrl Pts',(2.46676702142673,1.68654584241009,-15.9788534044391));
#6718=CARTESIAN_POINT('Ctrl Pts',(2.69070806052238,1.69363379518482,-16.0027670498517));
#6719=CARTESIAN_POINT('Ctrl Pts',(2.80172531115249,1.69690340572343,-16.013914033452));
#6720=CARTESIAN_POINT('Ctrl Pts',(3.02630823960469,1.70293176447536,-16.0345851315985));
#6721=CARTESIAN_POINT('Ctrl Pts',(3.13736112252795,1.70567701892899,-16.044099401833));
#6722=CARTESIAN_POINT('Ctrl Pts',(3.36258817433752,1.71066662841671,-16.0614583842399));
#6723=CARTESIAN_POINT('Ctrl Pts',(3.47362313519229,1.71290006759133,-16.0693130610575));
#6724=CARTESIAN_POINT('Ctrl Pts',(3.6995588840768,1.71687114690983,-16.0833004904654));
#6725=CARTESIAN_POINT('Ctrl Pts',(3.8106295314109,1.71860681494782,-16.0894780032268));
#6726=CARTESIAN_POINT('Ctrl Pts',(4.03746653719993,1.72157581938576,-16.1000443781211));
#6727=CARTESIAN_POINT('Ctrl Pts',(4.14891410579982,1.72282125828771,-16.1045368133845));
#6728=CARTESIAN_POINT('Ctrl Pts',(4.37712384533615,1.72475662412073,-16.1116571343156));
#6729=CARTESIAN_POINT('Ctrl Pts',(4.4900579631536,1.72552642297529,-16.1144406181464));
#6730=CARTESIAN_POINT('Ctrl Pts',(4.71965408511119,1.7264423398295,-16.1180345507023));
#6731=CARTESIAN_POINT('Ctrl Pts',(4.83520433889781,1.72670606473937,-16.1190017201422));
#6732=CARTESIAN_POINT('Ctrl Pts',(5.06505949151304,1.72670249028587,-16.1190120852604));
#6733=CARTESIAN_POINT('Ctrl Pts',(5.18063108513298,1.72642466441467,-16.1180617366977));
#6734=CARTESIAN_POINT('Ctrl Pts',(5.41023340468211,1.72550409674566,-16.1144877106217));
#6735=CARTESIAN_POINT('Ctrl Pts',(5.52319222423381,1.72472434374525,-16.1117174588801));
#6736=CARTESIAN_POINT('Ctrl Pts',(5.7514162597194,1.72278652114102,-16.1046155705467));
#6737=CARTESIAN_POINT('Ctrl Pts',(5.86286997355146,1.72153519408017,-16.1001342058787));
#6738=CARTESIAN_POINT('Ctrl Pts',(6.08971149852693,1.71856718279826,-16.0895843426637));
#6739=CARTESIAN_POINT('Ctrl Pts',(6.20077900623816,1.71681183532684,-16.0834241928647));
#6740=CARTESIAN_POINT('Ctrl Pts',(6.42671585453573,1.71278841623477,-16.0694774608029));
#6741=CARTESIAN_POINT('Ctrl Pts',(6.53774739426193,1.71050455356992,-16.0616542618898));
#6742=CARTESIAN_POINT('Ctrl Pts',(6.76297273009007,1.70539952364029,-16.0443643330263));
#6743=CARTESIAN_POINT('Ctrl Pts',(6.87402059781475,1.70257066411622,-16.0348960819367));
#6744=CARTESIAN_POINT('Ctrl Pts',(7.09860264908145,1.69636056922636,-16.0143222756864));
#6745=CARTESIAN_POINT('Ctrl Pts',(7.20961688444134,1.6929774548849,-16.0032337249317));
#6746=CARTESIAN_POINT('Ctrl Pts',(7.43355535969467,1.68564405266274,-15.9794433050708));
#6747=CARTESIAN_POINT('Ctrl Pts',(7.5444670837517,1.68170043341998,-15.9667653156331));
#6748=CARTESIAN_POINT('Ctrl Pts',(7.7677410431501,1.67323132230185,-15.9398315743578));
#6749=CARTESIAN_POINT('Ctrl Pts',(7.87848665136937,1.66872220545529,-15.9256005190546));
#6750=CARTESIAN_POINT('Ctrl Pts',(8.10106673076708,1.65910996342924,-15.8956027920075));
#6751=CARTESIAN_POINT('Ctrl Pts',(8.21159203431832,1.65403301897885,-15.8798585278687));
#6752=CARTESIAN_POINT('Ctrl Pts',(8.43344744701755,1.64326598564966,-15.846884927157));
#6753=CARTESIAN_POINT('Ctrl Pts',(8.54370756948032,1.63772352059864,-15.8296267617549));
#6754=CARTESIAN_POINT('Ctrl Pts',(8.76482766775579,1.62615562146652,-15.7936194421775));
#6755=CARTESIAN_POINT('Ctrl Pts',(8.87479497417217,1.62013838743778,-15.7749018074371));
#6756=CARTESIAN_POINT('Ctrl Pts',(9.09508383234973,1.60756821855361,-15.7360541898992));
#6757=CARTESIAN_POINT('Ctrl Pts',(9.20472311111941,1.60101585955006,-15.7159459624653));
#6758=CARTESIAN_POINT('Ctrl Pts',(9.42454107857577,1.58738953277353,-15.6743305642077));
#6759=CARTESIAN_POINT('Ctrl Pts',(9.53387631604342,1.58034407663734,-15.6528920714716));
#6760=CARTESIAN_POINT('Ctrl Pts',(9.75163987102349,1.56557031138842,-15.6088860403749));
#6761=CARTESIAN_POINT('Ctrl Pts',(9.8605883583993,1.55769795769001,-15.5861645088241));
#6762=CARTESIAN_POINT('Ctrl Pts',(10.0829450695878,1.5420336915327,-15.5387050269208));
#6763=CARTESIAN_POINT('Ctrl Pts',(10.1918533955378,1.53423554312428,-15.5149224485131));
#6764=CARTESIAN_POINT('Ctrl Pts',(10.3224361906784,1.52142575294113,-15.4855988438586));
#6765=CARTESIAN_POINT('Ctrl Pts',(10.3526860994016,1.51801456371678,-15.4787161354448));
#6766=CARTESIAN_POINT('Ctrl Pts',(10.4031925032142,1.51087890010893,-15.4669429730427));
#6767=CARTESIAN_POINT('Ctrl Pts',(10.4282515991482,1.50628275377113,-15.4610067088732));
#6768=CARTESIAN_POINT('Ctrl Pts',(10.4826977634416,1.49463866268964,-15.4480339264661));
#6769=CARTESIAN_POINT('Ctrl Pts',(10.5092413694386,1.48805416685354,-15.441625707254));
#6770=CARTESIAN_POINT('Ctrl Pts',(10.5612714053823,1.47346752785128,-15.4289393640255));
#6771=CARTESIAN_POINT('Ctrl Pts',(10.5868167914938,1.46533980742552,-15.4226332803262));
#6772=CARTESIAN_POINT('Ctrl Pts',(10.6382560712198,1.44733786063256,-15.4098009008291));
#6773=CARTESIAN_POINT('Ctrl Pts',(10.6634588491484,1.43757191057339,-15.4034397571124));
#6774=CARTESIAN_POINT('Ctrl Pts',(10.7135949642903,1.41646764492725,-15.3906533889951));
#6775=CARTESIAN_POINT('Ctrl Pts',(10.7382057962135,1.40515797374085,-15.3843033825764));
#6776=CARTESIAN_POINT('Ctrl Pts',(10.7871944517415,1.38094954413002,-15.371529668738));
#6777=CARTESIAN_POINT('Ctrl Pts',(10.8112378325155,1.36811397022273,-15.3651880720688));
#6778=CARTESIAN_POINT('Ctrl Pts',(10.8589449273278,1.34091127786271,-15.3524709972133));
#6779=CARTESIAN_POINT('Ctrl Pts',(10.8823584088279,1.32659617722669,-15.3461575025504));
#6780=CARTESIAN_POINT('Ctrl Pts',(10.9287250924857,1.29646992316438,-15.3335193468736));
#6781=CARTESIAN_POINT('Ctrl Pts',(10.9514716002634,1.28071068294859,-15.3272467440699));
#6782=CARTESIAN_POINT('Ctrl Pts',(10.9963498385249,1.24779171755218,-15.3147341984068));
#6783=CARTESIAN_POINT('Ctrl Pts',(11.018313690817,1.23068623940231,-15.3085376785661));
#6784=CARTESIAN_POINT('Ctrl Pts',(11.061488687523,1.19518645930566,-15.2962185683382));
#6785=CARTESIAN_POINT('Ctrl Pts',(11.0825677908074,1.17684436070726,-15.2901310440906));
#6786=CARTESIAN_POINT('Ctrl Pts',(11.1239137689042,1.13894037532249,-15.278049847227));
#6787=CARTESIAN_POINT('Ctrl Pts',(11.144082142512,1.1194195662971,-15.2720825226974));
#6788=CARTESIAN_POINT('Ctrl Pts',(11.1835707152739,1.07921182572366,-15.2602547413132));
#6789=CARTESIAN_POINT('Ctrl Pts',(11.2028064332288,1.05856671267975,-15.2544174753153));
#6790=CARTESIAN_POINT('Ctrl Pts',(11.2403844033441,1.01617407173695,-15.242865501808));
#6791=CARTESIAN_POINT('Ctrl Pts',(11.2586583257358,0.994464661015164,-15.2371699136406));
#6792=CARTESIAN_POINT('Ctrl Pts',(11.2942688929556,0.950008174593054,-15.2259163403353));
#6793=CARTESIAN_POINT('Ctrl Pts',(11.3115496073077,0.927296713843623,-15.2203743782675));
#6794=CARTESIAN_POINT('Ctrl Pts',(11.3451301673063,0.880903589290786,-15.2094426786557));
#6795=CARTESIAN_POINT('Ctrl Pts',(11.3613858742968,0.85725359843047,-15.2040658604524));
#6796=CARTESIAN_POINT('Ctrl Pts',(11.3928691100159,0.809060105562568,-15.19348000278));
#6797=CARTESIAN_POINT('Ctrl Pts',(11.4080621929325,0.784545638699978,-15.1882813805433));
#6798=CARTESIAN_POINT('Ctrl Pts',(11.4373652347691,0.734724041344605,-15.1780698404945));
#6799=CARTESIAN_POINT('Ctrl Pts',(11.4514436060787,0.709450282590154,-15.1730673866946));
#6800=CARTESIAN_POINT('Ctrl Pts',(11.4784766810913,0.658185463836451,-15.1632611703399));
#6801=CARTESIAN_POINT('Ctrl Pts',(11.4914149893005,0.632221697180226,-15.158462487756));
#6802=CARTESIAN_POINT('Ctrl Pts',(11.5161533289073,0.579640511313084,-15.1490666028347));
#6803=CARTESIAN_POINT('Ctrl Pts',(11.5278901492351,0.55301452148535,-15.1444916630978));
#6804=CARTESIAN_POINT('Ctrl Pts',(11.5502782562257,0.499208846463164,-15.1355181747334));
#6805=CARTESIAN_POINT('Ctrl Pts',(11.5610266680996,0.472114748484836,-15.1310887106013));
#6806=CARTESIAN_POINT('Ctrl Pts',(11.5816369549951,0.417513825059516,-15.1223613260104));
#6807=CARTESIAN_POINT('Ctrl Pts',(11.5914941241902,0.390026723951322,-15.1180661927574));
#6808=CARTESIAN_POINT('Ctrl Pts',(11.6103085384915,0.334654254791837,-15.1096277884009));
#6809=CARTESIAN_POINT('Ctrl Pts',(11.6192604662196,0.306794932701284,-15.1054878086099));
#6810=CARTESIAN_POINT('Ctrl Pts',(11.6362452466791,0.250711024409334,-15.0973781030763));
#6811=CARTESIAN_POINT('Ctrl Pts',(11.6442756412471,0.222510836674982,-15.093410863494));
#6812=CARTESIAN_POINT('Ctrl Pts',(11.6593993293662,0.165778843653877,-15.0856613718138));
#6813=CARTESIAN_POINT('Ctrl Pts',(11.6664933364262,0.13726926707854,-15.0818806780223));
#6814=CARTESIAN_POINT('Ctrl Pts',(11.6797274717863,0.0799545372503771,-15.0745161583547));
#6815=CARTESIAN_POINT('Ctrl Pts',(11.6858702137647,0.0511744050955715,-15.0709336415024));
#6816=CARTESIAN_POINT('Ctrl Pts',(11.6971853418,-0.00663998711907913,-15.0639754947638));
#6817=CARTESIAN_POINT('Ctrl Pts',(11.7023613006613,-0.0356410858318992,
-15.0606015608624));
#6818=CARTESIAN_POINT('Ctrl Pts',(11.7117257938176,-0.0938528044063427,
-15.0540692215523));
#6819=CARTESIAN_POINT('Ctrl Pts',(11.7159275047218,-0.123068529668015,-15.0509072967014));
#6820=CARTESIAN_POINT('Ctrl Pts',(11.7233439002377,-0.181734393456972,-15.0447965004539));
#6821=CARTESIAN_POINT('Ctrl Pts',(11.7265527580707,-0.211039944158776,-15.0418601518822));
#6822=CARTESIAN_POINT('Ctrl Pts',(11.7319292542158,-0.269647540043607,-15.0362304801735));
#6823=CARTESIAN_POINT('Ctrl Pts',(11.7341505024671,-0.299346020201839,-15.0334937748976));
#6824=CARTESIAN_POINT('Ctrl Pts',(11.7376564295786,-0.359443240282615,-15.0281798289891));
#6825=CARTESIAN_POINT('Ctrl Pts',(11.7388635433572,-0.388260477251696,-15.0257439476385));
#6826=CARTESIAN_POINT('Ctrl Pts',(11.7400430516278,-0.443964002994494,-15.0213103258351));
#6827=CARTESIAN_POINT('Ctrl Pts',(11.7400578365749,-0.4762976901189,-15.0188738040004));
#6828=CARTESIAN_POINT('Ctrl Pts',(11.7371090753882,-1.27696219797024,-14.9587371851142));
#6829=CARTESIAN_POINT('Ctrl Pts',(11.718932435547,-2.03933424651351,-14.8991099311584));
#6830=CARTESIAN_POINT('Ctrl Pts',(11.6850199104291,-3.56951598959045,-14.7700023639889));
#6831=CARTESIAN_POINT('Ctrl Pts',(11.671046742014,-4.33192866013116,-14.7007823535633));
#6832=CARTESIAN_POINT('Ctrl Pts',(11.6380915943459,-5.85339379510589,-14.5578388303887));
#6833=CARTESIAN_POINT('Ctrl Pts',(11.617879225797,-6.6166279223954,-14.4836622939727));
#6834=CARTESIAN_POINT('Ctrl Pts',(11.5930712055468,-7.75888678135049,-14.3684727136548));
#6835=CARTESIAN_POINT('Ctrl Pts',(11.5781616840927,-8.52164100079549,-14.2901961093392));
#6836=CARTESIAN_POINT('Ctrl Pts',(11.5588204653183,-9.276707226143,-14.2114909424386));
#6837=CARTESIAN_POINT('Ctrl Pts',(11.5435161980852,-9.68732556825959,-14.1689242247249));
#6838=CARTESIAN_POINT('Ctrl Pts',(11.5420743663864,-9.71653765114386,-14.1659711548508));
#6839=CARTESIAN_POINT('Ctrl Pts',(11.5389760779755,-9.76569281771715,-14.1610695564256));
#6840=CARTESIAN_POINT('Ctrl Pts',(11.5368054435483,-9.79163665558056,-14.1585454354283));
#6841=CARTESIAN_POINT('Ctrl Pts',(11.5313423911336,-9.84584821635485,-14.1533661081954));
#6842=CARTESIAN_POINT('Ctrl Pts',(11.5281482253871,-9.87253968742148,-14.1508806434707));
#6843=CARTESIAN_POINT('Ctrl Pts',(11.5204537785649,-9.92525365810027,-14.1461774220223));
#6844=CARTESIAN_POINT('Ctrl Pts',(11.5159563353432,-9.95160738213174,-14.1439198972972));
#6845=CARTESIAN_POINT('Ctrl Pts',(11.5056919840691,-10.004351396462,-14.1395724272724));
#6846=CARTESIAN_POINT('Ctrl Pts',(11.4999712237042,-10.0305853126811,-14.1374948322113));
#6847=CARTESIAN_POINT('Ctrl Pts',(11.4872441511503,-10.0828607701884,-14.1335369356305));
#6848=CARTESIAN_POINT('Ctrl Pts',(11.4802839769382,-10.1088563449139,-14.1316551916066));
#6849=CARTESIAN_POINT('Ctrl Pts',(11.4650727756102,-10.1606495610124,-14.1280865044477));
#6850=CARTESIAN_POINT('Ctrl Pts',(11.456880874393,-10.1863691646663,-14.1264003052253));
#6851=CARTESIAN_POINT('Ctrl Pts',(11.4392236588108,-10.2374881785185,-14.1232312350366));
#6852=CARTESIAN_POINT('Ctrl Pts',(11.429834346453,-10.2627992367431,-14.121747930875));
#6853=CARTESIAN_POINT('Ctrl Pts',(11.4097984657237,-10.3130304506631,-14.1189871987761));
#6854=CARTESIAN_POINT('Ctrl Pts',(11.3992399724583,-10.337857900208,-14.1177083440745));
#6855=CARTESIAN_POINT('Ctrl Pts',(11.3768698218603,-10.3870890452074,-14.1153565752712));
#6856=CARTESIAN_POINT('Ctrl Pts',(11.3651633221609,-10.4113848590833,-14.1142817876349));
#6857=CARTESIAN_POINT('Ctrl Pts',(11.3405021774605,-10.4595139744671,-14.1123386854045));
#6858=CARTESIAN_POINT('Ctrl Pts',(11.3276705564665,-10.4832282390613,-14.1114675312459));
#6859=CARTESIAN_POINT('Ctrl Pts',(11.3007602666575,-10.5301602935102,-14.1099321126881));
#6860=CARTESIAN_POINT('Ctrl Pts',(11.286826516686,-10.5532453864571,-14.1092638541127));
#6861=CARTESIAN_POINT('Ctrl Pts',(11.2577084901504,-10.5988882927697,-14.1081348798655));
#6862=CARTESIAN_POINT('Ctrl Pts',(11.2426972257729,-10.6212957752988,-14.1076686841158));
#6863=CARTESIAN_POINT('Ctrl Pts',(11.2114161493147,-10.6655543457834,-14.1069448389739));
#6864=CARTESIAN_POINT('Ctrl Pts',(11.1953536477662,-10.6872353157518,-14.1066797196416));
#6865=CARTESIAN_POINT('Ctrl Pts',(11.1619549219919,-10.7300152886505,-14.1063594970283));
#6866=CARTESIAN_POINT('Ctrl Pts',(11.1448667097524,-10.7509235260797,-14.1062942977532));
#6867=CARTESIAN_POINT('Ctrl Pts',(11.1094250260208,-10.7920984880329,-14.1063759871235));
#6868=CARTESIAN_POINT('Ctrl Pts',(11.0913835527337,-10.8121389120571,-14.1065089749954));
#6869=CARTESIAN_POINT('Ctrl Pts',(11.0540517356322,-10.8515173110968,-14.1069882320796));
#6870=CARTESIAN_POINT('Ctrl Pts',(11.0351367514739,-10.8706053710454,-14.1073157270487));
#6871=CARTESIAN_POINT('Ctrl Pts',(10.9960145754367,-10.9080847430546,-14.1081857023696));
#6872=CARTESIAN_POINT('Ctrl Pts',(10.9762729878742,-10.9261824863938,-14.1087035742218));
#6873=CARTESIAN_POINT('Ctrl Pts',(10.935440879823,-10.9616865827413,-14.1099575443341));
#6874=CARTESIAN_POINT('Ctrl Pts',(10.9149277524842,-10.978752185415,-14.1106611537032));
#6875=CARTESIAN_POINT('Ctrl Pts',(10.8724591649683,-11.0122127488295,-14.1122924728811));
#6876=CARTESIAN_POINT('Ctrl Pts',(10.8512208398167,-11.0282148993908,-14.1131772977959));
#6877=CARTESIAN_POINT('Ctrl Pts',(10.8071600900095,-11.0595864752686,-14.1151808155617));
#6878=CARTESIAN_POINT('Ctrl Pts',(10.7852839874173,-11.0744689848173,-14.1162404745949));
#6879=CARTESIAN_POINT('Ctrl Pts',(10.7397312687592,-11.1036622471034,-14.1186091560939));
#6880=CARTESIAN_POINT('Ctrl Pts',(10.7172379497918,-11.1174192702761,-14.1198397358671));
#6881=CARTESIAN_POINT('Ctrl Pts',(10.6701541946259,-11.1444385832248,-14.1225735839566));
#6882=CARTESIAN_POINT('Ctrl Pts',(10.647316181258,-11.1569283260986,-14.1239570649605));
#6883=CARTESIAN_POINT('Ctrl Pts',(10.5989433131325,-11.1815963942729,-14.1270418578978));
#6884=CARTESIAN_POINT('Ctrl Pts',(10.5755238298128,-11.1929569436286,-14.1285892881072));
#6885=CARTESIAN_POINT('Ctrl Pts',(10.5257355467199,-11.2153400539948,-14.1320300440689));
#6886=CARTESIAN_POINT('Ctrl Pts',(10.5031817416875,-11.2249849217742,-14.1336366630563));
#6887=CARTESIAN_POINT('Ctrl Pts',(10.463070021786,-11.2406776475049,-14.1366106293415));
#6888=CARTESIAN_POINT('Ctrl Pts',(10.4402651578694,-11.2493289435643,-14.1383297215193));
#6889=CARTESIAN_POINT('Ctrl Pts',(10.4131778720881,-11.258846886423,-14.1404367966923));
#6890=CARTESIAN_POINT('Ctrl Pts',(10.3874659201134,-11.2674776461252,-14.1424707902449));
#6891=CARTESIAN_POINT('Ctrl Pts',(10.3676133758352,-11.2739343494901,-14.144065295573));
#6892=CARTESIAN_POINT('Ctrl Pts',(10.3393461545747,-11.2824067009208,-14.1463845284612));
#6893=CARTESIAN_POINT('Ctrl Pts',(10.3099468734494,-11.2907459115122,-14.148831869435));
#6894=CARTESIAN_POINT('Ctrl Pts',(10.2882180029863,-11.296731309581,-14.1506568670769));
#6895=CARTESIAN_POINT('Ctrl Pts',(10.2618451780623,-11.3034174350648,-14.1528847345654));
#6896=CARTESIAN_POINT('Ctrl Pts',(10.2222243577275,-11.3127526814793,-14.1562812429714));
#6897=CARTESIAN_POINT('Ctrl Pts',(10.1877491026096,-11.3199535702386,-14.1593290361326));
#6898=CARTESIAN_POINT('Ctrl Pts',(10.1448636699825,-11.3281273481912,-14.1631719696931));
#6899=CARTESIAN_POINT('Ctrl Pts',(10.1186522153102,-11.3325775609308,-14.1655602662996));
#6900=CARTESIAN_POINT('Ctrl Pts',(10.1018216725449,-11.3348477445805,-14.167154840197));
#6901=CARTESIAN_POINT('Ctrl Pts',(10.0861606215009,-11.3368361288941,-14.1686549885368));
#6902=CARTESIAN_POINT('Ctrl Pts',(10.077587139271,-11.337900668868,-14.1694795697638));
#6903=CARTESIAN_POINT('Ctrl Pts',(10.0614461487685,-11.3398290510026,-14.1710357556911));
#6904=CARTESIAN_POINT('Ctrl Pts',(10.0356489257806,-11.3427280785482,-14.1735339108591));
#6905=CARTESIAN_POINT('Ctrl Pts',(10.0174840827588,-11.3444757949667,-14.1753117579804));
#6906=CARTESIAN_POINT('Ctrl Pts',(9.97692918087234,-11.3479781353491,-14.1793113528915));
#6907=CARTESIAN_POINT('Ctrl Pts',(9.95516232430049,-11.3490468183794,-14.1815205448225));
#6908=CARTESIAN_POINT('Ctrl Pts',(9.89943117142225,-11.3514923887065,-14.187197680392));
#6909=CARTESIAN_POINT('Ctrl Pts',(9.79910717289524,-11.3555786011892,-14.1973692896065));
#6910=CARTESIAN_POINT('Ctrl Pts',(9.69802816300276,-11.3589168183536,-14.2073930883794));
#6911=CARTESIAN_POINT('Ctrl Pts',(9.51792166305145,-11.3650122228609,-14.2247889884848));
#6912=CARTESIAN_POINT('Ctrl Pts',(9.41376300273819,-11.3686580981183,-14.2345126893425));
#6913=CARTESIAN_POINT('Ctrl Pts',(9.20679376085398,-11.3755197333739,-14.2531444216936));
#6914=CARTESIAN_POINT('Ctrl Pts',(9.10372299477579,-11.3787632747042,-14.2621263264978));
#6915=CARTESIAN_POINT('Ctrl Pts',(8.89672414541179,-11.3850310011605,-14.2794653563027));
#6916=CARTESIAN_POINT('Ctrl Pts',(8.79335385511771,-11.3880553289653,-14.2878184076711));
#6917=CARTESIAN_POINT('Ctrl Pts',(8.58621835847428,-11.3938437459616,-14.3038508832535));
#6918=CARTESIAN_POINT('Ctrl Pts',(8.48289216746724,-11.3966124630085,-14.3115454022029));
#6919=CARTESIAN_POINT('Ctrl Pts',(8.2756587393363,-11.401900538804,-14.3262662199539));
#6920=CARTESIAN_POINT('Ctrl Pts',(8.17230529079605,-11.4044243567184,-14.333305243794));
#6921=CARTESIAN_POINT('Ctrl Pts',(7.96497250821369,-11.4092212481382,-14.3467081059473));
#6922=CARTESIAN_POINT('Ctrl Pts',(7.86162222013526,-11.4114996178073,-14.3530877265202));
#6923=CARTESIAN_POINT('Ctrl Pts',(7.65419387796118,-11.4158070787117,-14.3651675474313));
#6924=CARTESIAN_POINT('Ctrl Pts',(7.55085014735881,-11.4178423285632,-14.3708859611788));
#6925=CARTESIAN_POINT('Ctrl Pts',(7.34332193554442,-11.421664211548,-14.381638124792));
#6926=CARTESIAN_POINT('Ctrl Pts',(7.23999266733195,-11.4234580924341,-14.3866934870103));
#6927=CARTESIAN_POINT('Ctrl Pts',(7.0323587368126,-11.4267970335407,-14.3961138402553));
#6928=CARTESIAN_POINT('Ctrl Pts',(6.92904571768091,-11.4283507753197,-14.4005048482707));
#6929=CARTESIAN_POINT('Ctrl Pts',(6.72128275636599,-11.4312091612315,-14.408590222468));
#6930=CARTESIAN_POINT('Ctrl Pts',(6.61797158921105,-11.4325241548097,-14.4123160493299));
#6931=CARTESIAN_POINT('Ctrl Pts',(6.41003291086323,-11.4349044240989,-14.4190639480143));
#6932=CARTESIAN_POINT('Ctrl Pts',(6.30667860216447,-11.4359817749881,-14.4221239627023));
#6933=CARTESIAN_POINT('Ctrl Pts',(6.09847932929195,-11.4378861094462,-14.4275324119914));
#6934=CARTESIAN_POINT('Ctrl Pts',(5.99498001660123,-11.4387264258797,-14.4299254463184));
#6935=CARTESIAN_POINT('Ctrl Pts',(5.78639287598057,-11.4401557933538,-14.4339922222248));
#6936=CARTESIAN_POINT('Ctrl Pts',(5.6825723938808,-11.4407578454748,-14.4357149396805));
#6937=CARTESIAN_POINT('Ctrl Pts',(5.47346830560469,-11.441713166835,-14.4384353255736));
#6938=CARTESIAN_POINT('Ctrl Pts',(5.36913744272699,-11.4420761817913,-14.439478859927));
#6939=CARTESIAN_POINT('Ctrl Pts',(5.1595553138973,-11.4425552909198,-14.4408445568799));
#6940=CARTESIAN_POINT('Ctrl Pts',(5.0547711758863,-11.4426769621848,-14.4411957554515));
#6941=CARTESIAN_POINT('Ctrl Pts',(4.84499897209555,-11.4426751331312,-14.4411997761734));
#6942=CARTESIAN_POINT('Ctrl Pts',(4.74021935514548,-11.4425541700647,-14.4408516048739));
#6943=CARTESIAN_POINT('Ctrl Pts',(4.53064381097045,-11.4420716387738,-14.4394939436832));
#6944=CARTESIAN_POINT('Ctrl Pts',(4.42632208725477,-11.441708577942,-14.4384537994639));
#6945=CARTESIAN_POINT('Ctrl Pts',(4.21722806806635,-11.440750185526,-14.4357414666977));
#6946=CARTESIAN_POINT('Ctrl Pts',(4.11341510471132,-11.4401471454711,-14.4340225414285));
#6947=CARTESIAN_POINT('Ctrl Pts',(3.90483747747518,-11.4387148282626,-14.4299638609252));
#6948=CARTESIAN_POINT('Ctrl Pts',(3.80134291847398,-11.4378728863936,-14.4275748775883));
#6949=CARTESIAN_POINT('Ctrl Pts',(3.59315188999223,-11.4359644996389,-14.4221748989635));
#6950=CARTESIAN_POINT('Ctrl Pts',(3.48980066271514,-11.4348837529696,-14.4191194881924));
#6951=CARTESIAN_POINT('Ctrl Pts',(3.28186910238143,-11.4324960466222,-14.4123810767643));
#6952=CARTESIAN_POINT('Ctrl Pts',(3.17855972760916,-11.4311751125409,-14.4086605885194));
#6953=CARTESIAN_POINT('Ctrl Pts',(2.97080265495825,-11.4283044486274,-14.4005861473697));
#6954=CARTESIAN_POINT('Ctrl Pts',(2.86749222766965,-11.4267416531051,-14.3962014843312));
#6955=CARTESIAN_POINT('Ctrl Pts',(2.65986672968726,-11.4233842444161,-14.3867940927658));
#6956=CARTESIAN_POINT('Ctrl Pts',(2.55654065736127,-11.4215770350383,-14.3817463798205));
#6957=CARTESIAN_POINT('Ctrl Pts',(2.34902133104912,-11.4177284712901,-14.3710096140378));
#6958=CARTESIAN_POINT('Ctrl Pts',(2.2456801223164,-11.4156744482527,-14.3653003572988));
#6959=CARTESIAN_POINT('Ctrl Pts',(2.03825871570152,-11.4113310880389,-14.3532385213686));
#6960=CARTESIAN_POINT('Ctrl Pts',(1.93491204589358,-11.4090279127918,-14.346869904948));
#6961=CARTESIAN_POINT('Ctrl Pts',(1.72758920591097,-11.4041866159163,-14.3334878156248));
#6962=CARTESIAN_POINT('Ctrl Pts',(1.62424087247115,-11.4016276013194,-14.3264629013415));
#6963=CARTESIAN_POINT('Ctrl Pts',(1.41701934483221,-11.3962974611242,-14.3117624662805));
#6964=CARTESIAN_POINT('Ctrl Pts',(1.31369734883917,-11.393527486355,-14.3040725151762));
#6965=CARTESIAN_POINT('Ctrl Pts',(1.10657163740482,-11.3877423563611,-14.2880477506328));
#6966=CARTESIAN_POINT('Ctrl Pts',(1.00320660489737,-11.3847252807651,-14.2796971244946));
#6967=CARTESIAN_POINT('Ctrl Pts',(0.796219485411892,-11.3784736217895,-14.2623627221619));
#6968=CARTESIAN_POINT('Ctrl Pts',(0.693154605119606,-11.3752477588171,-14.2533805323509));
#6969=CARTESIAN_POINT('Ctrl Pts',(0.486200517086696,-11.3684477699783,-14.234741373503));
#6970=CARTESIAN_POINT('Ctrl Pts',(0.382050167071885,-11.3648118868143,-14.2250199941134));
#6971=CARTESIAN_POINT('Ctrl Pts',(0.201950474894667,-11.3586867151487,-14.2076402814335));
#6972=CARTESIAN_POINT('Ctrl Pts',(0.100870126652791,-11.3553945359565,-14.1976075377477));
#6973=CARTESIAN_POINT('Ctrl Pts',(0.000552272790322202,-11.3514354866211,
-14.1874057065176));
#6974=CARTESIAN_POINT('Ctrl Pts',(-0.0551522092470507,-11.3490400202692,
-14.1817201112208));
#6975=CARTESIAN_POINT('Ctrl Pts',(-0.0768934648912234,-11.3481195988322,
-14.1794740022544));
#6976=CARTESIAN_POINT('Ctrl Pts',(-0.11744639175023,-11.3450111652803,-14.1753667278133));
#6977=CARTESIAN_POINT('Ctrl Pts',(-0.135653300441324,-11.3433698538971,
-14.1735544736197));
#6978=CARTESIAN_POINT('Ctrl Pts',(-0.161498496555578,-11.3405654843873,
-14.1710245206355));
#6979=CARTESIAN_POINT('Ctrl Pts',(-0.177661764824123,-11.3386651264699,
-14.1694581021864));
#6980=CARTESIAN_POINT('Ctrl Pts',(-0.18624558852491,-11.3376200700461,-14.1686269833044));
#6981=CARTESIAN_POINT('Ctrl Pts',(-0.201921096206503,-11.3356474777034,
-14.1671211204116));
#6982=CARTESIAN_POINT('Ctrl Pts',(-0.218766455053435,-11.3335424082686,
-14.1654789316835));
#6983=CARTESIAN_POINT('Ctrl Pts',(-0.245053480208516,-11.3292587231307,
-14.1630343014225));
#6984=CARTESIAN_POINT('Ctrl Pts',(-0.288022143726083,-11.3211290238622,
-14.1591683598982));
#6985=CARTESIAN_POINT('Ctrl Pts',(-0.322510759773453,-11.3139466800945,
-14.1561145652944));
#6986=CARTESIAN_POINT('Ctrl Pts',(-0.3621611630665,-11.3046313880403,-14.1527097882519));
#6987=CARTESIAN_POINT('Ctrl Pts',(-0.388548501364619,-11.2978415092227,
-14.1505095828511));
#6988=CARTESIAN_POINT('Ctrl Pts',(-0.410289317675131,-11.2916719799309,
-14.1487336230277));
#6989=CARTESIAN_POINT('Ctrl Pts',(-0.439651227144092,-11.2831130545605,
-14.14635331074));
#6990=CARTESIAN_POINT('Ctrl Pts',(-0.467842448816956,-11.2743839074323,
-14.1441176411061));
#6991=CARTESIAN_POINT('Ctrl Pts',(-0.48761906775246,-11.2677605935213,-14.1425818075037));
#6992=CARTESIAN_POINT('Ctrl Pts',(-0.513260899637445,-11.2589335823077,
-14.1406139605314));
#6993=CARTESIAN_POINT('Ctrl Pts',(-0.540279152906584,-11.249225638334,-14.1385714423347));
#6994=CARTESIAN_POINT('Ctrl Pts',(-0.563025538169346,-11.240440799359,-14.1368999243949));
#6995=CARTESIAN_POINT('Ctrl Pts',(-0.603017317524407,-11.2245573550121,
-14.1340007841054));
#6996=CARTESIAN_POINT('Ctrl Pts',(-0.625496966615323,-11.2148387958127,
-14.1324288314188));
#6997=CARTESIAN_POINT('Ctrl Pts',(-0.675158228781742,-11.1923441043379,
-14.1290446319556));
#6998=CARTESIAN_POINT('Ctrl Pts',(-0.698525469681491,-11.1809656495388,
-14.127513643816));
#6999=CARTESIAN_POINT('Ctrl Pts',(-0.746854150253961,-11.1562938406712,
-14.1244418083917));
#7000=CARTESIAN_POINT('Ctrl Pts',(-0.769697352215458,-11.1438248743309,
-14.1230531516698));
#7001=CARTESIAN_POINT('Ctrl Pts',(-0.816840875615629,-11.1168658664893,
-14.1202937659094));
#7002=CARTESIAN_POINT('Ctrl Pts',(-0.839377163636315,-11.1031607098326,
-14.1190417097455));
#7003=CARTESIAN_POINT('Ctrl Pts',(-0.885026828611452,-11.0741053980859,
-14.1166184317758));
#7004=CARTESIAN_POINT('Ctrl Pts',(-0.906961473041298,-11.0593090935578,
-14.1155245599824));
#7005=CARTESIAN_POINT('Ctrl Pts',(-0.951162820348455,-11.0281246465767,
-14.1134433143646));
#7006=CARTESIAN_POINT('Ctrl Pts',(-0.9724815990189,-11.0122266659578,-14.1125144775662));
#7007=CARTESIAN_POINT('Ctrl Pts',(-1.01512418913019,-10.9789850459331,-14.1107892628937));
#7008=CARTESIAN_POINT('Ctrl Pts',(-1.03573248820953,-10.9620340510287,-14.1100354583552));
#7009=CARTESIAN_POINT('Ctrl Pts',(-1.07676067862402,-10.9267634956266,-14.1086786611352));
#7010=CARTESIAN_POINT('Ctrl Pts',(-1.09660657355708,-10.9087822152954,-14.1081080123231));
#7011=CARTESIAN_POINT('Ctrl Pts',(-1.1359398818455,-10.8715304684117,-14.1071334267571));
#7012=CARTESIAN_POINT('Ctrl Pts',(-1.15496363291266,-10.8525514948331,-14.1067542143332));
#7013=CARTESIAN_POINT('Ctrl Pts',(-1.19250773737984,-10.813379554003,-14.1061762011073));
#7014=CARTESIAN_POINT('Ctrl Pts',(-1.21065322108537,-10.7934354628781,-14.1059964169632));
#7015=CARTESIAN_POINT('Ctrl Pts',(-1.24632031159634,-10.7523993863054,-14.1058294460367));
#7016=CARTESIAN_POINT('Ctrl Pts',(-1.26352888323555,-10.7315299167784,-14.1058569230703));
#7017=CARTESIAN_POINT('Ctrl Pts',(-1.2971546414998,-10.6887846336549,-14.1061148949899));
#7018=CARTESIAN_POINT('Ctrl Pts',(-1.313320740459,-10.6671001825529,-14.106356053539));
#7019=CARTESIAN_POINT('Ctrl Pts',(-1.34476665032214,-10.6228073928585,-14.1070491075847));
#7020=CARTESIAN_POINT('Ctrl Pts',(-1.35983796238131,-10.6003685052239,-14.1075089731886));
#7021=CARTESIAN_POINT('Ctrl Pts',(-1.38901757685761,-10.5546374808475,-14.1086460410453));
#7022=CARTESIAN_POINT('Ctrl Pts',(-1.40295327944976,-10.5314919554146,-14.1093294060562));
#7023=CARTESIAN_POINT('Ctrl Pts',(-1.42979593136976,-10.4844086444214,-14.1109196297352));
#7024=CARTESIAN_POINT('Ctrl Pts',(-1.44255466373366,-10.4606045385371,-14.1118312243987));
#7025=CARTESIAN_POINT('Ctrl Pts',(-1.46697415531047,-10.4122738987848,-14.1138833101024));
#7026=CARTESIAN_POINT('Ctrl Pts',(-1.4785105776412,-10.3878636477116,-14.1150275401178));
#7027=CARTESIAN_POINT('Ctrl Pts',(-1.50041850984258,-10.3383822432937,-14.1175507790153));
#7028=CARTESIAN_POINT('Ctrl Pts',(-1.51068623081944,-10.3134192422926,-14.1189313153366));
#7029=CARTESIAN_POINT('Ctrl Pts',(-1.52997226607936,-10.2628957566616,-14.121935993422));
#7030=CARTESIAN_POINT('Ctrl Pts',(-1.53892103986002,-10.2374373701984,-14.123555229244));
#7031=CARTESIAN_POINT('Ctrl Pts',(-1.55124145343898,-10.1991206106934,-14.1261571430096));
#7032=CARTESIAN_POINT('Ctrl Pts',(-1.55518687546373,-10.1861555643953,-14.1270714822193));
#7033=CARTESIAN_POINT('Ctrl Pts',(-1.5589587341588,-10.1732564850014,-14.1279984615805));
#7034=CARTESIAN_POINT('Ctrl Pts',(-1.3075751824967,-10.0795307450642,-13.9584845850665));
#7035=CARTESIAN_POINT('Ctrl Pts',(-1.31130656840908,-10.0684346301901,-13.9591988781826));
#7036=CARTESIAN_POINT('Ctrl Pts',(-1.31488056597187,-10.0573812522102,-13.9599291288157));
#7037=CARTESIAN_POINT('Ctrl Pts',(-1.32532762843935,-10.0237767315798,-13.9622043979851));
#7038=CARTESIAN_POINT('Ctrl Pts',(-1.33170160282265,-10.0014197923599,-13.9637941042278));
#7039=CARTESIAN_POINT('Ctrl Pts',(-1.34345293484106,-9.95639838030605,-13.96714044788));
#7040=CARTESIAN_POINT('Ctrl Pts',(-1.3487874489437,-9.93379134998126,-13.9688965360711));
#7041=CARTESIAN_POINT('Ctrl Pts',(-1.35846488070992,-9.88824381295028,-13.9725797631408));
#7042=CARTESIAN_POINT('Ctrl Pts',(-1.36273575598935,-9.86552135072239,-13.9744927538213));
#7043=CARTESIAN_POINT('Ctrl Pts',(-1.37020575567187,-9.82011745824699,-13.9784616820502));
#7044=CARTESIAN_POINT('Ctrl Pts',(-1.37346046308615,-9.79695075664567,-13.980563380898));
#7045=CARTESIAN_POINT('Ctrl Pts',(-1.37909928898475,-9.74943247162738,-13.9850179864997));
#7046=CARTESIAN_POINT('Ctrl Pts',(-1.3811781327091,-9.72732457686965,-13.9871660984521));
#7047=CARTESIAN_POINT('Ctrl Pts',(-1.38393452134501,-9.68697031502043,-13.9912343658843));
#7048=CARTESIAN_POINT('Ctrl Pts',(-1.38507185533172,-9.660117917789,-13.9940405973491));
#7049=CARTESIAN_POINT('Ctrl Pts',(-1.38808362828215,-9.57929269512838,-14.0025377372273));
#7050=CARTESIAN_POINT('Ctrl Pts',(-1.39144315660908,-9.48565831045613,-14.0123847173688));
#7051=CARTESIAN_POINT('Ctrl Pts',(-1.39770421231695,-9.29812555735443,-14.0321282462183));
#7052=CARTESIAN_POINT('Ctrl Pts',(-1.41842772557179,-8.59351775196543,-14.1063887202663));
#7053=CARTESIAN_POINT('Ctrl Pts',(-1.42961076105473,-7.92921662391382,-14.176373809087));
#7054=CARTESIAN_POINT('Ctrl Pts',(-1.45801146849782,-6.59453762547981,-14.3133108826496));
#7055=CARTESIAN_POINT('Ctrl Pts',(-1.47833857395397,-5.83186580272756,-14.3887792851175));
#7056=CARTESIAN_POINT('Ctrl Pts',(-1.51168431968671,-4.31314324007882,-14.5344053280056));
#7057=CARTESIAN_POINT('Ctrl Pts',(-1.52586854313976,-3.55110052693225,-14.6051938746716));
#7058=CARTESIAN_POINT('Ctrl Pts',(-1.56128749390515,-2.02182950056851,-14.7376158690051));
#7059=CARTESIAN_POINT('Ctrl Pts',(-1.58058998160997,-1.2619851816115,-14.7988344822147));
#7060=CARTESIAN_POINT('Ctrl Pts',(-1.58409202973957,-0.465583678349465,
-14.860897129478));
#7061=CARTESIAN_POINT('Ctrl Pts',(-1.58412557737198,-0.435012410383391,
-14.8632925939618));
#7062=CARTESIAN_POINT('Ctrl Pts',(-1.58312246891496,-0.386182064146186,
-14.8673556666158));
#7063=CARTESIAN_POINT('Ctrl Pts',(-1.5820036858676,-0.360373264500744,-14.8696357637963));
#7064=CARTESIAN_POINT('Ctrl Pts',(-1.57857396706371,-0.305324927615025,
-14.8747322576586));
#7065=CARTESIAN_POINT('Ctrl Pts',(-1.57639376780224,-0.278283243560905,
-14.8773465717146));
#7066=CARTESIAN_POINT('Ctrl Pts',(-1.57110650048411,-0.225263342645274,
-14.882702818218));
#7067=CARTESIAN_POINT('Ctrl Pts',(-1.56793135850826,-0.198732454417978,
-14.8855035326217));
#7068=CARTESIAN_POINT('Ctrl Pts',(-1.56054668673782,-0.145570691643082,
-14.8913505327558));
#7069=CARTESIAN_POINT('Ctrl Pts',(-1.55635248143922,-0.119146359699287,
-14.8943771724854));
#7070=CARTESIAN_POINT('Ctrl Pts',(-1.54698179399598,-0.0666010499449884,
-14.9006350142035));
#7071=CARTESIAN_POINT('Ctrl Pts',(-1.54179051804126,-0.0404647353247647,
-14.9038708406502));
#7072=CARTESIAN_POINT('Ctrl Pts',(-1.53041557051702,0.0115531550847231,
-14.9105552878234));
#7073=CARTESIAN_POINT('Ctrl Pts',(-1.52423169047996,0.0373861334906115,
-14.9140002000243));
#7074=CARTESIAN_POINT('Ctrl Pts',(-1.51088709642649,0.0887128017863173,
-14.9210944752508));
#7075=CARTESIAN_POINT('Ctrl Pts',(-1.50372394230028,0.114179145932447,-14.9247423107075));
#7076=CARTESIAN_POINT('Ctrl Pts',(-1.48842842510423,0.164730626920351,-14.9322389290633));
#7077=CARTESIAN_POINT('Ctrl Pts',(-1.48029732048925,0.1897842158137,-14.93608499974));
#7078=CARTESIAN_POINT('Ctrl Pts',(-1.46307713705585,0.239459543021238,-14.9439727306208));
#7079=CARTESIAN_POINT('Ctrl Pts',(-1.45399183430509,0.264050238746331,-14.948011126751));
#7080=CARTESIAN_POINT('Ctrl Pts',(-1.43487766205774,0.312744584538016,-14.9562766946495));
#7081=CARTESIAN_POINT('Ctrl Pts',(-1.42485926186376,0.336807981799132,-14.9604983087951));
#7082=CARTESIAN_POINT('Ctrl Pts',(-1.40390710460931,0.38436361460513,-14.9691176294493));
#7083=CARTESIAN_POINT('Ctrl Pts',(-1.39298399515828,0.407824963068992,-14.9735104472959));
#7084=CARTESIAN_POINT('Ctrl Pts',(-1.3702413949941,0.454124954971953,-14.982463774247));
#7085=CARTESIAN_POINT('Ctrl Pts',(-1.35843742035753,0.47693014290854,-14.9870180343563));
#7086=CARTESIAN_POINT('Ctrl Pts',(-1.3339539663511,0.521867356276464,-14.9962850598527));
#7087=CARTESIAN_POINT('Ctrl Pts',(-1.32130040242468,0.543954110052807,-15.000988191455));
#7088=CARTESIAN_POINT('Ctrl Pts',(-1.29514930566285,0.587387596544323,-15.0105395570551));
#7089=CARTESIAN_POINT('Ctrl Pts',(-1.28167527508221,0.608701376490201,-15.0153796726283));
#7090=CARTESIAN_POINT('Ctrl Pts',(-1.25389814729985,0.650555120850918,-15.0251976598439));
#7091=CARTESIAN_POINT('Ctrl Pts',(-1.23963259728367,0.671048052022655,-15.0301629958549));
#7092=CARTESIAN_POINT('Ctrl Pts',(-1.21029914471725,0.711209274919775,-15.0402195281182));
#7093=CARTESIAN_POINT('Ctrl Pts',(-1.19527208375302,0.730834463334729,-15.0452977214047));
#7094=CARTESIAN_POINT('Ctrl Pts',(-1.16442964370344,0.769228857740134,-15.055572142328));
#7095=CARTESIAN_POINT('Ctrl Pts',(-1.14866695503979,0.78794845730629,-15.0607520818557));
#7096=CARTESIAN_POINT('Ctrl Pts',(-1.11637900564197,0.824486578460454,-15.0712178922138));
#7097=CARTESIAN_POINT('Ctrl Pts',(-1.09993593996922,0.842232605637492,-15.0764787721429));
#7098=CARTESIAN_POINT('Ctrl Pts',(-1.06636944329994,0.876721374698957,-15.087076207351));
#7099=CARTESIAN_POINT('Ctrl Pts',(-1.04932914089707,0.89340691193584,-15.0923888350044));
#7100=CARTESIAN_POINT('Ctrl Pts',(-1.01458067813246,0.925759326260116,-15.1030823555175));
#7101=CARTESIAN_POINT('Ctrl Pts',(-0.99699034887006,0.941348731210381,-15.1084296997966));
#7102=CARTESIAN_POINT('Ctrl Pts',(-0.961168026704881,0.971479672020619,
-15.1191806209293));
#7103=CARTESIAN_POINT('Ctrl Pts',(-0.943076451890307,0.985939223599139,
-15.1245451794141));
#7104=CARTESIAN_POINT('Ctrl Pts',(-0.906258849252649,1.0137957408026,-15.1353237549818));
#7105=CARTESIAN_POINT('Ctrl Pts',(-0.887706151455552,1.02710188244265,-15.1406906190218));
#7106=CARTESIAN_POINT('Ctrl Pts',(-0.849958408671828,1.05264390043895,-15.1514707672968));
#7107=CARTESIAN_POINT('Ctrl Pts',(-0.830980197980805,1.06477795716297,-15.1568262534207));
#7108=CARTESIAN_POINT('Ctrl Pts',(-0.792357784699941,1.08797167505622,-15.1675841726563));
#7109=CARTESIAN_POINT('Ctrl Pts',(-0.772979743236112,1.09892150284784,-15.1729172190028));
#7110=CARTESIAN_POINT('Ctrl Pts',(-0.733525249178256,1.11973920401738,-15.1836320991886));
#7111=CARTESIAN_POINT('Ctrl Pts',(-0.713798421037958,1.12947982456962,-15.1889246088704));
#7112=CARTESIAN_POINT('Ctrl Pts',(-0.673708480030154,1.14782052141638,-15.199534252869));
#7113=CARTESIAN_POINT('Ctrl Pts',(-0.65381565073034,1.15627720244984,-15.2047342207372));
#7114=CARTESIAN_POINT('Ctrl Pts',(-0.613366083235505,1.17204457410548,-15.2151596086309));
#7115=CARTESIAN_POINT('Ctrl Pts',(-0.593250320225752,1.17926235102073,-15.2202796722708));
#7116=CARTESIAN_POINT('Ctrl Pts',(-0.552113262908567,1.19261514278106,-15.2305987921692));
#7117=CARTESIAN_POINT('Ctrl Pts',(-0.53213235724429,1.1985015375653,-15.2355466330787));
#7118=CARTESIAN_POINT('Ctrl Pts',(-0.491472597900009,1.20908401650044,-15.2454620677796));
#7119=CARTESIAN_POINT('Ctrl Pts',(-0.470559659403571,1.2139291815741,-15.2504966400683));
#7120=CARTESIAN_POINT('Ctrl Pts',(-0.426763111968023,1.22268742294939,-15.2608753131453));
#7121=CARTESIAN_POINT('Ctrl Pts',(-0.40847796742368,1.22580236978292,-15.26514528674));
#7122=CARTESIAN_POINT('Ctrl Pts',(-0.372162570793661,1.23064389970962,-15.2734813892834));
#7123=CARTESIAN_POINT('Ctrl Pts',(-0.345759200328846,1.23341870056826,-15.2794643983036));
#7124=CARTESIAN_POINT('Ctrl Pts',(-0.268451956060984,1.24035474027079,-15.2967301733588));
#7125=CARTESIAN_POINT('Ctrl Pts',(-0.169598253543909,1.2479835458685,-15.3184921473528));
#7126=CARTESIAN_POINT('Ctrl Pts',(-0.0595110360574405,1.2552998053875,-15.3420268924445));
#7127=CARTESIAN_POINT('Ctrl Pts',(0.10566598860894,1.26653926928205,-15.3768471741164));
#7128=CARTESIAN_POINT('Ctrl Pts',(0.213616402538163,1.2741549377656,-15.3990320969134));
#7129=CARTESIAN_POINT('Ctrl Pts',(0.428346584285369,1.28835536607938,-15.441796737557));
#7130=CARTESIAN_POINT('Ctrl Pts',(0.536288783558877,1.29508698287671,-15.4626742595537));
#7131=CARTESIAN_POINT('Ctrl Pts',(0.753620688855112,1.30809130348507,-15.5032671080779));
#7132=CARTESIAN_POINT('Ctrl Pts',(0.861894738493994,1.31432337829867,-15.5228609353915));
#7133=CARTESIAN_POINT('Ctrl Pts',(1.07947532723908,1.32621952169445,-15.560741755369));
#7134=CARTESIAN_POINT('Ctrl Pts',(1.18800919251935,1.33187811718287,-15.5789903417165));
#7135=CARTESIAN_POINT('Ctrl Pts',(1.40638083265789,1.34266654911417,-15.6141555310129));
#7136=CARTESIAN_POINT('Ctrl Pts',(1.51516185827352,1.34778041891975,-15.6310121065213));
#7137=CARTESIAN_POINT('Ctrl Pts',(1.73419265167655,1.35748718993436,-15.6633455414428));
#7138=CARTESIAN_POINT('Ctrl Pts',(1.84318875782931,1.36206324927737,-15.6787628612165));
#7139=CARTESIAN_POINT('Ctrl Pts',(2.06289335446373,1.37070996429489,-15.7081759855777));
#7140=CARTESIAN_POINT('Ctrl Pts',(2.17206360151929,1.3747604955159,-15.7221094438531));
#7141=CARTESIAN_POINT('Ctrl Pts',(2.39242163387983,1.38237139875422,-15.7485137464617));
#7142=CARTESIAN_POINT('Ctrl Pts',(2.50171421043109,1.3859083691261,-15.760922033993));
#7143=CARTESIAN_POINT('Ctrl Pts',(2.72271109713134,1.39250842231609,-15.7842357199304));
#7144=CARTESIAN_POINT('Ctrl Pts',(2.83205707984757,1.39554439179325,-15.7950812254644));
#7145=CARTESIAN_POINT('Ctrl Pts',(3.05367860308089,1.40115671240215,-15.8152289954235));
#7146=CARTESIAN_POINT('Ctrl Pts',(3.16301102562093,1.40370328479452,-15.8244804188025));
#7147=CARTESIAN_POINT('Ctrl Pts',(3.3852736048198,1.40835028145431,-15.8413965222135));
#7148=CARTESIAN_POINT('Ctrl Pts',(3.49453789174142,1.41042072353875,-15.8490293030029));
#7149=CARTESIAN_POINT('Ctrl Pts',(3.71751037272771,1.41412121327219,-15.862657729606));
#7150=CARTESIAN_POINT('Ctrl Pts',(3.8267701214417,1.4157305404318,-15.868656906748));
#7151=CARTESIAN_POINT('Ctrl Pts',(4.05062852612812,1.41849665272755,-15.8789513521752));
#7152=CARTESIAN_POINT('Ctrl Pts',(4.16026649898441,1.41966416684573,-15.8833071797576));
#7153=CARTESIAN_POINT('Ctrl Pts',(4.38540069968292,1.42149457554062,-15.8902280288515));
#7154=CARTESIAN_POINT('Ctrl Pts',(4.4966582256702,1.42224087045821,-15.8929181034168));
#7155=CARTESIAN_POINT('Ctrl Pts',(4.72284335571903,1.42311423192435,-15.8964023875054));
#7156=CARTESIAN_POINT('Ctrl Pts',(4.83704792934509,1.42338594136779,-15.8973323230787));
#7157=CARTESIAN_POINT('Ctrl Pts',(5.06324691408209,1.42339235382234,-15.8973374977014));
#7158=CARTESIAN_POINT('Ctrl Pts',(5.17747569451085,1.42312828222874,-15.8964136193783));
#7159=CARTESIAN_POINT('Ctrl Pts',(5.40366233254464,1.42226881562086,-15.8929396179345));
#7160=CARTESIAN_POINT('Ctrl Pts',(5.51494741033121,1.42152903172798,-15.8902544970437));
#7161=CARTESIAN_POINT('Ctrl Pts',(5.74009372501615,1.41971287713567,-15.8833433811691));
#7162=CARTESIAN_POINT('Ctrl Pts',(5.84973820856358,1.41855205315612,-15.8789922797365));
#7163=CARTESIAN_POINT('Ctrl Pts',(6.07359941083503,1.41579989811212,-15.8687075337313));
#7164=CARTESIAN_POINT('Ctrl Pts',(6.18285509097246,1.41419708612448,-15.8627131926816));
#7165=CARTESIAN_POINT('Ctrl Pts',(6.40582794477764,1.41051026406435,-15.8490942381902));
#7166=CARTESIAN_POINT('Ctrl Pts',(6.51508755408067,1.40844683263593,-15.8414662161495));
#7167=CARTESIAN_POINT('Ctrl Pts',(6.73734474605215,1.40381391720142,-15.8245596477631));
#7168=CARTESIAN_POINT('Ctrl Pts',(6.84666960290932,1.40127420587726,-15.8153130785215));
#7169=CARTESIAN_POINT('Ctrl Pts',(7.06828573284976,1.39567592121897,-15.7951744563472));
#7170=CARTESIAN_POINT('Ctrl Pts',(7.17762552503803,1.39264720832219,-15.7843335848375));
#7171=CARTESIAN_POINT('Ctrl Pts',(7.39861140600377,1.38606144272897,-15.7610291775471));
#7172=CARTESIAN_POINT('Ctrl Pts',(7.50789533415929,1.38253134782688,-15.748625602509));
#7173=CARTESIAN_POINT('Ctrl Pts',(7.72824345525434,1.37493438711729,-15.722229982105));
#7174=CARTESIAN_POINT('Ctrl Pts',(7.83740678054499,1.37089103525667,-15.7083008790871));
#7175=CARTESIAN_POINT('Ctrl Pts',(8.0570990024457,1.36225881027744,-15.6788962806905));
#7176=CARTESIAN_POINT('Ctrl Pts',(8.16608683512234,1.35769004609819,-15.6634832824973));
#7177=CARTESIAN_POINT('Ctrl Pts',(8.3851025388876,1.34799783540078,-15.6311582301424));
#7178=CARTESIAN_POINT('Ctrl Pts',(8.49387456109455,1.3428912020427,-15.6143058465947));
#7179=CARTESIAN_POINT('Ctrl Pts',(8.71223046224374,1.3321173633776,-15.5791485965091));
#7180=CARTESIAN_POINT('Ctrl Pts',(8.82075513493963,1.32646614742203,-15.5609039829855));
#7181=CARTESIAN_POINT('Ctrl Pts',(9.0383172993079,1.31458480994334,-15.5230309982859));
#7182=CARTESIAN_POINT('Ctrl Pts',(9.14658159964936,1.30835989515034,-15.5034409170012));
#7183=CARTESIAN_POINT('Ctrl Pts',(9.36389271816813,1.29537071312459,-15.4628558634631));
#7184=CARTESIAN_POINT('Ctrl Pts',(9.47182790477628,1.28864505781904,-15.4419809463442));
#7185=CARTESIAN_POINT('Ctrl Pts',(9.68652796206394,1.27446317770821,-15.3992261787397));
#7186=CARTESIAN_POINT('Ctrl Pts',(9.79449549336066,1.26684384903053,-15.3770362161326));
#7187=CARTESIAN_POINT('Ctrl Pts',(10.0165325882349,1.2517732461309,-15.3302384885141));
#7188=CARTESIAN_POINT('Ctrl Pts',(10.1230570264977,1.24478534475923,-15.3071019367228));
#7189=CARTESIAN_POINT('Ctrl Pts',(10.2457760748673,1.23376800169758,-15.2796901158237));
#7190=CARTESIAN_POINT('Ctrl Pts',(10.2720905594557,1.23100908593047,-15.2737283785383));
#7191=CARTESIAN_POINT('Ctrl Pts',(10.3084438332991,1.22617014722575,-15.2653841571727));
#7192=CARTESIAN_POINT('Ctrl Pts',(10.3267916529893,1.22304622398732,-15.2610996672896));
#7193=CARTESIAN_POINT('Ctrl Pts',(10.3708399502454,1.21423772748704,-15.2506609270159));
#7194=CARTESIAN_POINT('Ctrl Pts',(10.3918965778893,1.20935491266609,-15.2455909839311));
#7195=CARTESIAN_POINT('Ctrl Pts',(10.4327647880215,1.19870284967261,-15.2356223826968));
#7196=CARTESIAN_POINT('Ctrl Pts',(10.4528093014485,1.19278764194431,-15.2306573226553));
#7197=CARTESIAN_POINT('Ctrl Pts',(10.4939905825473,1.17939525136791,-15.220323598781));
#7198=CARTESIAN_POINT('Ctrl Pts',(10.5140963127471,1.17216810220835,-15.2152042983775));
#7199=CARTESIAN_POINT('Ctrl Pts',(10.5544564352618,1.15640839111772,-15.204798232177));
#7200=CARTESIAN_POINT('Ctrl Pts',(10.5742770220391,1.14797089322101,-15.1996154942502));
#7201=CARTESIAN_POINT('Ctrl Pts',(10.6141738573234,1.12969840204226,-15.1890538878993));
#7202=CARTESIAN_POINT('Ctrl Pts',(10.6337842299112,1.12000896520658,-15.1837914490258));
#7203=CARTESIAN_POINT('Ctrl Pts',(10.6730701098297,1.09927343522312,-15.1731205259137));
#7204=CARTESIAN_POINT('Ctrl Pts',(10.6924065453711,1.08834474066985,-15.1677980943283));
#7205=CARTESIAN_POINT('Ctrl Pts',(10.731054927787,1.0651332204419,-15.1570313989889));
#7206=CARTESIAN_POINT('Ctrl Pts',(10.7500896642099,1.05296050467055,-15.151659008798));
#7207=CARTESIAN_POINT('Ctrl Pts',(10.7879798555654,1.02731500279226,-15.1408359706231));
#7208=CARTESIAN_POINT('Ctrl Pts',(10.8066088729294,1.01394867637213,-15.1354456993816));
#7209=CARTESIAN_POINT('Ctrl Pts',(10.8435373186625,0.985993569611387,-15.1246315941155));
#7210=CARTESIAN_POINT('Ctrl Pts',(10.8616582250742,0.971502061640847,-15.119256661216));
#7211=CARTESIAN_POINT('Ctrl Pts',(10.8974867905383,0.941345144043372,-15.1085001614794));
#7212=CARTESIAN_POINT('Ctrl Pts',(10.915064481249,0.925755443012987,-15.1031546979258));
#7213=CARTESIAN_POINT('Ctrl Pts',(10.9497584548583,0.893428179803546,-15.0924737763298));
#7214=CARTESIAN_POINT('Ctrl Pts',(10.9667631679314,0.876764770526153,-15.0871701551472));
#7215=CARTESIAN_POINT('Ctrl Pts',(11.0002484023086,0.84233477536237,-15.0765942094264));
#7216=CARTESIAN_POINT('Ctrl Pts',(11.0166394067347,0.824634098377058,-15.0713480088585));
#7217=CARTESIAN_POINT('Ctrl Pts',(11.0488377402283,0.788177726135449,-15.0609074099527));
#7218=CARTESIAN_POINT('Ctrl Pts',(11.0645721288248,0.769482063398859,-15.0557348474847));
#7219=CARTESIAN_POINT('Ctrl Pts',(11.0953990016683,0.731089582150703,-15.0454618591321));
#7220=CARTESIAN_POINT('Ctrl Pts',(11.110434296468,0.711444955424171,-15.0403789863545));
#7221=CARTESIAN_POINT('Ctrl Pts',(11.139804940533,0.671216604998138,-15.0303059458279));
#7222=CARTESIAN_POINT('Ctrl Pts',(11.1540955864028,0.650679495732807,-15.0253299702547));
#7223=CARTESIAN_POINT('Ctrl Pts',(11.1819129314653,0.608749075235551,-15.0154939272452));
#7224=CARTESIAN_POINT('Ctrl Pts',(11.195398868249,0.587409019311439,-15.0106476409699));
#7225=CARTESIAN_POINT('Ctrl Pts',(11.2215576815733,0.543947677993316,-15.0010896213797));
#7226=CARTESIAN_POINT('Ctrl Pts',(11.234204944681,0.521864251554954,-14.9963868865688));
#7227=CARTESIAN_POINT('Ctrl Pts',(11.2586574645776,0.476965087931635,-14.9871273917226));
#7228=CARTESIAN_POINT('Ctrl Pts',(11.2704456102999,0.454179510391029,-14.9825770142124));
#7229=CARTESIAN_POINT('Ctrl Pts',(11.2931583906239,0.407916268231128,-14.9736307962594));
#7230=CARTESIAN_POINT('Ctrl Pts',(11.3040647342784,0.384478464038329,-14.9692423568045));
#7231=CARTESIAN_POINT('Ctrl Pts',(11.3249819619031,0.336975622744093,-14.960632535009));
#7232=CARTESIAN_POINT('Ctrl Pts',(11.3349835414164,0.312938690806794,-14.9564155106257));
#7233=CARTESIAN_POINT('Ctrl Pts',(11.3540711290901,0.264283214075923,-14.9481563465783));
#7234=CARTESIAN_POINT('Ctrl Pts',(11.3631475151486,0.239701346241542,-14.9441192928246));
#7235=CARTESIAN_POINT('Ctrl Pts',(11.3803587794634,0.190021211898425,-14.9362303936127));
#7236=CARTESIAN_POINT('Ctrl Pts',(11.388488254638,0.164956935024942,-14.9323824264849));
#7237=CARTESIAN_POINT('Ctrl Pts',(11.4037839748638,0.114373138028041,-14.9248803423184));
#7238=CARTESIAN_POINT('Ctrl Pts',(11.4109489470699,0.0888840478146098,-14.9212288571224));
#7239=CARTESIAN_POINT('Ctrl Pts',(11.4242977714495,0.0375088733068759,-14.9141268970846));
#7240=CARTESIAN_POINT('Ctrl Pts',(11.4304824629354,0.0116565613050161,-14.9106788233596));
#7241=CARTESIAN_POINT('Ctrl Pts',(11.4418545369035,-0.0403821430156445,
-14.9039904792243));
#7242=CARTESIAN_POINT('Ctrl Pts',(11.4470434263243,-0.066523987959816,-14.9007533026107));
#7243=CARTESIAN_POINT('Ctrl Pts',(11.4564080836059,-0.119071651491578,-14.8944937257854));
#7244=CARTESIAN_POINT('Ctrl Pts',(11.4605978819803,-0.145486541091598,-14.8914673643953));
#7245=CARTESIAN_POINT('Ctrl Pts',(11.4679714628799,-0.198611248502585,-14.8856228691307));
#7246=CARTESIAN_POINT('Ctrl Pts',(11.4711412924707,-0.225122326697178,-14.8828234676036));
#7247=CARTESIAN_POINT('Ctrl Pts',(11.4764189794126,-0.278101157497102,-14.8774697453341));
#7248=CARTESIAN_POINT('Ctrl Pts',(11.478594734725,-0.30511836691966,-14.8748569040605));
#7249=CARTESIAN_POINT('Ctrl Pts',(11.4820165804413,-0.360111877984151,-14.8697635656222));
#7250=CARTESIAN_POINT('Ctrl Pts',(11.4831325399213,-0.385895167330175,-14.8674847478519));
#7251=CARTESIAN_POINT('Ctrl Pts',(11.484132720399,-0.434681604451437,-14.8634232383084));
#7252=CARTESIAN_POINT('Ctrl Pts',(11.4840985030028,-0.465224913527554,-14.8610285180685));
#7253=CARTESIAN_POINT('Ctrl Pts',(11.4805856781143,-1.26163431556385,-14.7989271833558));
#7254=CARTESIAN_POINT('Ctrl Pts',(11.4612865904907,-2.02151140264255,-14.7376695613139));
#7255=CARTESIAN_POINT('Ctrl Pts',(11.4258799336471,-3.55083189703035,-14.6051793292419));
#7256=CARTESIAN_POINT('Ctrl Pts',(11.4116808547757,-4.31290912784234,-14.5343608743043));
#7257=CARTESIAN_POINT('Ctrl Pts',(11.3783466379673,-5.83169678791706,-14.3886791574285));
#7258=CARTESIAN_POINT('Ctrl Pts',(11.3579809191459,-6.59440986454574,-14.3131851548231));
#7259=CARTESIAN_POINT('Ctrl Pts',(11.3337160010511,-7.73708160909118,-14.1959165093873));
#7260=CARTESIAN_POINT('Ctrl Pts',(11.3196192994415,-8.49933829697721,-14.1162992935133));
#7261=CARTESIAN_POINT('Ctrl Pts',(11.3003278996566,-9.25172599827405,-14.0367557327206));
#7262=CARTESIAN_POINT('Ctrl Pts',(11.2850480996386,-9.66012408360466,-13.9938261722001));
#7263=CARTESIAN_POINT('Ctrl Pts',(11.2839150309534,-9.68698704713945,-13.991017278768));
#7264=CARTESIAN_POINT('Ctrl Pts',(11.2811564955207,-9.7273437408643,-13.9869483260163));
#7265=CARTESIAN_POINT('Ctrl Pts',(11.279077534053,-9.74945376263163,-13.9847995414248));
#7266=CARTESIAN_POINT('Ctrl Pts',(11.2734373077062,-9.79697406458788,-13.9803440642599));
#7267=CARTESIAN_POINT('Ctrl Pts',(11.2701824666041,-9.82013925617291,-13.9782421528004));
#7268=CARTESIAN_POINT('Ctrl Pts',(11.2627131281298,-9.86553504664874,-13.9742733033029));
#7269=CARTESIAN_POINT('Ctrl Pts',(11.2584433664852,-9.88825044776434,-13.9723605981244));
#7270=CARTESIAN_POINT('Ctrl Pts',(11.2487698663577,-9.93377810170529,-13.9686783947791));
#7271=CARTESIAN_POINT('Ctrl Pts',(11.2434378623036,-9.95637457726079,-13.9669228394241));
#7272=CARTESIAN_POINT('Ctrl Pts',(11.2316929792143,-10.0013731755712,-13.9635776099467));
#7273=CARTESIAN_POINT('Ctrl Pts',(11.2253236977829,-10.0237158731319,-13.961988602747));
#7274=CARTESIAN_POINT('Ctrl Pts',(11.2114865053751,-10.068230127324,-13.9589740543142));
#7275=CARTESIAN_POINT('Ctrl Pts',(11.2040824759768,-10.0902967843353,-13.9575515028489));
#7276=CARTESIAN_POINT('Ctrl Pts',(11.1881962548134,-10.1341582208832,-13.9548757761604));
#7277=CARTESIAN_POINT('Ctrl Pts',(11.1797950534726,-10.1558338626409,-13.9536249663445));
#7278=CARTESIAN_POINT('Ctrl Pts',(11.1619290769104,-10.1988572406613,-13.9512944910885));
#7279=CARTESIAN_POINT('Ctrl Pts',(11.1525587244671,-10.2200802231934,-13.9502161479892));
#7280=CARTESIAN_POINT('Ctrl Pts',(11.1327551127529,-10.2621819903373,-13.9482298229224));
#7281=CARTESIAN_POINT('Ctrl Pts',(11.1224374733168,-10.2829142065721,-13.9473228981276));
#7282=CARTESIAN_POINT('Ctrl Pts',(11.1007414655812,-10.3240096806794,-13.9456793124976));
#7283=CARTESIAN_POINT('Ctrl Pts',(11.0895002915501,-10.3442104140309,-13.9449428055697));
#7284=CARTESIAN_POINT('Ctrl Pts',(11.0659531979746,-10.3842252309894,-13.9436399565033));
#7285=CARTESIAN_POINT('Ctrl Pts',(11.0538113266631,-10.4038572794436,-13.9430726227896));
#7286=CARTESIAN_POINT('Ctrl Pts',(11.0284523593198,-10.4427221803116,-13.9421082512426));
#7287=CARTESIAN_POINT('Ctrl Pts',(11.0154341082633,-10.4617476032859,-13.9417087637663));
#7288=CARTESIAN_POINT('Ctrl Pts',(10.9883057183999,-10.4993891023852,-13.9410807063491));
#7289=CARTESIAN_POINT('Ctrl Pts',(10.9744369834105,-10.5177692180104,-13.9408476673447));
#7290=CARTESIAN_POINT('Ctrl Pts',(10.9455811339982,-10.5541152437118,-13.940553754526));
#7291=CARTESIAN_POINT('Ctrl Pts',(10.9308856958556,-10.5718155833322,-13.9404856424404));
#7292=CARTESIAN_POINT('Ctrl Pts',(10.9003639212328,-10.6067731995616,-13.9405236018582));
#7293=CARTESIAN_POINT('Ctrl Pts',(10.8849091080356,-10.6237140614662,-13.9406184215734));
#7294=CARTESIAN_POINT('Ctrl Pts',(10.8528618437272,-10.6571191678252,-13.9409841537578));
#7295=CARTESIAN_POINT('Ctrl Pts',(10.8367164750526,-10.673234404479,-13.9412385493895));
#7296=CARTESIAN_POINT('Ctrl Pts',(10.8032151281595,-10.7050225302002,-13.941926206068));
#7297=CARTESIAN_POINT('Ctrl Pts',(10.7864218082982,-10.7202839934441,-13.9423361496622));
#7298=CARTESIAN_POINT('Ctrl Pts',(10.7515355933651,-10.7503965682197,-13.9433397944163));
#7299=CARTESIAN_POINT('Ctrl Pts',(10.7341471143529,-10.7647695205851,-13.9439009359024));
#7300=CARTESIAN_POINT('Ctrl Pts',(10.6979341260874,-10.7931571500552,-13.9452153182243));
#7301=CARTESIAN_POINT('Ctrl Pts',(10.6799893703298,-10.8066216897067,-13.9459236177697));
#7302=CARTESIAN_POINT('Ctrl Pts',(10.642460328478,-10.833270658203,-13.9475455413768));
#7303=CARTESIAN_POINT('Ctrl Pts',(10.624052769811,-10.8457724646098,-13.9483942833412));
#7304=CARTESIAN_POINT('Ctrl Pts',(10.585308338321,-10.8705969576959,-13.9503178815768));
#7305=CARTESIAN_POINT('Ctrl Pts',(10.5664365951089,-10.8821500945479,-13.9513047047076));
#7306=CARTESIAN_POINT('Ctrl Pts',(10.526342367874,-10.9052180615051,-13.9535353693825));
#7307=CARTESIAN_POINT('Ctrl Pts',(10.5073432136012,-10.9156506683991,-13.9546381321533));
#7308=CARTESIAN_POINT('Ctrl Pts',(10.4662305341317,-10.9367318533729,-13.9571594211027));
#7309=CARTESIAN_POINT('Ctrl Pts',(10.4467245405305,-10.9462658537589,-13.9583985077962));
#7310=CARTESIAN_POINT('Ctrl Pts',(10.4040766188219,-10.9656226685447,-13.961238608156));
#7311=CARTESIAN_POINT('Ctrl Pts',(10.3858945137698,-10.9734913027979,-13.9624844317624));
#7312=CARTESIAN_POINT('Ctrl Pts',(10.3515980503384,-10.9870834605715,-13.9649464887071));
#7313=CARTESIAN_POINT('Ctrl Pts',(10.3325273821718,-10.994429203243,-13.9663339619074));
#7314=CARTESIAN_POINT('Ctrl Pts',(10.3095491053058,-11.0026619049495,-13.9680611958842));
#7315=CARTESIAN_POINT('Ctrl Pts',(10.2873050536077,-11.0102836618836,-13.969762462495));
#7316=CARTESIAN_POINT('Ctrl Pts',(10.271635933944,-11.015515457948,-13.970972569939));
#7317=CARTESIAN_POINT('Ctrl Pts',(10.2476833285039,-11.0228540866728,-13.9728854137823));
#7318=CARTESIAN_POINT('Ctrl Pts',(10.2214062315797,-11.0304775996121,-13.9750164527136));
#7319=CARTESIAN_POINT('Ctrl Pts',(10.203701606749,-11.0354709819422,-13.9764632352608));
#7320=CARTESIAN_POINT('Ctrl Pts',(10.1827449470609,-11.0407603788479,-13.9782356009722));
#7321=CARTESIAN_POINT('Ctrl Pts',(10.1501185219602,-11.0483640514352,-13.9810556217716));
#7322=CARTESIAN_POINT('Ctrl Pts',(10.1179249038542,-11.0551159054639,-13.9838989299145));
#7323=CARTESIAN_POINT('Ctrl Pts',(10.081033384161,-11.0621508742,-13.9872068925692));
#7324=CARTESIAN_POINT('Ctrl Pts',(10.0610245060705,-11.0655068567853,-13.9890433786203));
#7325=CARTESIAN_POINT('Ctrl Pts',(10.0496031989575,-11.0670556465811,-13.9901314439996));
#7326=CARTESIAN_POINT('Ctrl Pts',(10.0352140687822,-11.0689179355891,-13.9915080589831));
#7327=CARTESIAN_POINT('Ctrl Pts',(10.0274007579104,-11.0699107579579,-13.9922566281984));
#7328=CARTESIAN_POINT('Ctrl Pts',(10.0128121508436,-11.0716993355521,-13.993658422972));
#7329=CARTESIAN_POINT('Ctrl Pts',(9.98993233257178,-11.0743352572762,-13.9958685686795));
#7330=CARTESIAN_POINT('Ctrl Pts',(9.97454933631153,-11.0758487951869,-13.9973755111019));
#7331=CARTESIAN_POINT('Ctrl Pts',(9.94157082597395,-11.0787497576446,-14.0006384128206));
#7332=CARTESIAN_POINT('Ctrl Pts',(9.92494886147592,-11.0795643546143,-14.0023518121494));
#7333=CARTESIAN_POINT('Ctrl Pts',(9.87044239380157,-11.0819395742759,-14.0079525785467));
#7334=CARTESIAN_POINT('Ctrl Pts',(9.77221448297025,-11.0859024914899,-14.0180006991973));
#7335=CARTESIAN_POINT('Ctrl Pts',(9.67196458834758,-11.0891266906598,-14.028047758525));
#7336=CARTESIAN_POINT('Ctrl Pts',(9.49209650620566,-11.0951440485537,-14.0455733691362));
#7337=CARTESIAN_POINT('Ctrl Pts',(9.38842051982704,-11.0987523383226,-14.0553312981993));
#7338=CARTESIAN_POINT('Ctrl Pts',(9.18284030062222,-11.1054878044899,-14.0740038931744));
#7339=CARTESIAN_POINT('Ctrl Pts',(9.08037083304927,-11.1086727688545,-14.0830141873644));
#7340=CARTESIAN_POINT('Ctrl Pts',(8.87450979949395,-11.1148404135425,-14.1004103601585));
#7341=CARTESIAN_POINT('Ctrl Pts',(8.7717105458738,-11.1178189075078,-14.1087900511848));
#7342=CARTESIAN_POINT('Ctrl Pts',(8.5657703176292,-11.1235140926814,-14.1248711860754));
#7343=CARTESIAN_POINT('Ctrl Pts',(8.46301826935543,-11.1262402046207,-14.1325903780419));
#7344=CARTESIAN_POINT('Ctrl Pts',(8.25696690090883,-11.1314458223917,-14.1473564778222));
#7345=CARTESIAN_POINT('Ctrl Pts',(8.15418391881559,-11.1339323779775,-14.1544180303888));
#7346=CARTESIAN_POINT('Ctrl Pts',(7.9480375848469,-11.1386557465323,-14.1678617430884));
#7347=CARTESIAN_POINT('Ctrl Pts',(7.84525518457412,-11.1409013221339,-14.1742618312156));
#7348=CARTESIAN_POINT('Ctrl Pts',(7.63901320454432,-11.1451441037582,-14.186378332854));
#7349=CARTESIAN_POINT('Ctrl Pts',(7.53623399856437,-11.1471510194388,-14.1921151089975));
#7350=CARTESIAN_POINT('Ctrl Pts',(7.32989328049178,-11.1509166344539,-14.2028997295134));
#7351=CARTESIAN_POINT('Ctrl Pts',(7.22712540667355,-11.1526863992896,-14.2079713116758));
#7352=CARTESIAN_POINT('Ctrl Pts',(7.02068113035848,-11.1559770353013,-14.2174198982835));
#7353=CARTESIAN_POINT('Ctrl Pts',(6.91792641043713,-11.1575106317999,-14.2218249751142));
#7354=CARTESIAN_POINT('Ctrl Pts',(6.7113548574013,-11.1603284217513,-14.2299343999127));
#7355=CARTESIAN_POINT('Ctrl Pts',(6.60859957909022,-11.1616269851554,-14.2336721222044));
#7356=CARTESIAN_POINT('Ctrl Pts',(6.40185350262173,-11.1639741823755,-14.2404399161038));
#7357=CARTESIAN_POINT('Ctrl Pts',(6.29905482665446,-11.1650384604965,-14.2435096402024));
#7358=CARTESIAN_POINT('Ctrl Pts',(6.09204714105309,-11.1669172696874,-14.2489338405386));
#7359=CARTESIAN_POINT('Ctrl Pts',(5.9891081695372,-11.1677473874677,-14.2513344055547));
#7360=CARTESIAN_POINT('Ctrl Pts',(5.78170683429431,-11.169159481093,-14.2554126189122));
#7361=CARTESIAN_POINT('Ctrl Pts',(5.67845994371846,-11.1697543683897,-14.2571405475432));
#7362=CARTESIAN_POINT('Ctrl Pts',(5.47052654471787,-11.1707004231152,-14.2598681214883));
#7363=CARTESIAN_POINT('Ctrl Pts',(5.36679328584712,-11.1710586341472,-14.2609147429134));
#7364=CARTESIAN_POINT('Ctrl Pts',(5.15836153167769,-11.1715349558754,-14.2622836011629));
#7365=CARTESIAN_POINT('Ctrl Pts',(5.05419800450838,-11.1716546326121,-14.262635850113));
#7366=CARTESIAN_POINT('Ctrl Pts',(4.84556520794704,-11.1716549920923,-14.2626391479651));
#7367=CARTESIAN_POINT('Ctrl Pts',(4.74140597450872,-11.1715356664084,-14.2622899212502));
#7368=CARTESIAN_POINT('Ctrl Pts',(4.53298109338508,-11.1710601282393,-14.260927703365));
#7369=CARTESIAN_POINT('Ctrl Pts',(4.42925655451897,-11.1707022741292,-14.2598842507152));
#7370=CARTESIAN_POINT('Ctrl Pts',(4.22133353513397,-11.1697570700698,-14.2571634177675));
#7371=CARTESIAN_POINT('Ctrl Pts',(4.11809387353934,-11.169162535621,-14.2554387961259));
#7372=CARTESIAN_POINT('Ctrl Pts',(3.91070216920768,-11.1677512836444,-14.2513674028692));
#7373=CARTESIAN_POINT('Ctrl Pts',(3.80776781303302,-11.1669215424422,-14.2489702193765));
#7374=CARTESIAN_POINT('Ctrl Pts',(3.60076839192583,-11.165043555839,-14.2435529082249));
#7375=CARTESIAN_POINT('Ctrl Pts',(3.49797277681754,-11.1639796581804,-14.2404866199877));
#7376=CARTESIAN_POINT('Ctrl Pts',(3.2912338559765,-11.1616332014665,-14.2337258020034));
#7377=CARTESIAN_POINT('Ctrl Pts',(3.18848035030487,-11.1603349472862,-14.2299915531942));
#7378=CARTESIAN_POINT('Ctrl Pts',(2.98191419914487,-11.1575179847062,-14.2218891411483));
#7379=CARTESIAN_POINT('Ctrl Pts',(2.87916193266097,-11.1559849445202,-14.2174875918266));
#7380=CARTESIAN_POINT('Ctrl Pts',(2.67272599070937,-11.1526954262019,-14.2080462450516));
#7381=CARTESIAN_POINT('Ctrl Pts',(2.56996139993471,-11.1509261983754,-14.2029783147603));
#7382=CARTESIAN_POINT('Ctrl Pts',(2.36362985192502,-11.1471613941066,-14.1922011872649));
#7383=CARTESIAN_POINT('Ctrl Pts',(2.26085322099605,-11.1451546779046,-14.1864681500026));
#7384=CARTESIAN_POINT('Ctrl Pts',(2.05461745934327,-11.1409125015325,-14.1743591693858));
#7385=CARTESIAN_POINT('Ctrl Pts',(1.95183835869643,-11.1386673948817,-14.1679628968796));
#7386=CARTESIAN_POINT('Ctrl Pts',(1.74570132477706,-11.1339451469363,-14.1545270191264));
#7387=CARTESIAN_POINT('Ctrl Pts',(1.64292326027619,-11.1314592611049,-14.1474694673975));
#7388=CARTESIAN_POINT('Ctrl Pts',(1.43688392729126,-11.126254694966,-14.1327116308134));
#7389=CARTESIAN_POINT('Ctrl Pts',(1.33413614151826,-11.1235288716234,-14.1249965547823));
#7390=CARTESIAN_POINT('Ctrl Pts',(1.12820511790587,-11.1178344492755,-14.1089237299004));
#7391=CARTESIAN_POINT('Ctrl Pts',(1.0254109180692,-11.1148564872203,-14.1005482915983));
#7392=CARTESIAN_POINT('Ctrl Pts',(0.819561309978348,-11.1086900859599,-14.0831607974994));
#7393=CARTESIAN_POINT('Ctrl Pts',(0.717097700878311,-11.1055058428318,-14.0741549166748));
#7394=CARTESIAN_POINT('Ctrl Pts',(0.511533118532869,-11.0987717106578,-14.0554916428801));
#7395=CARTESIAN_POINT('Ctrl Pts',(0.407865682556032,-11.0951640387674,-14.0457386024931));
#7396=CARTESIAN_POINT('Ctrl Pts',(0.228006029942006,-11.0891469232942,-14.0282210175598));
#7397=CARTESIAN_POINT('Ctrl Pts',(0.12775371072017,-11.0859222813181,-14.0181778139824));
#7398=CARTESIAN_POINT('Ctrl Pts',(0.0295297840277365,-11.0819604556831,
-14.0081339669508));
#7399=CARTESIAN_POINT('Ctrl Pts',(-0.0249514163161825,-11.0795871506866,
-14.002537917949));
#7400=CARTESIAN_POINT('Ctrl Pts',(-0.0415517443711307,-11.0787738040424,
-14.000827401396));
#7401=CARTESIAN_POINT('Ctrl Pts',(-0.0744895822917374,-11.0758775012109,
-13.9975697778879));
#7402=CARTESIAN_POINT('Ctrl Pts',(-0.0898995516593199,-11.0743615569186,
-13.9960608080855));
#7403=CARTESIAN_POINT('Ctrl Pts',(-0.112813445363549,-11.0717221985633,
-13.9938482374097));
#7404=CARTESIAN_POINT('Ctrl Pts',(-0.127418864440814,-11.0699320235312,
-13.9924453542559));
#7405=CARTESIAN_POINT('Ctrl Pts',(-0.13523911433586,-11.0689386136324,-13.9916963944454));
#7406=CARTESIAN_POINT('Ctrl Pts',(-0.149639600129559,-11.0670754346728,
-13.9903191918652));
#7407=CARTESIAN_POINT('Ctrl Pts',(-0.161029404162392,-11.0655315861147,
-13.9892344908841));
#7408=CARTESIAN_POINT('Ctrl Pts',(-0.181054664555877,-11.0621731023867,
-13.9873972717269));
#7409=CARTESIAN_POINT('Ctrl Pts',(-0.21799599130752,-11.0551277792697,-13.9840863371477));
#7410=CARTESIAN_POINT('Ctrl Pts',(-0.250184092513494,-11.0483766179142,
-13.9812447610718));
#7411=CARTESIAN_POINT('Ctrl Pts',(-0.282788634372032,-11.0407758402025,
-13.9784280954587));
#7412=CARTESIAN_POINT('Ctrl Pts',(-0.303758280990696,-11.0354822476125,
-13.9766555316732));
#7413=CARTESIAN_POINT('Ctrl Pts',(-0.321509762161605,-11.0304752828344,
-13.975205589334));
#7414=CARTESIAN_POINT('Ctrl Pts',(-0.347791989076121,-11.0228496686232,
-13.9730751234271));
#7415=CARTESIAN_POINT('Ctrl Pts',(-0.371722814908441,-11.0155164608978,
-13.971164988096));
#7416=CARTESIAN_POINT('Ctrl Pts',(-0.387360051114182,-11.0102940501725,
-13.9699580450573));
#7417=CARTESIAN_POINT('Ctrl Pts',(-0.4095994333291,-11.0026723539499,-13.9682580997088));
#7418=CARTESIAN_POINT('Ctrl Pts',(-0.432579032204923,-10.9944382389846,
-13.9665316827632));
#7419=CARTESIAN_POINT('Ctrl Pts',(-0.451648057448043,-10.9870930000624,
-13.9651449995725));
#7420=CARTESIAN_POINT('Ctrl Pts',(-0.485909729506674,-10.9735145042674,
-13.9626866371715));
#7421=CARTESIAN_POINT('Ctrl Pts',(-0.504066064276437,-10.9656570941013,
-13.9614432101102));
#7422=CARTESIAN_POINT('Ctrl Pts',(-0.546677340233976,-10.9463181368379,
-13.958606903968));
#7423=CARTESIAN_POINT('Ctrl Pts',(-0.566167058396119,-10.9367938013546,
-13.9573693399253));
#7424=CARTESIAN_POINT('Ctrl Pts',(-0.607268271726601,-10.9157230631416,
-13.9548496870865));
#7425=CARTESIAN_POINT('Ctrl Pts',(-0.626272427158847,-10.9052890719356,
-13.9537471344668));
#7426=CARTESIAN_POINT('Ctrl Pts',(-0.666407456748965,-10.8822004353887,
-13.9515152248525));
#7427=CARTESIAN_POINT('Ctrl Pts',(-0.68529668058585,-10.8706375161899,-13.9505279766875));
#7428=CARTESIAN_POINT('Ctrl Pts',(-0.724058367459476,-10.8458031075,-13.948604587432));
#7429=CARTESIAN_POINT('Ctrl Pts',(-0.7424705308495,-10.8332980884043,-13.9477561927431));
#7430=CARTESIAN_POINT('Ctrl Pts',(-0.780012591683982,-10.8066392809122,
-13.9461348598772));
#7431=CARTESIAN_POINT('Ctrl Pts',(-0.797960732069063,-10.7931718533327,
-13.9454269656023));
#7432=CARTESIAN_POINT('Ctrl Pts',(-0.834174420288449,-10.7647829682735,
-13.9441136166236));
#7433=CARTESIAN_POINT('Ctrl Pts',(-0.851560076308323,-10.7504121382139,
-13.9435530441868));
#7434=CARTESIAN_POINT('Ctrl Pts',(-0.88643176296044,-10.7203117997488,-13.9425507425371));
#7435=CARTESIAN_POINT('Ctrl Pts',(-0.903216134068402,-10.7050585959679,
-13.9421414233472));
#7436=CARTESIAN_POINT('Ctrl Pts',(-0.936695751709909,-10.6732919273026,
-13.9414549360005));
#7437=CARTESIAN_POINT('Ctrl Pts',(-0.952829402777918,-10.6571895091195,
-13.9412009862758));
#7438=CARTESIAN_POINT('Ctrl Pts',(-0.98485022394845,-10.6238155701098,-13.9408358992099));
#7439=CARTESIAN_POINT('Ctrl Pts',(-1.0002896087789,-10.6068945095977,-13.9407412029125));
#7440=CARTESIAN_POINT('Ctrl Pts',(-1.03080295258768,-10.5719539705827,-13.9407031097217));
#7441=CARTESIAN_POINT('Ctrl Pts',(-1.04550590967563,-10.554247719136,-13.9407712129926));
#7442=CARTESIAN_POINT('Ctrl Pts',(-1.07438705652573,-10.5178757073356,-13.9410652833074));
#7443=CARTESIAN_POINT('Ctrl Pts',(-1.08827004358088,-10.499478943644,-13.9412985469058));
#7444=CARTESIAN_POINT('Ctrl Pts',(-1.11542232911629,-10.4618077290775,-13.9419271798149));
#7445=CARTESIAN_POINT('Ctrl Pts',(-1.12844923670798,-10.4427707906659,-13.9423269705399));
#7446=CARTESIAN_POINT('Ctrl Pts',(-1.15381898713257,-10.4038904458426,-13.9432919043497));
#7447=CARTESIAN_POINT('Ctrl Pts',(-1.16596523147154,-10.3842513455275,-13.943859545422));
#7448=CARTESIAN_POINT('Ctrl Pts',(-1.18952074124256,-10.3442217901943,-13.9451630585763));
#7449=CARTESIAN_POINT('Ctrl Pts',(-1.20076392113781,-10.3240172257987,-13.9458997646753));
#7450=CARTESIAN_POINT('Ctrl Pts',(-1.22245901175687,-10.28292275216,-13.9475433956529));
#7451=CARTESIAN_POINT('Ctrl Pts',(-1.23277512221122,-10.2621932607881,-13.9484502135262));
#7452=CARTESIAN_POINT('Ctrl Pts',(-1.25257369537327,-10.2201016689544,-13.9504360183655));
#7453=CARTESIAN_POINT('Ctrl Pts',(-1.26194098940766,-10.1988858216905,-13.9515139228672));
#7454=CARTESIAN_POINT('Ctrl Pts',(-1.27980002585991,-10.1558808203587,-13.9538431294721));
#7455=CARTESIAN_POINT('Ctrl Pts',(-1.28819673590451,-10.1342184548178,-13.9550929657073));
#7456=CARTESIAN_POINT('Ctrl Pts',(-1.30002386700838,-10.1015685154886,-13.9570843198799));
#7457=CARTESIAN_POINT('Ctrl Pts',(-1.30387682896562,-10.0905286307265,-13.9577766152853));
#7458=CARTESIAN_POINT('Ctrl Pts',(-1.3075751824967,-10.0795307450642,-13.9584845850665));
#7459=CARTESIAN_POINT('',(-1.3075751824967,-10.0795307450642,-13.9584845850665));
#7460=CARTESIAN_POINT('',(-2.18741761331402,-10.4075708348445,-14.5517831528655));
#7461=CARTESIAN_POINT('Ctrl Pts',(-1.3075751824967,-10.0795307450642,-13.9584845850665));
#7462=CARTESIAN_POINT('Ctrl Pts',(-1.31130656840908,-10.0684346301901,-13.9591988781826));
#7463=CARTESIAN_POINT('Ctrl Pts',(-1.31488056597187,-10.0573812522102,-13.9599291288157));
#7464=CARTESIAN_POINT('Ctrl Pts',(-1.31830788569852,-10.0463567717096,-13.9606755659057));
#7465=CARTESIAN_POINT('Ctrl Pts',(-1.32532762843935,-10.0237767315798,-13.9622043979851));
#7466=CARTESIAN_POINT('Ctrl Pts',(-1.33170160282265,-10.0014197923599,-13.9637941042278));
#7467=CARTESIAN_POINT('Ctrl Pts',(-1.33750354766535,-9.97919152503942,-13.9654462829991));
#7468=CARTESIAN_POINT('Ctrl Pts',(-1.34345293484106,-9.95639838030605,-13.96714044788));
#7469=CARTESIAN_POINT('Ctrl Pts',(-1.3487874489437,-9.93379134998126,-13.9688965360711));
#7470=CARTESIAN_POINT('Ctrl Pts',(-1.3535704443272,-9.91127983405307,-13.9707169424037));
#7471=CARTESIAN_POINT('Ctrl Pts',(-1.35846488070992,-9.88824381295028,-13.9725797631408));
#7472=CARTESIAN_POINT('Ctrl Pts',(-1.36273575598935,-9.86552135072239,-13.9744927538213));
#7473=CARTESIAN_POINT('Ctrl Pts',(-1.36643139328461,-9.8430586565439,-13.9764563039964));
#7474=CARTESIAN_POINT('Ctrl Pts',(-1.37020575567187,-9.82011745824699,-13.9784616820502));
#7475=CARTESIAN_POINT('Ctrl Pts',(-1.37346046308615,-9.79695075664567,-13.980563380898));
#7476=CARTESIAN_POINT('Ctrl Pts',(-1.37625277390508,-9.77342000330459,-13.9827692733372));
#7477=CARTESIAN_POINT('Ctrl Pts',(-1.37909928898475,-9.74943247162738,-13.9850179864997));
#7478=CARTESIAN_POINT('Ctrl Pts',(-1.3811781327091,-9.72732457686965,-13.9871660984521));
#7479=CARTESIAN_POINT('Ctrl Pts',(-1.38254430081128,-9.70732351293865,-13.9891824821814));
#7480=CARTESIAN_POINT('Ctrl Pts',(-1.38393452134501,-9.68697031502043,-13.9912343658843));
#7481=CARTESIAN_POINT('Ctrl Pts',(-1.38507185533172,-9.660117917789,-13.9940405973491));
#7482=CARTESIAN_POINT('Ctrl Pts',(-1.386339659182,-9.62609459326383,-13.9976174628138));
#7483=CARTESIAN_POINT('Ctrl Pts',(-1.38808362828215,-9.57929269512838,-14.0025377372273));
#7484=CARTESIAN_POINT('Ctrl Pts',(-1.38976339244562,-9.53247550279226,-14.007461227298));
#7485=CARTESIAN_POINT('Ctrl Pts',(-1.39138590649083,-9.48562531248648,-14.0123909134396));
#7486=CARTESIAN_POINT('Ctrl Pts',(-1.39300842053605,-9.43877512218071,-14.0173205995812));
#7487=CARTESIAN_POINT('Ctrl Pts',(-1.39457368446301,-9.39189193390528,-14.0222564817936));
#7488=CARTESIAN_POINT('Ctrl Pts',(-1.39607771626443,-9.34497852382414,-14.0271973026918));
#7489=CARTESIAN_POINT('Ctrl Pts',(-1.39908577986727,-9.25115170366183,-14.0370789444882));
#7490=CARTESIAN_POINT('Ctrl Pts',(-1.40184891496792,-9.15720399627663,-14.0469803410279));
#7491=CARTESIAN_POINT('Ctrl Pts',(-1.40444554169669,-9.06312022406786,-14.0568955194665));
#7492=CARTESIAN_POINT('Ctrl Pts',(-1.42002530206935,-8.4986175908152,-14.1163865900978));
#7493=CARTESIAN_POINT('Ctrl Pts',(-1.42961076105473,-7.92921662391382,-14.176373809087));
#7494=CARTESIAN_POINT('Ctrl Pts',(-1.44187056323429,-7.35307250754631,-14.2354857673468));
#7495=CARTESIAN_POINT('Ctrl Pts',(-1.45801146849782,-6.59453762547981,-14.3133108826496));
#7496=CARTESIAN_POINT('Ctrl Pts',(-1.47833857395397,-5.83186580272756,-14.3887792851175));
#7497=CARTESIAN_POINT('Ctrl Pts',(-1.49515529242707,-5.06595311390974,-14.4622205026338));
#7498=CARTESIAN_POINT('Ctrl Pts',(-1.51168431968671,-4.31314324007882,-14.5344053280056));
#7499=CARTESIAN_POINT('Ctrl Pts',(-1.52586854313977,-3.55110052693225,-14.6051938746716));
#7500=CARTESIAN_POINT('Ctrl Pts',(-1.54379230359603,-2.77721290584464,-14.6722060264797));
#7501=CARTESIAN_POINT('Ctrl Pts',(-1.56128749390515,-2.02182950056851,-14.7376158690051));
#7502=CARTESIAN_POINT('Ctrl Pts',(-1.58058998160998,-1.2619851816115,-14.7988344822147));
#7503=CARTESIAN_POINT('Ctrl Pts',(-1.58393246085602,-0.501871271789448,
-14.8580692793265));
#7504=CARTESIAN_POINT('Ctrl Pts',(-1.58409202973957,-0.465583678349466,
-14.860897129478));
#7505=CARTESIAN_POINT('Ctrl Pts',(-1.58412557737199,-0.43501241038339,-14.8632925939618));
#7506=CARTESIAN_POINT('Ctrl Pts',(-1.58362837779966,-0.410809217701747,
-14.8653064918328));
#7507=CARTESIAN_POINT('Ctrl Pts',(-1.58312246891496,-0.386182064146185,
-14.8673556666158));
#7508=CARTESIAN_POINT('Ctrl Pts',(-1.58200368586761,-0.360373264500745,
-14.8696357637963));
#7509=CARTESIAN_POINT('Ctrl Pts',(-1.58030230990432,-0.333065510556144,
-14.872163974606));
#7510=CARTESIAN_POINT('Ctrl Pts',(-1.57857396706371,-0.305324927615025,
-14.8747322576586));
#7511=CARTESIAN_POINT('Ctrl Pts',(-1.57639376780224,-0.278283243560904,
-14.8773465717146));
#7512=CARTESIAN_POINT('Ctrl Pts',(-1.57376902232413,-0.251962700867547,
-14.8800055603648));
#7513=CARTESIAN_POINT('Ctrl Pts',(-1.57110650048412,-0.225263342645274,
-14.882702818218));
#7514=CARTESIAN_POINT('Ctrl Pts',(-1.56793135850827,-0.198732454417978,
-14.8855035326217));
#7515=CARTESIAN_POINT('Ctrl Pts',(-1.56426283060487,-0.172322965114237,
-14.8884081821186));
#7516=CARTESIAN_POINT('Ctrl Pts',(-1.56054668673782,-0.145570691643082,
-14.8913505327558));
#7517=CARTESIAN_POINT('Ctrl Pts',(-1.55635248143923,-0.119146359699287,
-14.8943771724854));
#7518=CARTESIAN_POINT('Ctrl Pts',(-1.55169416003852,-0.0930252301217966,
-14.8974880475599));
#7519=CARTESIAN_POINT('Ctrl Pts',(-1.54698179399598,-0.0666010499449882,
-14.9006350142035));
#7520=CARTESIAN_POINT('Ctrl Pts',(-1.54179051804126,-0.0404647353247642,
-14.9038708406502));
#7521=CARTESIAN_POINT('Ctrl Pts',(-1.53613205800788,-0.014588470552904,
-14.907196014423));
#7522=CARTESIAN_POINT('Ctrl Pts',(-1.53041557051702,0.011553155084724,-14.9105552878234));
#7523=CARTESIAN_POINT('Ctrl Pts',(-1.52423169047996,0.0373861334906114,
-14.9140002000243));
#7524=CARTESIAN_POINT('Ctrl Pts',(-1.51758901915659,0.0629355197249159,
-14.917531587972));
#7525=CARTESIAN_POINT('Ctrl Pts',(-1.5108870964265,0.0887128017863174,-14.9210944752508));
#7526=CARTESIAN_POINT('Ctrl Pts',(-1.50372394230028,0.114179145932448,-14.9247423107075));
#7527=CARTESIAN_POINT('Ctrl Pts',(-1.49610517444742,0.139359072399069,-14.9284764109803));
#7528=CARTESIAN_POINT('Ctrl Pts',(-1.48842842510423,0.164730626920352,-14.9322389290634));
#7529=CARTESIAN_POINT('Ctrl Pts',(-1.48029732048925,0.1897842158137,-14.93608499974));
#7530=CARTESIAN_POINT('Ctrl Pts',(-1.47171424030126,0.214543958846403,-14.9400164925091));
#7531=CARTESIAN_POINT('Ctrl Pts',(-1.46307713705585,0.239459543021238,-14.9439727306208));
#7532=CARTESIAN_POINT('Ctrl Pts',(-1.4539918343051,0.264050238746331,-14.948011126751));
#7533=CARTESIAN_POINT('Ctrl Pts',(-1.44445716432031,0.28834030536498,-14.9521342172584));
#7534=CARTESIAN_POINT('Ctrl Pts',(-1.43487766205774,0.312744584538017,-14.9562766946495));
#7535=CARTESIAN_POINT('Ctrl Pts',(-1.42485926186376,0.336807981799134,-14.9604983087951));
#7536=CARTESIAN_POINT('Ctrl Pts',(-1.4143966174147,0.360555306313592,-14.9648024425557));
#7537=CARTESIAN_POINT('Ctrl Pts',(-1.40390710460931,0.384363614605132,-14.9691176294493));
#7538=CARTESIAN_POINT('Ctrl Pts',(-1.39298399515828,0.407824963068993,-14.9735104472959));
#7539=CARTESIAN_POINT('Ctrl Pts',(-1.38161730486815,0.430965574283072,-14.9779852959845));
#7540=CARTESIAN_POINT('Ctrl Pts',(-1.3702413949941,0.454124954971954,-14.982463774247));
#7541=CARTESIAN_POINT('Ctrl Pts',(-1.35843742035753,0.476930142908542,-14.9870180343563));
#7542=CARTESIAN_POINT('Ctrl Pts',(-1.34618992713786,0.499409332972587,-14.9916537296264));
#7543=CARTESIAN_POINT('Ctrl Pts',(-1.3339539663511,0.521867356276466,-14.9962850598527));
#7544=CARTESIAN_POINT('Ctrl Pts',(-1.32130040242468,0.543954110052808,-15.000988191455));
#7545=CARTESIAN_POINT('Ctrl Pts',(-1.30820684427405,0.565700765125856,-15.0057704521013));
#7546=CARTESIAN_POINT('Ctrl Pts',(-1.29514930566286,0.587387596544325,-15.0105395570551));
#7547=CARTESIAN_POINT('Ctrl Pts',(-1.28167527508221,0.608701376490203,-15.0153796726283));
#7548=CARTESIAN_POINT('Ctrl Pts',(-1.26775462867107,0.629676589650934,-15.0203000059892));
#7549=CARTESIAN_POINT('Ctrl Pts',(-1.25389814729986,0.650555120850921,-15.0251976598439));
#7550=CARTESIAN_POINT('Ctrl Pts',(-1.23963259728367,0.671048052022656,-15.0301629958549));
#7551=CARTESIAN_POINT('Ctrl Pts',(-1.22491780769316,0.691194468244566,-15.0352077397673));
#7552=CARTESIAN_POINT('Ctrl Pts',(-1.21029914471726,0.711209274919776,-15.0402195281182));
#7553=CARTESIAN_POINT('Ctrl Pts',(-1.19527208375302,0.730834463334731,-15.0452977214047));
#7554=CARTESIAN_POINT('Ctrl Pts',(-1.17978470017717,0.75011402462636,-15.0504569726703));
#7555=CARTESIAN_POINT('Ctrl Pts',(-1.16442964370345,0.769228857740136,-15.055572142328));
#7556=CARTESIAN_POINT('Ctrl Pts',(-1.14866695503979,0.787948457306292,-15.0607520818557));
#7557=CARTESIAN_POINT('Ctrl Pts',(-1.13243011125914,0.806322611635798,-15.066015089603));
#7558=CARTESIAN_POINT('Ctrl Pts',(-1.11637900564197,0.824486578460456,-15.0712178922138));
#7559=CARTESIAN_POINT('Ctrl Pts',(-1.09993593996922,0.842232605637494,-15.0764787721429));
#7560=CARTESIAN_POINT('Ctrl Pts',(-1.08301397376745,0.859619519444708,-15.0818212850117));
#7561=CARTESIAN_POINT('Ctrl Pts',(-1.06636944329994,0.876721374698959,-15.087076207351));
#7562=CARTESIAN_POINT('Ctrl Pts',(-1.04932914089708,0.893406911935842,-15.0923888350044));
#7563=CARTESIAN_POINT('Ctrl Pts',(-1.03178444022714,0.909741833831932,-15.0977880556197));
#7564=CARTESIAN_POINT('Ctrl Pts',(-1.01458067813246,0.925759326260118,-15.1030823555175));
#7565=CARTESIAN_POINT('Ctrl Pts',(-0.996990348870062,0.941348731210384,
-15.1084296997966));
#7566=CARTESIAN_POINT('Ctrl Pts',(-0.978875439091749,0.95658557911199,-15.1138663089995));
#7567=CARTESIAN_POINT('Ctrl Pts',(-0.961168026704882,0.971479672020622,
-15.1191806209293));
#7568=CARTESIAN_POINT('Ctrl Pts',(-0.94307645189031,0.985939223599142,-15.1245451794141));
#7569=CARTESIAN_POINT('Ctrl Pts',(-0.924426870621728,1.00004965839737,-15.1300049569826));
#7570=CARTESIAN_POINT('Ctrl Pts',(-0.906258849252651,1.01379574080261,-15.1353237549818));
#7571=CARTESIAN_POINT('Ctrl Pts',(-0.887706151455555,1.02710188244265,-15.1406906190218));
#7572=CARTESIAN_POINT('Ctrl Pts',(-0.868550263463291,1.04006371803205,-15.146161232565));
#7573=CARTESIAN_POINT('Ctrl Pts',(-0.84995840867183,1.05264390043895,-15.1514707672968));
#7574=CARTESIAN_POINT('Ctrl Pts',(-0.830980197980807,1.06477795716297,-15.1568262534207));
#7575=CARTESIAN_POINT('Ctrl Pts',(-0.811340654912281,1.07657199028491,-15.1622966681413));
#7576=CARTESIAN_POINT('Ctrl Pts',(-0.792357784699943,1.08797167505622,-15.1675841726563));
#7577=CARTESIAN_POINT('Ctrl Pts',(-0.772979743236114,1.09892150284784,-15.1729172190028));
#7578=CARTESIAN_POINT('Ctrl Pts',(-0.752861794076158,1.10953650283091,-15.1783807642841));
#7579=CARTESIAN_POINT('Ctrl Pts',(-0.733525249178258,1.11973920401739,-15.1836320991886));
#7580=CARTESIAN_POINT('Ctrl Pts',(-0.713798421037961,1.12947982456962,-15.1889246088704));
#7581=CARTESIAN_POINT('Ctrl Pts',(-0.693243706232077,1.1388833752746,-15.194364332679));
#7582=CARTESIAN_POINT('Ctrl Pts',(-0.673708480030156,1.14782052141638,-15.199534252869));
#7583=CARTESIAN_POINT('Ctrl Pts',(-0.653815650730341,1.15627720244985,-15.2047342207372));
#7584=CARTESIAN_POINT('Ctrl Pts',(-0.633006748597771,1.16438857950504,-15.2100974641489));
#7585=CARTESIAN_POINT('Ctrl Pts',(-0.613366083235506,1.17204457410548,-15.2151596086309));
#7586=CARTESIAN_POINT('Ctrl Pts',(-0.593250320225754,1.17926235102073,-15.2202796722708));
#7587=CARTESIAN_POINT('Ctrl Pts',(-0.572018113674512,1.18615417195253,-15.2256057140297));
#7588=CARTESIAN_POINT('Ctrl Pts',(-0.552113262908569,1.19261514278106,-15.2305987921692));
#7589=CARTESIAN_POINT('Ctrl Pts',(-0.532132357244292,1.1985015375653,-15.2355466330788));
#7590=CARTESIAN_POINT('Ctrl Pts',(-0.511065856439975,1.20398449675134,-15.2406839854997));
#7591=CARTESIAN_POINT('Ctrl Pts',(-0.491472597900011,1.20908401650044,-15.2454620677796));
#7592=CARTESIAN_POINT('Ctrl Pts',(-0.470559659403572,1.2139291815741,-15.2504966400683));
#7593=CARTESIAN_POINT('Ctrl Pts',(-0.447764711962317,1.21848761513833,-15.2558984655808));
#7594=CARTESIAN_POINT('Ctrl Pts',(-0.426763111968024,1.22268742294939,-15.2608753131453));
#7595=CARTESIAN_POINT('Ctrl Pts',(-0.40847796742368,1.22580236978293,-15.26514528674));
#7596=CARTESIAN_POINT('Ctrl Pts',(-0.389473762371314,1.2283359901212,-15.2695076513779));
#7597=CARTESIAN_POINT('Ctrl Pts',(-0.372162570793661,1.23064389970962,-15.2734813892834));
#7598=CARTESIAN_POINT('Ctrl Pts',(-0.345759200328846,1.23341870056826,-15.2794643983036));
#7599=CARTESIAN_POINT('Ctrl Pts',(-0.313891653665586,1.23627787076598,-15.2865816859195));
#7600=CARTESIAN_POINT('Ctrl Pts',(-0.268451956060984,1.24035474027079,-15.2967301733588));
#7601=CARTESIAN_POINT('Ctrl Pts',(-0.219025104802449,1.24416914306965,-15.3076111603558));
#7602=CARTESIAN_POINT('Ctrl Pts',(-0.166789874801563,1.24790540934882,-15.3189353401272));
#7603=CARTESIAN_POINT('Ctrl Pts',(-0.114554644800678,1.251641675628,-15.3302595198987));
#7604=CARTESIAN_POINT('Ctrl Pts',(-0.0595110360574405,1.25529980538751,
-15.3420268924445));
#7605=CARTESIAN_POINT('Ctrl Pts',(-0.00253995225055433,1.2591764004574,
-15.3540367297044));
#7606=CARTESIAN_POINT('Ctrl Pts',(0.105665988608939,1.26653926928206,-15.3768471741164));
#7607=CARTESIAN_POINT('Ctrl Pts',(0.213616402538163,1.2741549377656,-15.3990320969134));
#7608=CARTESIAN_POINT('Ctrl Pts',(0.324011319875136,1.28145551888137,-15.4210178230483));
#7609=CARTESIAN_POINT('Ctrl Pts',(0.428346584285369,1.28835536607938,-15.441796737557));
#7610=CARTESIAN_POINT('Ctrl Pts',(0.536288783558876,1.29508698287671,-15.4626742595537));
#7611=CARTESIAN_POINT('Ctrl Pts',(0.648316481118396,1.30179029730307,-15.4835985842696));
#7612=CARTESIAN_POINT('Ctrl Pts',(0.75362068885511,1.30809130348507,-15.5032671080779));
#7613=CARTESIAN_POINT('Ctrl Pts',(0.861894738493994,1.31432337829867,-15.5228609353915));
#7614=CARTESIAN_POINT('Ctrl Pts',(0.974385230816742,1.32047375703903,-15.5424455505147));
#7615=CARTESIAN_POINT('Ctrl Pts',(1.07947532723908,1.32621952169445,-15.560741755369));
#7616=CARTESIAN_POINT('Ctrl Pts',(1.18800919251935,1.33187811718287,-15.5789903417165));
#7617=CARTESIAN_POINT('Ctrl Pts',(1.30129266114752,1.33747477336708,-15.5972327958004));
#7618=CARTESIAN_POINT('Ctrl Pts',(1.40638083265789,1.34266654911417,-15.6141555310129));
#7619=CARTESIAN_POINT('Ctrl Pts',(1.51516185827352,1.34778041891975,-15.6310121065213));
#7620=CARTESIAN_POINT('Ctrl Pts',(1.62922987063435,1.35283556234902,-15.6478508833755));
#7621=CARTESIAN_POINT('Ctrl Pts',(1.73419265167655,1.35748718993436,-15.6633455414428));
#7622=CARTESIAN_POINT('Ctrl Pts',(1.84318875782931,1.36206324927738,-15.6787628612165));
#7623=CARTESIAN_POINT('Ctrl Pts',(1.9581213124013,1.36658654583486,-15.6941495466685));
#7624=CARTESIAN_POINT('Ctrl Pts',(2.06289335446373,1.3707099642949,-15.7081759855777));
#7625=CARTESIAN_POINT('Ctrl Pts',(2.17206360151929,1.3747604955159,-15.7221094438531));
#7626=CARTESIAN_POINT('Ctrl Pts',(2.28793577588886,1.37876258201892,-15.7359937752895));
#7627=CARTESIAN_POINT('Ctrl Pts',(2.39242163387983,1.38237139875423,-15.7485137464617));
#7628=CARTESIAN_POINT('Ctrl Pts',(2.50171421043109,1.3859083691261,-15.760922033993));
#7629=CARTESIAN_POINT('Ctrl Pts',(2.61861933703114,1.38939973077044,-15.7732547389769));
#7630=CARTESIAN_POINT('Ctrl Pts',(2.72271109713134,1.39250842231609,-15.7842357199304));
#7631=CARTESIAN_POINT('Ctrl Pts',(2.83205707984758,1.39554439179325,-15.7950812254644));
#7632=CARTESIAN_POINT('Ctrl Pts',(2.95009834598945,1.39853365664896,-15.8058124407418));
#7633=CARTESIAN_POINT('Ctrl Pts',(3.0536786030809,1.40115671240216,-15.8152289954236));
#7634=CARTESIAN_POINT('Ctrl Pts',(3.16301102562093,1.40370328479453,-15.8244804188025));
#7635=CARTESIAN_POINT('Ctrl Pts',(3.28229191766333,1.40619717246962,-15.8335587256953));
#7636=CARTESIAN_POINT('Ctrl Pts',(3.38527360481979,1.40835028145431,-15.8413965222135));
#7637=CARTESIAN_POINT('Ctrl Pts',(3.49453789174141,1.41042072353876,-15.8490293030029));
#7638=CARTESIAN_POINT('Ctrl Pts',(3.61510102947813,1.41242161015693,-15.8563983104536));
#7639=CARTESIAN_POINT('Ctrl Pts',(3.7175103727277,1.41412121327219,-15.862657729606));
#7640=CARTESIAN_POINT('Ctrl Pts',(3.8267701214417,1.41573054043181,-15.868656906748));
#7641=CARTESIAN_POINT('Ctrl Pts',(3.94841069400856,1.41723359538259,-15.8742507205598));
#7642=CARTESIAN_POINT('Ctrl Pts',(4.05062852612811,1.41849665272755,-15.8789513521752));
#7643=CARTESIAN_POINT('Ctrl Pts',(4.1602664989844,1.41966416684573,-15.8833071797576));
#7644=CARTESIAN_POINT('Ctrl Pts',(4.28208097913507,1.4206545551694,-15.8870518779507));
#7645=CARTESIAN_POINT('Ctrl Pts',(4.38540069968291,1.42149457554062,-15.8902280288515));
#7646=CARTESIAN_POINT('Ctrl Pts',(4.4966582256702,1.42224087045821,-15.8929181034168));
#7647=CARTESIAN_POINT('Ctrl Pts',(4.61594088121033,1.42270145279139,-15.8947556011279));
#7648=CARTESIAN_POINT('Ctrl Pts',(4.72284335571904,1.42311423192435,-15.8964023875054));
#7649=CARTESIAN_POINT('Ctrl Pts',(4.83704792934511,1.42338594136779,-15.8973323230787));
#7650=CARTESIAN_POINT('Ctrl Pts',(4.95018576314679,1.423389148682,-15.8973349112672));
#7651=CARTESIAN_POINT('Ctrl Pts',(5.0632469140821,1.42339235382234,-15.8973374977014));
#7652=CARTESIAN_POINT('Ctrl Pts',(5.17747569451088,1.42312828222874,-15.8964136193783));
#7653=CARTESIAN_POINT('Ctrl Pts',(5.28443258826517,1.42272186618461,-15.8947708680356));
#7654=CARTESIAN_POINT('Ctrl Pts',(5.40366233254465,1.42226881562086,-15.8929396179345));
#7655=CARTESIAN_POINT('Ctrl Pts',(5.5149474103312,1.42152903172798,-15.8902544970437));
#7656=CARTESIAN_POINT('Ctrl Pts',(5.61829066997216,1.42069540788722,-15.8870822610547));
#7657=CARTESIAN_POINT('Ctrl Pts',(5.74009372501616,1.41971287713567,-15.8833433811691));
#7658=CARTESIAN_POINT('Ctrl Pts',(5.84973820856357,1.41855205315612,-15.8789922797365));
#7659=CARTESIAN_POINT('Ctrl Pts',(5.95195478486899,1.41729540009072,-15.8742961934377));
#7660=CARTESIAN_POINT('Ctrl Pts',(6.07359941083502,1.41579989811212,-15.8687075337313));
#7661=CARTESIAN_POINT('Ctrl Pts',(6.18285509097246,1.41419708612448,-15.8627131926816));
#7662=CARTESIAN_POINT('Ctrl Pts',(6.28525633745426,1.41250389716416,-15.8564586289897));
#7663=CARTESIAN_POINT('Ctrl Pts',(6.40582794477764,1.41051026406435,-15.8490942381902));
#7664=CARTESIAN_POINT('Ctrl Pts',(6.51508755408067,1.40844683263594,-15.8414662161495));
#7665=CARTESIAN_POINT('Ctrl Pts',(6.61805690901555,1.40630045298663,-15.8336335857385));
#7666=CARTESIAN_POINT('Ctrl Pts',(6.73734474605215,1.40381391720143,-15.8245596477631));
#7667=CARTESIAN_POINT('Ctrl Pts',(6.84666960290932,1.40127420587726,-15.8153130785215));
#7668=CARTESIAN_POINT('Ctrl Pts',(6.95023853712623,1.39865793252361,-15.8059015991506));
#7669=CARTESIAN_POINT('Ctrl Pts',(7.06828573284976,1.39567592121897,-15.7951744563472));
#7670=CARTESIAN_POINT('Ctrl Pts',(7.17762552503802,1.3926472083222,-15.7843335848375));
#7671=CARTESIAN_POINT('Ctrl Pts',(7.2817039562131,1.38954548911718,-15.7733578331757));
#7672=CARTESIAN_POINT('Ctrl Pts',(7.39861140600377,1.38606144272898,-15.7610291775471));
#7673=CARTESIAN_POINT('Ctrl Pts',(7.5078953341593,1.38253134782688,-15.748625602509));
#7674=CARTESIAN_POINT('Ctrl Pts',(7.61236996537905,1.37892936717653,-15.7361105300236));
#7675=CARTESIAN_POINT('Ctrl Pts',(7.72824345525435,1.37493438711729,-15.722229982105));
#7676=CARTESIAN_POINT('Ctrl Pts',(7.83740678054499,1.37089103525667,-15.7083008790871));
#7677=CARTESIAN_POINT('Ctrl Pts',(7.94216742037356,1.36677474290847,-15.6942792422932));
#7678=CARTESIAN_POINT('Ctrl Pts',(8.0570990024457,1.36225881027744,-15.6788962806905));
#7679=CARTESIAN_POINT('Ctrl Pts',(8.16608683512234,1.3576900460982,-15.6634832824973));
#7680=CARTESIAN_POINT('Ctrl Pts',(8.27103750036878,1.35304561219271,-15.6479933624119));
#7681=CARTESIAN_POINT('Ctrl Pts',(8.3851025388876,1.34799783540079,-15.6311582301424));
#7682=CARTESIAN_POINT('Ctrl Pts',(8.49387456109455,1.3428912020427,-15.6143058465947));
#7683=CARTESIAN_POINT('Ctrl Pts',(8.59895111341166,1.33770664867734,-15.5973875832984));
#7684=CARTESIAN_POINT('Ctrl Pts',(8.71223046224375,1.3321173633776,-15.5791485965091));
#7685=CARTESIAN_POINT('Ctrl Pts',(8.82075513493963,1.32646614742204,-15.5609039829855));
#7686=CARTESIAN_POINT('Ctrl Pts',(8.92583262028589,1.32072773666281,-15.5426122087409));
#7687=CARTESIAN_POINT('Ctrl Pts',(9.0383172993079,1.31458480994335,-15.5230309982859));
#7688=CARTESIAN_POINT('Ctrl Pts',(9.14658159964936,1.30835989515034,-15.5034409170012));
#7689=CARTESIAN_POINT('Ctrl Pts',(9.25187287193374,1.30206639525606,-15.4837767049173));
#7690=CARTESIAN_POINT('Ctrl Pts',(9.36389271816813,1.29537071312459,-15.4628558634631));
#7691=CARTESIAN_POINT('Ctrl Pts',(9.47182790477628,1.28864505781904,-15.4419809463442));
#7692=CARTESIAN_POINT('Ctrl Pts',(9.57614577179979,1.2817544053328,-15.4212073787079));
#7693=CARTESIAN_POINT('Ctrl Pts',(9.68652796206394,1.27446317770822,-15.3992261787397));
#7694=CARTESIAN_POINT('Ctrl Pts',(9.79449549336066,1.26684384903053,-15.3770362161326));
#7695=CARTESIAN_POINT('Ctrl Pts',(9.90264513151766,1.25950327266727,-15.3542420190126));
#7696=CARTESIAN_POINT('Ctrl Pts',(10.0165325882349,1.25177324613091,-15.3302384885141));
#7697=CARTESIAN_POINT('Ctrl Pts',(10.1230570264977,1.24478534475924,-15.3071019367228));
#7698=CARTESIAN_POINT('Ctrl Pts',(10.2139873755955,1.23662189447147,-15.2867907749522));
#7699=CARTESIAN_POINT('Ctrl Pts',(10.2457760748673,1.23376800169758,-15.2796901158237));
#7700=CARTESIAN_POINT('Ctrl Pts',(10.2720905594557,1.23100908593047,-15.2737283785383));
#7701=CARTESIAN_POINT('Ctrl Pts',(10.2893574337068,1.22871071394662,-15.2697650870432));
#7702=CARTESIAN_POINT('Ctrl Pts',(10.3084438332991,1.22617014722575,-15.2653841571727));
#7703=CARTESIAN_POINT('Ctrl Pts',(10.3267916529893,1.22304622398732,-15.2610996672896));
#7704=CARTESIAN_POINT('Ctrl Pts',(10.3478760318041,1.21882990488828,-15.2561030075322));
#7705=CARTESIAN_POINT('Ctrl Pts',(10.3708399502454,1.21423772748704,-15.2506609270159));
#7706=CARTESIAN_POINT('Ctrl Pts',(10.3918965778893,1.2093549126661,-15.2455909839311));
#7707=CARTESIAN_POINT('Ctrl Pts',(10.4116207742988,1.20421391476161,-15.2407798447098));
#7708=CARTESIAN_POINT('Ctrl Pts',(10.4327647880215,1.19870284967261,-15.2356223826968));
#7709=CARTESIAN_POINT('Ctrl Pts',(10.4528093014485,1.19278764194431,-15.2306573226553));
#7710=CARTESIAN_POINT('Ctrl Pts',(10.4727690132907,1.18629662831749,-15.2256487812675));
#7711=CARTESIAN_POINT('Ctrl Pts',(10.4939905825473,1.17939525136792,-15.220323598781));
#7712=CARTESIAN_POINT('Ctrl Pts',(10.5140963127471,1.17216810220836,-15.2152042983775));
#7713=CARTESIAN_POINT('Ctrl Pts',(10.5337278209401,1.16450244417467,-15.2101426989287));
#7714=CARTESIAN_POINT('Ctrl Pts',(10.5544564352618,1.15640839111772,-15.204798232177));
#7715=CARTESIAN_POINT('Ctrl Pts',(10.5742770220391,1.14797089322101,-15.1996154942502));
#7716=CARTESIAN_POINT('Ctrl Pts',(10.5937430494057,1.13905557924169,-15.1944623908324));
#7717=CARTESIAN_POINT('Ctrl Pts',(10.6141738573234,1.12969840204226,-15.1890538878993));
#7718=CARTESIAN_POINT('Ctrl Pts',(10.6337842299112,1.12000896520659,-15.1837914490258));
#7719=CARTESIAN_POINT('Ctrl Pts',(10.6530037058841,1.10986470927724,-15.1785710097538));
#7720=CARTESIAN_POINT('Ctrl Pts',(10.6730701098297,1.09927343522312,-15.1731205259137));
#7721=CARTESIAN_POINT('Ctrl Pts',(10.6924065453711,1.08834474066985,-15.1677980943283));
#7722=CARTESIAN_POINT('Ctrl Pts',(10.7113590132783,1.07696223085443,-15.1625183016143));
#7723=CARTESIAN_POINT('Ctrl Pts',(10.731054927787,1.06513322044191,-15.1570313989889));
#7724=CARTESIAN_POINT('Ctrl Pts',(10.7500896642099,1.05296050467055,-15.151659008798));
#7725=CARTESIAN_POINT('Ctrl Pts',(10.7687411883674,1.0403364539413,-15.1463313461298));
#7726=CARTESIAN_POINT('Ctrl Pts',(10.7879798555654,1.02731500279226,-15.1408359706231));
#7727=CARTESIAN_POINT('Ctrl Pts',(10.8066088729294,1.01394867637213,-15.1354456993816));
#7728=CARTESIAN_POINT('Ctrl Pts',(10.8248479599452,1.00014155249726,-15.1301045754044));
#7729=CARTESIAN_POINT('Ctrl Pts',(10.8435373186625,0.985993569611389,-15.1246315941155));
#7730=CARTESIAN_POINT('Ctrl Pts',(10.8616582250742,0.97150206164085,-15.119256661216));
#7731=CARTESIAN_POINT('Ctrl Pts',(10.8793831879717,0.956582953421116,-15.1139352492011));
#7732=CARTESIAN_POINT('Ctrl Pts',(10.8974867905383,0.941345144043376,-15.1085001614794));
#7733=CARTESIAN_POINT('Ctrl Pts',(10.915064481249,0.92575544301299,-15.1031546979258));
#7734=CARTESIAN_POINT('Ctrl Pts',(10.9322543048482,0.909738253449422,-15.0978626215503));
#7735=CARTESIAN_POINT('Ctrl Pts',(10.9497584548583,0.89342817980355,-15.0924737763298));
#7736=CARTESIAN_POINT('Ctrl Pts',(10.9667631679314,0.876764770526155,-15.0871701551472));
#7737=CARTESIAN_POINT('Ctrl Pts',(10.9833774013267,0.859681778990048,-15.0819227309064));
#7738=CARTESIAN_POINT('Ctrl Pts',(11.0002484023086,0.842334775362372,-15.0765942094264));
#7739=CARTESIAN_POINT('Ctrl Pts',(11.0166394067347,0.824634098377061,-15.0713480088585));
#7740=CARTESIAN_POINT('Ctrl Pts',(11.0326362032107,0.806521820388582,-15.0661609038856));
#7741=CARTESIAN_POINT('Ctrl Pts',(11.0488377402283,0.788177726135451,-15.0609074099527));
#7742=CARTESIAN_POINT('Ctrl Pts',(11.0645721288249,0.769482063398861,-15.0557348474847));
#7743=CARTESIAN_POINT('Ctrl Pts',(11.0799064806244,0.750384316543198,-15.0506247080868));
#7744=CARTESIAN_POINT('Ctrl Pts',(11.0953990016683,0.731089582150706,-15.0454618591321));
#7745=CARTESIAN_POINT('Ctrl Pts',(11.110434296468,0.711444955424174,-15.0403789863545));
#7746=CARTESIAN_POINT('Ctrl Pts',(11.1250646384948,0.691406085162926,-15.035361322192));
#7747=CARTESIAN_POINT('Ctrl Pts',(11.139804940533,0.671216604998141,-15.0303059458279));
#7748=CARTESIAN_POINT('Ctrl Pts',(11.1540955864028,0.650679495732809,-15.0253299702547));
#7749=CARTESIAN_POINT('Ctrl Pts',(11.1679768308942,0.629755629086197,-15.020421647137));
#7750=CARTESIAN_POINT('Ctrl Pts',(11.1819129314653,0.608749075235552,-15.0154939272452));
#7751=CARTESIAN_POINT('Ctrl Pts',(11.195398868249,0.58740901931144,-15.0106476409699));
#7752=CARTESIAN_POINT('Ctrl Pts',(11.2084644798029,0.565701268419444,-15.0058736716907));
#7753=CARTESIAN_POINT('Ctrl Pts',(11.2215576815733,0.543947677993317,-15.0010896213797));
#7754=CARTESIAN_POINT('Ctrl Pts',(11.234204944681,0.521864251554957,-14.9963868865688));
#7755=CARTESIAN_POINT('Ctrl Pts',(11.2464282511578,0.499420092840922,-14.9917582575439));
#7756=CARTESIAN_POINT('Ctrl Pts',(11.2586574645777,0.476965087931637,-14.9871273917227));
#7757=CARTESIAN_POINT('Ctrl Pts',(11.2704456102999,0.454179510391031,-14.9825770142124));
#7758=CARTESIAN_POINT('Ctrl Pts',(11.2818083056294,0.431035046431975,-14.9781014217265));
#7759=CARTESIAN_POINT('Ctrl Pts',(11.2931583906239,0.407916268231129,-14.9736307962594));
#7760=CARTESIAN_POINT('Ctrl Pts',(11.3040647342784,0.384478464038331,-14.9692423568045));
#7761=CARTESIAN_POINT('Ctrl Pts',(11.3145372807126,0.360695402528677,-14.9649317110458));
#7762=CARTESIAN_POINT('Ctrl Pts',(11.3249819619031,0.336975622744096,-14.960632535009));
#7763=CARTESIAN_POINT('Ctrl Pts',(11.3349835414164,0.312938690806796,-14.9564155106257));
#7764=CARTESIAN_POINT('Ctrl Pts',(11.3445473885682,0.288559835264488,-14.9522772515696));
#7765=CARTESIAN_POINT('Ctrl Pts',(11.3540711290902,0.264283214075925,-14.9481563465783));
#7766=CARTESIAN_POINT('Ctrl Pts',(11.3631475151486,0.239701346241544,-14.9441192928246));
#7767=CARTESIAN_POINT('Ctrl Pts',(11.3717777877027,0.214790154822777,-14.9401635491264));
#7768=CARTESIAN_POINT('Ctrl Pts',(11.3803587794634,0.190021211898427,-14.9362303936127));
#7769=CARTESIAN_POINT('Ctrl Pts',(11.388488254638,0.164956935024944,-14.9323824264849));
#7770=CARTESIAN_POINT('Ctrl Pts',(11.3961638512494,0.139573310384299,-14.9286177804953));
#7771=CARTESIAN_POINT('Ctrl Pts',(11.4037839748638,0.114373138028044,-14.9248803423184));
#7772=CARTESIAN_POINT('Ctrl Pts',(11.4109489470699,0.0888840478146106,-14.9212288571224));
#7773=CARTESIAN_POINT('Ctrl Pts',(11.4176531747807,0.0630817105611036,-14.9176620143854));
#7774=CARTESIAN_POINT('Ctrl Pts',(11.4242977714495,0.0375088733068764,-14.9141268970846));
#7775=CARTESIAN_POINT('Ctrl Pts',(11.4304824629354,0.0116565613050172,-14.9106788233596));
#7776=CARTESIAN_POINT('Ctrl Pts',(11.4361986020465,-0.0145005384370213,
-14.9073169470996));
#7777=CARTESIAN_POINT('Ctrl Pts',(11.4418545369035,-0.0403821430156438,
-14.9039904792243));
#7778=CARTESIAN_POINT('Ctrl Pts',(11.4470434263243,-0.0665239879598155,
-14.9007533026107));
#7779=CARTESIAN_POINT('Ctrl Pts',(11.451753554947,-0.0929538130578838,-14.897604931978));
#7780=CARTESIAN_POINT('Ctrl Pts',(11.4564080836059,-0.119071651491578,-14.8944937257854));
#7781=CARTESIAN_POINT('Ctrl Pts',(11.4605978819803,-0.145486541091598,-14.8914673643953));
#7782=CARTESIAN_POINT('Ctrl Pts',(11.4643089439061,-0.172223764385644,-14.8885258785491));
#7783=CARTESIAN_POINT('Ctrl Pts',(11.4679714628799,-0.198611248502585,-14.8856228691307));
#7784=CARTESIAN_POINT('Ctrl Pts',(11.4711412924707,-0.225122326697177,-14.8828234676036));
#7785=CARTESIAN_POINT('Ctrl Pts',(11.4737992631731,-0.251803746353471,-14.8801272036726));
#7786=CARTESIAN_POINT('Ctrl Pts',(11.4764189794126,-0.278101157497102,-14.8774697453341));
#7787=CARTESIAN_POINT('Ctrl Pts',(11.478594734725,-0.30511836691966,-14.8748569040605));
#7788=CARTESIAN_POINT('Ctrl Pts',(11.4803192280209,-0.33283321703662,-14.8722900355576));
#7789=CARTESIAN_POINT('Ctrl Pts',(11.4820165804413,-0.36011187798415,-14.8697635656222));
#7790=CARTESIAN_POINT('Ctrl Pts',(11.4831325399213,-0.385895167330175,-14.8674847478519));
#7791=CARTESIAN_POINT('Ctrl Pts',(11.4836369529245,-0.410499240106757,-14.8654364392996));
#7792=CARTESIAN_POINT('Ctrl Pts',(11.484132720399,-0.434681604451437,-14.8634232383084));
#7793=CARTESIAN_POINT('Ctrl Pts',(11.4840985030028,-0.465224913527555,-14.8610285180685));
#7794=CARTESIAN_POINT('Ctrl Pts',(11.4839385922648,-0.501479044965632,-14.8582015424634));
#7795=CARTESIAN_POINT('Ctrl Pts',(11.4805856781143,-1.26163431556385,-14.7989271833558));
#7796=CARTESIAN_POINT('Ctrl Pts',(11.4612865904907,-2.02151140264255,-14.7376695613139));
#7797=CARTESIAN_POINT('Ctrl Pts',(11.4437973141197,-2.77692609497802,-14.6722254191178));
#7798=CARTESIAN_POINT('Ctrl Pts',(11.4258799336471,-3.55083189703035,-14.6051793292419));
#7799=CARTESIAN_POINT('Ctrl Pts',(11.4116808547757,-4.31290912784234,-14.5343608743043));
#7800=CARTESIAN_POINT('Ctrl Pts',(11.3951574150669,-5.06575706411972,-14.4621478962914));
#7801=CARTESIAN_POINT('Ctrl Pts',(11.3783466379673,-5.83169678791706,-14.3886791574285));
#7802=CARTESIAN_POINT('Ctrl Pts',(11.3579809191459,-6.59440986454574,-14.3131851548231));
#7803=CARTESIAN_POINT('Ctrl Pts',(11.3418726080368,-7.35297463219925,-14.2353361459518));
#7804=CARTESIAN_POINT('Ctrl Pts',(11.3337160010511,-7.73708160909118,-14.1959165093873));
#7805=CARTESIAN_POINT('Ctrl Pts',(11.3266676502463,-8.11820995303419,-14.1561079014503));
#7806=CARTESIAN_POINT('Ctrl Pts',(11.3183206248977,-8.49687105032991,-14.1163177072836));
#7807=CARTESIAN_POINT('Ctrl Pts',(11.309973599549,-8.87553214762563,-14.076527513117));
#7808=CARTESIAN_POINT('Ctrl Pts',(11.3003278996566,-9.25172599827405,-14.0367557327206));
#7809=CARTESIAN_POINT('Ctrl Pts',(11.2863211481395,-9.62609807739515,-13.9974028821439));
#7810=CARTESIAN_POINT('Ctrl Pts',(11.2850480996386,-9.66012408360466,-13.9938261722001));
#7811=CARTESIAN_POINT('Ctrl Pts',(11.2839150309534,-9.68698704713945,-13.991017278768));
#7812=CARTESIAN_POINT('Ctrl Pts',(11.2825236136248,-9.70734313983527,-13.9889648812165));
#7813=CARTESIAN_POINT('Ctrl Pts',(11.2811564955207,-9.7273437408643,-13.9869483260164));
#7814=CARTESIAN_POINT('Ctrl Pts',(11.279077534053,-9.74945376263164,-13.9847995414248));
#7815=CARTESIAN_POINT('Ctrl Pts',(11.2762300894752,-9.77344418745171,-13.9825502124946));
#7816=CARTESIAN_POINT('Ctrl Pts',(11.2734373077062,-9.79697406458788,-13.9803440642599));
#7817=CARTESIAN_POINT('Ctrl Pts',(11.2701824666041,-9.82013925617291,-13.9782421528004));
#7818=CARTESIAN_POINT('Ctrl Pts',(11.2664081450736,-9.8430781429266,-13.976236658718));
#7819=CARTESIAN_POINT('Ctrl Pts',(11.2627131281298,-9.86553504664874,-13.9742733033029));
#7820=CARTESIAN_POINT('Ctrl Pts',(11.2584433664852,-9.88825044776435,-13.9723605981244));
#7821=CARTESIAN_POINT('Ctrl Pts',(11.2535505265038,-9.91127825802151,-13.9704981459086));
#7822=CARTESIAN_POINT('Ctrl Pts',(11.2487698663577,-9.9337781017053,-13.9686783947791));
#7823=CARTESIAN_POINT('Ctrl Pts',(11.2434378623036,-9.9563745772608,-13.9669228394241));
#7824=CARTESIAN_POINT('Ctrl Pts',(11.2374912917748,-9.97915788949265,-13.9652291109407));
#7825=CARTESIAN_POINT('Ctrl Pts',(11.2316929792143,-10.0013731755712,-13.9635776099467));
#7826=CARTESIAN_POINT('Ctrl Pts',(11.2253236977829,-10.0237158731319,-13.961988602747));
#7827=CARTESIAN_POINT('Ctrl Pts',(11.2183095539709,-10.046280376926,-13.9604605126827));
#7828=CARTESIAN_POINT('Ctrl Pts',(11.2114865053751,-10.068230127324,-13.9589740543142));
#7829=CARTESIAN_POINT('Ctrl Pts',(11.2040824759768,-10.0902967843353,-13.9575515028489));
#7830=CARTESIAN_POINT('Ctrl Pts',(11.1960087274015,-10.1125881906551,-13.9561916360614));
#7831=CARTESIAN_POINT('Ctrl Pts',(11.1881962548134,-10.1341582208832,-13.9548757761604));
#7832=CARTESIAN_POINT('Ctrl Pts',(11.1797950534726,-10.1558338626409,-13.9536249663445));
#7833=CARTESIAN_POINT('Ctrl Pts',(11.1706991979803,-10.1777377550982,-13.9524384839777));
#7834=CARTESIAN_POINT('Ctrl Pts',(11.1619290769104,-10.1988572406613,-13.9512944910885));
#7835=CARTESIAN_POINT('Ctrl Pts',(11.1525587244671,-10.2200802231934,-13.9502161479892));
#7836=CARTESIAN_POINT('Ctrl Pts',(11.1424630341258,-10.2415432982143,-13.9492035386187));
#7837=CARTESIAN_POINT('Ctrl Pts',(11.1327551127529,-10.2621819903373,-13.9482298229224));
#7838=CARTESIAN_POINT('Ctrl Pts',(11.1224374733168,-10.2829142065721,-13.9473228981276));
#7839=CARTESIAN_POINT('Ctrl Pts',(11.1113609438294,-10.3038948052285,-13.9464837933062));
#7840=CARTESIAN_POINT('Ctrl Pts',(11.1007414655812,-10.3240096806794,-13.9456793124976));
#7841=CARTESIAN_POINT('Ctrl Pts',(11.0895002915501,-10.3442104140309,-13.9449428055697));
#7842=CARTESIAN_POINT('Ctrl Pts',(11.0774593407095,-10.3646722363083,-13.9442765857022));
#7843=CARTESIAN_POINT('Ctrl Pts',(11.0659531979746,-10.3842252309894,-13.9436399565033));
#7844=CARTESIAN_POINT('Ctrl Pts',(11.0538113266631,-10.4038572794436,-13.9430726227896));
#7845=CARTESIAN_POINT('Ctrl Pts',(11.0408205595505,-10.4237667997799,-13.9425785992748));
#7846=CARTESIAN_POINT('Ctrl Pts',(11.0284523593198,-10.4427221803116,-13.9421082512426));
#7847=CARTESIAN_POINT('Ctrl Pts',(11.0154341082633,-10.4617476032859,-13.9417087637663));
#7848=CARTESIAN_POINT('Ctrl Pts',(11.0015089368443,-10.4810692191307,-13.9413863779838));
#7849=CARTESIAN_POINT('Ctrl Pts',(10.9883057183999,-10.4993891023852,-13.9410807063491));
#7850=CARTESIAN_POINT('Ctrl Pts',(10.9744369834106,-10.5177692180104,-13.9408476673447));
#7851=CARTESIAN_POINT('Ctrl Pts',(10.9595912153009,-10.5364685347956,-13.9406964549687));
#7852=CARTESIAN_POINT('Ctrl Pts',(10.9455811339982,-10.5541152437118,-13.940553754526));
#7853=CARTESIAN_POINT('Ctrl Pts',(10.9308856958556,-10.5718155833322,-13.9404856424404));
#7854=CARTESIAN_POINT('Ctrl Pts',(10.9151261128917,-10.5898655643702,-13.9405052423687));
#7855=CARTESIAN_POINT('Ctrl Pts',(10.9003639212328,-10.6067731995616,-13.9405236018582));
#7856=CARTESIAN_POINT('Ctrl Pts',(10.8849091080356,-10.6237140614662,-13.9406184215734));
#7857=CARTESIAN_POINT('Ctrl Pts',(10.8682940333415,-10.6410331165961,-13.9408080373703));
#7858=CARTESIAN_POINT('Ctrl Pts',(10.8528618437272,-10.6571191678252,-13.9409841537578));
#7859=CARTESIAN_POINT('Ctrl Pts',(10.8367164750526,-10.673234404479,-13.9412385493895));
#7860=CARTESIAN_POINT('Ctrl Pts',(10.8192886989846,-10.6897709436952,-13.9415962760995));
#7861=CARTESIAN_POINT('Ctrl Pts',(10.8032151281595,-10.7050225302002,-13.941926206068));
#7862=CARTESIAN_POINT('Ctrl Pts',(10.7864218082982,-10.7202839934441,-13.9423361496622));
#7863=CARTESIAN_POINT('Ctrl Pts',(10.7682002102028,-10.7360122470317,-13.9428603685084));
#7864=CARTESIAN_POINT('Ctrl Pts',(10.7515355933651,-10.7503965682197,-13.9433397944163));
#7865=CARTESIAN_POINT('Ctrl Pts',(10.7341471143529,-10.7647695205851,-13.9439009359024));
#7866=CARTESIAN_POINT('Ctrl Pts',(10.7151403415406,-10.779669070439,-13.9445908034714));
#7867=CARTESIAN_POINT('Ctrl Pts',(10.6979341260874,-10.7931571500552,-13.9452153182243));
#7868=CARTESIAN_POINT('Ctrl Pts',(10.6799893703298,-10.8066216897067,-13.9459236177697));
#7869=CARTESIAN_POINT('Ctrl Pts',(10.6601740598818,-10.8206923282793,-13.9467799924121));
#7870=CARTESIAN_POINT('Ctrl Pts',(10.642460328478,-10.833270658203,-13.9475455413768));
#7871=CARTESIAN_POINT('Ctrl Pts',(10.624052769811,-10.8457724646098,-13.9483942833412));
#7872=CARTESIAN_POINT('Ctrl Pts',(10.6034416280981,-10.8589785209454,-13.9494175931255));
#7873=CARTESIAN_POINT('Ctrl Pts',(10.585308338321,-10.8705969576959,-13.9503178815768));
#7874=CARTESIAN_POINT('Ctrl Pts',(10.5664365951089,-10.8821500945479,-13.9513047047076));
#7875=CARTESIAN_POINT('Ctrl Pts',(10.5448999124479,-10.894541092411,-13.9525029100489));
#7876=CARTESIAN_POINT('Ctrl Pts',(10.526342367874,-10.9052180615051,-13.9535353693825));
#7877=CARTESIAN_POINT('Ctrl Pts',(10.5073432136012,-10.9156506683992,-13.9546381321533));
#7878=CARTESIAN_POINT('Ctrl Pts',(10.4849505609475,-10.9271328597507,-13.9560113909244));
#7879=CARTESIAN_POINT('Ctrl Pts',(10.4662305341317,-10.9367318533729,-13.9571594211027));
#7880=CARTESIAN_POINT('Ctrl Pts',(10.4467245405305,-10.9462658537589,-13.9583985077962));
#7881=CARTESIAN_POINT('Ctrl Pts',(10.4230522133236,-10.957010125342,-13.9599749453417));
#7882=CARTESIAN_POINT('Ctrl Pts',(10.4040766188219,-10.9656226685447,-13.961238608156));
#7883=CARTESIAN_POINT('Ctrl Pts',(10.3858945137698,-10.9734913027979,-13.9624844317624));
#7884=CARTESIAN_POINT('Ctrl Pts',(10.3610100613482,-10.9833533518135,-13.9642708240831));
#7885=CARTESIAN_POINT('Ctrl Pts',(10.3515980503384,-10.9870834605715,-13.9649464887071));
#7886=CARTESIAN_POINT('Ctrl Pts',(10.3420627162551,-10.9907563319072,-13.9656402253072));
#7887=CARTESIAN_POINT('Ctrl Pts',(10.331550479997,-10.9946509430017,-13.9664189021015));
#7888=CARTESIAN_POINT('Ctrl Pts',(10.3210382437388,-10.9985455540963,-13.9671975788958));
#7889=CARTESIAN_POINT('Ctrl Pts',(10.3095491053058,-11.0026619049496,-13.9680611958842));
#7890=CARTESIAN_POINT('Ctrl Pts',(10.2963947462831,-11.0071691470858,-13.9690672658258));
#7891=CARTESIAN_POINT('Ctrl Pts',(10.2873050536077,-11.0102836618836,-13.969762462495));
#7892=CARTESIAN_POINT('Ctrl Pts',(10.2794704937758,-11.0128995599158,-13.970367516217));
#7893=CARTESIAN_POINT('Ctrl Pts',(10.2695650624999,-11.0160421661131,-13.9711482540388));
#7894=CARTESIAN_POINT('Ctrl Pts',(10.259659631224,-11.0191847723104,-13.9719289918607));
#7895=CARTESIAN_POINT('Ctrl Pts',(10.2476833285039,-11.0228540866728,-13.9728854137823));
#7896=CARTESIAN_POINT('Ctrl Pts',(10.2314148839976,-11.027573888771,-13.9742047638115));
#7897=CARTESIAN_POINT('Ctrl Pts',(10.2214062315797,-11.0304775996121,-13.9750164527136));
#7898=CARTESIAN_POINT('Ctrl Pts',(10.2125539191644,-11.0329742907772,-13.9757398439872));
#7899=CARTESIAN_POINT('Ctrl Pts',(10.2028885980347,-11.0355449855861,-13.9765446310519));
#7900=CARTESIAN_POINT('Ctrl Pts',(10.193223276905,-11.0381156803951,-13.9773494181166));
#7901=CARTESIAN_POINT('Ctrl Pts',(10.1827449470609,-11.0407603788479,-13.9782356009723));
#7902=CARTESIAN_POINT('Ctrl Pts',(10.1700400600397,-11.0437212855629,-13.9793337306491));
#7903=CARTESIAN_POINT('Ctrl Pts',(10.1501185219602,-11.0483640514353,-13.9810556217716));
#7904=CARTESIAN_POINT('Ctrl Pts',(10.1179249038542,-11.0551159054639,-13.9838989299145));
#7905=CARTESIAN_POINT('Ctrl Pts',(10.0971968870474,-11.0590686011352,-13.9857575550423));
#7906=CARTESIAN_POINT('Ctrl Pts',(10.081033384161,-11.0621508742001,-13.9872068925692));
#7907=CARTESIAN_POINT('Ctrl Pts',(10.0710289451158,-11.0638288654927,-13.9881251355947));
#7908=CARTESIAN_POINT('Ctrl Pts',(10.0631713988149,-11.0650550585879,-13.9888562734523));
#7909=CARTESIAN_POINT('Ctrl Pts',(10.055313852514,-11.0662812516832,-13.9895874113099));
#7910=CARTESIAN_POINT('Ctrl Pts',(10.0496031989575,-11.0670556465811,-13.9901314439996));
#7911=CARTESIAN_POINT('Ctrl Pts',(10.0392574307278,-11.0683946302597,-13.991121228607));
#7912=CARTESIAN_POINT('Ctrl Pts',(10.0352140687823,-11.0689179355891,-13.9915080589831));
#7913=CARTESIAN_POINT('Ctrl Pts',(10.0313074133463,-11.0694143467735,-13.9918823435908));
#7914=CARTESIAN_POINT('Ctrl Pts',(10.027530509745,-11.069886124565,-13.9922447102413));
#7915=CARTESIAN_POINT('Ctrl Pts',(10.0237536061437,-11.0703579023565,-13.9926070768918));
#7916=CARTESIAN_POINT('Ctrl Pts',(10.020106454377,-11.070805046755,-13.9929575255852));
#7917=CARTESIAN_POINT('Ctrl Pts',(10.01658550471,-11.0712286631028,-13.9932964030811));
#7918=CARTESIAN_POINT('Ctrl Pts',(10.0095436053762,-11.0720758957984,-13.993974158073));
#7919=CARTESIAN_POINT('Ctrl Pts',(10.0030065144414,-11.072829016291,-13.9946056282752));
#7920=CARTESIAN_POINT('Ctrl Pts',(9.99693923201148,-11.0734992674984,-13.9951940464569));
#7921=CARTESIAN_POINT('Ctrl Pts',(9.9848046671517,-11.0748397699131,-13.9963708828203));
#7922=CARTESIAN_POINT('Ctrl Pts',(9.97454933631153,-11.0758487951869,-13.9973755111019));
#7923=CARTESIAN_POINT('Ctrl Pts',(9.96582998150571,-11.0766157952936,-13.9982382061567));
#7924=CARTESIAN_POINT('Ctrl Pts',(9.94157082597395,-11.0787497576446,-14.0006384128206));
#7925=CARTESIAN_POINT('Ctrl Pts',(9.92494886147592,-11.0795643546143,-14.0023518121494));
#7926=CARTESIAN_POINT('Ctrl Pts',(9.89510030630019,-11.0808650603498,-14.0054188754168));
#7927=CARTESIAN_POINT('Ctrl Pts',(9.87044239380157,-11.0819395742759,-14.0079525785467));
#7928=CARTESIAN_POINT('Ctrl Pts',(9.84588541609374,-11.0829303035794,-14.0104646087094));
#7929=CARTESIAN_POINT('Ctrl Pts',(9.82120206439895,-11.0838748630051,-14.0129765725393));
#7930=CARTESIAN_POINT('Ctrl Pts',(9.74715200931458,-11.0867085412824,-14.0205124640292));
#7931=CARTESIAN_POINT('Ctrl Pts',(9.67196458834758,-11.0891266906598,-14.028047758525));
#7932=CARTESIAN_POINT('Ctrl Pts',(9.59225819998295,-11.091793210809,-14.0358140231622));
#7933=CARTESIAN_POINT('Ctrl Pts',(9.49209650620566,-11.0951440485537,-14.0455733691362));
#7934=CARTESIAN_POINT('Ctrl Pts',(9.38842051982704,-11.0987523383226,-14.0553312981993));
#7935=CARTESIAN_POINT('Ctrl Pts',(9.28238569307005,-11.1022263787285,-14.0649623093002));
#7936=CARTESIAN_POINT('Ctrl Pts',(9.18284030062223,-11.1054878044899,-14.0740038931744));
#7937=CARTESIAN_POINT('Ctrl Pts',(9.08037083304928,-11.1086727688545,-14.0830141873644));
#7938=CARTESIAN_POINT('Ctrl Pts',(8.97396910833746,-11.1118605893996,-14.0920056062683));
#7939=CARTESIAN_POINT('Ctrl Pts',(8.87450979949395,-11.1148404135425,-14.1004103601585));
#7940=CARTESIAN_POINT('Ctrl Pts',(8.7717105458738,-11.1178189075078,-14.1087900511848));
#7941=CARTESIAN_POINT('Ctrl Pts',(8.6650213023851,-11.1207693509587,-14.117121032123));
#7942=CARTESIAN_POINT('Ctrl Pts',(8.5657703176292,-11.1235140926814,-14.1248711860754));
#7943=CARTESIAN_POINT('Ctrl Pts',(8.46301826935543,-11.1262402046207,-14.1325903780419));
#7944=CARTESIAN_POINT('Ctrl Pts',(8.35599719801444,-11.1289439517253,-14.1402597462675));
#7945=CARTESIAN_POINT('Ctrl Pts',(8.25696690090883,-11.1314458223917,-14.1473564778222));
#7946=CARTESIAN_POINT('Ctrl Pts',(8.15418391881559,-11.1339323779775,-14.1544180303888));
#7947=CARTESIAN_POINT('Ctrl Pts',(8.0468116149388,-11.1363925670773,-14.1614202524387));
#7948=CARTESIAN_POINT('Ctrl Pts',(7.9480375848469,-11.1386557465323,-14.1678617430884));
#7949=CARTESIAN_POINT('Ctrl Pts',(7.84525518457412,-11.1409013221339,-14.1742618312156));
#7950=CARTESIAN_POINT('Ctrl Pts',(7.73749917039894,-11.1431180640251,-14.1805923848794));
#7951=CARTESIAN_POINT('Ctrl Pts',(7.63901320454434,-11.1451441037582,-14.186378332854));
#7952=CARTESIAN_POINT('Ctrl Pts',(7.53623399856439,-11.1471510194388,-14.1921151089975));
#7953=CARTESIAN_POINT('Ctrl Pts',(7.4280649361125,-11.1491250507863,-14.197768681889));
#7954=CARTESIAN_POINT('Ctrl Pts',(7.3298932804918,-11.1509166344539,-14.2028997295134));
#7955=CARTESIAN_POINT('Ctrl Pts',(7.22712540667354,-11.1526863992896,-14.2079713116758));
#7956=CARTESIAN_POINT('Ctrl Pts',(7.11852577225495,-11.1544174323522,-14.2129417233999));
#7957=CARTESIAN_POINT('Ctrl Pts',(7.02068113035845,-11.1559770353013,-14.2174198982835));
#7958=CARTESIAN_POINT('Ctrl Pts',(6.91792641043712,-11.1575106317999,-14.2218249751142));
#7959=CARTESIAN_POINT('Ctrl Pts',(6.80889447858934,-11.1589979086172,-14.2261052655945));
#7960=CARTESIAN_POINT('Ctrl Pts',(6.7113548574013,-11.1603284217513,-14.2299343999127));
#7961=CARTESIAN_POINT('Ctrl Pts',(6.60859957909022,-11.1616269851554,-14.2336721222044));
#7962=CARTESIAN_POINT('Ctrl Pts',(6.49918334232025,-11.1628691924619,-14.2372538421207));
#7963=CARTESIAN_POINT('Ctrl Pts',(6.40185350262173,-11.1639741823755,-14.2404399161038));
#7964=CARTESIAN_POINT('Ctrl Pts',(6.29905482665446,-11.1650384604965,-14.2435096402024));
#7965=CARTESIAN_POINT('Ctrl Pts',(6.18940509163458,-11.1660336454305,-14.2463827805297));
#7966=CARTESIAN_POINT('Ctrl Pts',(6.09204714105309,-11.1669172696874,-14.2489338405386));
#7967=CARTESIAN_POINT('Ctrl Pts',(5.9891081695372,-11.1677473874677,-14.2513344055547));
#7968=CARTESIAN_POINT('Ctrl Pts',(5.8795727772565,-11.1684931600492,-14.2534882427004));
#7969=CARTESIAN_POINT('Ctrl Pts',(5.78170683429431,-11.169159481093,-14.2554126189122));
#7970=CARTESIAN_POINT('Ctrl Pts',(5.67845994371846,-11.1697543683897,-14.2571405475433));
#7971=CARTESIAN_POINT('Ctrl Pts',(5.56969819605024,-11.1702492122475,-14.258567233735));
#7972=CARTESIAN_POINT('Ctrl Pts',(5.47052654471787,-11.1707004231152,-14.2598681214883));
#7973=CARTESIAN_POINT('Ctrl Pts',(5.36679328584712,-11.1710586341473,-14.2609147429134));
#7974=CARTESIAN_POINT('Ctrl Pts',(5.25980177866497,-11.1713031380608,-14.2616174007585));
#7975=CARTESIAN_POINT('Ctrl Pts',(5.15836153167769,-11.1715349558754,-14.2622836011629));
#7976=CARTESIAN_POINT('Ctrl Pts',(5.05419800450838,-11.1716546326121,-14.262635850113));
#7977=CARTESIAN_POINT('Ctrl Pts',(4.94990430814872,-11.1716548123131,-14.2626374986802));
#7978=CARTESIAN_POINT('Ctrl Pts',(4.84556520794705,-11.1716549920923,-14.2626391479651));
#7979=CARTESIAN_POINT('Ctrl Pts',(4.74140597450872,-11.1715356664084,-14.2622899212502));
#7980=CARTESIAN_POINT('Ctrl Pts',(4.64000737483549,-11.1713043173287,-14.2616272029353));
#7981=CARTESIAN_POINT('Ctrl Pts',(4.53298109338508,-11.1710601282393,-14.260927703365));
#7982=CARTESIAN_POINT('Ctrl Pts',(4.42925655451897,-11.1707022741292,-14.2598842507152));
#7983=CARTESIAN_POINT('Ctrl Pts',(4.33011290880717,-11.1702515737851,-14.2585868797045));
#7984=CARTESIAN_POINT('Ctrl Pts',(4.22133353513397,-11.1697570700698,-14.2571634177675));
#7985=CARTESIAN_POINT('Ctrl Pts',(4.11809387353933,-11.169162535621,-14.255438796126));
#7986=CARTESIAN_POINT('Ctrl Pts',(4.02024177203538,-11.1684966749874,-14.2535178206101));
#7987=CARTESIAN_POINT('Ctrl Pts',(3.91070216920768,-11.1677512836444,-14.2513674028692));
#7988=CARTESIAN_POINT('Ctrl Pts',(3.80776781303302,-11.1669215424422,-14.2489702193765));
#7989=CARTESIAN_POINT('Ctrl Pts',(3.71041431160317,-11.1660383101583,-14.2464224141405));
#7990=CARTESIAN_POINT('Ctrl Pts',(3.60076839192583,-11.165043555839,-14.2435529082249));
#7991=CARTESIAN_POINT('Ctrl Pts',(3.49797277681754,-11.1639796581804,-14.2404866199877));
#7992=CARTESIAN_POINT('Ctrl Pts',(3.40064239427615,-11.16287497248,-14.2373037021412));
#7993=CARTESIAN_POINT('Ctrl Pts',(3.29123385597648,-11.1616332014666,-14.2337258020034));
#7994=CARTESIAN_POINT('Ctrl Pts',(3.18848035030483,-11.1603349472862,-14.2299915531942));
#7995=CARTESIAN_POINT('Ctrl Pts',(3.09093835426119,-11.1590047576531,-14.2261655369796));
#7996=CARTESIAN_POINT('Ctrl Pts',(2.98191419914484,-11.1575179847062,-14.2218891411483));
#7997=CARTESIAN_POINT('Ctrl Pts',(2.87916193266095,-11.1559849445202,-14.2174875918266));
#7998=CARTESIAN_POINT('Ctrl Pts',(2.78131488556932,-11.1544257700336,-14.2130125576161));
#7999=CARTESIAN_POINT('Ctrl Pts',(2.67272599070935,-11.1526954262019,-14.2080462450516));
#8000=CARTESIAN_POINT('Ctrl Pts',(2.56996139993468,-11.1509261983754,-14.2029783147603));
#8001=CARTESIAN_POINT('Ctrl Pts',(2.47178708404461,-11.1491348722931,-14.1978504652902));
#8002=CARTESIAN_POINT('Ctrl Pts',(2.36362985192499,-11.1471613941066,-14.1922011872649));
#8003=CARTESIAN_POINT('Ctrl Pts',(2.26085322099603,-11.1451546779046,-14.1864681500026));
#8004=CARTESIAN_POINT('Ctrl Pts',(2.16236512238918,-11.1431288222456,-14.1806854939421));
#8005=CARTESIAN_POINT('Ctrl Pts',(2.05461745934327,-11.1409125015325,-14.1743591693858));
#8006=CARTESIAN_POINT('Ctrl Pts',(1.95183835869643,-11.1386673948817,-14.1679628968796));
#8007=CARTESIAN_POINT('Ctrl Pts',(1.85306388746125,-11.1364046401744,-14.1615248411095));
#8008=CARTESIAN_POINT('Ctrl Pts',(1.74570132477706,-11.1339451469363,-14.1545270191264));
#8009=CARTESIAN_POINT('Ctrl Pts',(1.64292326027622,-11.1314592611049,-14.1474694673975));
#8010=CARTESIAN_POINT('Ctrl Pts',(1.54389328171313,-11.1289577577963,-14.1403763157192));
#8011=CARTESIAN_POINT('Ctrl Pts',(1.43688392729129,-11.126254694966,-14.1327116308134));
#8012=CARTESIAN_POINT('Ctrl Pts',(1.33413614151829,-11.1235288716234,-14.1249965547823));
#8013=CARTESIAN_POINT('Ctrl Pts',(1.23488550961063,-11.1207843846274,-14.1172500870666));
#8014=CARTESIAN_POINT('Ctrl Pts',(1.1282051179059,-11.1178344492755,-14.1089237299004));
#8015=CARTESIAN_POINT('Ctrl Pts',(1.0254109180692,-11.1148564872203,-14.1005482915983));
#8016=CARTESIAN_POINT('Ctrl Pts',(0.925953603651894,-11.1118771582108,-14.0921474329153));
#8017=CARTESIAN_POINT('Ctrl Pts',(0.819561309978348,-11.1086900859599,-14.0831607974994));
#8018=CARTESIAN_POINT('Ctrl Pts',(0.717097700878334,-11.1055058428318,-14.0741549166748));
#8019=CARTESIAN_POINT('Ctrl Pts',(0.617555511438297,-11.1022449198998,-14.065117449644));
#8020=CARTESIAN_POINT('Ctrl Pts',(0.511533118532884,-11.0987717106578,-14.0554916428801));
#8021=CARTESIAN_POINT('Ctrl Pts',(0.407865682556038,-11.0951640387674,-14.0457386024931));
#8022=CARTESIAN_POINT('Ctrl Pts',(0.307706184078417,-11.0918132524219,-14.0359834823427));
#8023=CARTESIAN_POINT('Ctrl Pts',(0.228006029942006,-11.0891469232942,-14.0282210175598));
#8024=CARTESIAN_POINT('Ctrl Pts',(0.152816790525632,-11.0867284418121,-14.0206886148768));
#8025=CARTESIAN_POINT('Ctrl Pts',(0.078768521907047,-11.083895294522,-14.0131558502507));
#8026=CARTESIAN_POINT('Ctrl Pts',(0.0540857657008476,-11.0829509120919,
-14.0106449287087));
#8027=CARTESIAN_POINT('Ctrl Pts',(0.0295297840277356,-11.0819604556832,
-14.0081339669508));
#8028=CARTESIAN_POINT('Ctrl Pts',(0.00487376726173697,-11.0808863925675,
-14.0056014185279));
#8029=CARTESIAN_POINT('Ctrl Pts',(-0.0249514163161833,-11.0795871506866,
-14.002537917949));
#8030=CARTESIAN_POINT('Ctrl Pts',(-0.0415517443711318,-11.0787738040424,
-14.000827401396));
#8031=CARTESIAN_POINT('Ctrl Pts',(-0.0657669490708972,-11.0766445032029,
-13.9984324652052));
#8032=CARTESIAN_POINT('Ctrl Pts',(-0.0744895822917386,-11.0758775012109,
-13.9975697778879));
#8033=CARTESIAN_POINT('Ctrl Pts',(-0.0847628952034604,-11.0748668716827,
-13.9965637980197));
#8034=CARTESIAN_POINT('Ctrl Pts',(-0.0969164352042154,-11.0735245253236,
-13.9953855873299));
#8035=CARTESIAN_POINT('Ctrl Pts',(-0.102993205204593,-11.0728533521441,
-13.994796481985));
#8036=CARTESIAN_POINT('Ctrl Pts',(-0.109540031977229,-11.0720992497569,
-13.9941643189348));
#8037=CARTESIAN_POINT('Ctrl Pts',(-0.116590780593862,-11.0712511572838,
-13.9934859702001));
#8038=CARTESIAN_POINT('Ctrl Pts',(-0.120116154902183,-11.0708271110473,
-13.9931467958328));
#8039=CARTESIAN_POINT('Ctrl Pts',(-0.123767509671476,-11.0703795672892,
-13.9927960750444));
#8040=CARTESIAN_POINT('Ctrl Pts',(-0.1275482495299,-11.0699074429355,-13.9924334746975));
#8041=CARTESIAN_POINT('Ctrl Pts',(-0.131328989388314,-11.0694353185818,
-13.9920708743507));
#8042=CARTESIAN_POINT('Ctrl Pts',(-0.135239114335862,-11.0689386136324,
-13.9916963944454));
#8043=CARTESIAN_POINT('Ctrl Pts',(-0.139285501454209,-11.0684150796733,
-13.9913094148074));
#8044=CARTESIAN_POINT('Ctrl Pts',(-0.149639600129561,-11.0670754346728,
-13.9903191918652));
#8045=CARTESIAN_POINT('Ctrl Pts',(-0.155334502145977,-11.0663035103937,
-13.9897768413746));
#8046=CARTESIAN_POINT('Ctrl Pts',(-0.163188268252557,-11.0650779273222,
-13.9890463613401));
#8047=CARTESIAN_POINT('Ctrl Pts',(-0.171042034359136,-11.0638523442507,
-13.9883158813055));
#8048=CARTESIAN_POINT('Ctrl Pts',(-0.181054664555879,-11.0621731023867,
-13.9873972717269));
#8049=CARTESIAN_POINT('Ctrl Pts',(-0.197252987029918,-11.0590838138901,
-13.9859454671839));
#8050=CARTESIAN_POINT('Ctrl Pts',(-0.217995991307522,-11.0551277792697,
-13.9840863371477));
#8051=CARTESIAN_POINT('Ctrl Pts',(-0.250184092513496,-11.0483766179142,
-13.9812447610718));
#8052=CARTESIAN_POINT('Ctrl Pts',(-0.270106943821095,-11.0437321985928,
-13.9795236508524));
#8053=CARTESIAN_POINT('Ctrl Pts',(-0.282788634372035,-11.0407758402025,
-13.9784280954588));
#8054=CARTESIAN_POINT('Ctrl Pts',(-0.29327345768136,-11.0381290439075,-13.977541813566));
#8055=CARTESIAN_POINT('Ctrl Pts',(-0.302953739628748,-11.0355539045655,
-13.9767361870348));
#8056=CARTESIAN_POINT('Ctrl Pts',(-0.312634021576147,-11.0329787652235,
-13.9759305605036));
#8057=CARTESIAN_POINT('Ctrl Pts',(-0.321509762161608,-11.0304752828344,
-13.9752055893341));
#8058=CARTESIAN_POINT('Ctrl Pts',(-0.331521883761044,-11.0275703320096,
-13.9743939958647));
#8059=CARTESIAN_POINT('Ctrl Pts',(-0.347791989076124,-11.0228496686232,
-13.9730751234271));
#8060=CARTESIAN_POINT('Ctrl Pts',(-0.359757401992284,-11.0191830647605,
-13.9721200557616));
#8061=CARTESIAN_POINT('Ctrl Pts',(-0.369649417501799,-11.0160441601478,
-13.9713407861691));
#8062=CARTESIAN_POINT('Ctrl Pts',(-0.379541433011314,-11.0129052555352,
-13.9705615165767));
#8063=CARTESIAN_POINT('Ctrl Pts',(-0.387360051114185,-11.0102940501725,
-13.9699580450573));
#8064=CARTESIAN_POINT('Ctrl Pts',(-0.396448606003275,-11.0071792961835,
-13.9692633294191));
#8065=CARTESIAN_POINT('Ctrl Pts',(-0.409599433329103,-11.0026723539499,
-13.9682580997088));
#8066=CARTESIAN_POINT('Ctrl Pts',(-0.421089232767015,-10.9985552964673,
-13.967394891236));
#8067=CARTESIAN_POINT('Ctrl Pts',(-0.431601388796751,-10.9946604579954,
-13.9666166162019));
#8068=CARTESIAN_POINT('Ctrl Pts',(-0.442113544826487,-10.9907656195235,
-13.9658383411679));
#8069=CARTESIAN_POINT('Ctrl Pts',(-0.451648057448047,-10.9870930000624,
-13.9651449995725));
#8070=CARTESIAN_POINT('Ctrl Pts',(-0.461052592698007,-10.983365819377,-13.9644702001693));
#8071=CARTESIAN_POINT('Ctrl Pts',(-0.485909729506677,-10.9735145042674,
-13.9626866371715));
#8072=CARTESIAN_POINT('Ctrl Pts',(-0.504066064276441,-10.9656570941013,
-13.9614432101102));
#8073=CARTESIAN_POINT('Ctrl Pts',(-0.52302934900205,-10.9570506831305,-13.9601809695475));
#8074=CARTESIAN_POINT('Ctrl Pts',(-0.546677340233979,-10.9463181368379,
-13.958606903968));
#8075=CARTESIAN_POINT('Ctrl Pts',(-0.566167058396123,-10.9367938013546,
-13.9573693399253));
#8076=CARTESIAN_POINT('Ctrl Pts',(-0.584862315186183,-10.9272095864439,
-13.956223253155));
#8077=CARTESIAN_POINT('Ctrl Pts',(-0.607268271726608,-10.9157230631416,
-13.9548496870865));
#8078=CARTESIAN_POINT('Ctrl Pts',(-0.626272427158857,-10.9052890719356,
-13.9537471344668));
#8079=CARTESIAN_POINT('Ctrl Pts',(-0.644845099116901,-10.8946046977885,
-13.9527143078929));
#8080=CARTESIAN_POINT('Ctrl Pts',(-0.666407456748974,-10.8822004353887,
-13.9515152248525));
#8081=CARTESIAN_POINT('Ctrl Pts',(-0.685296680585857,-10.8706375161899,
-13.9505279766875));
#8082=CARTESIAN_POINT('Ctrl Pts',(-0.703439592429289,-10.8590134480988,
-13.9496277093225));
#8083=CARTESIAN_POINT('Ctrl Pts',(-0.724058367459481,-10.8458031075,-13.948604587432));
#8084=CARTESIAN_POINT('Ctrl Pts',(-0.742470530849505,-10.8332980884043,
-13.9477561927431));
#8085=CARTESIAN_POINT('Ctrl Pts',(-0.760192680807642,-10.8207134999833,
-13.9469908244191));
#8086=CARTESIAN_POINT('Ctrl Pts',(-0.780012591683989,-10.8066392809122,
-13.9461348598772));
#8087=CARTESIAN_POINT('Ctrl Pts',(-0.797960732069072,-10.7931718533327,
-13.9454269656023));
#8088=CARTESIAN_POINT('Ctrl Pts',(-0.815169822504819,-10.7796811840754,
-13.9448028496269));
#8089=CARTESIAN_POINT('Ctrl Pts',(-0.834174420288457,-10.7647829682735,
-13.9441136166236));
#8090=CARTESIAN_POINT('Ctrl Pts',(-0.85156007630833,-10.7504121382139,-13.9435530441868));
#8091=CARTESIAN_POINT('Ctrl Pts',(-0.868220406150957,-10.7360313721728,
-13.9430741836071));
#8092=CARTESIAN_POINT('Ctrl Pts',(-0.886431762960447,-10.7203117997488,
-13.9425507425371));
#8093=CARTESIAN_POINT('Ctrl Pts',(-0.90321613406841,-10.7050585959679,-13.9421414233472));
#8094=CARTESIAN_POINT('Ctrl Pts',(-0.919282107796517,-10.6898146206731,
-13.9418119964166));
#8095=CARTESIAN_POINT('Ctrl Pts',(-0.936695751709917,-10.6732919273026,
-13.9414549360005));
#8096=CARTESIAN_POINT('Ctrl Pts',(-0.952829402777925,-10.6571895091195,
-13.9412009862758));
#8097=CARTESIAN_POINT('Ctrl Pts',(-0.968251761168499,-10.641115441388,-13.9410251474507));
#8098=CARTESIAN_POINT('Ctrl Pts',(-0.984850223948456,-10.6238155701098,
-13.9408358992099));
#8099=CARTESIAN_POINT('Ctrl Pts',(-1.0002896087789,-10.6068945095977,-13.9407412029125));
#8100=CARTESIAN_POINT('Ctrl Pts',(-1.01503537646387,-10.5900092716398,-13.9407227941355));
#8101=CARTESIAN_POINT('Ctrl Pts',(-1.03080295258769,-10.5719539705827,-13.9407031097217));
#8102=CARTESIAN_POINT('Ctrl Pts',(-1.04550590967564,-10.554247719136,-13.9407712129926));
#8103=CARTESIAN_POINT('Ctrl Pts',(-1.05952488182872,-10.5365926646734,-13.9409139553697));
#8104=CARTESIAN_POINT('Ctrl Pts',(-1.07438705652574,-10.5178757073356,-13.9410652833074));
#8105=CARTESIAN_POINT('Ctrl Pts',(-1.08827004358089,-10.499478943644,-13.9412985469058));
#8106=CARTESIAN_POINT('Ctrl Pts',(-1.10148625971309,-10.481142700346,-13.9416045302965));
#8107=CARTESIAN_POINT('Ctrl Pts',(-1.11542232911629,-10.4618077290775,-13.9419271798149));
#8108=CARTESIAN_POINT('Ctrl Pts',(-1.12844923670799,-10.4427707906659,-13.9423269705399));
#8109=CARTESIAN_POINT('Ctrl Pts',(-1.14082402394522,-10.4238058427714,-13.9427976433055));
#8110=CARTESIAN_POINT('Ctrl Pts',(-1.15381898713258,-10.4038904458426,-13.9432919043498));
#8111=CARTESIAN_POINT('Ctrl Pts',(-1.16596523147155,-10.3842513455275,-13.943859545422));
#8112=CARTESIAN_POINT('Ctrl Pts',(-1.17747679677612,-10.3646889227733,-13.9444965716187));
#8113=CARTESIAN_POINT('Ctrl Pts',(-1.18952074124256,-10.3442217901943,-13.9451630585763));
#8114=CARTESIAN_POINT('Ctrl Pts',(-1.20076392113782,-10.3240172257987,-13.9458997646753));
#8115=CARTESIAN_POINT('Ctrl Pts',(-1.21138419732595,-10.3039004783044,-13.9467043621412));
#8116=CARTESIAN_POINT('Ctrl Pts',(-1.22245901175688,-10.28292275216,-13.9475433956529));
#8117=CARTESIAN_POINT('Ctrl Pts',(-1.23277512221123,-10.2621932607881,-13.9484502135262));
#8118=CARTESIAN_POINT('Ctrl Pts',(-1.24248178615026,-10.2415569789084,-13.9494237958175));
#8119=CARTESIAN_POINT('Ctrl Pts',(-1.25257369537328,-10.2201016689544,-13.9504360183655));
#8120=CARTESIAN_POINT('Ctrl Pts',(-1.26194098940767,-10.1988858216905,-13.9515139228672));
#8121=CARTESIAN_POINT('Ctrl Pts',(-1.27070880071167,-10.1777727152912,-13.9526574360715));
#8122=CARTESIAN_POINT('Ctrl Pts',(-1.27980002585992,-10.1558808203587,-13.9538431294721));
#8123=CARTESIAN_POINT('Ctrl Pts',(-1.28819673590452,-10.1342184548178,-13.9550929657073));
#8124=CARTESIAN_POINT('Ctrl Pts',(-1.29600476096044,-10.1126636464609,-13.9564076161613));
#8125=CARTESIAN_POINT('Ctrl Pts',(-1.30002386700838,-10.1015685154887,-13.9570843198799));
#8126=CARTESIAN_POINT('Ctrl Pts',(-1.3038768289656,-10.0905286307266,-13.9577766152853));
#8127=CARTESIAN_POINT('Ctrl Pts',(-1.30757518249668,-10.0795307450643,-13.9584845850665));
#8128=CARTESIAN_POINT('Origin',(4.95182867408687,12.5270038002922,-14.1174542287219));
#8129=CARTESIAN_POINT('Ctrl Pts',(5.43620612261159,-2.87050358935828,-16.3295940852875));
#8130=CARTESIAN_POINT('Ctrl Pts',(4.9149490908949,-2.8940542952161,-16.3354194198735));
#8131=CARTESIAN_POINT('Ctrl Pts',(4.39630420081046,-2.95040121836036,-16.3240191731647));
#8132=CARTESIAN_POINT('Ctrl Pts',(5.4383041268186,-2.91837028454728,-16.3238098658913));
#8133=CARTESIAN_POINT('Ctrl Pts',(4.91865231265669,-2.94184846571157,-16.3296172612866));
#8134=CARTESIAN_POINT('Ctrl Pts',(4.40160459600417,-2.99802186780061,-16.3182521217802));
#8135=CARTESIAN_POINT('Ctrl Pts',(5.44040242249809,-2.96623908625161,-16.3180432115214));
#8136=CARTESIAN_POINT('Ctrl Pts',(4.92235560286081,-2.98964475279902,-16.3238326702184));
#8137=CARTESIAN_POINT('Ctrl Pts',(4.40690483772773,-3.04564465794197,-16.3125026330366));
#8138=CARTESIAN_POINT('Origin',(2.95000010728836,-4.95000010728836,-18.0168517231941));
#8139=CARTESIAN_POINT('Origin',(4.40000009536743,-3.6750001013279,-18.1187250614166));
#8140=CARTESIAN_POINT('Origin',(3.6748788186482,-5.50000011920929,-17.1462563616889));
#8141=CARTESIAN_POINT('Origin',(4.95000009984499,-4.95000032081248,-20.));
#8142=CARTESIAN_POINT('',(2.1502204599287,-4.98511584201958,-15.9667510901409));
#8143=CARTESIAN_POINT('',(7.74999999839353,-4.94999895173322,-15.9709310319519));
#8144=CARTESIAN_POINT('Ctrl Pts',(2.1502204599287,-4.98511584201958,-15.9667510901409));
#8145=CARTESIAN_POINT('Ctrl Pts',(2.15007999079303,-4.973916599147,-15.9680153075038));
#8146=CARTESIAN_POINT('Ctrl Pts',(2.15000702434372,-4.96274059404366,-15.9692828968445));
#8147=CARTESIAN_POINT('Ctrl Pts',(2.15000068948782,-4.95158962792168,-15.9705535764038));
#8148=CARTESIAN_POINT('Ctrl Pts',(2.14990059720343,-4.77540161508173,-15.9906306265941));
#8149=CARTESIAN_POINT('Ctrl Pts',(2.16669166252354,-4.59335990950228,-16.012897597184));
#8150=CARTESIAN_POINT('Ctrl Pts',(2.23749496775974,-4.23144961937043,-16.0603538012247));
#8151=CARTESIAN_POINT('Ctrl Pts',(2.29148937029518,-4.05157703062494,-16.0855391089383));
#8152=CARTESIAN_POINT('Ctrl Pts',(2.4342701495967,-3.70663891954581,-16.1366226391349));
#8153=CARTESIAN_POINT('Ctrl Pts',(2.52316548072141,-3.54130590381294,-16.1625496022919));
#8154=CARTESIAN_POINT('Ctrl Pts',(2.72867083166527,-3.23546153171642,-16.2126103601307));
#8155=CARTESIAN_POINT('Ctrl Pts',(2.84529567397266,-3.0949575129787,-16.2367281330492));
#8156=CARTESIAN_POINT('Ctrl Pts',(3.09351013312706,-2.84663981145639,-16.2806620621589));
#8157=CARTESIAN_POINT('Ctrl Pts',(3.23352936421044,-2.73018339930907,-16.3020134694985));
#8158=CARTESIAN_POINT('Ctrl Pts',(3.5387741801033,-2.52465481583905,-16.3406088546952));
#8159=CARTESIAN_POINT('Ctrl Pts',(3.70399330943916,-2.43557041842987,-16.3578387788633));
#8160=CARTESIAN_POINT('Ctrl Pts',(4.04899966076676,-2.29235301583603,-16.3859285485647));
#8161=CARTESIAN_POINT('Ctrl Pts',(4.22907255199133,-2.23810424706108,-16.3968003206384));
#8162=CARTESIAN_POINT('Ctrl Pts',(4.59152857500872,-2.16690578971511,-16.4111357600286));
#8163=CARTESIAN_POINT('Ctrl Pts',(4.77391514928554,-2.14997239220996,-16.4145932936635));
#8164=CARTESIAN_POINT('Ctrl Pts',(5.12693697576409,-2.15002611707964,-16.4145995092263));
#8165=CARTESIAN_POINT('Ctrl Pts',(5.30931816547255,-2.16701496208165,-16.4111484111526));
#8166=CARTESIAN_POINT('Ctrl Pts',(5.67175226965164,-2.23832359802907,-16.3968257679722));
#8167=CARTESIAN_POINT('Ctrl Pts',(5.85180863108791,-2.29262710023731,-16.3859603564392));
#8168=CARTESIAN_POINT('Ctrl Pts',(6.19677148415531,-2.43594943321248,-16.3578827686481));
#8169=CARTESIAN_POINT('Ctrl Pts',(6.3619636138897,-2.52508411689938,-16.3406586755177));
#8170=CARTESIAN_POINT('Ctrl Pts',(6.66714614054857,-2.73070570467282,-16.3020740554431));
#8171=CARTESIAN_POINT('Ctrl Pts',(6.80713007793449,-2.84720483263597,-16.280727582072));
#8172=CARTESIAN_POINT('Ctrl Pts',(7.05526925789951,-3.09559838506377,-16.2368023881129));
#8173=CARTESIAN_POINT('Ctrl Pts',(7.17185143405299,-3.23613806651349,-16.2126887222295));
#8174=CARTESIAN_POINT('Ctrl Pts',(7.37726377652315,-3.54204524693881,-16.1626352180625));
#8175=CARTESIAN_POINT('Ctrl Pts',(7.46610876767302,-3.70740541242782,-16.1367114020353));
#8176=CARTESIAN_POINT('Ctrl Pts',(7.60878446078897,-4.0523870300775,-16.0856329471469));
#8177=CARTESIAN_POINT('Ctrl Pts',(7.66272403657203,-4.23227600941308,-16.0604495711808));
#8178=CARTESIAN_POINT('Ctrl Pts',(7.73325371108611,-4.59337132980953,-16.0131055698341));
#8179=CARTESIAN_POINT('Ctrl Pts',(7.7499999982857,-4.77457166302378,-15.9909350486292));
#8180=CARTESIAN_POINT('Ctrl Pts',(7.74999999839353,-4.94999895159303,-15.9709310319519));
#8181=CARTESIAN_POINT('',(7.74999998021396,-4.95000032081248,-20.0000000126338));
#8182=CARTESIAN_POINT('Ctrl Pts',(7.74999999839353,-4.94999895159303,-15.9709310319519));
#8183=CARTESIAN_POINT('Ctrl Pts',(7.74999999839403,-4.95081338164911,-15.9708381622932));
#8184=CARTESIAN_POINT('Ctrl Pts',(7.74999964305705,-4.95162768718376,-15.97074533851));
#8185=CARTESIAN_POINT('Ctrl Pts',(7.7498460969037,-5.12761791014378,-15.950690818077));
#8186=CARTESIAN_POINT('Ctrl Pts',(7.73298246442988,-5.30896913318648,-15.9315301036707));
#8187=CARTESIAN_POINT('Ctrl Pts',(7.6620807946796,-5.67004666433239,-15.8965590184657));
#8188=CARTESIAN_POINT('Ctrl Pts',(7.60805549881666,-5.84977509618793,-15.8807447443645));
#8189=CARTESIAN_POINT('Ctrl Pts',(7.46506570063435,-6.19470794972645,-15.8531858828466));
#8190=CARTESIAN_POINT('Ctrl Pts',(7.37598463504074,-6.36019024429338,-15.8414083454814));
#8191=CARTESIAN_POINT('Ctrl Pts',(7.16996645750241,-6.66632926961722,-15.8217274163793));
#8192=CARTESIAN_POINT('Ctrl Pts',(7.05301661308874,-6.80697648521914,-15.8138093036465));
#8193=CARTESIAN_POINT('Ctrl Pts',(6.8040914323432,-7.05550733536774,-15.8011298063802));
#8194=CARTESIAN_POINT('Ctrl Pts',(6.66372678784079,-7.17194080392083,-15.7959390822189));
#8195=CARTESIAN_POINT('Ctrl Pts',(6.35807948740671,-7.37717779650295,-15.7876975743709));
#8196=CARTESIAN_POINT('Ctrl Pts',(6.19280559844165,-7.46599369683846,-15.7846298769435));
#8197=CARTESIAN_POINT('Ctrl Pts',(5.8480710926297,-7.60861955548447,-15.7800852704418));
#8198=CARTESIAN_POINT('Ctrl Pts',(5.66833579987955,-7.66254336482169,-15.7785940966825));
#8199=CARTESIAN_POINT('Ctrl Pts',(5.30692536897603,-7.7332538262645,-15.7766957473253));
#8200=CARTESIAN_POINT('Ctrl Pts',(5.12524730591253,-7.7500254686464,-15.7762863636121));
#8201=CARTESIAN_POINT('Ctrl Pts',(4.77390068374035,-7.74997199871885,-15.7762801775442));
#8202=CARTESIAN_POINT('Ctrl Pts',(4.59222771053525,-7.73314505774203,-15.7766831638849));
#8203=CARTESIAN_POINT('Ctrl Pts',(4.23083875181019,-7.66232457460393,-15.7785687822144));
#8204=CARTESIAN_POINT('Ctrl Pts',(4.05111983666942,-7.60834604159578,-15.7800536220629));
#8205=CARTESIAN_POINT('Ctrl Pts',(3.70642865292818,-7.46561518834859,-15.7845860719261));
#8206=CARTESIAN_POINT('Ctrl Pts',(3.54118174230879,-7.37674893332067,-15.7876479368688));
#8207=CARTESIAN_POINT('Ctrl Pts',(3.23559678372501,-7.17141875308547,-15.7958786519809));
#8208=CARTESIAN_POINT('Ctrl Pts',(3.09526750621535,-7.05494245378544,-15.8010644162726));
#8209=CARTESIAN_POINT('Ctrl Pts',(2.84641795947226,-6.80633567373532,-15.8137351116407));
#8210=CARTESIAN_POINT('Ctrl Pts',(2.72951098630738,-6.66565285244624,-15.8216490814737));
#8211=CARTESIAN_POINT('Ctrl Pts',(2.523586117749,-6.3594511292112,-15.8413227054914));
#8212=CARTESIAN_POINT('Ctrl Pts',(2.4345554869497,-6.19394173819842,-15.8530970804022));
#8213=CARTESIAN_POINT('Ctrl Pts',(2.29167080677648,-5.84896544996504,-15.8806508589165));
#8214=CARTESIAN_POINT('Ctrl Pts',(2.23770027743756,-5.66922064084083,-15.8964632087408));
#8215=CARTESIAN_POINT('Ctrl Pts',(2.16916175767143,-5.31961476274072,-15.9303187811208));
#8216=CARTESIAN_POINT('Ctrl Pts',(2.1522866881051,-5.14985089977892,-15.948155108013));
#8217=CARTESIAN_POINT('Ctrl Pts',(2.1502204599287,-4.98511584201958,-15.9667510901409));
#8218=CARTESIAN_POINT('Origin',(4.95185185466344,3.56633063937298,14.9043096933596));
#8219=CARTESIAN_POINT('',(-1.57487465964759,-0.0646448469752581,-15.9701347244676));
#8220=CARTESIAN_POINT('Ctrl Pts',(11.2665869053562,-9.55607920559893,-14.9304031343174));
#8221=CARTESIAN_POINT('Ctrl Pts',(11.2604009759924,-9.77292001861639,-14.906909891677));
#8222=CARTESIAN_POINT('Ctrl Pts',(11.2369001894503,-10.1093648508372,-14.8735524070281));
#8223=CARTESIAN_POINT('Ctrl Pts',(11.057212053398,-10.5223830026377,-14.8622564277127));
#8224=CARTESIAN_POINT('Ctrl Pts',(10.9850876265985,-10.6346042885162,-14.8637262775425));
#8225=CARTESIAN_POINT('Ctrl Pts',(10.8014338087231,-10.8139638584253,-14.8785254067681));
#8226=CARTESIAN_POINT('Ctrl Pts',(10.7022882660512,-10.8776027152523,-14.8899238336896));
#8227=CARTESIAN_POINT('Ctrl Pts',(10.4697739058982,-10.9826983512937,-14.9202997232378));
#8228=CARTESIAN_POINT('Ctrl Pts',(10.3199064914647,-11.026107959855,-14.9420240283981));
#8229=CARTESIAN_POINT('Ctrl Pts',(9.76947703883744,-11.1178463172013,-15.0233414334861));
#8230=CARTESIAN_POINT('Ctrl Pts',(9.38063154790468,-11.1194853852541,-15.082344094066));
#8231=CARTESIAN_POINT('Ctrl Pts',(8.24547120657287,-11.1399473089974,-15.224150246035));
#8232=CARTESIAN_POINT('Ctrl Pts',(7.58118355476465,-11.1591817089007,-15.28436417883));
#8233=CARTESIAN_POINT('Ctrl Pts',(6.30545429179597,-11.1873495968082,-15.3614488924216));
#8234=CARTESIAN_POINT('Ctrl Pts',(5.69698639975648,-11.1937343550688,-15.3808418019339));
#8235=CARTESIAN_POINT('Ctrl Pts',(4.16176525488738,-11.1958809803552,-15.3871698428507));
#8236=CARTESIAN_POINT('Ctrl Pts',(3.22303233724321,-11.1934928044938,-15.350510965846));
#8237=CARTESIAN_POINT('Ctrl Pts',(1.79528307618158,-11.1527364253265,-15.2337153580974));
#8238=CARTESIAN_POINT('Ctrl Pts',(1.3644186146203,-11.1331324966382,-15.1907358185767));
#8239=CARTESIAN_POINT('Ctrl Pts',(0.61043472446412,-11.1213509887582,-15.0920057503207));
#8240=CARTESIAN_POINT('Ctrl Pts',(0.421307558257442,-11.1189165721283,-15.0652804518556));
#8241=CARTESIAN_POINT('Ctrl Pts',(-0.159926061139881,-11.0867769447408,
-14.9809242637626));
#8242=CARTESIAN_POINT('Ctrl Pts',(-0.480311353925931,-11.031658478089,-14.9311510744612));
#8243=CARTESIAN_POINT('Ctrl Pts',(-0.838495340621869,-10.8567975237858,
-14.8855146078223));
#8244=CARTESIAN_POINT('Ctrl Pts',(-0.94142770507446,-10.7814336860833,-14.8745701577954));
#8245=CARTESIAN_POINT('Ctrl Pts',(-1.1103885979533,-10.5902716728666,-14.8636986725628));
#8246=CARTESIAN_POINT('Ctrl Pts',(-1.17166666891693,-10.4846312111663,-14.8635932336013));
#8247=CARTESIAN_POINT('Ctrl Pts',(-1.26540517207661,-10.2589669025647,-14.8706149576884));
#8248=CARTESIAN_POINT('Ctrl Pts',(-1.316531956956,-10.0957969010267,-14.8788716987558));
#8249=CARTESIAN_POINT('Ctrl Pts',(-1.37911672323746,-9.56704253204476,-14.9264438078695));
#8250=CARTESIAN_POINT('Ctrl Pts',(-1.36513273703535,-9.27846101240778,-14.962223596394));
#8251=CARTESIAN_POINT('Ctrl Pts',(-1.36672438020626,-8.50357652250685,-15.0503287211238));
#8252=CARTESIAN_POINT('Ctrl Pts',(-1.37693271446071,-8.19080143514771,-15.0839326696493));
#8253=CARTESIAN_POINT('Ctrl Pts',(-1.4003292424256,-7.42656787548088,-15.1663453898529));
#8254=CARTESIAN_POINT('Ctrl Pts',(-1.40755230562993,-6.92922003259203,-15.2216157622447));
#8255=CARTESIAN_POINT('Ctrl Pts',(-1.42725431851942,-6.14023071713654,-15.3075917258905));
#8256=CARTESIAN_POINT('Ctrl Pts',(-1.43821728256395,-5.7325382369908,-15.3518543658553));
#8257=CARTESIAN_POINT('Ctrl Pts',(-1.4707287136369,-4.40992621661154,-15.4960539233288));
#8258=CARTESIAN_POINT('Ctrl Pts',(-1.48325536916243,-3.67044450103617,-15.5778426945746));
#8259=CARTESIAN_POINT('Ctrl Pts',(-1.51273686763434,-2.68534954203599,-15.6841046689909));
#8260=CARTESIAN_POINT('Ctrl Pts',(-1.52037852358428,-2.45029498738419,-15.7093303850495));
#8261=CARTESIAN_POINT('Ctrl Pts',(-1.53525668176805,-1.88721326710453,-15.7704723588551));
#8262=CARTESIAN_POINT('Ctrl Pts',(-1.53849650895873,-1.71933552303343,-15.7889513034872));
#8263=CARTESIAN_POINT('Ctrl Pts',(-1.5580974620655,-1.05514744511811,-15.860631214812));
#8264=CARTESIAN_POINT('Ctrl Pts',(-1.57590344404835,-0.672326533318746,
-15.9005622149746));
#8265=CARTESIAN_POINT('Ctrl Pts',(-1.58672843651358,-0.289869622532565,
-15.9419224665208));
#8266=CARTESIAN_POINT('Ctrl Pts',(-1.60291186995378,0.105696300795205,-15.9840690156151));
#8267=CARTESIAN_POINT('Ctrl Pts',(-1.38240990088519,0.712001049853792,-16.0988768032381));
#8268=CARTESIAN_POINT('Ctrl Pts',(-1.30643879686208,0.843308333447745,-16.129416335838));
#8269=CARTESIAN_POINT('Ctrl Pts',(-1.11598664880859,1.04806911999824,-16.1906749028602));
#8270=CARTESIAN_POINT('Ctrl Pts',(-1.01197481388444,1.11390794183674,-16.2184045649875));
#8271=CARTESIAN_POINT('Ctrl Pts',(-0.789116101324394,1.21401935408557,-16.2719243558192));
#8272=CARTESIAN_POINT('Ctrl Pts',(-0.654031016053547,1.2488354736952,-16.3007245017637));
#8273=CARTESIAN_POINT('Ctrl Pts',(-0.192198505558848,1.32343085875616,-16.3901896822368));
#8274=CARTESIAN_POINT('Ctrl Pts',(0.174725137732503,1.3307054044389,-16.4505575769616));
#8275=CARTESIAN_POINT('Ctrl Pts',(1.15079838371862,1.37566214728231,-16.5920320509683));
#8276=CARTESIAN_POINT('Ctrl Pts',(1.69430925844139,1.41853646780891,-16.6601823096616));
#8277=CARTESIAN_POINT('Ctrl Pts',(3.05650548290929,1.46900558607274,-16.7776463066091));
#8278=CARTESIAN_POINT('Ctrl Pts',(3.75979913095464,1.47527147916648,-16.8119845122747));
#8279=CARTESIAN_POINT('Ctrl Pts',(5.27733325893039,1.48595575383641,-16.8393020619597));
#8280=CARTESIAN_POINT('Ctrl Pts',(6.31422454094609,1.47843257048279,-16.8233245296091));
#8281=CARTESIAN_POINT('Ctrl Pts',(7.81905048518331,1.42676113027919,-16.6929750140198));
#8282=CARTESIAN_POINT('Ctrl Pts',(8.08731665158842,1.41613441865757,-16.6661720584495));
#8283=CARTESIAN_POINT('Ctrl Pts',(8.5681103208502,1.39181434473356,-16.6112930968685));
#8284=CARTESIAN_POINT('Ctrl Pts',(8.77671835631735,1.37919611952044,-16.5849887547604));
#8285=CARTESIAN_POINT('Ctrl Pts',(9.38287097181967,1.34422957750426,-16.5031668523728));
#8286=CARTESIAN_POINT('Ctrl Pts',(9.65986514949886,1.33620917808327,-16.460001506153));
#8287=CARTESIAN_POINT('Ctrl Pts',(10.2796229499594,1.30218871915369,-16.3576849226879));
#8288=CARTESIAN_POINT('Ctrl Pts',(10.5633517259226,1.26732095157119,-16.3023135934925));
#8289=CARTESIAN_POINT('Ctrl Pts',(10.9017938385206,1.1262957211598,-16.2226000648193));
#8290=CARTESIAN_POINT('Ctrl Pts',(11.0037641221769,1.06069902537332,-16.1952732742789));
#8291=CARTESIAN_POINT('Ctrl Pts',(11.1883795791114,0.87280089579546,-16.1372274525534));
#8292=CARTESIAN_POINT('Ctrl Pts',(11.2606566411395,0.751942292274453,-16.1086743399304));
#8293=CARTESIAN_POINT('Ctrl Pts',(11.5068035808502,0.128356761152553,-15.9867948472685));
#8294=CARTESIAN_POINT('Ctrl Pts',(11.4833802852936,-0.388455629542512,-15.9321349245848));
#8295=CARTESIAN_POINT('Ctrl Pts',(11.4776767327633,-0.662891286942966,-15.902001515058));
#8296=CARTESIAN_POINT('Ctrl Pts',(11.4641744564378,-0.867644972664286,-15.8814777187513));
#8297=CARTESIAN_POINT('Ctrl Pts',(11.4343666975318,-1.89388693869473,-15.7705514559878));
#8298=CARTESIAN_POINT('Ctrl Pts',(11.4290347976797,-2.09858585633077,-15.7482955069129));
#8299=CARTESIAN_POINT('Ctrl Pts',(11.4141603965377,-2.60327597548399,-15.6937800644545));
#8300=CARTESIAN_POINT('Ctrl Pts',(11.4062406219707,-2.84303301945548,-15.668059504892));
#8301=CARTESIAN_POINT('Ctrl Pts',(11.372936504178,-4.12361232623617,-15.5287792810141));
#8302=CARTESIAN_POINT('Ctrl Pts',(11.3327532803241,-6.20578170666894,-15.2993456145218));
#8303=CARTESIAN_POINT('Ctrl Pts',(11.3177187934093,-6.94079240656464,-15.2185234119916));
#8304=CARTESIAN_POINT('Ctrl Pts',(11.3124074248915,-7.46444881652774,-15.1598270871131));
#8305=CARTESIAN_POINT('Ctrl Pts',(11.2847416903524,-8.30114837333069,-15.0699764728021));
#8306=CARTESIAN_POINT('Ctrl Pts',(11.2748975139105,-8.50411560987347,-15.0488185355419));
#8307=CARTESIAN_POINT('Ctrl Pts',(11.264914297022,-9.11064797815451,-14.9816069889928));
#8308=CARTESIAN_POINT('Ctrl Pts',(11.2729803973953,-9.33196251588671,-14.9546846692272));
#8309=CARTESIAN_POINT('Ctrl Pts',(11.2665869053562,-9.55607920559893,-14.9304031343174));
#8310=CARTESIAN_POINT('Ctrl Pts',(-2.87935535340591,1.89909415321087,-20.9719911536804));
#8311=CARTESIAN_POINT('Ctrl Pts',(-2.86760417561376,1.71555655074027,-20.8134767941219));
#8312=CARTESIAN_POINT('Ctrl Pts',(-2.85591017301701,1.5320669520929,-20.6852486077754));
#8313=CARTESIAN_POINT('Ctrl Pts',(-2.84429187102567,1.34864091105046,-20.5971196573261));
#8314=CARTESIAN_POINT('Ctrl Pts',(-2.82126122837391,0.981961752403002,-20.5299611744631));
#8315=CARTESIAN_POINT('Ctrl Pts',(-2.79851228378745,0.615519105131502,-20.6120204833564));
#8316=CARTESIAN_POINT('Ctrl Pts',(-2.7871772531915,0.432330896419999,-20.6739427306006));
#8317=CARTESIAN_POINT('Ctrl Pts',(-2.76444736332942,0.065904247338181,-20.7660954843717));
#8318=CARTESIAN_POINT('Ctrl Pts',(-2.74154716342958,-0.300665392648903,
-20.7680336045396));
#8319=CARTESIAN_POINT('Ctrl Pts',(-2.73004047375367,-0.4839977249104,-20.7390266193862));
#8320=CARTESIAN_POINT('Ctrl Pts',(-2.70696140030011,-0.850717545660233,
-20.6462139408196));
#8321=CARTESIAN_POINT('Ctrl Pts',(-2.68381852008917,-1.21749093803813,-20.5196022958878));
#8322=CARTESIAN_POINT('Ctrl Pts',(-2.67224917555049,-1.40087587480646,-20.4574065124571));
#8323=CARTESIAN_POINT('Ctrl Pts',(-2.63754382401749,-1.95102843325662,-20.2722398837025));
#8324=CARTESIAN_POINT('Ctrl Pts',(-2.60284552976404,-2.50117506647298,-20.0908115542164));
#8325=CARTESIAN_POINT('Ctrl Pts',(-2.57971841895979,-2.86793521898687,-19.9725530942547));
#8326=CARTESIAN_POINT('Ctrl Pts',(-2.53350227498149,-3.60142355434991,-19.7562062095175));
#8327=CARTESIAN_POINT('Ctrl Pts',(-2.48733124878125,-4.33487400919802,-19.563758584453));
#8328=CARTESIAN_POINT('Ctrl Pts',(-2.46425279028995,-4.7015933136306,-19.471271656477));
#8329=CARTESIAN_POINT('Ctrl Pts',(-2.41810847294707,-5.43502134394203,-19.2929719337353));
#8330=CARTESIAN_POINT('Ctrl Pts',(-2.3719853869383,-6.16843154860012,-19.1259186240424));
#8331=CARTESIAN_POINT('Ctrl Pts',(-2.34892798571806,-6.53513317352135,-19.0445859064525));
#8332=CARTESIAN_POINT('Ctrl Pts',(-2.30283550778748,-7.26851767988905,-18.8937459485576));
#8333=CARTESIAN_POINT('Ctrl Pts',(-2.25676131000351,-8.0018868383962,-18.7525891353083));
#8334=CARTESIAN_POINT('Ctrl Pts',(-2.23371197701616,-8.36858168929551,-18.6755302273085));
#8335=CARTESIAN_POINT('Ctrl Pts',(-2.19918328616502,-8.91858592489191,-18.5839422207999));
#8336=CARTESIAN_POINT('Ctrl Pts',(-2.16464667722264,-9.46859680845252,-18.488159935948));
#8337=CARTESIAN_POINT('Ctrl Pts',(-2.15313518517679,-9.65193317274427,-18.4566090957775));
#8338=CARTESIAN_POINT('Ctrl Pts',(-2.13010991646678,-10.0186078194745,-18.3922972342529));
#8339=CARTESIAN_POINT('Ctrl Pts',(-2.10701047971476,-10.385344737082,-18.2886979483131));
#8340=CARTESIAN_POINT('Ctrl Pts',(-2.09541791110997,-10.568749172585,-18.2142001852582));
#8341=CARTESIAN_POINT('Ctrl Pts',(-2.07241322030075,-10.9354065422791,-18.1607886077317));
#8342=CARTESIAN_POINT('Ctrl Pts',(-2.04995421918083,-11.3016057554037,-18.3964333655024));
#8343=CARTESIAN_POINT('Ctrl Pts',(-2.03893277049588,-11.484530683325,-18.6244625408953));
#8344=CARTESIAN_POINT('Ctrl Pts',(-2.01713890202735,-11.8501714565526,-19.2124335574706));
#8345=CARTESIAN_POINT('Ctrl Pts',(-1.99568225353059,-12.2155291026688,-19.9790327782092));
#8346=CARTESIAN_POINT('Ctrl Pts',(-1.98500496745798,-12.3981650744948,-20.3893677318073));
#8347=CARTESIAN_POINT('Ctrl Pts',(-1.97435685202796,-12.5807765548895,-20.8151546157175));
#8348=CARTESIAN_POINT('Ctrl Pts',(-1.96372006825244,-12.7633785213203,-21.2469439705988));
#8349=CARTESIAN_POINT('Ctrl Pts',(-2.69446014451155,1.90984671334237,-20.5026138326236));
#8350=CARTESIAN_POINT('Ctrl Pts',(-2.68265739891948,1.72626581497159,-20.3167835835412));
#8351=CARTESIAN_POINT('Ctrl Pts',(-2.67091073298489,1.54273200061943,-20.1606591921917));
#8352=CARTESIAN_POINT('Ctrl Pts',(-2.65924132048356,1.35926304761368,-20.0454565824776));
#8353=CARTESIAN_POINT('Ctrl Pts',(-2.63614229094535,0.99252647189951,-19.9420730010565));
#8354=CARTESIAN_POINT('Ctrl Pts',(-2.61337111869651,0.626065162465709,-20.0123581336047));
#8355=CARTESIAN_POINT('Ctrl Pts',(-2.60203116276711,0.442872818484806,-20.071671391046));
#8356=CARTESIAN_POINT('Ctrl Pts',(-2.5792748575356,0.0764239912763298,-20.1498317054607));
#8357=CARTESIAN_POINT('Ctrl Pts',(-2.55632515543503,-0.29018721035086,-20.1255481010574));
#8358=CARTESIAN_POINT('Ctrl Pts',(-2.54479178454827,-0.473541943937272,
-20.0824078581581));
#8359=CARTESIAN_POINT('Ctrl Pts',(-2.521664424813,-0.840302305451613,-19.9640175373683));
#8360=CARTESIAN_POINT('Ctrl Pts',(-2.49849229434918,-1.20710025610096,-19.8219117919084));
#8361=CARTESIAN_POINT('Ctrl Pts',(-2.48691562801134,-1.39049134019157,-19.7558375909904));
#8362=CARTESIAN_POINT('Ctrl Pts',(-2.45219451990084,-1.94065712773445,-19.5623245730017));
#8363=CARTESIAN_POINT('Ctrl Pts',(-2.41749348093555,-2.49080606538827,-19.3794423469856));
#8364=CARTESIAN_POINT('Ctrl Pts',(-2.39436435003024,-2.85756791396237,-19.2601138228089));
#8365=CARTESIAN_POINT('Ctrl Pts',(-2.34814659157582,-3.59105760482627,-19.0429117367362));
#8366=CARTESIAN_POINT('Ctrl Pts',(-2.30196989683834,-4.32451281893157,-18.8474614406768));
#8367=CARTESIAN_POINT('Ctrl Pts',(-2.27888740795189,-4.69123550725073,-18.7528395791016));
#8368=CARTESIAN_POINT('Ctrl Pts',(-2.23273471148705,-5.42467057260396,-18.5701013662557));
#8369=CARTESIAN_POINT('Ctrl Pts',(-2.18659949734022,-6.1580909599469,-18.3966236816626));
#8370=CARTESIAN_POINT('Ctrl Pts',(-2.16353594693303,-6.52479774767485,-18.3120336889623));
#8371=CARTESIAN_POINT('Ctrl Pts',(-2.11742312680137,-7.25819933318706,-18.1504182991495));
#8372=CARTESIAN_POINT('Ctrl Pts',(-2.07132301112083,-7.99159025214675,-17.9955325620308));
#8373=CARTESIAN_POINT('Ctrl Pts',(-2.04827437030552,-8.35828452190412,-17.9188403032734));
#8374=CARTESIAN_POINT('Ctrl Pts',(-2.01370842113331,-8.90832003928007,-17.8075162563793));
#8375=CARTESIAN_POINT('Ctrl Pts',(-1.97912758073808,-9.45836805920428,-17.6883042056391));
#8376=CARTESIAN_POINT('Ctrl Pts',(-1.96760496468542,-9.64171376312053,-17.6508608871901));
#8377=CARTESIAN_POINT('Ctrl Pts',(-1.94460248938553,-10.0083692726913,-17.5986228832534));
#8378=CARTESIAN_POINT('Ctrl Pts',(-1.92159989237419,-10.37502488445,-17.5463204077582));
#8379=CARTESIAN_POINT('Ctrl Pts',(-1.91006819005216,-10.5583782171232,-17.5040640173819));
#8380=CARTESIAN_POINT('Ctrl Pts',(-1.88719916781917,-10.9249216805979,-17.5225172051745));
#8381=CARTESIAN_POINT('Ctrl Pts',(-1.86489506207545,-11.2909908448401,-17.8402113230102));
#8382=CARTESIAN_POINT('Ctrl Pts',(-1.85395977774652,-11.4738434298776,-18.1138824694183));
#8383=CARTESIAN_POINT('Ctrl Pts',(-1.83232037471612,-11.8393545151953,-18.7836751043111));
#8384=CARTESIAN_POINT('Ctrl Pts',(-1.81099069218699,-12.2046055617306,-19.6175292467229));
#8385=CARTESIAN_POINT('Ctrl Pts',(-1.80037375648086,-12.3871908638859,-20.0598322878842));
#8386=CARTESIAN_POINT('Ctrl Pts',(-1.78977873327656,-12.5697577684851,-20.5137425622436));
#8387=CARTESIAN_POINT('Ctrl Pts',(-1.7791876216915,-12.7523213889209,-20.9697248536229));
#8388=CARTESIAN_POINT('Ctrl Pts',(-2.50959480560474,1.92062435206944,-20.0490588906661));
#8389=CARTESIAN_POINT('Ctrl Pts',(-2.49773351389256,1.73699429885833,-19.8322162782302));
#8390=CARTESIAN_POINT('Ctrl Pts',(-2.48592413561449,1.55340783173899,-19.642872640592));
#8391=CARTESIAN_POINT('Ctrl Pts',(-2.47418859283847,1.36988335629917,-19.4926402781995));
#8392=CARTESIAN_POINT('Ctrl Pts',(-2.45099685301859,1.00306894179595,-19.3401472948812));
#8393=CARTESIAN_POINT('Ctrl Pts',(-2.4281849855794,0.636573465015436,-19.3888758489965));
#8394=CARTESIAN_POINT('Ctrl Pts',(-2.41683040838765,0.453368845143063,-19.4404441030115));
#8395=CARTESIAN_POINT('Ctrl Pts',(-2.39402478041314,0.086878606965719,-19.4924777531006));
#8396=CARTESIAN_POINT('Ctrl Pts',(-2.3710078766176,-0.279789016651183,-19.432596855851));
#8397=CARTESIAN_POINT('Ctrl Pts',(-2.35944629910545,-0.463167432288004,
-19.3745153305217));
#8398=CARTESIAN_POINT('Ctrl Pts',(-2.33627314785322,-0.829966239982903,
-19.2318688650057));
#8399=CARTESIAN_POINT('Ctrl Pts',(-2.31308248580947,-1.19677974959416,-19.079946788605));
#8400=CARTESIAN_POINT('Ctrl Pts',(-2.30150495332751,-1.38017156089224,-19.0134137839959));
#8401=CARTESIAN_POINT('Ctrl Pts',(-2.2667827249855,-1.93033828897227,-18.8193073701197));
#8402=CARTESIAN_POINT('Ctrl Pts',(-2.23208725012001,-2.48048255505371,-18.6393724937239));
#8403=CARTESIAN_POINT('Ctrl Pts',(-2.20896213986337,-2.84724102792431,-18.5221737403509));
#8404=CARTESIAN_POINT('Ctrl Pts',(-2.16274963469446,-3.58072630817295,-18.3077543630031));
#8405=CARTESIAN_POINT('Ctrl Pts',(-2.11656800517334,-4.31418566548196,-18.109690071292));
#8406=CARTESIAN_POINT('Ctrl Pts',(-2.09348172097862,-4.68091154031068,-18.0130578035828));
#8407=CARTESIAN_POINT('Ctrl Pts',(-2.04732126239949,-5.41435312267116,-17.8262079346853));
#8408=CARTESIAN_POINT('Ctrl Pts',(-2.00117326343562,-6.1477842440412,-17.6459580269216));
#8409=CARTESIAN_POINT('Ctrl Pts',(-1.97810483918652,-6.51449512380669,-17.558786319905));
#8410=CARTESIAN_POINT('Ctrl Pts',(-1.93196644243919,-7.24791818323481,-17.3836227855293));
#8411=CARTESIAN_POINT('Ctrl Pts',(-1.88582976946767,-7.98133979539496,-17.2093723494516));
#8412=CARTESIAN_POINT('Ctrl Pts',(-1.8627938647763,-8.34802337200754,-17.139426520739));
#8413=CARTESIAN_POINT('Ctrl Pts',(-1.82817504465661,-8.89810327939564,-17.0000962962944));
#8414=CARTESIAN_POINT('Ctrl Pts',(-1.79350369907138,-9.44822728673208,-16.832942898928));
#8415=CARTESIAN_POINT('Ctrl Pts',(-1.78195260018901,-9.63159690459762,-16.7804119903363));
#8416=CARTESIAN_POINT('Ctrl Pts',(-1.75895355557226,-9.99824953379506,-16.7299912475987));
#8417=CARTESIAN_POINT('Ctrl Pts',(-1.73609553615023,-10.3647837594003,-16.7542727152322));
#8418=CARTESIAN_POINT('Ctrl Pts',(-1.72467577020908,-10.5480431112099,-16.7713099502919));
#8419=CARTESIAN_POINT('Ctrl Pts',(-1.70202747221168,-10.914401256434,-16.906682588657));
#8420=CARTESIAN_POINT('Ctrl Pts',(-1.67992856550474,-11.2802981372547,-17.3330723310222));
#8421=CARTESIAN_POINT('Ctrl Pts',(-1.66908517395968,-11.4630735698675,-17.6554198439906));
#8422=CARTESIAN_POINT('Ctrl Pts',(-1.64759749917688,-11.828457265398,-18.4055841847679));
#8423=CARTESIAN_POINT('Ctrl Pts',(-1.62638790658695,-12.1936074854092,-19.3030509598064));
#8424=CARTESIAN_POINT('Ctrl Pts',(-1.61583167011119,-12.3761418249905,-19.7775068846123));
#8425=CARTESIAN_POINT('Ctrl Pts',(-1.60528714922936,-12.5586663282556,-20.2581686562846));
#8426=CARTESIAN_POINT('Ctrl Pts',(-1.59473789696771,-12.7411948039482,-20.7363241769888));
#8427=CARTESIAN_POINT('Ctrl Pts',(-2.32478574844494,1.93144924448785,-19.6253168549368));
#8428=CARTESIAN_POINT('Ctrl Pts',(-2.31285917261487,1.74776437926894,-19.3738927060667));
#8429=CARTESIAN_POINT('Ctrl Pts',(-2.30097385461166,1.56411415378171,-19.1443231688341));
#8430=CARTESIAN_POINT('Ctrl Pts',(-2.28914267573763,1.38050938306154,-18.943431575467));
#8431=CARTESIAN_POINT('Ctrl Pts',(-2.26582220456009,1.01358688677048,-18.722748528794));
#8432=CARTESIAN_POINT('Ctrl Pts',(-2.24295024300643,0.647040955466311,-18.7396447341543));
#8433=CARTESIAN_POINT('Ctrl Pts',(-2.23156004312352,0.463806427075769,-18.7723433544505));
#8434=CARTESIAN_POINT('Ctrl Pts',(-2.20868368150644,0.0972568015145969,
-18.7869088098819));
#8435=CARTESIAN_POINT('Ctrl Pts',(-2.18555771368284,-0.269502391362166,
-18.6692557962013));
#8436=CARTESIAN_POINT('Ctrl Pts',(-2.17396451359878,-0.452907357049946,
-18.5944235333588));
#8437=CARTESIAN_POINT('Ctrl Pts',(-2.15075865583485,-0.819733624862744,
-18.4344521584714));
#8438=CARTESIAN_POINT('Ctrl Pts',(-2.12757609068585,-1.18654033638785,-18.2868190740891));
#8439=CARTESIAN_POINT('Ctrl Pts',(-2.11600792316322,-1.3699242849432,-18.225246765781));
#8440=CARTESIAN_POINT('Ctrl Pts',(-2.08130334753843,-1.92007619194721,-18.0404911420162));
#8441=CARTESIAN_POINT('Ctrl Pts',(-2.0466214978936,-2.47020901840558,-17.8677736575349));
#8442=CARTESIAN_POINT('Ctrl Pts',(-2.02351212472881,-2.83695427854346,-17.7589109716832));
#8443=CARTESIAN_POINT('Ctrl Pts',(-1.97731274876117,-3.57042853562282,-17.5514462406874));
#8444=CARTESIAN_POINT('Ctrl Pts',(-1.93112528989984,-4.30389278719788,-17.3502940993173));
#8445=CARTESIAN_POINT('Ctrl Pts',(-1.90803574026394,-4.67062140366412,-17.2519321004488));
#8446=CARTESIAN_POINT('Ctrl Pts',(-1.86187021221031,-5.40406724231363,-17.062396889047));
#8447=CARTESIAN_POINT('Ctrl Pts',(-1.81571106107802,-6.13750772695246,-16.8762395855537));
#8448=CARTESIAN_POINT('Ctrl Pts',(-1.79264190965304,-6.50421921724881,-16.7886826874728));
#8449=CARTESIAN_POINT('Ctrl Pts',(-1.74647688732541,-7.23766463129491,-16.5994153633122));
#8450=CARTESIAN_POINT('Ctrl Pts',(-1.70029056043506,-7.97112793247643,-16.3988628363303));
#8451=CARTESIAN_POINT('Ctrl Pts',(-1.67729248642311,-8.33777974676209,-16.3489562309601));
#8452=CARTESIAN_POINT('Ctrl Pts',(-1.64261803414203,-8.88790636245477,-16.180157191156));
#8453=CARTESIAN_POINT('Ctrl Pts',(-1.60781214296382,-9.43814333316315,-15.9417338819688));
#8454=CARTESIAN_POINT('Ctrl Pts',(-1.59621195705493,-9.62155416409194,-15.8632011700201));
#8455=CARTESIAN_POINT('Ctrl Pts',(-1.57319650720194,-9.98822056699065,-15.804090438147));
#8456=CARTESIAN_POINT('Ctrl Pts',(-1.55054207861903,-10.3545838594039,-15.936215654733));
#8457=CARTESIAN_POINT('Ctrl Pts',(-1.5392887362683,-10.5377034833374,-16.0414088401369));
#8458=CARTESIAN_POINT('Ctrl Pts',(-1.51695732429678,-10.9037955736636,-16.3446386235824));
#8459=CARTESIAN_POINT('Ctrl Pts',(-1.49510948446328,-11.2694816608048,-16.9040205623822));
#8460=CARTESIAN_POINT('Ctrl Pts',(-1.48433875718487,-11.4521960850977,-17.2648589375404));
#8461=CARTESIAN_POINT('Ctrl Pts',(-1.46296611751885,-11.8174831980914,-18.0759583297548));
#8462=CARTESIAN_POINT('Ctrl Pts',(-1.44187899186041,-12.1825305958754,-19.0382968498667));
#8463=CARTESIAN_POINT('Ctrl Pts',(-1.43139299938876,-12.3650059591693,-19.5499616038021));
#8464=CARTESIAN_POINT('Ctrl Pts',(-1.42089725784884,-12.5474895077006,-20.0564621957555));
#8465=CARTESIAN_POINT('Ctrl Pts',(-1.41038484779489,-12.729987050979,-20.554133338162));
#8466=CARTESIAN_POINT('Ctrl Pts',(-1.95537592810823,1.95327391123746,-18.8881678265172));
#8467=CARTESIAN_POINT('Ctrl Pts',(-1.94334144554091,1.76949844841053,-18.5795845877228));
#8468=CARTESIAN_POINT('Ctrl Pts',(-1.93133089371277,1.58574307763515,-18.2836776591115));
#8469=CARTESIAN_POINT('Ctrl Pts',(-1.91932273467543,1.40198971582723,-17.9890382115532));
#8470=CARTESIAN_POINT('Ctrl Pts',(-1.89566398890859,1.03478320697656,-17.5891683210991));
#8471=CARTESIAN_POINT('Ctrl Pts',(-1.87242568758426,0.667929699817608,-17.4120113243153));
#8472=CARTESIAN_POINT('Ctrl Pts',(-1.86081618843852,0.484511049571845,-17.3285453138877));
#8473=CARTESIAN_POINT('Ctrl Pts',(-1.83743976285861,0.117541574425328,-17.0782227581557));
#8474=CARTESIAN_POINT('Ctrl Pts',(-1.81413563815002,-0.249367197505019,
-16.8661985710885));
#8475=CARTESIAN_POINT('Ctrl Pts',(-1.80262232416846,-0.43270509147897,-16.8336826365249));
#8476=CARTESIAN_POINT('Ctrl Pts',(-1.77954485218699,-0.799423567646022,
-16.7417182709515));
#8477=CARTESIAN_POINT('Ctrl Pts',(-1.75645808694259,-1.1661498463601,-16.6448311872513));
#8478=CARTESIAN_POINT('Ctrl Pts',(-1.74492653892308,-1.34950304948218,-16.6026565321896));
#8479=CARTESIAN_POINT('Ctrl Pts',(-1.71029142920026,-1.89959663348692,-16.454697570422));
#8480=CARTESIAN_POINT('Ctrl Pts',(-1.6756312077706,-2.44971130107395,-16.293436730141));
#8481=CARTESIAN_POINT('Ctrl Pts',(-1.65259293860063,-2.81639686288328,-16.2222384176018));
#8482=CARTESIAN_POINT('Ctrl Pts',(-1.60643931278285,-3.54983270851356,-16.0390079188342));
#8483=CARTESIAN_POINT('Ctrl Pts',(-1.56024211530171,-4.28330513655361,-15.8326971501233));
#8484=CARTESIAN_POINT('Ctrl Pts',(-1.53715244914032,-4.6500338508537,-15.7342734267347));
#8485=CARTESIAN_POINT('Ctrl Pts',(-1.49098676255843,-5.38347982260222,-15.5446542416093));
#8486=CARTESIAN_POINT('Ctrl Pts',(-1.44481534037808,-6.11693060991196,-15.3519968626137));
#8487=CARTESIAN_POINT('Ctrl Pts',(-1.42174654159921,-6.48364180412954,-15.2646267640898));
#8488=CARTESIAN_POINT('Ctrl Pts',(-1.3755459682755,-7.2171170664992,-15.0565277836877));
#8489=CARTESIAN_POINT('Ctrl Pts',(-1.32930582088281,-7.9506255549313,-14.8274660921057));
#8490=CARTESIAN_POINT('Ctrl Pts',(-1.30634390886048,-8.31724700790825,-14.7967147913072));
#8491=CARTESIAN_POINT('Ctrl Pts',(-1.27159222436845,-8.86743846712928,-14.5870052114857));
#8492=CARTESIAN_POINT('Ctrl Pts',(-1.23672125322549,-9.41773007844014,-14.3141085074789));
#8493=CARTESIAN_POINT('Ctrl Pts',(-1.22511228232735,-9.60114828517356,-14.230922314172));
#8494=CARTESIAN_POINT('Ctrl Pts',(-1.20219011364766,-9.96773636996731,-14.2212233902085));
#8495=CARTESIAN_POINT('Ctrl Pts',(-1.17989344597793,-10.3337992892639,-14.5428575172706));
#8496=CARTESIAN_POINT('Ctrl Pts',(-1.16889502108142,-10.5167048866019,-14.7830825835495));
#8497=CARTESIAN_POINT('Ctrl Pts',(-1.14710372619025,-10.8823434990752,-15.372416845309));
#8498=CARTESIAN_POINT('Ctrl Pts',(-1.12573297417198,-11.2476290272153,-16.1845161401341));
#8499=CARTESIAN_POINT('Ctrl Pts',(-1.11514192998807,-11.4301925910618,-16.6405341344571));
#8500=CARTESIAN_POINT('Ctrl Pts',(-1.09406421934735,-11.7952320840744,-17.6078598672105));
#8501=CARTESIAN_POINT('Ctrl Pts',(-1.07321990810015,-12.1600756168782,-18.6988191863675));
#8502=CARTESIAN_POINT('Ctrl Pts',(-1.06283294793859,-12.34246783346,-19.2629421728728));
#8503=CARTESIAN_POINT('Ctrl Pts',(-1.05239081720347,-12.5249063708011,-19.7978408509065));
#8504=CARTESIAN_POINT('Ctrl Pts',(-1.04191427600906,-12.7073737988804,-20.3145120244508));
#8505=CARTESIAN_POINT('Ctrl Pts',(-1.58642152514057,1.97548094265994,-18.3922571398063));
#8506=CARTESIAN_POINT('Ctrl Pts',(-1.57431122948186,1.79164182778576,-18.0435150803541));
#8507=CARTESIAN_POINT('Ctrl Pts',(-1.56222320521027,1.60782141178483,-17.7065703586021));
#8508=CARTESIAN_POINT('Ctrl Pts',(-1.55013944443419,1.42400457537961,-17.3718840456289));
#8509=CARTESIAN_POINT('Ctrl Pts',(-1.526133440135,1.05650651112473,-16.7880684425701));
#8510=CARTESIAN_POINT('Ctrl Pts',(-1.50233043751156,0.689178885405157,-16.3117845037515));
#8511=CARTESIAN_POINT('Ctrl Pts',(-1.49043457044692,0.505519803012819,-16.076627041554));
#8512=CARTESIAN_POINT('Ctrl Pts',(-1.46652816169798,0.138105358361795,-15.5455680240237));
#8513=CARTESIAN_POINT('Ctrl Pts',(-1.44306249737127,-0.228939040901697,
-15.2479749670792));
#8514=CARTESIAN_POINT('Ctrl Pts',(-1.43159722421208,-0.41223660019679,-15.2409066528941));
#8515=CARTESIAN_POINT('Ctrl Pts',(-1.40860308348936,-0.778885112125204,
-15.1930835433166));
#8516=CARTESIAN_POINT('Ctrl Pts',(-1.38559415434045,-1.14554604029446,-15.1374268822536));
#8517=CARTESIAN_POINT('Ctrl Pts',(-1.37408467036818,-1.32888071862416,-15.1069397352445));
#8518=CARTESIAN_POINT('Ctrl Pts',(-1.33950200172411,-1.87893027353102,-14.986759246001));
#8519=CARTESIAN_POINT('Ctrl Pts',(-1.30486788881787,-2.42902302061677,-14.8393283062067));
#8520=CARTESIAN_POINT('Ctrl Pts',(-1.28185670298839,-2.79568584347645,-14.7824762628064));
#8521=CARTESIAN_POINT('Ctrl Pts',(-1.23572019828693,-3.52910731435846,-14.6083149607613));
#8522=CARTESIAN_POINT('Ctrl Pts',(-1.18952368854261,-4.26257916498033,-14.4023684919255));
#8523=CARTESIAN_POINT('Ctrl Pts',(-1.16643311456909,-4.62930864147202,-14.3034638929528));
#8524=CARTESIAN_POINT('Ctrl Pts',(-1.12026163095046,-5.36275948036484,-14.1107739695867));
#8525=CARTESIAN_POINT('Ctrl Pts',(-1.07409529459878,-6.09620599765471,-13.9208105960384));
#8526=CARTESIAN_POINT('Ctrl Pts',(-1.0510263670011,-6.4629173000275,-13.8333722611308));
#8527=CARTESIAN_POINT('Ctrl Pts',(-1.00482999459578,-7.19638903534068,-13.6274985418955));
#8528=CARTESIAN_POINT('Ctrl Pts',(-0.95862997507165,-7.92986383274477,-13.419692913707));
#8529=CARTESIAN_POINT('Ctrl Pts',(-0.935661580099418,-8.29649072875308,
-13.3855075408003));
#8530=CARTESIAN_POINT('Ctrl Pts',(-0.900941664179875,-8.84665551534225,
-13.1926260362079));
#8531=CARTESIAN_POINT('Ctrl Pts',(-0.866335565400262,-9.39672474199797,
-13.0600344106593));
#8532=CARTESIAN_POINT('Ctrl Pts',(-0.854848039164798,-9.58004098479265,
-13.0411784581874));
#8533=CARTESIAN_POINT('Ctrl Pts',(-0.832170165508659,-9.94642396149631,
-13.1608846258462));
#8534=CARTESIAN_POINT('Ctrl Pts',(-0.8101356292522,-10.3122667974168,-13.621371927472));
#8535=CARTESIAN_POINT('Ctrl Pts',(-0.799288913479053,-10.4950450210242,
-13.9419585693696));
#8536=CARTESIAN_POINT('Ctrl Pts',(-0.777859449578926,-10.8603798431769,
-14.7229576954666));
#8537=CARTESIAN_POINT('Ctrl Pts',(-0.756896211869392,-11.2253232256592,
-15.7509206853068));
#8538=CARTESIAN_POINT('Ctrl Pts',(-0.74651269665254,-11.4077125498938,-16.3168684874741));
#8539=CARTESIAN_POINT('Ctrl Pts',(-0.725852268814557,-11.7724016957015,
-17.5052323671972));
#8540=CARTESIAN_POINT('Ctrl Pts',(-0.705156427572171,-12.1371205743118,
-18.6748374741256));
#8541=CARTESIAN_POINT('Ctrl Pts',(-0.694734345993986,-12.3195422785458,
-19.220356356174));
#8542=CARTESIAN_POINT('Ctrl Pts',(-0.684272323177478,-12.5019975171146,
-19.7447180344049));
#8543=CARTESIAN_POINT('Ctrl Pts',(-0.673776509414777,-12.6844811262836,
-20.2511803693557));
#8544=CARTESIAN_POINT('Ctrl Pts',(-1.40205560589307,1.98667789002044,-18.2032489161238));
#8545=CARTESIAN_POINT('Ctrl Pts',(-1.38990586652178,1.80280565852999,-17.8336131963503));
#8546=CARTESIAN_POINT('Ctrl Pts',(-1.37778496853414,1.61895764202775,-17.4792549956947));
#8547=CARTESIAN_POINT('Ctrl Pts',(-1.36569291878237,1.4351338462668,-17.1401779438407));
#8548=CARTESIAN_POINT('Ctrl Pts',(-1.34155517141038,1.06752517161285,-16.4865769470444));
#8549=CARTESIAN_POINT('Ctrl Pts',(-1.31753118008614,0.700012005599846,-15.893233468254));
#8550=CARTESIAN_POINT('Ctrl Pts',(-1.30552561472968,0.516260821425026,-15.599967914878));
#8551=CARTESIAN_POINT('Ctrl Pts',(-1.28154406250837,0.148783286933374,-15.0291047794175));
#8552=CARTESIAN_POINT('Ctrl Pts',(-1.2580032387527,-0.218324215567762,-14.6916991522064));
#8553=CARTESIAN_POINT('Ctrl Pts',(-1.24643263986041,-0.401710205481057,
-14.6288389273098));
#8554=CARTESIAN_POINT('Ctrl Pts',(-1.22335757852601,-0.76842665768868,-14.5381515014006));
#8555=CARTESIAN_POINT('Ctrl Pts',(-1.20034052169113,-1.13509440979615,-14.478189537951));
#8556=CARTESIAN_POINT('Ctrl Pts',(-1.18882202992248,-1.31843665099751,-14.4429308868));
#8557=CARTESIAN_POINT('Ctrl Pts',(-1.15423728737826,-1.86848794713386,-14.3216518355203));
#8558=CARTESIAN_POINT('Ctrl Pts',(-1.11961819444709,-2.41856808357223,-14.182177100572));
#8559=CARTESIAN_POINT('Ctrl Pts',(-1.09658430525343,-2.78524996798953,-14.1132988976506));
#8560=CARTESIAN_POINT('Ctrl Pts',(-1.05043591175755,-3.51868142060542,-13.9328400030154));
#8561=CARTESIAN_POINT('Ctrl Pts',(-1.00424047141388,-4.25215237336732,-13.727460004533));
#8562=CARTESIAN_POINT('Ctrl Pts',(-0.981146304300602,-4.61888486662955,
-13.626652089761));
#8563=CARTESIAN_POINT('Ctrl Pts',(-0.934968456298221,-5.35234104900657,
-13.4305908997589));
#8564=CARTESIAN_POINT('Ctrl Pts',(-0.888806704697483,-6.0857837169773,-13.2430561066517));
#8565=CARTESIAN_POINT('Ctrl Pts',(-0.865737246470831,-6.4524954648618,-13.1553366931892));
#8566=CARTESIAN_POINT('Ctrl Pts',(-0.819556163460859,-7.18595436332455,
-12.9575618929483));
#8567=CARTESIAN_POINT('Ctrl Pts',(-0.773399981390984,-7.91939235516303,
-12.7729773263351));
#8568=CARTESIAN_POINT('Ctrl Pts',(-0.750426302556572,-8.28602368745851,
-12.7359930479949));
#8569=CARTESIAN_POINT('Ctrl Pts',(-0.715768035460107,-8.83613671420348,
-12.5757674341477));
#8570=CARTESIAN_POINT('Ctrl Pts',(-0.681357243769767,-9.38604196263533,
-12.546631586838));
#8571=CARTESIAN_POINT('Ctrl Pts',(-0.669948813541725,-9.56929179707352,
-12.5696734427514));
#8572=CARTESIAN_POINT('Ctrl Pts',(-0.647411625987921,-9.93555665488415,
-12.7639022007508));
#8573=CARTESIAN_POINT('Ctrl Pts',(-0.625490491201951,-10.3013042798639,
-13.2844591978832));
#8574=CARTESIAN_POINT('Ctrl Pts',(-0.61469730639468,-10.4840375593131,-13.6334016345214));
#8575=CARTESIAN_POINT('Ctrl Pts',(-0.593395998582402,-10.8492647826698,
-14.482286098801));
#8576=CARTESIAN_POINT('Ctrl Pts',(-0.572596167389858,-11.214070970386,-15.5968068702715));
#8577=CARTESIAN_POINT('Ctrl Pts',(-0.562306237324118,-11.3963817212983,
-16.2123274999047));
#8578=CARTESIAN_POINT('Ctrl Pts',(-0.541834520840897,-11.7609124266065,
-17.5006533428213));
#8579=CARTESIAN_POINT('Ctrl Pts',(-0.521190619673215,-12.1255876967579,
-18.6977715362964));
#8580=CARTESIAN_POINT('Ctrl Pts',(-0.510738530618223,-12.3080345950223,
-19.227395210049));
#8581=CARTESIAN_POINT('Ctrl Pts',(-0.500260710765553,-12.4905030966526,
-19.7433890677561));
#8582=CARTESIAN_POINT('Ctrl Pts',(-0.489751196146714,-12.6729982089475,
-20.2425939460544));
#8583=CARTESIAN_POINT('Ctrl Pts',(-1.03375741858209,2.00943587470456,-18.0549410824695));
#8584=CARTESIAN_POINT('Ctrl Pts',(-1.02156038911506,1.82552393883915,-17.6602554084105));
#8585=CARTESIAN_POINT('Ctrl Pts',(-1.00935406831901,1.6416042020504,-17.260648040636));
#8586=CARTESIAN_POINT('Ctrl Pts',(-0.997148769855543,1.45768532360366,-16.8615822108661));
#8587=CARTESIAN_POINT('Ctrl Pts',(-0.972736775919666,1.08984639379299,-16.0627105441601));
#8588=CARTESIAN_POINT('Ctrl Pts',(-0.948400549431803,0.722071077707759,
-15.3039735204352));
#8589=CARTESIAN_POINT('Ctrl Pts',(-0.93625952841543,0.538206166076299,-14.9389559852653));
#8590=CARTESIAN_POINT('Ctrl Pts',(-0.912118089338141,0.17059439189698,-14.2833994616797));
#8591=CARTESIAN_POINT('Ctrl Pts',(-0.888387482767318,-0.19667245069297,
-13.8454643098554));
#8592=CARTESIAN_POINT('Ctrl Pts',(-0.8766564255884,-0.380193160062392,-13.6976080053043));
#8593=CARTESIAN_POINT('Ctrl Pts',(-0.853351177611011,-0.747102875079969,
-13.4849888134787));
#8594=CARTESIAN_POINT('Ctrl Pts',(-0.830212496235304,-1.11387274215038,
-13.3606013262494));
#8595=CARTESIAN_POINT('Ctrl Pts',(-0.818650186227488,-1.29725177278452,
-13.3021317919156));
#8596=CARTESIAN_POINT('Ctrl Pts',(-0.783972999332806,-1.84738068443627,
-13.1318842046954));
#8597=CARTESIAN_POINT('Ctrl Pts',(-0.749320990911719,-2.39748845644893,
-12.9749738628868));
#8598=CARTESIAN_POINT('Ctrl Pts',(-0.726237182642051,-2.76421225251138,
-12.8796531131201));
#8599=CARTESIAN_POINT('Ctrl Pts',(-0.680038745305205,-3.49768572152406,
-12.6726855826051));
#8600=CARTESIAN_POINT('Ctrl Pts',(-0.633822661748685,-4.23117400615747,
-12.4563707037859));
#8601=CARTESIAN_POINT('Ctrl Pts',(-0.610717985844027,-4.59791532251441,
-12.3499961954263));
#8602=CARTESIAN_POINT('Ctrl Pts',(-0.564527352393596,-5.33138223944832,
-12.147162447998));
#8603=CARTESIAN_POINT('Ctrl Pts',(-0.518376157025893,-6.06481604449273,
-11.965219378712));
#8604=CARTESIAN_POINT('Ctrl Pts',(-0.495313152284441,-6.4315223740842,-11.8809184296601));
#8605=CARTESIAN_POINT('Ctrl Pts',(-0.449182787835203,-7.164938689661,-11.7100096699287));
#8606=CARTESIAN_POINT('Ctrl Pts',(-0.403143317426133,-7.89827869135016,
-11.5872482339705));
#8607=CARTESIAN_POINT('Ctrl Pts',(-0.38019791770023,-8.264886280739,-11.5652436329659));
#8608=CARTESIAN_POINT('Ctrl Pts',(-0.345734908792772,-8.81483537031635,
-11.5084478944817));
#8609=CARTESIAN_POINT('Ctrl Pts',(-0.311721635742197,-9.36440686537168,
-11.6898809537821));
#8610=CARTESIAN_POINT('Ctrl Pts',(-0.300463206371634,-9.54753076032513,
-11.7923795027678));
#8611=CARTESIAN_POINT('Ctrl Pts',(-0.278199282056616,-9.9135661885707,-12.1313580552485));
#8612=CARTESIAN_POINT('Ctrl Pts',(-0.25649690250007,-10.2791301484612,-12.7677915041151));
#8613=CARTESIAN_POINT('Ctrl Pts',(-0.245800033251927,-10.4617825621601,
-13.1677530878994));
#8614=CARTESIAN_POINT('Ctrl Pts',(-0.224699349310961,-10.8268413433665,
-14.1229096737739));
#8615=CARTESIAN_POINT('Ctrl Pts',(-0.204101275118455,-11.1914781375668,
-15.3443027944871));
#8616=CARTESIAN_POINT('Ctrl Pts',(-0.193914309918495,-11.3737024400258,
-16.0143647639168));
#8617=CARTESIAN_POINT('Ctrl Pts',(-0.173576123843601,-11.7381210343027,
-17.3734227669578));
#8618=CARTESIAN_POINT('Ctrl Pts',(-0.1530197427157,-12.1027228233493,-18.6169010483389));
#8619=CARTESIAN_POINT('Ctrl Pts',(-0.14261983288853,-12.2851259123638,-19.1741644900189));
#8620=CARTESIAN_POINT('Ctrl Pts',(-0.132160408597967,-12.4675789692316,
-19.6999026289025));
#8621=CARTESIAN_POINT('Ctrl Pts',(-0.121657366749723,-12.6500686470416,
-20.2025361872449));
#8622=CARTESIAN_POINT('Ctrl Pts',(-0.665882648475786,2.03254935698704,-18.1309208391568));
#8623=CARTESIAN_POINT('Ctrl Pts',(-0.653677870067946,1.84863091517473,-17.7321304871531));
#8624=CARTESIAN_POINT('Ctrl Pts',(-0.641408448678193,1.66465819964712,-17.2990982137404));
#8625=CARTESIAN_POINT('Ctrl Pts',(-0.62908191322766,1.48063753162439,-16.8358121506211));
#8626=CARTESIAN_POINT('Ctrl Pts',(-0.60447518972733,1.11263510847494,-15.9337906253459));
#8627=CARTESIAN_POINT('Ctrl Pts',(-0.579973565681089,0.744720925961678,
-15.0874411489206));
#8628=CARTESIAN_POINT('Ctrl Pts',(-0.567764287141168,0.560798705875523,
-14.686267039784));
#8629=CARTESIAN_POINT('Ctrl Pts',(-0.543486189956907,0.193072194674921,
-13.9583215882706));
#8630=CARTESIAN_POINT('Ctrl Pts',(-0.519552945304951,-0.174364781179297,
-13.4130473712716));
#8631=CARTESIAN_POINT('Ctrl Pts',(-0.50768907009014,-0.357997003477949,
-13.1948362561559));
#8632=CARTESIAN_POINT('Ctrl Pts',(-0.484117133446378,-0.725130628103726,
-12.8409498751593));
#8633=CARTESIAN_POINT('Ctrl Pts',(-0.4607615586835,-1.09208259707597,-12.6016721694107));
#8634=CARTESIAN_POINT('Ctrl Pts',(-0.449113916635565,-1.27553327178832,
-12.498001548665));
#8635=CARTESIAN_POINT('Ctrl Pts',(-0.414223259372213,-1.82584141140375,
-12.2146769440966));
#8636=CARTESIAN_POINT('Ctrl Pts',(-0.379451115764824,-2.37605004792956,
-11.9941300019011));
#8637=CARTESIAN_POINT('Ctrl Pts',(-0.356290491038003,-2.74283833845688,
-11.858118940349));
#8638=CARTESIAN_POINT('Ctrl Pts',(-0.309985791885583,-3.47640102401489,
-11.5948636485042));
#8639=CARTESIAN_POINT('Ctrl Pts',(-0.263716629781712,-4.20993387295957,
-11.3504326247739));
#8640=CARTESIAN_POINT('Ctrl Pts',(-0.240593357733919,-4.57669080248516,
-11.2342075858106));
#8641=CARTESIAN_POINT('Ctrl Pts',(-0.194382434471881,-5.31017475457782,
-11.0206261575982));
#8642=CARTESIAN_POINT('Ctrl Pts',(-0.148249962302632,-6.04359283977898,
-10.8486009211696));
#8643=CARTESIAN_POINT('Ctrl Pts',(-0.125206251257507,-6.41028297054189,
-10.7745200024095));
#8644=CARTESIAN_POINT('Ctrl Pts',(-0.0791579395076247,-7.14363039534798,
-10.6470752352034));
#8645=CARTESIAN_POINT('Ctrl Pts',(-0.0332886006343591,-7.87682755600065,
-10.6144338788859));
#8646=CARTESIAN_POINT('Ctrl Pts',(-0.0104314660721611,-8.24336103868488,
-10.6391840640833));
#8647=CARTESIAN_POINT('Ctrl Pts',(0.0237568849707043,-8.79307952778083,
-10.7278768648878));
#8648=CARTESIAN_POINT('Ctrl Pts',(0.0573810357446614,-9.34232431897698,
-11.1154312078931));
#8649=CARTESIAN_POINT('Ctrl Pts',(0.068503828145835,-9.52533433424786,-11.2897777797962));
#8650=CARTESIAN_POINT('Ctrl Pts',(0.0905180164574398,-9.89116008620145,
-11.7610435558649));
#8651=CARTESIAN_POINT('Ctrl Pts',(0.112028691836664,-10.2565630928432,-12.4990242907557));
#8652=CARTESIAN_POINT('Ctrl Pts',(0.122648311923511,-10.4391506487825,-12.9399053932824));
#8653=CARTESIAN_POINT('Ctrl Pts',(0.143623621238402,-10.8041041664852,-13.9614739540652));
#8654=CARTESIAN_POINT('Ctrl Pts',(0.164165201361243,-11.1686935287299,-15.2127924500673));
#8655=CARTESIAN_POINT('Ctrl Pts',(0.174346898738963,-11.3509134083687,-15.8856448284429));
#8656=CARTESIAN_POINT('Ctrl Pts',(0.194701928233407,-11.7153461442419,-17.2357807330394));
#8657=CARTESIAN_POINT('Ctrl Pts',(0.215225916933114,-12.0799207368726,-18.4964175511634));
#8658=CARTESIAN_POINT('Ctrl Pts',(0.225578281563615,-12.2622839073314,-19.0788660761968));
#8659=CARTESIAN_POINT('Ctrl Pts',(0.236004722991207,-12.4447092720591,-19.6220755100048));
#8660=CARTESIAN_POINT('Ctrl Pts',(0.246483794015089,-12.6271788241624,-20.1374066119869));
#8661=CARTESIAN_POINT('Ctrl Pts',(-0.481914241908057,2.0440800527201,-18.1524783650196));
#8662=CARTESIAN_POINT('Ctrl Pts',(-0.469706562332544,1.8601591751113,-17.752151240539));
#8663=CARTESIAN_POINT('Ctrl Pts',(-0.457433769908098,1.67618362929072,-17.3173333022077));
#8664=CARTESIAN_POINT('Ctrl Pts',(-0.445098319967032,1.49215547673515,-16.8493251598298));
#8665=CARTESIAN_POINT('Ctrl Pts',(-0.420446408882325,1.12411511446195,-15.923367397902));
#8666=CARTESIAN_POINT('Ctrl Pts',(-0.39588339664105,0.756149390925652,-15.0445000875601));
#8667=CARTESIAN_POINT('Ctrl Pts',(-0.383643212222853,0.572201222518586,
-14.6269548794471));
#8668=CARTESIAN_POINT('Ctrl Pts',(-0.359295135535684,0.204415957103593,
-13.8619407072778));
#8669=CARTESIAN_POINT('Ctrl Pts',(-0.335265553800393,-0.163101902572489,
-13.2656359415843));
#8670=CARTESIAN_POINT('Ctrl Pts',(-0.32334387280973,-0.346782658124529,
-13.0168046295763));
#8671=CARTESIAN_POINT('Ctrl Pts',(-0.299652089314549,-0.714016905179862,
-12.5994343815632));
#8672=CARTESIAN_POINT('Ctrl Pts',(-0.276185688856602,-1.08106192249308,
-12.3014513898203));
#8673=CARTESIAN_POINT('Ctrl Pts',(-0.264489533883943,-1.26455332825754,
-12.1720830721775));
#8674=CARTESIAN_POINT('Ctrl Pts',(-0.229473026572311,-1.81496713053718,
-11.8220946576326));
#8675=CARTESIAN_POINT('Ctrl Pts',(-0.194621799189288,-2.36524216514979,
-11.559656386328));
#8676=CARTESIAN_POINT('Ctrl Pts',(-0.171417461013007,-2.7320671571293,-11.4004899495709));
#8677=CARTESIAN_POINT('Ctrl Pts',(-0.125046676886468,-3.46568532708739,
-11.1022289011342));
#8678=CARTESIAN_POINT('Ctrl Pts',(-0.0787434478261884,-4.19924677836815,
-10.8397523292356));
#8679=CARTESIAN_POINT('Ctrl Pts',(-0.0556087701529895,-4.5660132839629,
-10.7174856362933));
#8680=CARTESIAN_POINT('Ctrl Pts',(-0.00938535813078289,-5.29950772151576,
-10.4972888086751));
#8681=CARTESIAN_POINT('Ctrl Pts',(0.0367352370503554,-6.03291583489551,
-10.3315549109401));
#8682=CARTESIAN_POINT('Ctrl Pts',(0.059766179509278,-6.39959524525858,-10.2642376177519));
#8683=CARTESIAN_POINT('Ctrl Pts',(0.105767650634435,-7.13290334306188,-10.1616047163202));
#8684=CARTESIAN_POINT('Ctrl Pts',(0.151541284990931,-7.86602015099035,-10.1796588329653));
#8685=CARTESIAN_POINT('Ctrl Pts',(0.174341122263308,-8.23250552734187,-10.2347598657982));
#8686=CARTESIAN_POINT('Ctrl Pts',(0.208386694319675,-8.78210414037649,-10.3990838749705));
#8687=CARTESIAN_POINT('Ctrl Pts',(0.241830611593825,-9.33119760901037,-10.8821093913807));
#8688=CARTESIAN_POINT('Ctrl Pts',(0.252891970825637,-9.51415604549813,-11.0889976204733));
#8689=CARTESIAN_POINT('Ctrl Pts',(0.274791716273898,-9.87988571216604,-11.6208847264466));
#8690=CARTESIAN_POINT('Ctrl Pts',(0.29621254128511,-10.2452132811788,-12.4064599433506));
#8691=CARTESIAN_POINT('Ctrl Pts',(0.30679509427572,-10.4277697158892,-12.8669757928921));
#8692=CARTESIAN_POINT('Ctrl Pts',(0.327713755091321,-10.7926756719784,-13.9185515316108));
#8693=CARTESIAN_POINT('Ctrl Pts',(0.348241623900598,-11.1572535223171,-15.1771330236508));
#8694=CARTESIAN_POINT('Ctrl Pts',(0.358431285508723,-11.3394800886582,-15.8457666834088));
#8695=CARTESIAN_POINT('Ctrl Pts',(0.378793536328567,-11.7039188874968,-17.1920773922969));
#8696=CARTESIAN_POINT('Ctrl Pts',(0.399316747532925,-12.0684928273488,-18.4531260561295));
#8697=CARTESIAN_POINT('Ctrl Pts',(0.409671648768989,-12.2508581275207,-19.0342309202416));
#8698=CARTESIAN_POINT('Ctrl Pts',(0.420091518147514,-12.4332779744101,-19.5809216227191));
#8699=CARTESIAN_POINT('Ctrl Pts',(0.430562668285928,-12.6157408762032,-20.1004484831534));
#8700=CARTESIAN_POINT('Ctrl Pts',(-0.113938472251196,2.06710873661164,-18.1749578256189));
#8701=CARTESIAN_POINT('Ctrl Pts',(-0.101735611086557,1.88319190450093,-17.7771830531737));
#8702=CARTESIAN_POINT('Ctrl Pts',(-0.0894784527042292,1.69922948489337,
-17.3506465960734));
#8703=CARTESIAN_POINT('Ctrl Pts',(-0.0771659754063103,1.51522061997981,
-16.8948072525036));
#8704=CARTESIAN_POINT('Ctrl Pts',(-0.0524975090047952,1.14716635799895,
-15.9600800025304));
#8705=CARTESIAN_POINT('Ctrl Pts',(-0.0278500066032056,0.779129697219795,
-15.0364575564617));
#8706=CARTESIAN_POINT('Ctrl Pts',(-0.0155580675340217,0.595138076033939,
-14.591497482276));
#8707=CARTESIAN_POINT('Ctrl Pts',(0.008913243151637,0.227249344368605,-13.7612052433127));
#8708=CARTESIAN_POINT('Ctrl Pts',(0.0331195204246487,-0.140416867425927,
-13.0713033919491));
#8709=CARTESIAN_POINT('Ctrl Pts',(0.0451458739121918,-0.324185505144407,
-12.7670261938501));
#8710=CARTESIAN_POINT('Ctrl Pts',(0.0690585107321995,-0.691605178832618,
-12.2326681156357));
#8711=CARTESIAN_POINT('Ctrl Pts',(0.0927380660552196,-1.0588291592153,-11.8217752314089));
#8712=CARTESIAN_POINT('Ctrl Pts',(0.104531354305459,-1.24240211727976,-11.6409546144022));
#8713=CARTESIAN_POINT('Ctrl Pts',(0.139808741418874,-1.79303495209273,-11.1527760142329));
#8714=CARTESIAN_POINT('Ctrl Pts',(0.174840687067999,-2.3434617162734,-10.7946097848129));
#8715=CARTESIAN_POINT('Ctrl Pts',(0.198142045547045,-2.71036816570019,-10.5840508923856));
#8716=CARTESIAN_POINT('Ctrl Pts',(0.2446637417097,-3.4441130401611,-10.2058504920291));
#8717=CARTESIAN_POINT('Ctrl Pts',(0.29104722013207,-4.17774186814544,-9.9008651702479));
#8718=CARTESIAN_POINT('Ctrl Pts',(0.314208505539786,-4.54453071337499,-9.76450414057722));
#8719=CARTESIAN_POINT('Ctrl Pts',(0.360460619824958,-5.27804924911148,-9.52910348721256));
#8720=CARTESIAN_POINT('Ctrl Pts',(0.40655372018334,-6.01143427806445,-9.37793382417324));
#8721=CARTESIAN_POINT('Ctrl Pts',(0.429555257781773,-6.3780890003488,-9.32619252844174));
#8722=CARTESIAN_POINT('Ctrl Pts',(0.475454093323513,-7.11131092616142,-9.27792654321738));
#8723=CARTESIAN_POINT('Ctrl Pts',(0.521023994415592,-7.84425668131877,-9.40389985266772));
#8724=CARTESIAN_POINT('Ctrl Pts',(0.543698470424325,-8.21063680538563,-9.52540578221878));
#8725=CARTESIAN_POINT('Ctrl Pts',(0.577464192326378,-8.76000045853515,-9.83796872942828));
#8726=CARTESIAN_POINT('Ctrl Pts',(0.610578083333995,-9.30881683983329,-10.4958118849249));
#8727=CARTESIAN_POINT('Ctrl Pts',(0.621528815062551,-9.4916823943803,-10.7613004161699));
#8728=CARTESIAN_POINT('Ctrl Pts',(0.643223296906675,-9.85723972341646,-11.4019173485352));
#8729=CARTESIAN_POINT('Ctrl Pts',(0.664485453105986,-10.2224340754013,-12.2715407455578));
#8730=CARTESIAN_POINT('Ctrl Pts',(0.675003672906825,-10.4049364964953,-12.7661344170517));
#8731=CARTESIAN_POINT('Ctrl Pts',(0.695828745625996,-10.7697638767895,-13.8672845433987));
#8732=CARTESIAN_POINT('Ctrl Pts',(0.716347560384707,-11.1343341254219,-15.1306620408009));
#8733=CARTESIAN_POINT('Ctrl Pts',(0.726559215566194,-11.316579157386,-15.787645523103));
#8734=CARTESIAN_POINT('Ctrl Pts',(0.746978867888519,-11.6810661500534,-17.1035501820463));
#8735=CARTESIAN_POINT('Ctrl Pts',(0.767529577560813,-12.0456631773926,-18.3500326803008));
#8736=CARTESIAN_POINT('Ctrl Pts',(0.777875674744929,-12.2280210857551,-18.9358011234438));
#8737=CARTESIAN_POINT('Ctrl Pts',(0.788280269501732,-12.4104281081978,-19.4905829192002));
#8738=CARTESIAN_POINT('Ctrl Pts',(0.798734603630532,-12.5928768914077,-20.0190173588116));
#8739=CARTESIAN_POINT('Ctrl Pts',(0.254025679679339,2.09014717465052,-18.2035912918022));
#8740=CARTESIAN_POINT('Ctrl Pts',(0.266210776378497,1.90624525743875,-17.8152265034399));
#8741=CARTESIAN_POINT('Ctrl Pts',(0.278439170592915,1.72230698798971,-17.4039266636473));
#8742=CARTESIAN_POINT('Ctrl Pts',(0.29071148334694,1.53833184489646,-16.9693628106981));
#8743=CARTESIAN_POINT('Ctrl Pts',(0.315337928068296,1.17031286397222,-16.0568947917637));
#8744=CARTESIAN_POINT('Ctrl Pts',(0.340015471372543,0.802250981098575,-15.1173594314493));
#8745=CARTESIAN_POINT('Ctrl Pts',(0.352338444254521,0.61823330417905,-14.6559604903173));
#8746=CARTESIAN_POINT('Ctrl Pts',(0.376895869395458,0.250272271526186,-13.7800527131683));
#8747=CARTESIAN_POINT('Ctrl Pts',(0.401237793519402,-0.117507828247385,
-13.0182976045533));
#8748=CARTESIAN_POINT('Ctrl Pts',(0.413343788762621,-0.30134333252811,-12.671833510706));
#8749=CARTESIAN_POINT('Ctrl Pts',(0.437431006970004,-0.668909583311547,
-12.044998229725));
#8750=CARTESIAN_POINT('Ctrl Pts',(0.46129600157178,-1.03628925698565,-11.5358766279863));
#8751=CARTESIAN_POINT('Ctrl Pts',(0.473179833907235,-1.21993823511846,-11.3070940612335));
#8752=CARTESIAN_POINT('Ctrl Pts',(0.508713344823911,-1.77078610936756,-10.6832445671379));
#8753=CARTESIAN_POINT('Ctrl Pts',(0.543949460445625,-2.32138429297595,-10.2169278169873));
#8754=CARTESIAN_POINT('Ctrl Pts',(0.567359777340793,-2.68838222299168,-9.94865275164747));
#8755=CARTESIAN_POINT('Ctrl Pts',(0.61405760534311,-3.42227497629479,-9.47715386113894));
#8756=CARTESIAN_POINT('Ctrl Pts',(0.660539700477395,-4.15598660205838,-9.11993045257653));
#8757=CARTESIAN_POINT('Ctrl Pts',(0.683733612807356,-4.52280284058318,-8.96628667272504));
#8758=CARTESIAN_POINT('Ctrl Pts',(0.730020561757942,-5.2563506232179,-8.71243380938985));
#8759=CARTESIAN_POINT('Ctrl Pts',(0.776081399675346,-5.9897085648911,-8.57835382779222));
#8760=CARTESIAN_POINT('Ctrl Pts',(0.79904853388838,-6.35633440237636,-8.54483628944725));
#8761=CARTESIAN_POINT('Ctrl Pts',(0.844834055028024,-7.08946119035009,-8.55659387888396));
#8762=CARTESIAN_POINT('Ctrl Pts',(0.890191487045824,-7.82222855822227,-8.79511381177142));
#8763=CARTESIAN_POINT('Ctrl Pts',(0.912732950676792,-8.18849700619207,-8.98707749638125));
#8764=CARTESIAN_POINT('Ctrl Pts',(0.946244934492338,-8.7376476229336,-9.43404760364828));
#8765=CARTESIAN_POINT('Ctrl Pts',(0.979095614015467,-9.28624301403682,-10.2313160563545));
#8766=CARTESIAN_POINT('Ctrl Pts',(0.989961352311298,-9.4690372087976,-10.5418263108795));
#8767=CARTESIAN_POINT('Ctrl Pts',(1.01150179987139,-9.8344652119173,-11.2640364756731));
#8768=CARTESIAN_POINT('Ctrl Pts',(1.0326550804986,-10.1995681528683,-12.1913321624462));
#8769=CARTESIAN_POINT('Ctrl Pts',(1.04313334078701,-10.3820370242848,-12.7070927177013));
#8770=CARTESIAN_POINT('Ctrl Pts',(1.06391297070698,-10.7468262511789,-13.8323142701011));
#8771=CARTESIAN_POINT('Ctrl Pts',(1.08445099692681,-11.1114126295959,-15.0855152978804));
#8772=CARTESIAN_POINT('Ctrl Pts',(1.09468761799179,-11.2936786227102,-15.7292741455006));
#8773=CARTESIAN_POINT('Ctrl Pts',(1.11516939465931,-11.6582177744663,-17.0122710257054));
#8774=CARTESIAN_POINT('Ctrl Pts',(1.13575180401819,-12.0228414166013,-18.2419619381676));
#8775=CARTESIAN_POINT('Ctrl Pts',(1.1460891640742,-12.205191989343,-18.8323585102302));
#8776=CARTESIAN_POINT('Ctrl Pts',(1.15648110183604,-12.387588385077,-19.3938448207525));
#8777=CARTESIAN_POINT('Ctrl Pts',(1.16692087810614,-12.5700249456286,-19.9299906783508));
#8778=CARTESIAN_POINT('Ctrl Pts',(0.438000392787353,2.10167257546428,-18.2218081911906));
#8779=CARTESIAN_POINT('Ctrl Pts',(0.450176708621728,1.91777803059427,-17.838094699425));
#8780=CARTESIAN_POINT('Ctrl Pts',(0.462393202276707,1.73384975275694,-17.4330986842545));
#8781=CARTESIAN_POINT('Ctrl Pts',(0.474650409804187,1.54988729188752,-17.0065361945662));
#8782=CARTESIAN_POINT('Ctrl Pts',(0.499257045398062,1.1818849425436,-16.1045612340662));
#8783=CARTESIAN_POINT('Ctrl Pts',(0.523939971188507,0.813818540578858,-15.1621747263558));
#8784=CARTESIAN_POINT('Ctrl Pts',(0.536272094046155,0.62979318141512,-14.6959289675414));
#8785=CARTESIAN_POINT('Ctrl Pts',(0.560860325533206,0.26180628400774,-13.8037028144237));
#8786=CARTESIAN_POINT('Ctrl Pts',(0.585257595958656,-0.106020284064818,
-13.0126303127949));
#8787=CARTESIAN_POINT('Ctrl Pts',(0.597397122670811,-0.289883941090752,
-12.648404322915));
#8788=CARTESIAN_POINT('Ctrl Pts',(0.621559344819525,-0.657513164565697,
-11.9818388347484));
#8789=CARTESIAN_POINT('Ctrl Pts',(0.645507358983506,-1.02496254078059,-11.4287410852484));
#8790=CARTESIAN_POINT('Ctrl Pts',(0.657432742505472,-1.20864640494744,-11.1779485118259));
#8791=CARTESIAN_POINT('Ctrl Pts',(0.693086618294383,-1.75959533655211,-10.4903407508091));
#8792=CARTESIAN_POINT('Ctrl Pts',(0.728425067616766,-2.3102794386929,-9.96981699423425));
#8793=CARTESIAN_POINT('Ctrl Pts',(0.751891203698718,-2.67732423403821,-9.67197404464));
#8794=CARTESIAN_POINT('Ctrl Pts',(0.798680255821142,-3.41129357836136,-9.15215298428535));
#8795=CARTESIAN_POINT('Ctrl Pts',(0.845214753286443,-4.14504920069056,-8.76717162819003));
#8796=CARTESIAN_POINT('Ctrl Pts',(0.868426099344232,-4.51188007642968,-8.60429305872274));
#8797=CARTESIAN_POINT('Ctrl Pts',(0.914731634972799,-5.24544346428618,-8.3405946785515));
#8798=CARTESIAN_POINT('Ctrl Pts',(0.96077584597502,-5.97878744613831,-8.21532211125028));
#8799=CARTESIAN_POINT('Ctrl Pts',(0.983725282757285,-6.34539842500643,-8.19117904814322));
#8800=CARTESIAN_POINT('Ctrl Pts',(1.02945322596467,-7.07847687102237,-8.23343614383433));
#8801=CARTESIAN_POINT('Ctrl Pts',(1.07470620502715,-7.8111565410534,-8.52728566984123));
#8802=CARTESIAN_POINT('Ctrl Pts',(1.09718317507095,-8.1773708407385,-8.75341214022693));
#8803=CARTESIAN_POINT('Ctrl Pts',(1.13057868102057,-8.72642366362295,-9.26208153506774));
#8804=CARTESIAN_POINT('Ctrl Pts',(1.16331545430271,-9.27492341998421,-10.1196870643855));
#8805=CARTESIAN_POINT('Ctrl Pts',(1.17414520464005,-9.45768739955138,-10.4492604377533));
#8806=CARTESIAN_POINT('Ctrl Pts',(1.19562227814998,-9.82306219434042,-11.2050403603282));
#8807=CARTESIAN_POINT('Ctrl Pts',(1.21673562760367,-10.188131609407,-12.153487919509));
#8808=CARTESIAN_POINT('Ctrl Pts',(1.22720130976844,-10.3705899203344,-12.675911210744));
#8809=CARTESIAN_POINT('Ctrl Pts',(1.24797265529366,-10.7353721917189,-13.8055210754624));
#8810=CARTESIAN_POINT('Ctrl Pts',(1.26852448356577,-11.0999701582254,-15.0514110421566));
#8811=CARTESIAN_POINT('Ctrl Pts',(1.27877061322775,-11.2822441346794,-15.690133107409));
#8812=CARTESIAN_POINT('Ctrl Pts',(1.29926614737063,-11.6467948370985,-16.965842539293));
#8813=CARTESIAN_POINT('Ctrl Pts',(1.3198513475675,-12.0114208223982,-18.1940551218221));
#8814=CARTESIAN_POINT('Ctrl Pts',(1.33018879079908,-12.1937714649733,-18.7844076351033));
#8815=CARTESIAN_POINT('Ctrl Pts',(1.34057732024522,-12.3761649991135,-19.3476993586024));
#8816=CARTESIAN_POINT('Ctrl Pts',(1.35101208083492,-12.5585973485412,-19.8865020635327));
#8817=CARTESIAN_POINT('Ctrl Pts',(1.357904765732,2.15927371388989,-18.2965737514938));
#8818=CARTESIAN_POINT('Ctrl Pts',(1.37005563608711,1.97540053283475,-17.9263389402503));
#8819=CARTESIAN_POINT('Ctrl Pts',(1.38223391271244,1.7915043417008,-17.5415868013236));
#8820=CARTESIAN_POINT('Ctrl Pts',(1.39444272631393,1.60758251197314,-17.1406589739179));
#8821=CARTESIAN_POINT('Ctrl Pts',(1.41895511984287,1.23965928749089,-16.2886048135575));
#8822=CARTESIAN_POINT('Ctrl Pts',(1.44359975296904,0.871625035731761,-15.3665022463839));
#8823=CARTESIAN_POINT('Ctrl Pts',(1.45594377201916,0.687589688622777,-14.893954976162));
#8824=CARTESIAN_POINT('Ctrl Pts',(1.48062363614732,0.31952585720448,-13.9531902562519));
#8825=CARTESIAN_POINT('Ctrl Pts',(1.5052377243408,-0.0484827492806938,-13.0472675921895));
#8826=CARTESIAN_POINT('Ctrl Pts',(1.51751483214361,-0.232461918257414,-12.610163762299));
#8827=CARTESIAN_POINT('Ctrl Pts',(1.54199433623079,-0.600357529035209,-11.7755314108756));
#8828=CARTESIAN_POINT('Ctrl Pts',(1.56630988648818,-0.96811548552759,-11.0277467572011));
#8829=CARTESIAN_POINT('Ctrl Pts',(1.57842305536805,-1.15195701273459,-10.6774827287725));
#8830=CARTESIAN_POINT('Ctrl Pts',(1.61463105754465,-1.70337118429133,-9.69634964363463));
#8831=CARTESIAN_POINT('Ctrl Pts',(1.65046480420317,-2.25447113399695,-8.91346279742565));
#8832=CARTESIAN_POINT('Ctrl Pts',(1.67420762213023,-2.62174822914104,-8.4690591893454));
#8833=CARTESIAN_POINT('Ctrl Pts',(1.72145435150187,-3.35610183551382,-7.70680271010931));
#8834=CARTESIAN_POINT('Ctrl Pts',(1.76825858682433,-4.09008392752671,-7.1789389832919));
#8835=CARTESIAN_POINT('Ctrl Pts',(1.79156032482133,-4.45699069559364,-6.96817905707259));
#8836=CARTESIAN_POINT('Ctrl Pts',(1.83796273249649,-5.19063541642276,-6.65316675374823));
#8837=CARTESIAN_POINT('Ctrl Pts',(1.8839250086996,-5.92391060649225,-6.57129572624307));
#8838=CARTESIAN_POINT('Ctrl Pts',(1.90678651275796,-6.29044775776949,-6.59373135322465));
#8839=CARTESIAN_POINT('Ctrl Pts',(1.95223092291333,-7.02328815176974,-6.7861782482881));
#8840=CARTESIAN_POINT('Ctrl Pts',(1.99698492320926,-7.75554888333728,-7.34434094802139));
#8841=CARTESIAN_POINT('Ctrl Pts',(2.01915818487824,-8.12150819197181,-7.73134425289493));
#8842=CARTESIAN_POINT('Ctrl Pts',(2.05202685685127,-8.67011868938779,-8.51908195629101));
#8843=CARTESIAN_POINT('Ctrl Pts',(2.08427442268649,-9.21820771120508,-9.63582471062142));
#8844=CARTESIAN_POINT('Ctrl Pts',(2.0949528424726,-9.40084463488758,-10.0455591268249));
#8845=CARTESIAN_POINT('Ctrl Pts',(2.11617089603514,-9.76600195866174,-10.9385440547872));
#8846=CARTESIAN_POINT('Ctrl Pts',(2.13713723213389,-10.1309479425261,-11.9648658022721));
#8847=CARTESIAN_POINT('Ctrl Pts',(2.14756371056084,-10.3133733383181,-12.5080556372142));
#8848=CARTESIAN_POINT('Ctrl Pts',(2.16832796897767,-10.6781496594247,-13.641419601781));
#8849=CARTESIAN_POINT('Ctrl Pts',(2.18894728099187,-11.0428042847253,-14.8515628729376));
#8850=CARTESIAN_POINT('Ctrl Pts',(2.1992273308265,-11.225106740277,-15.4723171425929));
#8851=CARTESIAN_POINT('Ctrl Pts',(2.21975593217065,-11.589685205646,-16.7305106048579));
#8852=CARTESIAN_POINT('Ctrl Pts',(2.24033362164322,-11.9543048850034,-17.9627016800827));
#8853=CARTESIAN_POINT('Ctrl Pts',(2.25066645664401,-12.1366516585459,-18.5554952112716));
#8854=CARTESIAN_POINT('Ctrl Pts',(2.26104188164463,-12.3190341903016,-19.1257284677892));
#8855=CARTESIAN_POINT('Ctrl Pts',(2.27145715601871,-12.501450179263,-19.6748531820731));
#8856=CARTESIAN_POINT('Ctrl Pts',(2.27778923237631,2.21689156548137,-18.3818838434952));
#8857=CARTESIAN_POINT('Ctrl Pts',(2.28994630728934,2.03301317513048,-18.0083624266755));
#8858=CARTESIAN_POINT('Ctrl Pts',(2.30214527751484,1.84909960982024,-17.6126487168261));
#8859=CARTESIAN_POINT('Ctrl Pts',(2.31439192741302,1.66514601304945,-17.1916786905771));
#8860=CARTESIAN_POINT('Ctrl Pts',(2.3388779842555,1.29724490063228,-16.3535752905557));
#8861=CARTESIAN_POINT('Ctrl Pts',(2.36338711383883,0.92932441653188,-15.5032500691435));
#8862=CARTESIAN_POINT('Ctrl Pts',(2.37565647126781,0.745351754705198,-15.0702516762769));
#8863=CARTESIAN_POINT('Ctrl Pts',(2.40023222108541,0.377375336804704,-14.1846371665543));
#8864=CARTESIAN_POINT('Ctrl Pts',(2.42482733671827,0.00938265952518169,
-13.2887644245444));
#8865=CARTESIAN_POINT('Ctrl Pts',(2.43711869588645,-0.174608474780538,-12.8441115287212));
#8866=CARTESIAN_POINT('Ctrl Pts',(2.46166873085933,-0.542563302709159,-11.9721183846266));
#8867=CARTESIAN_POINT('Ctrl Pts',(2.48613040636453,-0.910443944756323,-11.1469299803278));
#8868=CARTESIAN_POINT('Ctrl Pts',(2.49833311257345,-1.09436064676749,-10.7492372892047));
#8869=CARTESIAN_POINT('Ctrl Pts',(2.53484556808918,-1.6460304348407,-9.60683275583796));
#8870=CARTESIAN_POINT('Ctrl Pts',(2.57104945248058,-2.1974411491389,-8.62788089553397));
#8871=CARTESIAN_POINT('Ctrl Pts',(2.59502917441492,-2.56491714693667,-8.05798727820044));
#8872=CARTESIAN_POINT('Ctrl Pts',(2.64269302792628,-3.29962096730231,-7.07477669709879));
#8873=CARTESIAN_POINT('Ctrl Pts',(2.68977523220627,-4.03383643976296,-6.39967051772337));
#8874=CARTESIAN_POINT('Ctrl Pts',(2.71317394094702,-4.40082462366783,-6.13754438765287));
#8875=CARTESIAN_POINT('Ctrl Pts',(2.75968464024654,-5.13456026525301,-5.76516911651894));
#8876=CARTESIAN_POINT('Ctrl Pts',(2.80558345792484,-5.86778217606764,-5.71691259371013));
#8877=CARTESIAN_POINT('Ctrl Pts',(2.82837083821705,-6.23425709364119,-5.77861219181547));
#8878=CARTESIAN_POINT('Ctrl Pts',(2.87358425492367,-6.96690354744402,-6.09341822446749));
#8879=CARTESIAN_POINT('Ctrl Pts',(2.91799236837312,-7.69887387526351,-6.83480004348042));
#8880=CARTESIAN_POINT('Ctrl Pts',(2.93997464024056,-8.0646728304334,-7.32297222362253));
#8881=CARTESIAN_POINT('Ctrl Pts',(2.97259118391164,-8.61307164300326,-8.24426437089493));
#8882=CARTESIAN_POINT('Ctrl Pts',(3.00469337656094,-9.16103861069073,-9.43801250245965));
#8883=CARTESIAN_POINT('Ctrl Pts',(3.01533798930584,-9.34364715025983,-9.86565478760409));
#8884=CARTESIAN_POINT('Ctrl Pts',(3.03652187804775,-9.70877578953191,-10.7767371032272));
#8885=CARTESIAN_POINT('Ctrl Pts',(3.05751150433608,-10.0737413276477,-11.7907218449353));
#8886=CARTESIAN_POINT('Ctrl Pts',(3.06796241016459,-10.2561872324849,-12.3209722835243));
#8887=CARTESIAN_POINT('Ctrl Pts',(3.08877726451488,-10.6210060335206,-13.4275351642611));
#8888=CARTESIAN_POINT('Ctrl Pts',(3.10942652189162,-10.985685800701,-14.6218161295575));
#8889=CARTESIAN_POINT('Ctrl Pts',(3.11970938585862,-11.167990618975,-15.2410797300548));
#8890=CARTESIAN_POINT('Ctrl Pts',(3.14023809696506,-11.5325691764995,-16.4992150503264));
#8891=CARTESIAN_POINT('Ctrl Pts',(3.16080534404147,-11.8971800885071,-17.7369375490388));
#8892=CARTESIAN_POINT('Ctrl Pts',(3.17112026733926,-12.0795118235313,-18.3392190572391));
#8893=CARTESIAN_POINT('Ctrl Pts',(3.18148459440187,-12.2618850375496,-18.9153309831867));
#8894=CARTESIAN_POINT('Ctrl Pts',(3.19188936703638,-12.444292209337,-19.4700185556547));
#8895=CARTESIAN_POINT('Ctrl Pts',(3.01368661662906,2.26299440140767,-18.4555291477529));
#8896=CARTESIAN_POINT('Ctrl Pts',(3.02581693678397,2.07913847413138,-18.0961799472758));
#8897=CARTESIAN_POINT('Ctrl Pts',(3.03797343295054,1.89526056969125,-17.7229650972393));
#8898=CARTESIAN_POINT('Ctrl Pts',(3.05015815234424,1.71135896926204,-17.3348001706949));
#8899=CARTESIAN_POINT('Ctrl Pts',(3.07458906577603,1.34350415479841,-16.5259066907498));
#8900=CARTESIAN_POINT('Ctrl Pts',(3.09912204840531,0.975563643877062,-15.6629463139029));
#8901=CARTESIAN_POINT('Ctrl Pts',(3.1114113937115,0.791574200393268,-15.2193601773964));
#8902=CARTESIAN_POINT('Ctrl Pts',(3.13601473317738,0.423574618451271,-14.3191312031189));
#8903=CARTESIAN_POINT('Ctrl Pts',(3.16063245140374,0.0555629642203737,-13.4112856806558));
#8904=CARTESIAN_POINT('Ctrl Pts',(3.17293624386215,-0.128438608973449,-12.9600467683028));
#8905=CARTESIAN_POINT('Ctrl Pts',(3.19751912995087,-0.496421018428418,-12.0706521168272));
#8906=CARTESIAN_POINT('Ctrl Pts',(3.22202987598974,-0.86434285969157,-11.2194706455687));
#8907=CARTESIAN_POINT('Ctrl Pts',(3.23426151017387,-1.04828384939251,-10.8064545670607));
#8908=CARTESIAN_POINT('Ctrl Pts',(3.27087287682289,-1.60003668243873,-9.61165598948105));
#8909=CARTESIAN_POINT('Ctrl Pts',(3.30720754541565,-2.15155720207543,-8.56342665756102));
#8910=CARTESIAN_POINT('Ctrl Pts',(3.33128454303302,-2.51911487173565,-7.94200530752278));
#8911=CARTESIAN_POINT('Ctrl Pts',(3.37913627498697,-3.25397643329457,-6.85927396368509));
#8912=CARTESIAN_POINT('Ctrl Pts',(3.42636539441007,-3.98831525449958,-6.1063456196221));
#8913=CARTESIAN_POINT('Ctrl Pts',(3.44982013947566,-4.35535048604135,-5.81453658547613));
#8914=CARTESIAN_POINT('Ctrl Pts',(3.49640252062198,-5.08914631111484,-5.4041908480678));
#8915=CARTESIAN_POINT('Ctrl Pts',(3.54229470935515,-5.82236265632171,-5.35944573224473));
#8916=CARTESIAN_POINT('Ctrl Pts',(3.56505967939005,-6.18881875842777,-5.43301622874036));
#8917=CARTESIAN_POINT('Ctrl Pts',(3.61019914931023,-6.92140312711762,-5.786992484898));
#8918=CARTESIAN_POINT('Ctrl Pts',(3.65450429072294,-7.653287000463,-6.58291944222386));
#8919=CARTESIAN_POINT('Ctrl Pts',(3.67643527597516,-8.01904289581308,-7.09825856602577));
#8920=CARTESIAN_POINT('Ctrl Pts',(3.70898221797255,-8.56738327139085,-8.05641929470022));
#8921=CARTESIAN_POINT('Ctrl Pts',(3.74102526296318,-9.11530057919116,-9.28149842956228));
#8922=CARTESIAN_POINT('Ctrl Pts',(3.7516514160645,-9.29789362019552,-9.718918940368));
#8923=CARTESIAN_POINT('Ctrl Pts',(3.77279886898876,-9.66299166825514,-10.6493016095263));
#8924=CARTESIAN_POINT('Ctrl Pts',(3.79375267741514,-10.0279271339889,-11.6822593685301));
#8925=CARTESIAN_POINT('Ctrl Pts',(3.80418522030961,-10.2103576214579,-12.2222368049388));
#8926=CARTESIAN_POINT('Ctrl Pts',(3.82497233479295,-10.5751531323298,-13.3434937223036));
#8927=CARTESIAN_POINT('Ctrl Pts',(3.84563494056955,-10.9398441067168,-14.5307039299563));
#8928=CARTESIAN_POINT('Ctrl Pts',(3.855942921195,-11.1221700127305,-15.136663029031));
#8929=CARTESIAN_POINT('Ctrl Pts',(3.87653303540058,-11.4868001237914,-16.3622726205631));
#8930=CARTESIAN_POINT('Ctrl Pts',(3.89714308081667,-11.8514469689325,-17.5773244852672));
#8931=CARTESIAN_POINT('Ctrl Pts',(3.90747215412052,-12.0337905841852,-18.1721106183875));
#8932=CARTESIAN_POINT('Ctrl Pts',(3.91783573033567,-12.2161631677982,-18.7486202744302));
#8933=CARTESIAN_POINT('Ctrl Pts',(3.92823396801999,-12.3985648528952,-19.3067694639904));
#8934=CARTESIAN_POINT('Ctrl Pts',(4.48546993091814,2.35520969012609,-18.6088871493187));
#8935=CARTESIAN_POINT('Ctrl Pts',(4.49758150983392,2.17136949783985,-18.2594653379994));
#8936=CARTESIAN_POINT('Ctrl Pts',(4.50971443387273,1.98751138436407,-17.8987368387181));
#8937=CARTESIAN_POINT('Ctrl Pts',(4.52186754299094,1.80363632366187,-17.5273161361739));
#8938=CARTESIAN_POINT('Ctrl Pts',(4.54623647107813,1.43583355158311,-16.7512568051952));
#8939=CARTESIAN_POINT('Ctrl Pts',(4.57072829123138,1.06792760033767,-15.9101005318567));
#8940=CARTESIAN_POINT('Ctrl Pts',(4.58300012270747,0.883952861321418,-15.4757916158078));
#8941=CARTESIAN_POINT('Ctrl Pts',(4.60757610474956,0.515976248447161,-14.5900540948584));
#8942=CARTESIAN_POINT('Ctrl Pts',(4.63219203159257,0.147966098246969,-13.6831574829483));
#8943=CARTESIAN_POINT('Ctrl Pts',(4.64450282869346,-0.0360413559869943,
-13.2282081536264));
#8944=CARTESIAN_POINT('Ctrl Pts',(4.66911577454746,-0.404049003373352,-12.3228905962184));
#8945=CARTESIAN_POINT('Ctrl Pts',(4.69368699376303,-0.772021617417692,-11.439675983809));
#8946=CARTESIAN_POINT('Ctrl Pts',(4.70595602437042,-0.955994004847647,-11.0068507110443));
#8947=CARTESIAN_POINT('Ctrl Pts',(4.74269765838318,-1.50785620929976,-9.74304843500463));
#8948=CARTESIAN_POINT('Ctrl Pts',(4.77920460450665,-2.0595213717326,-8.60356227222097));
#8949=CARTESIAN_POINT('Ctrl Pts',(4.80340399209404,-2.42718179900382,-7.91730994423444));
#8950=CARTESIAN_POINT('Ctrl Pts',(4.85148964418682,-3.16223975798506,-6.71066917089865));
#8951=CARTESIAN_POINT('Ctrl Pts',(4.89890457632915,-3.89673458601903,-5.85931429482828));
#8952=CARTESIAN_POINT('Ctrl Pts',(4.92243328125801,-4.26383191365297,-5.52832811026609));
#8953=CARTESIAN_POINT('Ctrl Pts',(4.96912196825041,-4.99771699223943,-5.06167128820783));
#8954=CARTESIAN_POINT('Ctrl Pts',(5.01504252827687,-5.73095715775053,-5.00189766400752));
#8955=CARTESIAN_POINT('Ctrl Pts',(5.03780350119399,-6.0974099039094,-5.07758546680446));
#8956=CARTESIAN_POINT('Ctrl Pts',(5.08290758443901,-6.8299645622382,-5.45030633705411));
#8957=CARTESIAN_POINT('Ctrl Pts',(5.12714745668393,-7.56179363612777,-6.28080691161825));
#8958=CARTESIAN_POINT('Ctrl Pts',(5.14904442968574,-7.92752097507248,-6.81416260537042));
#8959=CARTESIAN_POINT('Ctrl Pts',(5.1815506079705,-8.4758271257728,-7.7939162092936));
#8960=CARTESIAN_POINT('Ctrl Pts',(5.21357700258399,-9.02373045405358,-9.02781518644188));
#8961=CARTESIAN_POINT('Ctrl Pts',(5.2242007631128,-9.20632148627376,-9.46650306266699));
#8962=CARTESIAN_POINT('Ctrl Pts',(5.24535009558799,-9.57142111238887,-10.3958901181734));
#8963=CARTESIAN_POINT('Ctrl Pts',(5.26631798686615,-9.93636840196905,-11.4213880742784));
#8964=CARTESIAN_POINT('Ctrl Pts',(5.27676035393057,-10.1188071377302,-11.9561615667284));
#8965=CARTESIAN_POINT('Ctrl Pts',(5.29757117781659,-10.4836225548214,-13.0648594176738));
#8966=CARTESIAN_POINT('Ctrl Pts',(5.31825904354703,-10.8483347372576,-14.2386892191513));
#8967=CARTESIAN_POINT('Ctrl Pts',(5.32857812296973,-11.03066996173,-14.8387691936602));
#8968=CARTESIAN_POINT('Ctrl Pts',(5.3491876864868,-11.3953164022727,-16.0540763242579));
#8969=CARTESIAN_POINT('Ctrl Pts',(5.36979825053216,-11.7599636828507,-17.2688534667681));
#8970=CARTESIAN_POINT('Ctrl Pts',(5.38011831843271,-11.942299737241,-17.8684098363978));
#8971=CARTESIAN_POINT('Ctrl Pts',(5.39047160581829,-12.1246636824373,-18.4503695704399));
#8972=CARTESIAN_POINT('Ctrl Pts',(5.40085748673456,-12.3070549928937,-19.015064242088));
#8973=CARTESIAN_POINT('Ctrl Pts',(5.95720004142214,2.44746964830433,-18.7904276352557));
#8974=CARTESIAN_POINT('Ctrl Pts',(5.96930657625212,2.26363369099099,-18.4436777178409));
#8975=CARTESIAN_POINT('Ctrl Pts',(5.98143647955913,2.07977811369677,-18.0845493251432));
#8976=CARTESIAN_POINT('Ctrl Pts',(5.99359116852603,1.89590172656661,-17.7122917636997));
#8977=CARTESIAN_POINT('Ctrl Pts',(6.01795489702547,1.52810332001892,-16.9389866972993));
#8978=CARTESIAN_POINT('Ctrl Pts',(6.04242476254383,1.16021580170415,-16.1094599753888));
#8979=CARTESIAN_POINT('Ctrl Pts',(6.05468875496733,0.976247644291894,-15.6793034702364));
#8980=CARTESIAN_POINT('Ctrl Pts',(6.07925611772698,0.608278268096186,-14.7981316543776));
#8981=CARTESIAN_POINT('Ctrl Pts',(6.10386649232315,0.240272779516726,-13.894176113478));
#8982=CARTESIAN_POINT('Ctrl Pts',(6.11617383150557,0.0562682285226357,-13.4410584721294));
#8983=CARTESIAN_POINT('Ctrl Pts',(6.14077729673355,-0.311731459008189,-12.5407628806261));
#8984=CARTESIAN_POINT('Ctrl Pts',(6.16533194315029,-0.679690158667098,-11.666327016634));
#8985=CARTESIAN_POINT('Ctrl Pts',(6.17759045436241,-0.863653714099416,-11.2390739544177));
#8986=CARTESIAN_POINT('Ctrl Pts',(6.21429336798477,-1.4154834092306,-9.99578218896604));
#8987=CARTESIAN_POINT('Ctrl Pts',(6.25074145202513,-1.96709915154316,-8.8874757577528));
#8988=CARTESIAN_POINT('Ctrl Pts',(6.2748938024173,-2.33472008677262,-8.22613942055347));
#8989=CARTESIAN_POINT('Ctrl Pts',(6.32288164206102,-3.06969592322707,-7.07131070932667));
#8990=CARTESIAN_POINT('Ctrl Pts',(6.37021554238039,-3.80412271760976,-6.26287905911968));
#8991=CARTESIAN_POINT('Ctrl Pts',(6.39371402972829,-4.17119467481155,-5.94789937676249));
#8992=CARTESIAN_POINT('Ctrl Pts',(6.44037531251935,-4.90505674505623,-5.49575878648621));
#8993=CARTESIAN_POINT('Ctrl Pts',(6.4863501667541,-5.63834249553751,-5.40722507173642));
#8994=CARTESIAN_POINT('Ctrl Pts',(6.5091625937872,-6.00483844214846,-5.45565720433681));
#8995=CARTESIAN_POINT('Ctrl Pts',(6.55442179068179,-6.73752333262013,-5.74621309331979));
#8996=CARTESIAN_POINT('Ctrl Pts',(6.59890414958233,-7.46955599630897,-6.44826648369194));
#8997=CARTESIAN_POINT('Ctrl Pts',(6.62094028555365,-7.83540017533692,-6.90790640314361));
#8998=CARTESIAN_POINT('Ctrl Pts',(6.65366419817285,-8.38388913399148,-7.77232433183294));
#8999=CARTESIAN_POINT('Ctrl Pts',(6.68588825118706,-8.93195841463785,-8.90152202165298));
#9000=CARTESIAN_POINT('Ctrl Pts',(6.69657385924879,-9.11460137353738,-9.30744874888708));
#9001=CARTESIAN_POINT('Ctrl Pts',(6.71783506161236,-9.47979492468956,-10.1775774005821));
#9002=CARTESIAN_POINT('Ctrl Pts',(6.73888642526644,-9.8448122969892,-11.1588593497582));
#9003=CARTESIAN_POINT('Ctrl Pts',(6.74936217379016,-10.0272790595487,-11.6759504075182));
#9004=CARTESIAN_POINT('Ctrl Pts',(6.77022269652226,-10.3921362033818,-12.758322369234));
#9005=CARTESIAN_POINT('Ctrl Pts',(6.79092864848443,-10.7568635708692,-13.9225717443897));
#9006=CARTESIAN_POINT('Ctrl Pts',(6.80125008071359,-10.9392007707386,-14.5214054178836));
#9007=CARTESIAN_POINT('Ctrl Pts',(6.82184410018941,-11.3038341606322,-15.7449463555124));
#9008=CARTESIAN_POINT('Ctrl Pts',(6.84241312276618,-11.6684465633352,-16.9817283570237));
#9009=CARTESIAN_POINT('Ctrl Pts',(6.85271003499057,-11.8507631764105,-17.5935504795529));
#9010=CARTESIAN_POINT('Ctrl Pts',(6.86304098034094,-12.0331083634181,-18.1873449741706));
#9011=CARTESIAN_POINT('Ctrl Pts',(6.87340811247433,-12.2154839325508,-18.7619710309539));
#9012=CARTESIAN_POINT('Ctrl Pts',(6.69304663450231,2.49361512808089,-18.8909774431165));
#9013=CARTESIAN_POINT('Ctrl Pts',(6.70515305566325,2.30977926620313,-18.5442877371275));
#9014=CARTESIAN_POINT('Ctrl Pts',(6.71728366536134,2.12592309582877,-18.1847851632408));
#9015=CARTESIAN_POINT('Ctrl Pts',(6.72943640674396,1.94204834387435,-17.8135592532759));
#9016=CARTESIAN_POINT('Ctrl Pts',(6.75378549555164,1.57426222869131,-17.0480089525118));
#9017=CARTESIAN_POINT('Ctrl Pts',(6.77825789168886,1.20637258568979,-16.2171417408981));
#9018=CARTESIAN_POINT('Ctrl Pts',(6.79053372545634,1.02239448638264,-15.7807127780415));
#9019=CARTESIAN_POINT('Ctrl Pts',(6.81512136010663,0.654408090074484,-14.8888027742876));
#9020=CARTESIAN_POINT('Ctrl Pts',(6.83973664565223,0.286398478302321,-13.9822458629148));
#9021=CARTESIAN_POINT('Ctrl Pts',(6.85204015327003,0.102397144258316,-13.5311578329811));
#9022=CARTESIAN_POINT('Ctrl Pts',(6.87662858744355,-0.265589923322956,-12.6388243151694));
#9023=CARTESIAN_POINT('Ctrl Pts',(6.90115503038966,-0.633524943580168,-11.7793280625042));
#9024=CARTESIAN_POINT('Ctrl Pts',(6.91339680067093,-0.817474443464792,-11.3609428096261));
#9025=CARTESIAN_POINT('Ctrl Pts',(6.95004190725669,-1.36925560428407,-10.1482719088918));
#9026=CARTESIAN_POINT('Ctrl Pts',(6.98641224258183,-1.92080606941557,-9.08114961425953));
#9027=CARTESIAN_POINT('Ctrl Pts',(7.01050608989816,-2.28837788594429,-8.45080283951875));
#9028=CARTESIAN_POINT('Ctrl Pts',(7.05837100308603,-3.02325051435867,-7.36108928720691));
#9029=CARTESIAN_POINT('Ctrl Pts',(7.10559591394373,-3.75758580208683,-6.61039025499645));
#9030=CARTESIAN_POINT('Ctrl Pts',(7.12904968511804,-4.1246202159575,-6.31909709910581));
#9031=CARTESIAN_POINT('Ctrl Pts',(7.17565376998975,-4.85843426330009,-5.89725471911265));
#9032=CARTESIAN_POINT('Ctrl Pts',(7.22164886438519,-5.59173700725362,-5.79799962407859));
#9033=CARTESIAN_POINT('Ctrl Pts',(7.24449395666062,-5.95826037933305,-5.82912870802766));
#9034=CARTESIAN_POINT('Ctrl Pts',(7.28986578497208,-6.69103983421484,-6.06002280526603));
#9035=CARTESIAN_POINT('Ctrl Pts',(7.3345344079082,-7.42322888365414,-6.66341059762897));
#9036=CARTESIAN_POINT('Ctrl Pts',(7.3566776086598,-7.78916295338997,-7.06633741871048));
#9037=CARTESIAN_POINT('Ctrl Pts',(7.38955489127124,-8.33778068022707,-7.84951399582388));
#9038=CARTESIAN_POINT('Ctrl Pts',(7.42190493987728,-8.88595574573481,-8.91197078004738));
#9039=CARTESIAN_POINT('Ctrl Pts',(7.43262863415391,-9.06863068150674,-9.29772292469764));
#9040=CARTESIAN_POINT('Ctrl Pts',(7.45395641691205,-9.43388013300994,-10.1325833914937));
#9041=CARTESIAN_POINT('Ctrl Pts',(7.47505158592714,-9.79893428392996,-11.0906612791532));
#9042=CARTESIAN_POINT('Ctrl Pts',(7.48554247213931,-9.98141375596807,-11.5997337783142));
#9043=CARTESIAN_POINT('Ctrl Pts',(7.50642216006071,-10.3462869907362,-12.6719537809726));
#9044=CARTESIAN_POINT('Ctrl Pts',(7.52714266084471,-10.7110265732947,-13.8284965250422));
#9045=CARTESIAN_POINT('Ctrl Pts',(7.53747593050683,-10.8933737117753,-14.4210598125362));
#9046=CARTESIAN_POINT('Ctrl Pts',(7.55809471564518,-11.2580278947152,-15.6314821741807));
#9047=CARTESIAN_POINT('Ctrl Pts',(7.57869933101677,-11.6226701808357,-16.8494103783074));
#9048=CARTESIAN_POINT('Ctrl Pts',(7.58903836399375,-11.805022158148,-17.4389207903156));
#9049=CARTESIAN_POINT('Ctrl Pts',(7.5993771927453,-11.9873739639943,-18.0285393822174));
#9050=CARTESIAN_POINT('Ctrl Pts',(7.60973319396459,-12.1697401877031,-18.6090615761356));
#9051=CARTESIAN_POINT('Ctrl Pts',(7.61282450518864,2.55132247676089,-19.0327522944371));
#9052=CARTESIAN_POINT('Ctrl Pts',(7.62492589837347,2.36749083633048,-18.6887259489253));
#9053=CARTESIAN_POINT('Ctrl Pts',(7.63705537147608,2.18363562023232,-18.3298254390493));
#9054=CARTESIAN_POINT('Ctrl Pts',(7.64921683892636,1.99975354194334,-17.9539772589733));
#9055=CARTESIAN_POINT('Ctrl Pts',(7.67361250387865,1.63192832181283,-17.1637551897366));
#9056=CARTESIAN_POINT('Ctrl Pts',(7.69812469375431,1.2640052683162,-16.311808906204));
#9057=CARTESIAN_POINT('Ctrl Pts',(7.71040287081612,1.08002520159842,-15.8741386809933));
#9058=CARTESIAN_POINT('Ctrl Pts',(7.73498849596525,0.712040492450898,-14.9832931265998));
#9059=CARTESIAN_POINT('Ctrl Pts',(7.7595999314275,0.344034113177014,-14.078775636177));
#9060=CARTESIAN_POINT('Ctrl Pts',(7.77190355577569,0.160032681127142,-13.6276257731968));
#9061=CARTESIAN_POINT('Ctrl Pts',(7.7964833073654,-0.207947096628264,-12.7398914917354));
#9062=CARTESIAN_POINT('Ctrl Pts',(7.82097289309059,-0.575851171866301,-11.8999188133965));
#9063=CARTESIAN_POINT('Ctrl Pts',(7.83318623385426,-0.759776802562056,-11.4965929107911));
#9064=CARTESIAN_POINT('Ctrl Pts',(7.86971364495241,-1.31145914721911,-10.3462662818967));
#9065=CARTESIAN_POINT('Ctrl Pts',(7.90587603379177,-1.86283502219351,-9.38929495822682));
#9066=CARTESIAN_POINT('Ctrl Pts',(7.92979755859793,-2.23026215816171,-8.85022884034067));
#9067=CARTESIAN_POINT('Ctrl Pts',(7.97730939529466,-2.96483834646159,-7.94754282145923));
#9068=CARTESIAN_POINT('Ctrl Pts',(8.02422478831636,-3.69891376556341,-7.36079794330445));
#9069=CARTESIAN_POINT('Ctrl Pts',(8.04755087856219,-4.06584097957793,-7.1371384297499));
#9070=CARTESIAN_POINT('Ctrl Pts',(8.09396953214863,-4.79949934034037,-6.81352053304982));
#9071=CARTESIAN_POINT('Ctrl Pts',(8.13993960080131,-5.53278107288636,-6.72752178064524));
#9072=CARTESIAN_POINT('Ctrl Pts',(8.16281729416835,-5.89933181657385,-6.74138179711704));
#9073=CARTESIAN_POINT('Ctrl Pts',(8.20835113755059,-6.63224729797493,-6.886455173271));
#9074=CARTESIAN_POINT('Ctrl Pts',(8.25337804241555,-7.36473715797135,-7.30005806886255));
#9075=CARTESIAN_POINT('Ctrl Pts',(8.275749731814,-7.73086306489356,-7.58195256661152));
#9076=CARTESIAN_POINT('Ctrl Pts',(8.30904668836816,-8.27983314651711,-8.14282439015193));
#9077=CARTESIAN_POINT('Ctrl Pts',(8.3418198368307,-8.82836344318029,-8.9811616859872));
#9078=CARTESIAN_POINT('Ctrl Pts',(8.35267897305216,-9.01115209489379,-9.29516911383414));
#9079=CARTESIAN_POINT('Ctrl Pts',(8.37425213214424,-9.37660756234638,-10.0000517099707));
#9080=CARTESIAN_POINT('Ctrl Pts',(8.39552249221451,-9.74180880223369,-10.8653294487886));
#9081=CARTESIAN_POINT('Ctrl Pts',(8.40607914641852,-9.92434349253617,-11.3395640994915));
#9082=CARTESIAN_POINT('Ctrl Pts',(8.42703343511842,-10.2892793615037,-12.3722674536439));
#9083=CARTESIAN_POINT('Ctrl Pts',(8.44771237173899,-10.6539840471328,-13.5508270783673));
#9084=CARTESIAN_POINT('Ctrl Pts',(8.45799124743112,-10.8362855168841,-14.1722033010031));
#9085=CARTESIAN_POINT('Ctrl Pts',(8.47850671287118,-11.2008529534561,-15.4373549601559));
#9086=CARTESIAN_POINT('Ctrl Pts',(8.49902506798809,-11.5654228161771,-16.7009759336127));
#9087=CARTESIAN_POINT('Ctrl Pts',(8.50930129378704,-11.7477220610999,-17.3237558265514));
#9088=CARTESIAN_POINT('Ctrl Pts',(8.51960832338458,-11.9300471686384,-17.9302186929624));
#9089=CARTESIAN_POINT('Ctrl Pts',(8.52995484682698,-12.1124054348838,-18.5157613435768));
#9090=CARTESIAN_POINT('Ctrl Pts',(8.5325990329787,2.60903263210908,-19.1762979055248));
#9091=CARTESIAN_POINT('Ctrl Pts',(8.54469430462168,2.4252061312748,-18.8355141912931));
#9092=CARTESIAN_POINT('Ctrl Pts',(8.55681920028649,2.24135475835573,-18.4790383880269));
#9093=CARTESIAN_POINT('Ctrl Pts',(8.56897741633226,2.0574754099192,-18.1049125037689));
#9094=CARTESIAN_POINT('Ctrl Pts',(8.59337053440844,1.6896523281249,-17.3160395358412));
#9095=CARTESIAN_POINT('Ctrl Pts',(8.61790146790968,1.32171353763457,-16.4541645990364));
#9096=CARTESIAN_POINT('Ctrl Pts',(8.63019860684369,1.13771755068504,-16.0064501135092));
#9097=CARTESIAN_POINT('Ctrl Pts',(8.65482735804982,0.769696633255177,-15.0927603305394));
#9098=CARTESIAN_POINT('Ctrl Pts',(8.67944796701917,0.401682551980274,-14.1833835576425));
#9099=CARTESIAN_POINT('Ctrl Pts',(8.69173734538334,0.217693080741275,-13.739779910056));
#9100=CARTESIAN_POINT('Ctrl Pts',(8.71624139453257,-0.150223137868488,-12.8921458365473));
#9101=CARTESIAN_POINT('Ctrl Pts',(8.74056527778295,-0.517988090673164,-12.1399471276654));
#9102=CARTESIAN_POINT('Ctrl Pts',(8.75267408164484,-0.701825953047011,-11.7919952853067));
#9103=CARTESIAN_POINT('Ctrl Pts',(8.78883814894475,-1.25320323724307,-10.8341348672156));
#9104=CARTESIAN_POINT('Ctrl Pts',(8.82453388431108,-1.80418731380424,-10.1243537423181));
#9105=CARTESIAN_POINT('Ctrl Pts',(8.84814209452881,-2.17135139342402,-9.75125294960678));
#9106=CARTESIAN_POINT('Ctrl Pts',(8.89507778851765,-2.90544385705068,-9.15375448149138));
#9107=CARTESIAN_POINT('Ctrl Pts',(8.94155106481009,-3.63914807858728,-8.80120248628861));
#9108=CARTESIAN_POINT('Ctrl Pts',(8.96469927422567,-4.00592594532151,-8.67176791764716));
#9109=CARTESIAN_POINT('Ctrl Pts',(9.01084727104027,-4.73935706488707,-8.49151914835469));
#9110=CARTESIAN_POINT('Ctrl Pts',(9.05672210712715,-5.47255884095502,-8.45596587258396));
#9111=CARTESIAN_POINT('Ctrl Pts',(9.07959695352986,-5.83910719435469,-8.47133394957799));
#9112=CARTESIAN_POINT('Ctrl Pts',(9.12521948271243,-6.57209713562344,-8.56942972483672));
#9113=CARTESIAN_POINT('Ctrl Pts',(9.1705465397053,-7.30483900087482,-8.82403955929953));
#9114=CARTESIAN_POINT('Ctrl Pts',(9.19312357020226,-7.67113731049243,-8.99716318124393));
#9115=CARTESIAN_POINT('Ctrl Pts',(9.22683986544136,-8.22045946542274,-9.33590784003574));
#9116=CARTESIAN_POINT('Ctrl Pts',(9.26020272846834,-8.76948488157815,-9.86186846060523));
#9117=CARTESIAN_POINT('Ctrl Pts',(9.27127714672018,-8.95245428231159,-10.0618392189308));
#9118=CARTESIAN_POINT('Ctrl Pts',(9.2933078690699,-9.31829391610742,-10.524346778459));
#9119=CARTESIAN_POINT('Ctrl Pts',(9.31504582935186,-9.68388774928196,-11.1419328232083));
#9120=CARTESIAN_POINT('Ctrl Pts',(9.32582771661863,-9.86661154340921,-11.4968596603614));
#9121=CARTESIAN_POINT('Ctrl Pts',(9.34719041464051,-10.2318903094803,-12.3132252235864));
#9122=CARTESIAN_POINT('Ctrl Pts',(9.36815283466459,-10.5968330054406,-13.3416213481662));
#9123=CARTESIAN_POINT('Ctrl Pts',(9.37853434121249,-10.7792206432133,-13.9086331588655));
#9124=CARTESIAN_POINT('Ctrl Pts',(9.39912389424813,-11.1438502831206,-15.134540006746));
#9125=CARTESIAN_POINT('Ctrl Pts',(9.41951877872737,-11.5083164809109,-16.4635643967328));
#9126=CARTESIAN_POINT('Ctrl Pts',(9.42970277275976,-11.690538288802,-17.135200218165));
#9127=CARTESIAN_POINT('Ctrl Pts',(9.43994665145409,-11.8728103753621,-17.7751146395764));
#9128=CARTESIAN_POINT('Ctrl Pts',(9.45025811930909,-12.055139209225,-18.3792265243584));
#9129=CARTESIAN_POINT('Ctrl Pts',(8.71655404290777,2.62057457554964,-19.2049517415323));
#9130=CARTESIAN_POINT('Ctrl Pts',(8.72864822557102,2.43674898901377,-18.8647448688536));
#9131=CARTESIAN_POINT('Ctrl Pts',(8.74077233904266,2.25289827281765,-18.5086833997686));
#9132=CARTESIAN_POINT('Ctrl Pts',(8.75292989882752,2.06901947537235,-18.1349051423356));
#9133=CARTESIAN_POINT('Ctrl Pts',(8.77731926036245,1.70119954753916,-17.3480220453366));
#9134=CARTESIAN_POINT('Ctrl Pts',(8.80185205395462,1.3332591953318,-16.4851618030006));
#9135=CARTESIAN_POINT('Ctrl Pts',(8.8141537899819,1.14925934870063,-16.0350121992041));
#9136=CARTESIAN_POINT('Ctrl Pts',(8.83879354187719,0.781229195182739,-15.1154952603316));
#9137=CARTESIAN_POINT('Ctrl Pts',(8.86341657762486,0.413213076404741,-14.2048330029169));
#9138=CARTESIAN_POINT('Ctrl Pts',(8.87570213620766,0.229226812222724,-13.7632527250693));
#9139=CARTESIAN_POINT('Ctrl Pts',(8.90018724647275,-0.13867350545587,-12.9256507349063));
#9140=CARTESIAN_POINT('Ctrl Pts',(8.92447137666023,-0.506405081916296,-12.1945095517605));
#9141=CARTESIAN_POINT('Ctrl Pts',(8.93655551057217,-0.690222231603309,-11.8596255856424));
#9142=CARTESIAN_POINT('Ctrl Pts',(8.97263515008224,-1.24152863092225,-10.9464872651253));
#9143=CARTESIAN_POINT('Ctrl Pts',(9.00822624048047,-1.79242484842991,-10.2921374441007));
#9144=CARTESIAN_POINT('Ctrl Pts',(9.03176619197638,-2.15953161858894,-9.95519386008403));
#9145=CARTESIAN_POINT('Ctrl Pts',(9.0785782849169,-2.89352030779324,-9.42316788808949));
#9146=CARTESIAN_POINT('Ctrl Pts',(9.12495880978323,-3.62714665599625,-9.11974708933937));
#9147=CARTESIAN_POINT('Ctrl Pts',(9.14806987036014,-3.99389333287145,-9.00999056734924));
#9148=CARTESIAN_POINT('Ctrl Pts',(9.19416095217274,-4.72727666707,-8.85989014468327));
#9149=CARTESIAN_POINT('Ctrl Pts',(9.24001391528522,-5.46046007876876,-8.83592316410114));
#9150=CARTESIAN_POINT('Ctrl Pts',(9.26288656268869,-5.82700658590678,-8.85245606915421));
#9151=CARTESIAN_POINT('Ctrl Pts',(9.30852300817694,-6.56000821119118,-8.94318026235686));
#9152=CARTESIAN_POINT('Ctrl Pts',(9.35390576254674,-7.29279683950157,-9.1682867362564));
#9153=CARTESIAN_POINT('Ctrl Pts',(9.3765216249888,-7.65912775210053,-9.32084075616824));
#9154=CARTESIAN_POINT('Ctrl Pts',(9.41031875644341,-8.20851777645173,-9.61676580397077));
#9155=CARTESIAN_POINT('Ctrl Pts',(9.44380366723485,-8.75764566290516,-10.0780767157042));
#9156=CARTESIAN_POINT('Ctrl Pts',(9.45492364006275,-8.94065331088553,-10.2539168388594));
#9157=CARTESIAN_POINT('Ctrl Pts',(9.47705348348902,-9.306576165921,-10.6639191454928));
#9158=CARTESIAN_POINT('Ctrl Pts',(9.49889638981524,-9.67225811093011,-11.2259144038425));
#9159=CARTESIAN_POINT('Ctrl Pts',(9.50972963320316,-9.85502502323379,-11.5536374794681));
#9160=CARTESIAN_POINT('Ctrl Pts',(9.53118678429735,-10.2203830913266,-12.3199704702024));
#9161=CARTESIAN_POINT('Ctrl Pts',(9.55221846040858,-10.5853839341274,-13.311681073428));
#9162=CARTESIAN_POINT('Ctrl Pts',(9.56262689639109,-10.7677941816316,-13.8644281402016));
#9163=CARTESIAN_POINT('Ctrl Pts',(9.58324025640981,-11.1324438096858,-15.0777242325219));
#9164=CARTESIAN_POINT('Ctrl Pts',(9.60361513591458,-11.4968932114643,-16.4173454227044));
#9165=CARTESIAN_POINT('Ctrl Pts',(9.61378688678184,-11.6791047400948,-17.0954665498226));
#9166=CARTESIAN_POINT('Ctrl Pts',(9.62402019050259,-11.8613679479942,-17.7409826220766));
#9167=CARTESIAN_POINT('Ctrl Pts',(9.63432403322276,-12.0436903798567,-18.3491336037571));
#9168=CARTESIAN_POINT('Ctrl Pts',(9.08446085327047,2.64366115709669,-19.2639595097812));
#9169=CARTESIAN_POINT('Ctrl Pts',(9.09655245985216,2.45983773341769,-18.9251172087816));
#9170=CARTESIAN_POINT('Ctrl Pts',(9.10867492437559,2.2759884016649,-18.5699292011837));
#9171=CARTESIAN_POINT('Ctrl Pts',(9.12083225488457,2.09210979671775,-18.1962723930781));
#9172=CARTESIAN_POINT('Ctrl Pts',(9.14521680297457,1.72429391021328,-17.4119390176159));
#9173=CARTESIAN_POINT('Ctrl Pts',(9.16975568416718,1.35634844690673,-16.5458541230479));
#9174=CARTESIAN_POINT('Ctrl Pts',(9.18206987439719,1.17233814382949,-16.0891074252031));
#9175=CARTESIAN_POINT('Ctrl Pts',(9.20673587744223,0.804285950062442,-15.1556850355009));
#9176=CARTESIAN_POINT('Ctrl Pts',(9.23135754511013,0.43627097991296,-14.2457474612406));
#9177=CARTESIAN_POINT('Ctrl Pts',(9.24362955461441,0.25229609142569,-13.8113442421832));
#9178=CARTESIAN_POINT('Ctrl Pts',(9.26806244349604,-0.115560381609375,-13.0014043501396));
#9179=CARTESIAN_POINT('Ctrl Pts',(9.29224883361137,-0.483209896310069,-12.3220368904556));
#9180=CARTESIAN_POINT('Ctrl Pts',(9.30427402969005,-0.666977562277609,-12.0183727813869));
#9181=CARTESIAN_POINT('Ctrl Pts',(9.34015613889521,-1.21811811677914,-11.2098678947887));
#9182=CARTESIAN_POINT('Ctrl Pts',(9.37551367600543,-1.76881824486942,-10.6792331793497));
#9183=CARTESIAN_POINT('Ctrl Pts',(9.39890677019764,-2.13580171484557,-10.4200811220108));
#9184=CARTESIAN_POINT('Ctrl Pts',(9.44545786601172,-2.86957127301173,-10.0263074834787));
#9185=CARTESIAN_POINT('Ctrl Pts',(9.49164767435826,-3.60303749719521,-9.82391080039577));
#9186=CARTESIAN_POINT('Ctrl Pts',(9.51468269720783,-3.96972033342067,-9.75443209058023));
#9187=CARTESIAN_POINT('Ctrl Pts',(9.56065650034638,-4.70300520141024,-9.66645515016612));
#9188=CARTESIAN_POINT('Ctrl Pts',(9.60646043519808,-5.43614744938498,-9.66845884424749));
#9189=CARTESIAN_POINT('Ctrl Pts',(9.62932506859083,-5.80268722802559,-9.68923683696405));
#9190=CARTESIAN_POINT('Ctrl Pts',(9.6749799477899,-6.5357043301018,-9.77019654130257));
#9191=CARTESIAN_POINT('Ctrl Pts',(9.72046079930314,-7.26857531996604,-9.94334014812947));
#9192=CARTESIAN_POINT('Ctrl Pts',(9.74314689567573,-7.63496520039471,-10.0586906749751));
#9193=CARTESIAN_POINT('Ctrl Pts',(9.77708880452153,-8.18447677865136,-10.2779259429494));
#9194=CARTESIAN_POINT('Ctrl Pts',(9.81081535738859,-8.73380754580164,-10.6112370514908));
#9195=CARTESIAN_POINT('Ctrl Pts',(9.82202840363442,-8.91689333745728,-10.7377754164688));
#9196=CARTESIAN_POINT('Ctrl Pts',(9.84436764609582,-9.28299200219833,-11.0368573247555));
#9197=CARTESIAN_POINT('Ctrl Pts',(9.86644002724201,-9.64886661237664,-11.4772978757238));
#9198=CARTESIAN_POINT('Ctrl Pts',(9.87738647773641,-9.8317285724347,-11.7450542120664));
#9199=CARTESIAN_POINT('Ctrl Pts',(9.89904969377634,-10.1972596509591,-12.4022328991356));
#9200=CARTESIAN_POINT('Ctrl Pts',(9.92023223572171,-10.5623871594719,-13.3140286240074));
#9201=CARTESIAN_POINT('Ctrl Pts',(9.93069922608917,-10.7448465687556,-13.8357589494721));
#9202=CARTESIAN_POINT('Ctrl Pts',(9.9513838861331,-11.1095560597238,-15.0112868295653));
#9203=CARTESIAN_POINT('Ctrl Pts',(9.97174172581604,-11.4739911550082,-16.3599341541048));
#9204=CARTESIAN_POINT('Ctrl Pts',(9.98187657346981,-11.6561717000045,-17.0576032181958));
#9205=CARTESIAN_POINT('Ctrl Pts',(9.99209555978453,-11.8384228871277,-17.7107033386731));
#9206=CARTESIAN_POINT('Ctrl Pts',(10.002404867596,-12.0207499074358,-18.3159594163798));
#9207=CARTESIAN_POINT('Ctrl Pts',(9.45235930753044,2.66675475435879,-19.3273935746649));
#9208=CARTESIAN_POINT('Ctrl Pts',(9.46444652298928,2.48293501743037,-18.9908772877037));
#9209=CARTESIAN_POINT('Ctrl Pts',(9.47656561571444,2.29908851661165,-18.6374753495006));
#9210=CARTESIAN_POINT('Ctrl Pts',(9.48872322215959,2.11520967999076,-18.2636723757253));
#9211=CARTESIAN_POINT('Ctrl Pts',(9.51312351055577,1.74738057805483,-17.471001230076));
#9212=CARTESIAN_POINT('Ctrl Pts',(9.53769079734111,1.37941126564654,-16.5898696584411));
#9213=CARTESIAN_POINT('Ctrl Pts',(9.55001917458034,1.19538905127319,-16.1256079846387));
#9214=CARTESIAN_POINT('Ctrl Pts',(9.57469543785501,0.827328243101835,-15.1867506665653));
#9215=CARTESIAN_POINT('Ctrl Pts',(9.59928154973286,0.459343125300882,-14.295647287948));
#9216=CARTESIAN_POINT('Ctrl Pts',(9.61152203519786,0.275394704137407,-13.8779426128587));
#9217=CARTESIAN_POINT('Ctrl Pts',(9.63586398671888,-0.0923854186385337,
-13.1161729917815));
#9218=CARTESIAN_POINT('Ctrl Pts',(9.65990961698411,-0.459916752528195,-12.5113671872347));
#9219=CARTESIAN_POINT('Ctrl Pts',(9.67185351355401,-0.643616160097627,-12.2507680994283));
#9220=CARTESIAN_POINT('Ctrl Pts',(9.70747410754164,-1.194537148576,-11.5807899834256));
#9221=CARTESIAN_POINT('Ctrl Pts',(9.74255366058058,-1.74500388352913,-11.1974057264273));
#9222=CARTESIAN_POINT('Ctrl Pts',(9.76578801030819,-2.11185407296001,-11.0223419230637));
#9223=CARTESIAN_POINT('Ctrl Pts',(9.81206386798182,-2.84539254344992,-10.7743642007367));
#9224=CARTESIAN_POINT('Ctrl Pts',(9.85806257022179,-3.57869831652002,-10.6731980006548));
#9225=CARTESIAN_POINT('Ctrl Pts',(9.88102217152925,-3.9453178294398,-10.6436707046037));
#9226=CARTESIAN_POINT('Ctrl Pts',(9.9268775318549,-4.678503253819,-10.6184339004086));
#9227=CARTESIAN_POINT('Ctrl Pts',(9.97262369764133,-5.41159699936224,-10.6510383454836));
#9228=CARTESIAN_POINT('Ctrl Pts',(9.99547334834895,-5.77812419866379,-10.6797527902579));
#9229=CARTESIAN_POINT('Ctrl Pts',(10.0411249726427,-6.51113856794828,-10.7624366448375));
#9230=CARTESIAN_POINT('Ctrl Pts',(10.0866699398769,-7.2440633888439,-10.9016176247164));
#9231=CARTESIAN_POINT('Ctrl Pts',(10.1094107913717,-7.61049924122228,-10.9879639111052));
#9232=CARTESIAN_POINT('Ctrl Pts',(10.1434452758914,-8.16008854525236,-11.1581610800539));
#9233=CARTESIAN_POINT('Ctrl Pts',(10.1773720025987,-8.70958737671059,-11.3854384521548));
#9234=CARTESIAN_POINT('Ctrl Pts',(10.188668647468,-8.89274335708207,-11.4676939358503));
#9235=CARTESIAN_POINT('Ctrl Pts',(10.2112174304438,-9.25901795031355,-11.6557805030336));
#9236=CARTESIAN_POINT('Ctrl Pts',(10.233546521169,-9.62510809174051,-11.960239869811));
#9237=CARTESIAN_POINT('Ctrl Pts',(10.2446240352962,-9.80808009174536,-12.1585707174243));
#9238=CARTESIAN_POINT('Ctrl Pts',(10.2665191040284,-10.173805831881,-12.6929351185198));
#9239=CARTESIAN_POINT('Ctrl Pts',(10.2878820204955,-10.5390847813569,-13.5091849694915));
#9240=CARTESIAN_POINT('Ctrl Pts',(10.2984274832355,-10.7216100753984,-13.9893478310989));
#9241=CARTESIAN_POINT('Ctrl Pts',(10.3192707448202,-11.0864527269142,-15.08086316518));
#9242=CARTESIAN_POINT('Ctrl Pts',(10.3397637467175,-11.4510013032807,-16.3579139484743));
#9243=CARTESIAN_POINT('Ctrl Pts',(10.3499442724001,-11.633220199174,-17.0313869833846));
#9244=CARTESIAN_POINT('Ctrl Pts',(10.3602009034219,-11.8155029924832,-17.6645463916564));
#9245=CARTESIAN_POINT('Ctrl Pts',(10.3705418429974,-11.9978565705599,-18.2530468626718));
#9246=CARTESIAN_POINT('Ctrl Pts',(9.63630537398476,2.67830420666709,-19.360784843113));
#9247=CARTESIAN_POINT('Ctrl Pts',(9.64838958576696,2.49448699160085,-19.0258596284749));
#9248=CARTESIAN_POINT('Ctrl Pts',(9.66050612934943,2.31064263102133,-18.6738079922045));
#9249=CARTESIAN_POINT('Ctrl Pts',(9.67266377359267,2.1267637626655,-18.2999849964759));
#9250=CARTESIAN_POINT('Ctrl Pts',(9.6970810361265,1.75892040938338,-17.4983225099226));
#9251=CARTESIAN_POINT('Ctrl Pts',(9.72167356900344,1.39092990056446,-16.6038178750557));
#9252=CARTESIAN_POINT('Ctrl Pts',(9.73400819386128,1.20690244074196,-16.136246786072));
#9253=CARTESIAN_POINT('Ctrl Pts',(9.75867911724059,0.838846115902774,-15.2002180546705));
#9254=CARTESIAN_POINT('Ctrl Pts',(9.78323325900606,0.47088783994491,-14.326049508622));
#9255=CARTESIAN_POINT('Ctrl Pts',(9.79545183731809,0.286957811846689,-13.9199492333964));
#9256=CARTESIAN_POINT('Ctrl Pts',(9.81973611481347,-0.0807738882922426,
-13.1887300200352));
#9257=CARTESIAN_POINT('Ctrl Pts',(9.84369896874145,-0.448235723850784,-12.627771524984));
#9258=CARTESIAN_POINT('Ctrl Pts',(9.85559579445299,-0.631895611115151,-12.3921062596131));
#9259=CARTESIAN_POINT('Ctrl Pts',(9.89106819722818,-1.18269217947186,-11.8006262527568));
#9260=CARTESIAN_POINT('Ctrl Pts',(9.92599892474567,-1.73303396174271,-11.4960761036288));
#9261=CARTESIAN_POINT('Ctrl Pts',(9.94915290839623,-2.09981667647708,-11.3635828750254));
#9262=CARTESIAN_POINT('Ctrl Pts',(9.9952908453715,-2.83323934988437,-11.1886628857176));
#9263=CARTESIAN_POINT('Ctrl Pts',(10.0411964501459,-3.56646695908899,-11.1368111820536));
#9264=CARTESIAN_POINT('Ctrl Pts',(10.0641194786249,-3.93305576576314,-11.1266568153057));
#9265=CARTESIAN_POINT('Ctrl Pts',(10.1099167347047,-4.666192406296,-11.1321983100172));
#9266=CARTESIAN_POINT('Ctrl Pts',(10.1556323154044,-5.39926047285229,-11.1810039281278));
#9267=CARTESIAN_POINT('Ctrl Pts',(10.1784727496765,-5.76577993411047,-11.2146003949206));
#9268=CARTESIAN_POINT('Ctrl Pts',(10.2241166888494,-6.49878785103081,-11.3013551214658));
#9269=CARTESIAN_POINT('Ctrl Pts',(10.2696834709103,-7.23173098747525,-11.4289806074946));
#9270=CARTESIAN_POINT('Ctrl Pts',(10.2924473847256,-7.598186202788,-11.5031105922481));
#9271=CARTESIAN_POINT('Ctrl Pts',(10.3265102558223,-8.14779933995448,-11.6582711568526));
#9272=CARTESIAN_POINT('Ctrl Pts',(10.3605186569352,-8.69736674457101,-11.8422849218073));
#9273=CARTESIAN_POINT('Ctrl Pts',(10.3718518634699,-8.88055342181577,-11.9051733893183));
#9274=CARTESIAN_POINT('Ctrl Pts',(10.3945008770053,-9.24691216779964,-12.0401670013327));
#9275=CARTESIAN_POINT('Ctrl Pts',(10.416962472936,-9.61311355950596,-12.2744372664122));
#9276=CARTESIAN_POINT('Ctrl Pts',(10.428108738524,-9.79614328267125,-12.4363498973594));
#9277=CARTESIAN_POINT('Ctrl Pts',(10.4501240609592,-10.1619699868256,-12.9070149188131));
#9278=CARTESIAN_POINT('Ctrl Pts',(10.4715866056058,-10.5273325833007,-13.6704909002749));
#9279=CARTESIAN_POINT('Ctrl Pts',(10.4821794377684,-10.7098976483193,-14.1255617875225));
#9280=CARTESIAN_POINT('Ctrl Pts',(10.5031337670763,-11.0748335513809,-15.1582436312968));
#9281=CARTESIAN_POINT('Ctrl Pts',(10.5237633737853,-11.4394968200225,-16.362933717569));
#9282=CARTESIAN_POINT('Ctrl Pts',(10.5340284664657,-11.6217867176707,-16.9916109153425));
#9283=CARTESIAN_POINT('Ctrl Pts',(10.5443337645668,-11.804110371459,-17.5989909697147));
#9284=CARTESIAN_POINT('Ctrl Pts',(10.5546898885598,-11.9864766982476,-18.1794481293757));
#9285=CARTESIAN_POINT('Ctrl Pts',(10.0041998443577,2.70140114876792,-19.4263292058496));
#9286=CARTESIAN_POINT('Ctrl Pts',(10.0162773131917,2.51758959502549,-19.0949757865845));
#9287=CARTESIAN_POINT('Ctrl Pts',(10.0283854797448,2.33375226773085,-18.747361531952));
#9288=CARTESIAN_POINT('Ctrl Pts',(10.040533963794,2.14988109019848,-18.3783907666515));
#9289=CARTESIAN_POINT('Ctrl Pts',(10.0649826259578,1.78201137404559,-17.5600956367636));
#9290=CARTESIAN_POINT('Ctrl Pts',(10.0896260948285,1.41397809978579,-16.6386097853418));
#9291=CARTESIAN_POINT('Ctrl Pts',(10.1019691268919,1.2299435813427,-16.1665853301206));
#9292=CARTESIAN_POINT('Ctrl Pts',(10.1266120301218,0.861910781990225,-15.245399103284));
#9293=CARTESIAN_POINT('Ctrl Pts',(10.1510774675367,0.494026981474625,-14.4182179843264));
#9294=CARTESIAN_POINT('Ctrl Pts',(10.1632409499265,0.310143211459057,-14.0413024741759));
#9295=CARTESIAN_POINT('Ctrl Pts',(10.1873862317393,-0.0574717890493737,
-13.3837104218397));
#9296=CARTESIAN_POINT('Ctrl Pts',(10.2111580161451,-0.424773204210439,-12.9239630307667));
#9297=CARTESIAN_POINT('Ctrl Pts',(10.222947265501,-0.608342771252493,-12.745281849437));
#9298=CARTESIAN_POINT('Ctrl Pts',(10.2580856252814,-1.1588588798615,-12.3307471758011));
#9299=CARTESIAN_POINT('Ctrl Pts',(10.2927033862635,-1.70893789800641,-12.1919779852664));
#9300=CARTESIAN_POINT('Ctrl Pts',(10.3157047808787,-2.07559250024319,-12.140312428945));
#9301=CARTESIAN_POINT('Ctrl Pts',(10.3615771281651,-2.80879218673476,-12.1060774913379));
#9302=CARTESIAN_POINT('Ctrl Pts',(10.4073074218929,-3.5418726062283,-12.147089496944));
#9303=CARTESIAN_POINT('Ctrl Pts',(10.4301625640676,-3.90840441612034,-12.1728950662849));
#9304=CARTESIAN_POINT('Ctrl Pts',(10.4758495286694,-4.64144845683653,-12.2368588677632));
#9305=CARTESIAN_POINT('Ctrl Pts',(10.5215016890491,-5.37446327621439,-12.3192587531784));
#9306=CARTESIAN_POINT('Ctrl Pts',(10.5443213252026,-5.74096527554344,-12.3638721551709));
#9307=CARTESIAN_POINT('Ctrl Pts',(10.5899360142113,-6.47394863426678,-12.4661209352721));
#9308=CARTESIAN_POINT('Ctrl Pts',(10.6355221434404,-7.20690801443432,-12.5834980665264));
#9309=CARTESIAN_POINT('Ctrl Pts',(10.6583280159245,-7.57339845789993,-12.6354021978423));
#9310=CARTESIAN_POINT('Ctrl Pts',(10.692410284305,-8.12302788086605,-12.7802878610821));
#9311=CARTESIAN_POINT('Ctrl Pts',(10.7265113053756,-8.67267304843644,-12.9152400694439));
#9312=CARTESIAN_POINT('Ctrl Pts',(10.7378923479895,-8.85589988845931,-12.9527893707761));
#9313=CARTESIAN_POINT('Ctrl Pts',(10.7607038567214,-9.22239506407218,-13.0017079350726));
#9314=CARTESIAN_POINT('Ctrl Pts',(10.7834232063547,-9.5888128636647,-13.0994439350876));
#9315=CARTESIAN_POINT('Ctrl Pts',(10.7947142362977,-9.77196412979032,-13.1846736916001));
#9316=CARTESIAN_POINT('Ctrl Pts',(10.8169708476021,-10.1379934180923,-13.5275260062377));
#9317=CARTESIAN_POINT('Ctrl Pts',(10.8386451511087,-10.5035338055625,-14.1788315706455));
#9318=CARTESIAN_POINT('Ctrl Pts',(10.849354206584,-10.6861964507174,-14.5723380092372));
#9319=CARTESIAN_POINT('Ctrl Pts',(10.8705978532109,-11.0513752622177,-15.4517660796165));
#9320=CARTESIAN_POINT('Ctrl Pts',(10.8915668309437,-11.4163234639762,-16.4766885317208));
#9321=CARTESIAN_POINT('Ctrl Pts',(10.9020127263902,-11.5987651621379,-17.0095930110491));
#9322=CARTESIAN_POINT('Ctrl Pts',(10.9124279070392,-11.7811810724086,-17.5587673722875));
#9323=CARTESIAN_POINT('Ctrl Pts',(10.9228331642613,-11.9635886510518,-18.1131982546873));
#9324=CARTESIAN_POINT('Ctrl Pts',(10.372099417893,2.72449380629571,-19.489170381368));
#9325=CARTESIAN_POINT('Ctrl Pts',(10.38417905404,2.54068043289507,-19.1566689184686));
#9326=CARTESIAN_POINT('Ctrl Pts',(10.3962857062911,2.35684437699597,-18.8098568021474));
#9327=CARTESIAN_POINT('Ctrl Pts',(10.4084250752447,2.1729808524228,-18.4457143782628));
#9328=CARTESIAN_POINT('Ctrl Pts',(10.4328738847431,1.80511101256898,-17.6273412040155));
#9329=CARTESIAN_POINT('Ctrl Pts',(10.4574963758475,1.43709535106897,-16.7169674486303));
#9330=CARTESIAN_POINT('Ctrl Pts',(10.4698052523665,1.25308950933977,-16.2630354674126));
#9331=CARTESIAN_POINT('Ctrl Pts',(10.4943396433016,0.885147816016452,-15.3993290993392));
#9332=CARTESIAN_POINT('Ctrl Pts',(10.5186547813251,0.517390205632176,-14.651762809315));
#9333=CARTESIAN_POINT('Ctrl Pts',(10.5307423918223,0.333570137032838,-14.3150372672911));
#9334=CARTESIAN_POINT('Ctrl Pts',(10.5547145695599,-0.0338995267195025,
-13.7491398732641));
#9335=CARTESIAN_POINT('Ctrl Pts',(10.5782512787885,-0.401003574697599,-13.41391374502));
#9336=CARTESIAN_POINT('Ctrl Pts',(10.5899038352035,-0.584458375472,-13.307639943497));
#9337=CARTESIAN_POINT('Ctrl Pts',(10.6246478200295,-1.13464337011684,-13.1020089403598));
#9338=CARTESIAN_POINT('Ctrl Pts',(10.6589686018107,-1.68447304697022,-13.1205520852891));
#9339=CARTESIAN_POINT('Ctrl Pts',(10.6818557965312,-2.0510317679158,-13.1293791563755));
#9340=CARTESIAN_POINT('Ctrl Pts',(10.727507148101,-2.7840459082235,-13.2122074750893));
#9341=CARTESIAN_POINT('Ctrl Pts',(10.7731001515232,-3.51701105990695,-13.3259432894839));
#9342=CARTESIAN_POINT('Ctrl Pts',(10.7959029082985,-3.88349888744913,-13.3794978374822));
#9343=CARTESIAN_POINT('Ctrl Pts',(10.8414968577606,-4.61646483341992,-13.492732526707));
#9344=CARTESIAN_POINT('Ctrl Pts',(10.8870868279696,-5.34942743844259,-13.6080750591587));
#9345=CARTESIAN_POINT('Ctrl Pts',(10.909882449674,-5.71590927543793,-13.6654091131779));
#9346=CARTESIAN_POINT('Ctrl Pts',(10.9554433298368,-6.44884745669731,-13.7961608833902));
#9347=CARTESIAN_POINT('Ctrl Pts',(11.0010014514159,-7.18178332187257,-13.9283738981411));
#9348=CARTESIAN_POINT('Ctrl Pts',(11.0238224169878,-7.54828643737041,-13.9722830962019));
#9349=CARTESIAN_POINT('Ctrl Pts',(11.0578814340081,-8.09789633868596,-14.1294851969801));
#9350=CARTESIAN_POINT('Ctrl Pts',(11.0919596291746,-8.64752234181521,-14.2765284752766));
#9351=CARTESIAN_POINT('Ctrl Pts',(11.1033391043004,-8.83074786578807,-14.3149080879423));
#9352=CARTESIAN_POINT('Ctrl Pts',(11.1261905794343,-9.19727659686286,-14.3426561190736));
#9353=CARTESIAN_POINT('Ctrl Pts',(11.1490388401094,-9.56380262910456,-14.3721068755481));
#9354=CARTESIAN_POINT('Ctrl Pts',(11.160419544893,-9.74702918548789,-14.4098351283826));
#9355=CARTESIAN_POINT('Ctrl Pts',(11.1828605336494,-10.1132132755804,-14.6550211838449));
#9356=CARTESIAN_POINT('Ctrl Pts',(11.2048252739284,-10.478997511373,-15.1524799912034));
#9357=CARTESIAN_POINT('Ctrl Pts',(11.2157361340513,-10.6618295900482,-15.4390888412802));
#9358=CARTESIAN_POINT('Ctrl Pts',(11.2374143141894,-11.0273732323062,-16.0883409219637));
#9359=CARTESIAN_POINT('Ctrl Pts',(11.2587775507224,-11.3926524505069,-16.9044212313845));
#9360=CARTESIAN_POINT('Ctrl Pts',(11.2693866822972,-11.5752312003777,-17.3508581853608));
#9361=CARTESIAN_POINT('Ctrl Pts',(11.2799230642577,-11.7577488702715,-17.8358312108997));
#9362=CARTESIAN_POINT('Ctrl Pts',(11.2904187538893,-11.9402323752209,-18.3423592991361));
#9363=CARTESIAN_POINT('Ctrl Pts',(10.5560524204168,2.73603743513718,-19.5188875565162));
#9364=CARTESIAN_POINT('Ctrl Pts',(10.5681384205343,2.55221871859934,-19.1830150459035));
#9365=CARTESIAN_POINT('Ctrl Pts',(10.5802496378407,2.36837882991734,-18.8337847820441));
#9366=CARTESIAN_POINT('Ctrl Pts',(10.5923837823257,2.18451969176503,-18.4724098023519));
#9367=CARTESIAN_POINT('Ctrl Pts',(10.6168191048187,1.81666117548992,-17.6611808062811));
#9368=CARTESIAN_POINT('Ctrl Pts',(10.6414020583851,1.4486787093812,-16.7717504112924));
#9369=CARTESIAN_POINT('Ctrl Pts',(10.6536725470368,1.26470509778929,-16.3381528004286));
#9370=CARTESIAN_POINT('Ctrl Pts',(10.6781211396314,0.896835440046139,-15.5198945219316));
#9371=CARTESIAN_POINT('Ctrl Pts',(10.7023442413782,0.529155102561977,-14.8210806078603));
#9372=CARTESIAN_POINT('Ctrl Pts',(10.7143902225172,0.345369985628935,-14.5064064806744));
#9373=CARTESIAN_POINT('Ctrl Pts',(10.7382647368173,-0.0220176807055023,
-13.9922422160994));
#9374=CARTESIAN_POINT('Ctrl Pts',(10.7616757916935,-0.389016230324068,-13.7235762360911));
#9375=CARTESIAN_POINT('Ctrl Pts',(10.7732565412863,-0.57241074268187,-13.6553391013272));
#9376=CARTESIAN_POINT('Ctrl Pts',(10.8077902606905,-1.12241920021006,-13.5610874286912));
#9377=CARTESIAN_POINT('Ctrl Pts',(10.8419738706823,-1.67213370875854,-13.6522916034206));
#9378=CARTESIAN_POINT('Ctrl Pts',(10.8648218781789,-2.03865952843366,-13.6818764706408));
#9379=CARTESIAN_POINT('Ctrl Pts',(10.9103792404756,-2.77159475612166,-13.8144916835582));
#9380=CARTESIAN_POINT('Ctrl Pts',(10.9559165641289,-3.50451315952963,-13.9577215314127));
#9381=CARTESIAN_POINT('Ctrl Pts',(10.9786987217693,-3.8709836922078,-14.0221876112731));
#9382=CARTESIAN_POINT('Ctrl Pts',(11.0242506201629,-4.60391433244772,-14.1576970988096));
#9383=CARTESIAN_POINT('Ctrl Pts',(11.0698122756163,-5.33685316463472,-14.2880381911744));
#9384=CARTESIAN_POINT('Ctrl Pts',(11.092595720522,-5.70332477809018,-14.3518223960131));
#9385=CARTESIAN_POINT('Ctrl Pts',(11.1381224179798,-6.43623425983193,-14.5006810273698));
#9386=CARTESIAN_POINT('Ctrl Pts',(11.18365473826,-7.16914846244909,-14.646561203253));
#9387=CARTESIAN_POINT('Ctrl Pts',(11.2064702732287,-7.53564701845714,-14.693347036715));
#9388=CARTESIAN_POINT('Ctrl Pts',(11.2405152882515,-8.085245163811,-14.8579661111441));
#9389=CARTESIAN_POINT('Ctrl Pts',(11.2745604882684,-8.63484346448435,-15.0224871926946));
#9390=CARTESIAN_POINT('Ctrl Pts',(11.2859277031384,-8.81805869484727,-15.0673611641999));
#9391=CARTESIAN_POINT('Ctrl Pts',(11.3087551244853,-9.18456723056064,-15.1078506849212));
#9392=CARTESIAN_POINT('Ctrl Pts',(11.3315962738069,-9.55108729216851,-15.1410683840759));
#9393=CARTESIAN_POINT('Ctrl Pts',(11.3429792625325,-9.73431576613075,-15.1775868139479));
#9394=CARTESIAN_POINT('Ctrl Pts',(11.3654804746867,-10.1005504192921,-15.3908720382247));
#9395=CARTESIAN_POINT('Ctrl Pts',(11.3876422889003,-10.4665001167374,-15.7839391547717));
#9396=CARTESIAN_POINT('Ctrl Pts',(11.3986894284978,-10.6494466145372,-15.998359641624));
#9397=CARTESIAN_POINT('Ctrl Pts',(11.4206317589499,-11.0152120352237,-16.5076891193409));
#9398=CARTESIAN_POINT('Ctrl Pts',(11.4421913737832,-11.3806561310281,-17.2197462212329));
#9399=CARTESIAN_POINT('Ctrl Pts',(11.4528712374573,-11.5632942669871,-17.6287157980294));
#9400=CARTESIAN_POINT('Ctrl Pts',(11.4634721514073,-11.7458661174079,-18.0795056957194));
#9401=CARTESIAN_POINT('Ctrl Pts',(11.4740236835318,-11.9283965072546,-18.5564535542562));
#9402=CARTESIAN_POINT('Ctrl Pts',(10.9239204239771,2.75915659855596,-19.5984516085023));
#9403=CARTESIAN_POINT('Ctrl Pts',(10.9360282666448,2.57531954319284,-19.2510089186499));
#9404=CARTESIAN_POINT('Ctrl Pts',(10.9481638318713,2.39145921219767,-18.8888813604591));
#9405=CARTESIAN_POINT('Ctrl Pts',(10.9603349882733,2.20756899914453,-18.507900862585));
#9406=CARTESIAN_POINT('Ctrl Pts',(10.9847353783179,1.83973981186548,-17.7151758729621));
#9407=CARTESIAN_POINT('Ctrl Pts',(11.0090901965499,1.47194888630492,-16.9465906487892));
#9408=CARTESIAN_POINT('Ctrl Pts',(11.0212280915823,1.28808659922392,-16.5832289731769));
#9409=CARTESIAN_POINT('Ctrl Pts',(11.0454100567879,0.920440799640948,-15.9062054246889));
#9410=CARTESIAN_POINT('Ctrl Pts',(11.0693822979487,0.552971082639035,-15.3402744348884));
#9411=CARTESIAN_POINT('Ctrl Pts',(11.081328799293,0.36926948812244,-15.0782955765602));
#9412=CARTESIAN_POINT('Ctrl Pts',(11.1050443277311,0.00201530500862135,
-14.6483474362057));
#9413=CARTESIAN_POINT('Ctrl Pts',(11.1281851755257,-0.364756380969253,-14.5228123789983));
#9414=CARTESIAN_POINT('Ctrl Pts',(11.1395767689653,-0.547992079378505,-14.5547728208068));
#9415=CARTESIAN_POINT('Ctrl Pts',(11.173697582455,-1.09765386450103,-14.6792408212841));
#9416=CARTESIAN_POINT('Ctrl Pts',(11.2077147603976,-1.6472286380715,-14.8586054270482));
#9417=CARTESIAN_POINT('Ctrl Pts',(11.2305030071466,-2.01370428311501,-14.9198460558544));
#9418=CARTESIAN_POINT('Ctrl Pts',(11.2759198333336,-2.74652151784262,-15.1269044067435));
#9419=CARTESIAN_POINT('Ctrl Pts',(11.3213917393984,-3.47938499718202,-15.3047864914869));
#9420=CARTESIAN_POINT('Ctrl Pts',(11.3441397546518,-3.84582686419308,-15.387338075813));
#9421=CARTESIAN_POINT('Ctrl Pts',(11.3896261370519,-4.57870249774443,-15.5575519261583));
#9422=CARTESIAN_POINT('Ctrl Pts',(11.4351344982198,-5.31159658448814,-15.716123441739));
#9423=CARTESIAN_POINT('Ctrl Pts',(11.4578871574838,-5.67804235057234,-15.7962150552427));
#9424=CARTESIAN_POINT('Ctrl Pts',(11.503357680765,-6.41090466893802,-15.9748296118793));
#9425=CARTESIAN_POINT('Ctrl Pts',(11.5488238398596,-7.1437633231686,-16.1557559141766));
#9426=CARTESIAN_POINT('Ctrl Pts',(11.571580609162,-7.51021254000713,-16.2336704064282));
#9427=CARTESIAN_POINT('Ctrl Pts',(11.605612164222,-8.05979938448702,-16.4054193343457));
#9428=CARTESIAN_POINT('Ctrl Pts',(11.6396292737185,-8.60937410059074,-16.5848201965637));
#9429=CARTESIAN_POINT('Ctrl Pts',(11.6509726168103,-8.79256928840536,-16.6423392460762));
#9430=CARTESIAN_POINT('Ctrl Pts',(11.6736977533148,-9.15899194660726,-16.7370098926392));
#9431=CARTESIAN_POINT('Ctrl Pts',(11.6964250620243,-9.52541642857465,-16.8305299042314));
#9432=CARTESIAN_POINT('Ctrl Pts',(11.7077633493738,-9.70860737162959,-16.8907270222381));
#9433=CARTESIAN_POINT('Ctrl Pts',(11.7303076131654,-10.0748781705912,-17.0812074386265));
#9434=CARTESIAN_POINT('Ctrl Pts',(11.7528706089899,-10.4411646968134,-17.2617653424605));
#9435=CARTESIAN_POINT('Ctrl Pts',(11.7642628143007,-10.6244009089447,-17.2934016710786));
#9436=CARTESIAN_POINT('Ctrl Pts',(11.7867701683779,-10.990640718814,-17.5034334680116));
#9437=CARTESIAN_POINT('Ctrl Pts',(11.8086856879531,-11.3563836293091,-18.0269648886484));
#9438=CARTESIAN_POINT('Ctrl Pts',(11.8195085530809,-11.539141828111,-18.3601854143695));
#9439=CARTESIAN_POINT('Ctrl Pts',(11.8302491835379,-11.7218309833605,-18.7369663244216));
#9440=CARTESIAN_POINT('Ctrl Pts',(11.8409273758513,-11.9044677160588,-19.1468212347733));
#9441=CARTESIAN_POINT('Ctrl Pts',(11.2915651535608,2.78246322096691,-19.7962857299216));
#9442=CARTESIAN_POINT('Ctrl Pts',(11.3036695071841,2.59862909497678,-19.4506912157326));
#9443=CARTESIAN_POINT('Ctrl Pts',(11.3157973967834,2.41477520837496,-19.0926295006333));
#9444=CARTESIAN_POINT('Ctrl Pts',(11.3279599187916,2.2308922446878,-18.716222712498));
#9445=CARTESIAN_POINT('Ctrl Pts',(11.3522288571397,1.86317342317063,-17.9931287721506));
#9446=CARTESIAN_POINT('Ctrl Pts',(11.3762909891934,1.49562823451526,-17.3795818339681));
#9447=CARTESIAN_POINT('Ctrl Pts',(11.3882906759393,1.31188198597348,-17.089430229162));
#9448=CARTESIAN_POINT('Ctrl Pts',(11.4121079581772,0.944542371207149,-16.6055822605957));
#9449=CARTESIAN_POINT('Ctrl Pts',(11.435617867481,0.577460824225264,-16.2845522738847));
#9450=CARTESIAN_POINT('Ctrl Pts',(11.4473441337999,0.393944137222466,-16.13923372746));
#9451=CARTESIAN_POINT('Ctrl Pts',(11.4707984038293,0.0269093045171798,-15.8476763239138));
#9452=CARTESIAN_POINT('Ctrl Pts',(11.4937184809395,-0.33967702421208,-15.8390853215615));
#9453=CARTESIAN_POINT('Ctrl Pts',(11.5049764283926,-0.522800514551579,-15.9418391462164));
#9454=CARTESIAN_POINT('Ctrl Pts',(11.5389398186606,-1.07233012843345,-16.1496955274157));
#9455=CARTESIAN_POINT('Ctrl Pts',(11.5729983869657,-1.62193965301149,-16.3071353162889));
#9456=CARTESIAN_POINT('Ctrl Pts',(11.595741539207,-1.98837743707765,-16.3922628782772));
#9457=CARTESIAN_POINT('Ctrl Pts',(11.6411617694208,-2.72119752979809,-16.5975180880854));
#9458=CARTESIAN_POINT('Ctrl Pts',(11.6866359425968,-3.45406291258537,-16.774199265307));
#9459=CARTESIAN_POINT('Ctrl Pts',(11.7093744882486,-3.82049682899698,-16.861766975766));
#9460=CARTESIAN_POINT('Ctrl Pts',(11.7548466135994,-4.55336049244708,-17.0395329029133));
#9461=CARTESIAN_POINT('Ctrl Pts',(11.8003178333712,-5.2862233955805,-17.2177785227389));
#9462=CARTESIAN_POINT('Ctrl Pts',(11.8230463952499,-5.65264892969842,-17.3106347202673));
#9463=CARTESIAN_POINT('Ctrl Pts',(11.8684890827645,-6.38548787738368,-17.5039941123659));
#9464=CARTESIAN_POINT('Ctrl Pts',(11.9139021975379,-7.11830199603896,-17.7130184297134));
#9465=CARTESIAN_POINT('Ctrl Pts',(11.9365956311239,-7.48469803673162,-17.824482373994));
#9466=CARTESIAN_POINT('Ctrl Pts',(11.9706265610486,-8.03428435635303,-17.9965624412583));
#9467=CARTESIAN_POINT('Ctrl Pts',(12.0046519857156,-8.58386605380542,-18.171558688993));
#9468=CARTESIAN_POINT('Ctrl Pts',(12.0159830031615,-8.76705089310925,-18.2356067349263));
#9469=CARTESIAN_POINT('Ctrl Pts',(12.0386259882789,-9.13340457768305,-18.3737936497162));
#9470=CARTESIAN_POINT('Ctrl Pts',(12.0612666138843,-9.49975628123,-18.5132304174988));
#9471=CARTESIAN_POINT('Ctrl Pts',(12.0725814121627,-9.68292750305427,-18.5858698904651));
#9472=CARTESIAN_POINT('Ctrl Pts',(12.0952032328595,-10.0492634181548,-18.7352677736306));
#9473=CARTESIAN_POINT('Ctrl Pts',(12.118028695132,-10.4157703090454,-18.7767950322597));
#9474=CARTESIAN_POINT('Ctrl Pts',(12.129588466152,-10.5991472079664,-18.7196704207206));
#9475=CARTESIAN_POINT('Ctrl Pts',(12.1524293378554,-10.9656670364883,-18.7530351765438));
#9476=CARTESIAN_POINT('Ctrl Pts',(12.1746722070621,-11.3316847870382,-19.1031667938062));
#9477=CARTESIAN_POINT('Ctrl Pts',(12.1856473418539,-11.5145708301962,-19.3557288208816));
#9478=CARTESIAN_POINT('Ctrl Pts',(12.1965348917232,-11.6973833377745,-19.6546853048062));
#9479=CARTESIAN_POINT('Ctrl Pts',(12.2073517654423,-11.880136506239,-19.9910795292147));
#9480=CARTESIAN_POINT('Ctrl Pts',(11.4752947803052,2.79419439427339,-19.9443269003088));
#9481=CARTESIAN_POINT('Ctrl Pts',(11.4873802522997,2.61037612114328,-19.6087341408114));
#9482=CARTESIAN_POINT('Ctrl Pts',(11.4994809310577,2.42654508053979,-19.2650862331122));
#9483=CARTESIAN_POINT('Ctrl Pts',(11.5115958997962,2.24270204218627,-18.9138688046741));
#9484=CARTESIAN_POINT('Ctrl Pts',(11.5357459587998,1.87508303078784,-18.2537462349524));
#9485=CARTESIAN_POINT('Ctrl Pts',(11.5597081786911,1.50762172756124,-17.693123594347));
#9486=CARTESIAN_POINT('Ctrl Pts',(11.5716781118924,1.32390045985047,-17.4187326878496));
#9487=CARTESIAN_POINT('Ctrl Pts',(11.5953150987679,0.956712219585782,-17.0303886618429));
#9488=CARTESIAN_POINT('Ctrl Pts',(11.618485077703,0.589916075342239,-16.8894225989216));
#9489=CARTESIAN_POINT('Ctrl Pts',(11.6300440430571,0.406539852851764,-16.8327247552577));
#9490=CARTESIAN_POINT('Ctrl Pts',(11.653193185343,0.039761202887369,-16.7027960375492));
#9491=CARTESIAN_POINT('Ctrl Pts',(11.6760613238065,-0.326781518581793,-16.7217173653331));
#9492=CARTESIAN_POINT('Ctrl Pts',(11.6873694484239,-0.509947137255325,-16.7978919315914));
#9493=CARTESIAN_POINT('Ctrl Pts',(11.7214161834516,-1.05954672671107,-16.9615999052618));
#9494=CARTESIAN_POINT('Ctrl Pts',(11.7555314061061,-1.60920381781432,-17.0890294173662));
#9495=CARTESIAN_POINT('Ctrl Pts',(11.778261140225,-1.97563033613548,-17.1812646695596));
#9496=CARTESIAN_POINT('Ctrl Pts',(11.8237343823533,-2.70849493722277,-17.3584390304504));
#9497=CARTESIAN_POINT('Ctrl Pts',(11.8692238103555,-3.44137312783656,-17.5270396002123));
#9498=CARTESIAN_POINT('Ctrl Pts',(11.8919663777411,-3.80781042086269,-17.612476965094));
#9499=CARTESIAN_POINT('Ctrl Pts',(11.9374451961171,-4.54067970372161,-17.7866975415325));
#9500=CARTESIAN_POINT('Ctrl Pts',(11.9829082407498,-5.2735357430756,-17.9692736000318));
#9501=CARTESIAN_POINT('Ctrl Pts',(12.0056309438913,-5.639956358246,-18.0652332190479));
#9502=CARTESIAN_POINT('Ctrl Pts',(12.0510666738707,-6.37278946444206,-18.2622780749723));
#9503=CARTESIAN_POINT('Ctrl Pts',(12.0964671609348,-7.1055929809765,-18.4779913942835));
#9504=CARTESIAN_POINT('Ctrl Pts',(12.1191479689292,-7.47197842132638,-18.5961432187391));
#9505=CARTESIAN_POINT('Ctrl Pts',(12.1531845495161,-8.02156948519729,-18.7652300835374));
#9506=CARTESIAN_POINT('Ctrl Pts',(12.1872087553082,-8.57115015929239,-18.9408719793499));
#9507=CARTESIAN_POINT('Ctrl Pts',(12.1985400207524,-8.75433520681349,-19.0047886585729));
#9508=CARTESIAN_POINT('Ctrl Pts',(12.2211838100734,-9.12068956659,-19.1425495800735));
#9509=CARTESIAN_POINT('Ctrl Pts',(12.2438356998959,-9.48705072748089,-19.2760195990173));
#9510=CARTESIAN_POINT('Ctrl Pts',(12.2551653886324,-9.67023445121119,-19.3407714733317));
#9511=CARTESIAN_POINT('Ctrl Pts',(12.2778735912735,-10.0366428918809,-19.4444121271682));
#9512=CARTESIAN_POINT('Ctrl Pts',(12.3007711745028,-10.4032103349329,-19.4477363193243));
#9513=CARTESIAN_POINT('Ctrl Pts',(12.3123014462985,-10.586562466548,-19.406237690546));
#9514=CARTESIAN_POINT('Ctrl Pts',(12.3351820681218,-10.9531156689432,-19.4185464795527));
#9515=CARTESIAN_POINT('Ctrl Pts',(12.3575788262553,-11.319262623369,-19.6871618612877));
#9516=CARTESIAN_POINT('Ctrl Pts',(12.3686322163619,-11.5022143690448,-19.8982714018252));
#9517=CARTESIAN_POINT('Ctrl Pts',(12.37959251605,-11.6850879567719,-20.1586917058678));
#9518=CARTESIAN_POINT('Ctrl Pts',(12.3904781193752,-11.8678988300477,-20.4586792902801));
#9519=CARTESIAN_POINT('Ctrl Pts',(11.6589312656826,2.80600376830463,-20.1417058220666));
#9520=CARTESIAN_POINT('Ctrl Pts',(11.6709876474246,2.62220991911094,-19.8215224095566));
#9521=CARTESIAN_POINT('Ctrl Pts',(11.68305125218,2.43841000553472,-19.4975129072183));
#9522=CARTESIAN_POINT('Ctrl Pts',(11.6951151904455,2.25460981194615,-19.173326741812));
#9523=CARTESIAN_POINT('Ctrl Pts',(11.7191612812557,1.88707809138667,-18.5682769827597));
#9524=CARTESIAN_POINT('Ctrl Pts',(11.7430153424622,1.51970759730128,-18.0649468908419));
#9525=CARTESIAN_POINT('Ctrl Pts',(11.7549252512314,1.33603672560938,-17.8223514217439));
#9526=CARTESIAN_POINT('Ctrl Pts',(11.7783788002432,0.969002498264527,-17.531175947173));
#9527=CARTESIAN_POINT('Ctrl Pts',(11.8012772675341,0.602434312961617,-17.5340318445906));
#9528=CARTESIAN_POINT('Ctrl Pts',(11.8126959609122,0.41917586166721,-17.5516372251942));
#9529=CARTESIAN_POINT('Ctrl Pts',(11.8355908832863,0.0526106526472481,-17.5563708943156));
#9530=CARTESIAN_POINT('Ctrl Pts',(11.8584120119423,-0.313892599774649,-17.6001937053852));
#9531=CARTESIAN_POINT('Ctrl Pts',(11.8697657876393,-0.497096546718621,-17.6521865177915));
#9532=CARTESIAN_POINT('Ctrl Pts',(11.9038983018313,-1.04676815565435,-17.7704565596778));
#9533=CARTESIAN_POINT('Ctrl Pts',(11.9380701706563,-1.5964728064159,-17.8678801274175));
#9534=CARTESIAN_POINT('Ctrl Pts',(11.9608061301507,-1.96290455151107,-17.9568177467937));
#9535=CARTESIAN_POINT('Ctrl Pts',(12.0063261680067,-2.69580844190598,-18.1092040242342));
#9536=CARTESIAN_POINT('Ctrl Pts',(12.0518384946507,-3.4287058580309,-18.2656749942948));
#9537=CARTESIAN_POINT('Ctrl Pts',(12.0745875517879,-3.79514859979904,-18.3476746841534));
#9538=CARTESIAN_POINT('Ctrl Pts',(12.1200750428891,-4.52802516420662,-18.517301246423));
#9539=CARTESIAN_POINT('Ctrl Pts',(12.1655371574133,-5.26088042264914,-18.7003699911006));
#9540=CARTESIAN_POINT('Ctrl Pts',(12.188258434339,-5.62729984038057,-18.7970850883578));
#9541=CARTESIAN_POINT('Ctrl Pts',(12.2336904555844,-6.36012983275401,-18.9960944913668));
#9542=CARTESIAN_POINT('Ctrl Pts',(12.2790873135706,-7.09293030234458,-19.21373016319));
#9543=CARTESIAN_POINT('Ctrl Pts',(12.3017677110397,-7.4593153980208,-19.3320994462884));
#9544=CARTESIAN_POINT('Ctrl Pts',(12.3358089730436,-8.00891039237088,-19.49870652583));
#9545=CARTESIAN_POINT('Ctrl Pts',(12.3698396533589,-8.55849650242232,-19.6709188132429));
#9546=CARTESIAN_POINT('Ctrl Pts',(12.3811758539395,-8.74168569344328,-19.732221309965));
#9547=CARTESIAN_POINT('Ctrl Pts',(12.4038355231497,-9.10805338584408,-19.8615705229553));
#9548=CARTESIAN_POINT('Ctrl Pts',(12.4265160044109,-9.47443855187141,-19.9798954207148));
#9549=CARTESIAN_POINT('Ctrl Pts',(12.4378665728846,-9.65763980605718,-20.0335871257489));
#9550=CARTESIAN_POINT('Ctrl Pts',(12.4606339360832,-10.0240979174438,-20.10588994367));
#9551=CARTESIAN_POINT('Ctrl Pts',(12.4835640635929,-10.3906926844056,-20.0919751617477));
#9552=CARTESIAN_POINT('Ctrl Pts',(12.4950837150062,-10.5740358992351,-20.0561022372269));
#9553=CARTESIAN_POINT('Ctrl Pts',(12.5179829470193,-10.9406047265924,-20.0585530550088));
#9554=CARTESIAN_POINT('Ctrl Pts',(12.5404744642958,-11.3068312400144,-20.2769737360527));
#9555=CARTESIAN_POINT('Ctrl Pts',(12.5515899679684,-11.4898351357287,-20.455181207693));
#9556=CARTESIAN_POINT('Ctrl Pts',(12.5626123474412,-11.6727608451318,-20.6827173370966));
#9557=CARTESIAN_POINT('Ctrl Pts',(12.573559333095,-11.8556232545053,-20.9501901950629));
#9558=CARTESIAN_POINT('Ctrl Pts',(11.8424900172344,2.81787840701564,-20.3802609931897));
#9559=CARTESIAN_POINT('Ctrl Pts',(11.8545118237991,2.63411358685619,-20.0783923377119));
#9560=CARTESIAN_POINT('Ctrl Pts',(11.8665337417336,2.45034867319147,-19.7764646886659));
#9561=CARTESIAN_POINT('Ctrl Pts',(11.8785456993382,2.26659212213774,-19.4798131086489));
#9562=CARTESIAN_POINT('Ctrl Pts',(11.9024880195298,1.8991475265352,-18.9297315033586));
#9563=CARTESIAN_POINT('Ctrl Pts',(11.9262235488602,1.53187655083687,-18.4891887251445));
#9564=CARTESIAN_POINT('Ctrl Pts',(11.93805743509,1.34826950704302,-18.2868630230326));
#9565=CARTESIAN_POINT('Ctrl Pts',(11.9613487088178,0.981371524690351,-18.081646106647));
#9566=CARTESIAN_POINT('Ctrl Pts',(11.9840790015397,0.61494453737076,-18.1735854622517));
#9567=CARTESIAN_POINT('Ctrl Pts',(11.9954044529909,0.431764371230314,-18.2405818615932));
#9568=CARTESIAN_POINT('Ctrl Pts',(12.0181304427967,0.0653409966036034,-18.3348005073681));
#9569=CARTESIAN_POINT('Ctrl Pts',(12.0408970788312,-0.301116504261979,-18.4074885101235));
#9570=CARTESIAN_POINT('Ctrl Pts',(12.0522681755673,-0.484334993807741,-18.4503062250656));
#9571=CARTESIAN_POINT('Ctrl Pts',(12.0864374292776,-1.03403744894055,-18.5491150406444));
#9572=CARTESIAN_POINT('Ctrl Pts',(12.1206501430235,-1.58377639276134,-18.6249027164457));
#9573=CARTESIAN_POINT('Ctrl Pts',(12.1433994866859,-1.95021937509375,-18.7067506314908));
#9574=CARTESIAN_POINT('Ctrl Pts',(12.1889547277694,-2.68315282182861,-18.8404894685618));
#9575=CARTESIAN_POINT('Ctrl Pts',(12.2344880171113,-3.41606783806198,-18.9858563244705));
#9576=CARTESIAN_POINT('Ctrl Pts',(12.2572438748296,-3.78251628954208,-19.064253690307));
#9577=CARTESIAN_POINT('Ctrl Pts',(12.3027409172188,-4.51540087313241,-19.2288208564419));
#9578=CARTESIAN_POINT('Ctrl Pts',(12.3482054773801,-5.24825818491171,-19.4105941269428));
#9579=CARTESIAN_POINT('Ctrl Pts',(12.3709276071946,-5.61467831872147,-19.5068574420141));
#9580=CARTESIAN_POINT('Ctrl Pts',(12.4163599590779,-6.3475085886958,-19.7056917033768));
#9581=CARTESIAN_POINT('Ctrl Pts',(12.4617597785526,-7.0803115447278,-19.9217586502276));
#9582=CARTESIAN_POINT('Ctrl Pts',(12.4844452007729,-7.4467008591437,-20.0374662811506));
#9583=CARTESIAN_POINT('Ctrl Pts',(12.5184938140001,-7.99630202552037,-20.200179356971));
#9584=CARTESIAN_POINT('Ctrl Pts',(12.5525391386235,-8.54590043081232,-20.3646344334263));
#9585=CARTESIAN_POINT('Ctrl Pts',(12.5638831760381,-8.72909620157453,-20.4217856944808));
#9586=CARTESIAN_POINT('Ctrl Pts',(12.5865656625703,-9.09548305121097,-20.5390483835684));
#9587=CARTESIAN_POINT('Ctrl Pts',(12.6092795695624,-9.46189628120676,-20.6396673955785));
#9588=CARTESIAN_POINT('Ctrl Pts',(12.6206507880401,-9.64511487296575,-20.6824206230029));
#9589=CARTESIAN_POINT('Ctrl Pts',(12.6434624550731,-10.0116101814869,-20.7312553339177));
#9590=CARTESIAN_POINT('Ctrl Pts',(12.6664078539613,-10.3782177701724,-20.7092511766248));
#9591=CARTESIAN_POINT('Ctrl Pts',(12.6779167741809,-10.56155197518,-20.679062654072));
#9592=CARTESIAN_POINT('Ctrl Pts',(12.7008213263239,-10.9281252692746,-20.6786953551088));
#9593=CARTESIAN_POINT('Ctrl Pts',(12.7233795488385,-11.2944077878651,-20.861781720649));
#9594=CARTESIAN_POINT('Ctrl Pts',(12.7345437991057,-11.4774526108189,-21.0141677185172));
#9595=CARTESIAN_POINT('Ctrl Pts',(12.7456181792626,-11.6604219795682,-21.2141586560415));
#9596=CARTESIAN_POINT('Ctrl Pts',(12.7566185471209,-11.8433292082009,-21.4533545194241));
#9597=CARTESIAN_POINT('',(-4.95000010728836,4.95000010728836,16.32));
#9598=UNCERTAINTY_MEASURE_WITH_UNIT(LENGTH_MEASURE(0.01),#9604,
'DISTANCE_ACCURACY_VALUE',
'Maximum model space distance between geometric entities at asserted c
onnectivities');
#9599=UNCERTAINTY_MEASURE_WITH_UNIT(LENGTH_MEASURE(0.01),#9604,
'DISTANCE_ACCURACY_VALUE',
'Maximum model space distance between geometric entities at asserted c
onnectivities');
#9600=UNCERTAINTY_MEASURE_WITH_UNIT(LENGTH_MEASURE(0.01),#9604,
'DISTANCE_ACCURACY_VALUE',
'Maximum model space distance between geometric entities at asserted c
onnectivities');
#9601=(
GEOMETRIC_REPRESENTATION_CONTEXT(3)
GLOBAL_UNCERTAINTY_ASSIGNED_CONTEXT((#9598))
GLOBAL_UNIT_ASSIGNED_CONTEXT((#9604,#9606,#9607))
REPRESENTATION_CONTEXT('','3D')
);
#9602=(
GEOMETRIC_REPRESENTATION_CONTEXT(3)
GLOBAL_UNCERTAINTY_ASSIGNED_CONTEXT((#9599))
GLOBAL_UNIT_ASSIGNED_CONTEXT((#9604,#9606,#9607))
REPRESENTATION_CONTEXT('','3D')
);
#9603=(
GEOMETRIC_REPRESENTATION_CONTEXT(3)
GLOBAL_UNCERTAINTY_ASSIGNED_CONTEXT((#9600))
GLOBAL_UNIT_ASSIGNED_CONTEXT((#9604,#9606,#9607))
REPRESENTATION_CONTEXT('','3D')
);
#9604=(
LENGTH_UNIT()
NAMED_UNIT(*)
SI_UNIT(.MILLI.,.METRE.)
);
#9605=(
LENGTH_UNIT()
NAMED_UNIT(*)
SI_UNIT($,.METRE.)
);
#9606=(
NAMED_UNIT(*)
PLANE_ANGLE_UNIT()
SI_UNIT($,.RADIAN.)
);
#9607=(
NAMED_UNIT(*)
SI_UNIT($,.STERADIAN.)
SOLID_ANGLE_UNIT()
);
#9608=SHAPE_DEFINITION_REPRESENTATION(#9610,#9613);
#9609=SHAPE_DEFINITION_REPRESENTATION(#9611,#9614);
#9610=PRODUCT_DEFINITION_SHAPE('',$,#9616);
#9611=PRODUCT_DEFINITION_SHAPE('',$,#9617);
#9612=PRODUCT_DEFINITION_SHAPE($,$,#14);
#9613=SHAPE_REPRESENTATION('',(#882,#954),#9601);
#9614=SHAPE_REPRESENTATION('',(#883),#9602);
#9615=PRODUCT_DEFINITION_CONTEXT('part definition',#9623,'design');
#9616=PRODUCT_DEFINITION('keycap-low-profile-resin-cad',
'keycap-low-profile-resin-cad v4',#9618,#9615);
#9617=PRODUCT_DEFINITION('Keycap','Keycap',#9619,#9615);
#9618=PRODUCT_DEFINITION_FORMATION('',$,#9625);
#9619=PRODUCT_DEFINITION_FORMATION('',$,#9626);
#9620=PRODUCT_RELATED_PRODUCT_CATEGORY(
'keycap-low-profile-resin-cad v4','keycap-low-profile-resin-cad v4',(#9625));
#9621=PRODUCT_RELATED_PRODUCT_CATEGORY('Keycap','Keycap',(#9626));
#9622=APPLICATION_PROTOCOL_DEFINITION('international standard',
'automotive_design',2009,#9623);
#9623=APPLICATION_CONTEXT(
'Core Data for Automotive Mechanical Design Process');
#9624=PRODUCT_CONTEXT('part definition',#9623,'mechanical');
#9625=PRODUCT('keycap-low-profile-resin-cad',
'keycap-low-profile-resin-cad v4',$,(#9624));
#9626=PRODUCT('Keycap','Keycap',$,(#9624));
#9627=PRESENTATION_STYLE_ASSIGNMENT((#9629));
#9628=PRESENTATION_STYLE_ASSIGNMENT((#9630));
#9629=SURFACE_STYLE_USAGE(.BOTH.,#9631);
#9630=SURFACE_STYLE_USAGE(.BOTH.,#9632);
#9631=SURFACE_SIDE_STYLE('',(#9633));
#9632=SURFACE_SIDE_STYLE('',(#9634));
#9633=SURFACE_STYLE_FILL_AREA(#9635);
#9634=SURFACE_STYLE_FILL_AREA(#9636);
#9635=FILL_AREA_STYLE('Steel - Satin',(#9637));
#9636=FILL_AREA_STYLE('Plastic - Matte (Black)',(#9638));
#9637=FILL_AREA_STYLE_COLOUR('Steel - Satin',#9639);
#9638=FILL_AREA_STYLE_COLOUR('Plastic - Matte (Black)',#9640);
#9639=COLOUR_RGB('Steel - Satin',0.627450980392157,0.627450980392157,0.627450980392157);
#9640=COLOUR_RGB('Plastic - Matte (Black)',0.0980392156862745,0.0980392156862745,
0.0980392156862745);
ENDSEC;
END-ISO-10303-21;
