  0
SECTION
  2
HEADER
  9
$ACADVER
  1
AC1006
  9
$EXTMIN
 10
0.000000
 20
0.000000
 30
0.000000
  9
$EXTMAX
 10
25605.000000
 20
50000.000000
 30
0.000000
  0
ENDSEC
  0
SECTION
  2
ENTITIES
  0
POLYLINE
  8
0
 66
1
 70
1
  0
VERTEX
  8
0
 10
2544.000000
 20
49050.320470
 42
0.003060
  0
VERTEX
  8
0
 10
2535.901256
 20
49050.156687
 42
0.001237
  0
VERTEX
  8
0
 10
2524.856250
 20
49049.838327
 42
0.001224
  0
VERTEX
  8
0
 10
2512.971286
 20
49049.437193
 42
0.001554
  0
VERTEX
  8
0
 10
2502.000000
 20
49049.005848
 42
0.037394
  0
VERTEX
  8
0
 10
2262.046223
 20
49020.764264
 42
0.037246
  0
VERTEX
  8
0
 10
2028.648693
 20
48957.081354
 42
0.037240
  0
VERTEX
  8
0
 10
1807.243366
 20
48859.460952
 42
0.037350
  0
VERTEX
  8
0
 10
1603.000000
 20
48730.160454
 42
0.018385
  0
VERTEX
  8
0
 10
1510.315651
 20
48655.849871
 42
0.018211
  0
VERTEX
  8
0
 10
1423.037413
 20
48574.705098
 42
0.018226
  0
VERTEX
  8
0
 10
1341.961597
 20
48487.489813
 42
0.018485
  0
VERTEX
  8
0
 10
1267.851509
 20
48395.000000
 42
0.023612
  0
VERTEX
  8
0
 10
1182.260003
 20
48267.535964
 42
0.023535
  0
VERTEX
  8
0
 10
1108.967809
 20
48132.433017
 42
0.023583
  0
VERTEX
  8
0
 10
1048.833289
 20
47991.320231
 42
0.023946
  0
VERTEX
  8
0
 10
1002.597498
 20
47845.880184
 42
0.012824
  0
VERTEX
  8
0
 10
981.994422
 20
47759.549445
 42
0.014171
  0
VERTEX
  8
0
 10
966.601668
 20
47675.095950
 42
0.013851
  0
VERTEX
  8
0
 10
955.749464
 20
47588.199819
 42
0.011219
  0
VERTEX
  8
0
 10
948.792901
 20
47494.500000
 42
0.012918
  0
VERTEX
  8
0
 10
947.364042
 20
47439.205645
 42
0.000000
  0
VERTEX
  8
0
 10
947.356477
 20
25000.183739
 42
0.000000
  0
VERTEX
  8
0
 10
947.352522
 20
2562.520656
 42
0.012311
  0
VERTEX
  8
0
 10
948.781266
 20
2504.500000
 42
0.003372
  0
VERTEX
  8
0
 10
950.629585
 20
2471.518771
 42
0.004470
  0
VERTEX
  8
0
 10
952.782100
 20
2441.535076
 42
0.004661
  0
VERTEX
  8
0
 10
955.386807
 20
2412.649301
 42
0.004288
  0
VERTEX
  8
0
 10
958.596261
 20
2383.000000
 42
0.048304
  0
VERTEX
  8
0
 10
1024.653278
 20
2077.482509
 42
0.048264
  0
VERTEX
  8
0
 10
1148.113832
 20
1790.225841
 42
0.048244
  0
VERTEX
  8
0
 10
1324.412415
 20
1531.860175
 42
0.048182
  0
VERTEX
  8
0
 10
1547.024313
 20
1311.945156
 42
0.022521
  0
VERTEX
  8
0
 10
1663.316720
 20
1225.725106
 42
0.022301
  0
VERTEX
  8
0
 10
1787.265979
 20
1150.012436
 42
0.022299
  0
VERTEX
  8
0
 10
1917.475841
 20
1085.635858
 42
0.022510
  0
VERTEX
  8
0
 10
2052.500000
 20
1033.333448
 42
0.017740
  0
VERTEX
  8
0
 10
2166.243033
 20
999.506246
 42
0.018459
  0
VERTEX
  8
0
 10
2280.610066
 20
974.329939
 42
0.018391
  0
VERTEX
  8
0
 10
2396.924031
 20
957.583932
 42
0.017323
  0
VERTEX
  8
0
 10
2516.500000
 20
949.011189
 42
0.009232
  0
VERTEX
  8
0
 10
2572.540583
 20
947.976318
 42
0.000000
  0
VERTEX
  8
0
 10
12801.510490
 20
947.973854
 42
0.000000
  0
VERTEX
  8
0
 10
23030.501131
 20
947.977060
 42
0.009239
  0
VERTEX
  8
0
 10
23086.500000
 20
949.011937
 42
0.020787
  0
VERTEX
  8
0
 10
23228.746015
 20
960.204658
 42
0.021883
  0
VERTEX
  8
0
 10
23367.125432
 20
983.083464
 42
0.021953
  0
VERTEX
  8
0
 10
23502.562259
 20
1017.884159
 42
0.021219
  0
VERTEX
  8
0
 10
23636.000000
 20
1064.762233
 42
0.011421
  0
VERTEX
  8
0
 10
23700.483101
 20
1092.262369
 42
0.010637
  0
VERTEX
  8
0
 10
23765.207916
 20
1123.307228
 42
0.010633
  0
VERTEX
  8
0
 10
23828.578646
 20
1157.089689
 42
0.011390
  0
VERTEX
  8
0
 10
23889.000000
 20
1192.801819
 42
0.026850
  0
VERTEX
  8
0
 10
24031.956702
 20
1292.776429
 42
0.026840
  0
VERTEX
  8
0
 10
24163.395208
 20
1407.507875
 42
0.026854
  0
VERTEX
  8
0
 10
24281.724046
 20
1535.599357
 42
0.026942
  0
VERTEX
  8
0
 10
24385.502993
 20
1675.500000
 42
0.011098
  0
VERTEX
  8
0
 10
24424.605978
 20
1737.570789
 42
0.011221
  0
VERTEX
  8
0
 10
24460.767679
 20
1801.091654
 42
0.011254
  0
VERTEX
  8
0
 10
24493.942921
 20
1865.985734
 42
0.011324
  0
VERTEX
  8
0
 10
24524.092472
 20
1932.173438
 42
0.020157
  0
VERTEX
  8
0
 10
24570.850767
 20
2054.730564
 42
0.020200
  0
VERTEX
  8
0
 10
24607.551037
 20
2180.568985
 42
0.020206
  0
VERTEX
  8
0
 10
24633.966985
 20
2308.920365
 42
0.020199
  0
VERTEX
  8
0
 10
24649.939329
 20
2439.000000
 42
0.002916
  0
VERTEX
  8
0
 10
24651.994484
 20
2466.006088
 42
0.005496
  0
VERTEX
  8
0
 10
24653.286222
 20
2487.826827
 42
0.004828
  0
VERTEX
  8
0
 10
24654.195401
 20
2511.442050
 42
0.001746
  0
VERTEX
  8
0
 10
24655.045709
 20
2545.000000
 42
0.005465
  0
VERTEX
  8
0
 10
24656.209660
 20
2651.668939
 42
0.000000
  0
VERTEX
  8
0
 10
24655.801289
 20
25038.310160
 42
0.000000
  0
VERTEX
  8
0
 10
24655.388511
 20
47458.827213
 42
0.015093
  0
VERTEX
  8
0
 10
24654.220120
 20
47497.500000
 42
0.000398
  0
VERTEX
  8
0
 10
24653.703083
 20
47505.940016
 42
0.000265
  0
VERTEX
  8
0
 10
24653.097285
 20
47515.618750
 42
0.000266
  0
VERTEX
  8
0
 10
24652.499262
 20
47525.013264
 42
0.000520
  0
VERTEX
  8
0
 10
24652.010855
 20
47532.500000
 42
0.037530
  0
VERTEX
  8
0
 10
24617.431810
 20
47775.748451
 42
0.037892
  0
VERTEX
  8
0
 10
24546.935925
 20
48010.286996
 42
0.037874
  0
VERTEX
  8
0
 10
24441.810494
 20
48231.607388
 42
0.037412
  0
VERTEX
  8
0
 10
24304.125817
 20
48435.500000
 42
0.013928
  0
VERTEX
  8
0
 10
24251.191410
 20
48498.783264
 42
0.012392
  0
VERTEX
  8
0
 10
24192.766262
 20
48561.596393
 42
0.012381
  0
VERTEX
  8
0
 10
24131.240776
 20
48621.498940
 42
0.013828
  0
VERTEX
  8
0
 10
24069.000000
 20
48676.046503
 42
0.017701
  0
VERTEX
  8
0
 10
23977.224613
 20
48746.770413
 42
0.017681
  0
VERTEX
  8
0
 10
23880.641657
 20
48810.853655
 42
0.017719
  0
VERTEX
  8
0
 10
23779.982764
 20
48867.823121
 42
0.017966
  0
VERTEX
  8
0
 10
23676.000000
 20
48917.241386
 42
0.018903
  0
VERTEX
  8
0
 10
23561.671746
 20
48961.575413
 42
0.018849
  0
VERTEX
  8
0
 10
23444.213512
 20
48997.194077
 42
0.018847
  0
VERTEX
  8
0
 10
23324.395163
 20
49023.868038
 42
0.018891
  0
VERTEX
  8
0
 10
23203.000000
 20
49041.418873
 42
0.004642
  0
VERTEX
  8
0
 10
23168.656994
 20
49044.744036
 42
0.005991
  0
VERTEX
  8
0
 10
23137.063198
 20
49047.126178
 42
0.005793
  0
VERTEX
  8
0
 10
23104.584389
 20
49048.806481
 42
0.003910
  0
VERTEX
  8
0
 10
23067.500000
 20
49050.004114
 42
0.006112
  0
VERTEX
  8
0
 10
23018.301589
 20
49050.606319
 42
0.000000
  0
VERTEX
  8
0
 10
12814.777426
 20
49050.765049
 42
0.000000
  0
VERTEX
  8
0
 10
2629.065975
 20
49050.919548
 42
0.003529
  0
SEQEND
  0
POLYLINE
  8
0
 66
1
 70
1
  0
VERTEX
  8
0
 10
23072.000000
 20
48949.997989
 42
-0.009536
  0
VERTEX
  8
0
 10
23139.836953
 20
48946.662548
 42
-0.011129
  0
VERTEX
  8
0
 10
23204.078256
 20
48940.835600
 42
-0.011242
  0
VERTEX
  8
0
 10
23267.421256
 20
48932.219233
 42
-0.010134
  0
VERTEX
  8
0
 10
23332.553668
 20
48920.505050
 42
-0.029921
  0
VERTEX
  8
0
 10
23508.114520
 20
48874.170082
 42
-0.029876
  0
VERTEX
  8
0
 10
23676.980572
 20
48807.192549
 42
-0.029866
  0
VERTEX
  8
0
 10
23836.712203
 20
48720.542230
 42
-0.029857
  0
VERTEX
  8
0
 10
23985.000000
 20
48615.469436
 42
-0.010943
  0
VERTEX
  8
0
 10
24035.522073
 20
48573.084577
 42
-0.010672
  0
VERTEX
  8
0
 10
24084.573189
 20
48528.182672
 42
-0.010689
  0
VERTEX
  8
0
 10
24131.587443
 20
48481.301226
 42
-0.011065
  0
VERTEX
  8
0
 10
24176.002095
 20
48432.980908
 42
-0.043561
  0
VERTEX
  8
0
 10
24332.945787
 20
48219.576436
 42
-0.043502
  0
VERTEX
  8
0
 10
24450.624386
 20
47982.113403
 42
-0.043519
  0
VERTEX
  8
0
 10
24525.405227
 20
47727.962792
 42
-0.043669
  0
VERTEX
  8
0
 10
24554.953267
 20
47465.000000
 42
-0.006147
  0
VERTEX
  8
0
 10
24555.272881
 20
47439.059804
 42
-0.000000
  0
VERTEX
  8
0
 10
24555.455010
 20
40846.156250
 42
-0.000005
  0
VERTEX
  8
0
 10
24555.576589
 20
33590.111823
 42
-0.000003
  0
VERTEX
  8
0
 10
24555.572356
 20
24977.000000
 42
-0.000002
  0
VERTEX
  8
0
 10
24555.441941
 20
13479.946311
 42
-0.000011
  0
VERTEX
  8
0
 10
24555.197838
 20
7129.844974
 42
-0.000000
  0
VERTEX
  8
0
 10
24554.914401
 20
2523.855699
 42
-0.015993
  0
VERTEX
  8
0
 10
24554.197771
 20
2501.500000
 42
-0.001244
  0
VERTEX
  8
0
 10
24552.531942
 20
2476.492966
 42
-0.001984
  0
VERTEX
  8
0
 10
24550.969758
 20
2455.122889
 42
-0.002304
  0
VERTEX
  8
0
 10
24549.459549
 20
2436.644210
 42
-0.003436
  0
VERTEX
  8
0
 10
24547.953397
 20
2420.500000
 42
-0.029378
  0
VERTEX
  8
0
 10
24519.624912
 20
2243.424663
 42
-0.029415
  0
VERTEX
  8
0
 10
24470.744503
 20
2070.965438
 42
-0.029413
  0
VERTEX
  8
0
 10
24401.958899
 20
1905.422349
 42
-0.029364
  0
VERTEX
  8
0
 10
24314.189487
 20
1749.000000
 42
-0.018635
  0
VERTEX
  8
0
 10
24250.549624
 20
1657.420980
 42
-0.018271
  0
VERTEX
  8
0
 10
24179.866765
 20
1570.212068
 42
-0.018218
  0
VERTEX
  8
0
 10
24102.789396
 20
1488.149311
 42
-0.018260
  0
VERTEX
  8
0
 10
24020.000000
 20
1411.981393
 42
-0.027190
  0
VERTEX
  8
0
 10
23892.153828
 20
1314.209294
 42
-0.026422
  0
VERTEX
  8
0
 10
23753.256113
 20
1229.872829
 42
-0.026372
  0
VERTEX
  8
0
 10
23605.969516
 20
1160.511168
 42
-0.026840
  0
VERTEX
  8
0
 10
23453.050714
 20
1107.495651
 42
-0.014959
  0
VERTEX
  8
0
 10
23363.021366
 20
1084.493890
 42
-0.015503
  0
VERTEX
  8
0
 10
23272.838720
 20
1067.222745
 42
-0.015388
  0
VERTEX
  8
0
 10
23181.123753
 20
1055.470433
 42
-0.014260
  0
VERTEX
  8
0
 10
23086.500000
 20
1049.011544
 42
-0.009909
  0
VERTEX
  8
0
 10
23034.689134
 20
1047.984641
 42
-0.000000
  0
VERTEX
  8
0
 10
12801.487408
 20
1047.982521
 42
-0.000000
  0
VERTEX
  8
0
 10
2568.260772
 20
1047.985599
 42
-0.009919
  0
VERTEX
  8
0
 10
2516.500000
 20
1049.012509
 42
-0.008214
  0
VERTEX
  8
0
 10
2458.151767
 20
1052.289340
 42
-0.009599
  0
VERTEX
  8
0
 10
2402.906576
 20
1057.371050
 42
-0.009636
  0
VERTEX
  8
0
 10
2348.081854
 20
1064.549611
 42
-0.008402
  0
VERTEX
  8
0
 10
2291.000000
 20
1074.129078
 42
-0.000969
  0
VERTEX
  8
0
 10
2276.136768
 20
1076.910757
 42
-0.003652
  0
VERTEX
  8
0
 10
2266.840172
 20
1078.739722
 42
-0.003287
  0
VERTEX
  8
0
 10
2257.114233
 20
1080.793754
 42
-0.000677
  0
VERTEX
  8
0
 10
2240.000000
 20
1084.550098
 42
-0.025113
  0
VERTEX
  8
0
 10
2097.285334
 20
1123.683644
 42
-0.024271
  0
VERTEX
  8
0
 10
1957.542010
 20
1177.303507
 42
-0.024224
  0
VERTEX
  8
0
 10
1823.383211
 20
1244.333006
 42
-0.024772
  0
VERTEX
  8
0
 10
1697.369589
 20
1323.569570
 42
-0.017985
  0
VERTEX
  8
0
 10
1610.838842
 20
1388.917872
 42
-0.017756
  0
VERTEX
  8
0
 10
1528.846638
 20
1460.584082
 42
-0.017704
  0
VERTEX
  8
0
 10
1451.911656
 20
1538.107995
 42
-0.017620
  0
VERTEX
  8
0
 10
1380.527225
 20
1621.000000
 42
-0.006155
  0
VERTEX
  8
0
 10
1367.097189
 20
1638.183497
 42
-0.002717
  0
VERTEX
  8
0
 10
1349.750392
 20
1661.209040
 42
-0.002725
  0
VERTEX
  8
0
 10
1332.535700
 20
1684.584300
 42
-0.005706
  0
VERTEX
  8
0
 10
1319.451937
 20
1702.992433
 42
-0.030205
  0
VERTEX
  8
0
 10
1223.846422
 20
1860.299321
 42
-0.030202
  0
VERTEX
  8
0
 10
1147.887655
 20
2027.984584
 42
-0.030205
  0
VERTEX
  8
0
 10
1092.691793
 20
2203.580425
 42
-0.030228
  0
VERTEX
  8
0
 10
1059.072352
 20
2384.503762
 42
-0.004292
  0
VERTEX
  8
0
 10
1056.073333
 20
2410.534481
 42
-0.004591
  0
VERTEX
  8
0
 10
1053.593455
 20
2436.035753
 42
-0.003904
  0
VERTEX
  8
0
 10
1051.283200
 20
2464.870146
 42
-0.001933
  0
VERTEX
  8
0
 10
1048.778384
 20
2501.500000
 42
-0.016100
  0
VERTEX
  8
0
 10
1047.755387
 20
2533.246585
 42
-0.000000
  0
VERTEX
  8
0
 10
1047.389554
 20
24971.004995
 42
-0.000000
  0
VERTEX
  8
0
 10
1047.026708
 20
47383.920091
 42
-0.006259
  0
VERTEX
  8
0
 10
1048.046727
 20
47465.500000
 42
-0.033655
  0
VERTEX
  8
0
 10
1066.873623
 20
47668.881383
 42
-0.033592
  0
VERTEX
  8
0
 10
1112.820521
 20
47868.028159
 42
-0.033569
  0
VERTEX
  8
0
 10
1185.062257
 20
48059.360803
 42
-0.033501
  0
VERTEX
  8
0
 10
1282.300323
 20
48239.440267
 42
-0.037487
  0
VERTEX
  8
0
 10
1417.548342
 20
48422.224398
 42
-0.037471
  0
VERTEX
  8
0
 10
1578.590189
 20
48582.792371
 42
-0.037411
  0
VERTEX
  8
0
 10
1762.058317
 20
48717.754529
 42
-0.037101
  0
VERTEX
  8
0
 10
1964.085276
 20
48824.290940
 42
-0.024147
  0
VERTEX
  8
0
 10
2098.898402
 20
48875.470252
 42
-0.023682
  0
VERTEX
  8
0
 10
2238.889650
 20
48913.790098
 42
-0.023650
  0
VERTEX
  8
0
 10
2382.066920
 20
48938.741928
 42
-0.023925
  0
VERTEX
  8
0
 10
2526.409406
 20
48949.937588
 42
-0.007391
  0
VERTEX
  8
0
 10
2584.988409
 20
48950.803787
 42
-0.000000
  0
VERTEX
  8
0
 10
12799.447190
 20
48950.836300
 42
-0.000000
  0
VERTEX
  8
0
 10
23014.385196
 20
48950.863887
 42
-0.007515
  0
SEQEND
  0
POLYLINE
  8
0
 66
1
 70
1
  0
VERTEX
  8
0
 10
2539.078414
 20
48232.980605
 42
0.026133
  0
VERTEX
  8
0
 10
2454.228846
 20
48225.071343
 42
0.026626
  0
VERTEX
  8
0
 10
2371.204482
 20
48208.376308
 42
0.026602
  0
VERTEX
  8
0
 10
2290.353412
 20
48182.933983
 42
0.025978
  0
VERTEX
  8
0
 10
2212.000000
 20
48148.878455
 42
0.019197
  0
VERTEX
  8
0
 10
2153.723348
 20
48117.015964
 42
0.021255
  0
VERTEX
  8
0
 10
2100.068507
 20
48081.768265
 42
0.021268
  0
VERTEX
  8
0
 10
2049.627706
 20
48042.111800
 42
0.019265
  0
VERTEX
  8
0
 10
2000.983042
 20
47997.037238
 42
0.010293
  0
VERTEX
  8
0
 10
1974.220535
 20
47969.124449
 42
0.012124
  0
VERTEX
  8
0
 10
1950.091389
 20
47941.587238
 42
0.012298
  0
VERTEX
  8
0
 10
1927.621630
 20
47913.265547
 42
0.011212
  0
VERTEX
  8
0
 10
1905.846591
 20
47883.000000
 42
0.022627
  0
VERTEX
  8
0
 10
1868.200740
 20
47822.417108
 42
0.021987
  0
VERTEX
  8
0
 10
1835.793433
 20
47758.108234
 42
0.021949
  0
VERTEX
  8
0
 10
1809.107565
 20
47691.087225
 42
0.022354
  0
VERTEX
  8
0
 10
1788.581924
 20
47622.388803
 42
0.033776
  0
VERTEX
  8
0
 10
1769.559003
 20
47516.714696
 42
0.033204
  0
VERTEX
  8
0
 10
1764.787768
 20
47408.831400
 42
0.033201
  0
VERTEX
  8
0
 10
1774.339954
 20
47301.255973
 42
0.033755
  0
VERTEX
  8
0
 10
1798.032268
 20
47196.500000
 42
0.048150
  0
VERTEX
  8
0
 10
1856.643442
 20
47052.330791
 42
0.048407
  0
VERTEX
  8
0
 10
1941.661908
 20
46922.309665
 42
0.048349
  0
VERTEX
  8
0
 10
2050.199831
 20
46810.926400
 42
0.047804
  0
VERTEX
  8
0
 10
2178.500000
 20
46721.983016
 42
0.009163
  0
VERTEX
  8
0
 10
2194.869563
 20
46713.202898
 42
0.004590
  0
VERTEX
  8
0
 10
2215.861186
 20
46702.676501
 42
0.004592
  0
VERTEX
  8
0
 10
2237.149771
 20
46692.485983
 42
0.008718
  0
VERTEX
  8
0
 10
2254.500000
 20
46684.741330
 42
0.021585
  0
VERTEX
  8
0
 10
2321.493387
 20
46659.583325
 42
0.022395
  0
VERTEX
  8
0
 10
2389.594227
 20
46640.641357
 42
0.022298
  0
VERTEX
  8
0
 10
2459.400766
 20
46627.800365
 42
0.020987
  0
VERTEX
  8
0
 10
2531.500000
 20
46620.903904
 42
0.011613
  0
VERTEX
  8
0
 10
2554.581508
 20
46620.207346
 42
0.005469
  0
VERTEX
  8
0
 10
2584.414482
 20
46620.326502
 42
0.005455
  0
VERTEX
  8
0
 10
2614.075600
 20
46621.093156
 42
0.012326
  0
VERTEX
  8
0
 10
2636.500000
 20
46622.471811
 42
0.023000
  0
VERTEX
  8
0
 10
2715.311935
 20
46632.939504
 42
0.024313
  0
VERTEX
  8
0
 10
2791.359370
 20
46650.477244
 42
0.024484
  0
VERTEX
  8
0
 10
2864.846641
 20
46675.175341
 42
0.024068
  0
VERTEX
  8
0
 10
2936.000000
 20
46707.062335
 42
0.061114
  0
VERTEX
  8
0
 10
3099.358482
 20
46816.798014
 42
0.061152
  0
VERTEX
  8
0
 10
3231.307080
 20
46962.748137
 42
0.061165
  0
VERTEX
  8
0
 10
3324.012707
 20
47136.248753
 42
0.061190
  0
VERTEX
  8
0
 10
3371.973358
 20
47327.000000
 42
0.014888
  0
VERTEX
  8
0
 10
3376.053198
 20
47370.125575
 42
0.012667
  0
VERTEX
  8
0
 10
3377.845592
 20
47415.809178
 42
0.012681
  0
VERTEX
  8
0
 10
3377.321448
 20
47461.463539
 42
0.015037
  0
VERTEX
  8
0
 10
3374.437462
 20
47504.500000
 42
0.060592
  0
VERTEX
  8
0
 10
3332.260959
 20
47694.877990
 42
0.060581
  0
VERTEX
  8
0
 10
3245.676199
 20
47869.607634
 42
0.060587
  0
VERTEX
  8
0
 10
3119.746109
 20
48018.478790
 42
0.060624
  0
VERTEX
  8
0
 10
2961.828150
 20
48132.789580
 42
0.034306
  0
VERTEX
  8
0
 10
2862.401396
 20
48179.218959
 42
0.033910
  0
VERTEX
  8
0
 10
2757.177515
 20
48211.826011
 42
0.033931
  0
VERTEX
  8
0
 10
2648.575867
 20
48229.895165
 42
0.034446
  0
SEQEND
  0
POLYLINE
  8
0
 66
1
 70
1
  0
VERTEX
  8
0
 10
2623.000000
 20
48211.909270
 42
-0.039235
  0
VERTEX
  8
0
 10
2743.427314
 20
48194.562417
 42
-0.038727
  0
VERTEX
  8
0
 10
2860.211490
 20
48158.576874
 42
-0.038670
  0
VERTEX
  8
0
 10
2970.209679
 20
48104.949354
 42
-0.038865
  0
VERTEX
  8
0
 10
3070.442068
 20
48035.101424
 42
-0.010759
  0
VERTEX
  8
0
 10
3090.976691
 20
48017.528913
 42
-0.008103
  0
VERTEX
  8
0
 10
3112.808339
 20
47997.371480
 42
-0.008008
  0
VERTEX
  8
0
 10
3134.319347
 20
47976.186214
 42
-0.009535
  0
VERTEX
  8
0
 10
3153.899742
 20
47955.500000
 42
-0.040458
  0
VERTEX
  8
0
 10
3230.487768
 20
47856.409413
 42
-0.039918
  0
VERTEX
  8
0
 10
3290.506648
 20
47745.846711
 42
-0.039885
  0
VERTEX
  8
0
 10
3332.234807
 20
47627.057881
 42
-0.040238
  0
VERTEX
  8
0
 10
3354.419448
 20
47503.500000
 42
-0.014681
  0
VERTEX
  8
0
 10
3357.265184
 20
47461.631176
 42
-0.012478
  0
VERTEX
  8
0
 10
3357.865435
 20
47417.329000
 42
-0.012521
  0
VERTEX
  8
0
 10
3356.257675
 20
47373.235913
 42
-0.015140
  0
VERTEX
  8
0
 10
3352.463068
 20
47332.000000
 42
-0.061025
  0
VERTEX
  8
0
 10
3305.945242
 20
47145.104108
 42
-0.061288
  0
VERTEX
  8
0
 10
3215.729861
 20
46975.258123
 42
-0.061389
  0
VERTEX
  8
0
 10
3087.192625
 20
46832.581449
 42
-0.061594
  0
VERTEX
  8
0
 10
2927.995484
 20
46725.567933
 42
-0.022718
  0
VERTEX
  8
0
 10
2857.714342
 20
46693.897960
 42
-0.025283
  0
VERTEX
  8
0
 10
2787.284290
 20
46669.979609
 42
-0.024948
  0
VERTEX
  8
0
 10
2713.961787
 20
46653.047936
 42
-0.021020
  0
VERTEX
  8
0
 10
2635.000000
 20
46642.321061
 42
-0.017889
  0
VERTEX
  8
0
 10
2610.157836
 20
46640.898209
 42
-0.005309
  0
VERTEX
  8
0
 10
2572.108834
 20
46640.486520
 42
-0.005362
  0
VERTEX
  8
0
 10
2533.929967
 20
46640.888324
 42
-0.016832
  0
VERTEX
  8
0
 10
2508.325731
 20
46642.295627
 42
-0.016824
  0
VERTEX
  8
0
 10
2448.432483
 20
46649.651987
 42
-0.018563
  0
VERTEX
  8
0
 10
2391.122225
 20
46660.850928
 42
-0.018801
  0
VERTEX
  8
0
 10
2335.474065
 20
46676.114036
 42
-0.018247
  0
VERTEX
  8
0
 10
2280.562884
 20
46695.648355
 42
-0.045652
  0
VERTEX
  8
0
 10
2153.251363
 20
46760.240271
 42
-0.045356
  0
VERTEX
  8
0
 10
2039.476281
 20
46846.984910
 42
-0.045384
  0
VERTEX
  8
0
 10
1943.268381
 20
46952.766705
 42
-0.045828
  0
VERTEX
  8
0
 10
1868.077663
 20
47073.841246
 42
-0.039148
  0
VERTEX
  8
0
 10
1821.241066
 20
47189.128563
 42
-0.039714
  0
VERTEX
  8
0
 10
1793.219124
 20
47309.757855
 42
-0.039678
  0
VERTEX
  8
0
 10
1784.605509
 20
47433.404666
 42
-0.038926
  0
VERTEX
  8
0
 10
1795.516018
 20
47557.669977
 42
-0.049939
  0
VERTEX
  8
0
 10
1836.124413
 20
47707.196982
 42
-0.049472
  0
VERTEX
  8
0
 10
1905.663024
 20
47846.206658
 42
-0.049413
  0
VERTEX
  8
0
 10
2001.246944
 20
47968.996929
 42
-0.049571
  0
VERTEX
  8
0
 10
2118.971016
 20
48070.499878
 42
-0.042373
  0
VERTEX
  8
0
 10
2234.041480
 20
48137.579798
 42
-0.042417
  0
VERTEX
  8
0
 10
2358.733946
 20
48184.273780
 42
-0.042389
  0
VERTEX
  8
0
 10
2489.596346
 20
48209.278188
 42
-0.042200
  0
SEQEND
  0
POLYLINE
  8
0
 66
1
 70
1
  0
VERTEX
  8
0
 10
23009.500000
 20
48233.323342
 42
0.035944
  0
VERTEX
  8
0
 10
22897.237865
 20
48222.324986
 42
0.034924
  0
VERTEX
  8
0
 10
22786.592273
 20
48195.326240
 42
0.034889
  0
VERTEX
  8
0
 10
22680.673846
 20
48153.155887
 42
0.035702
  0
VERTEX
  8
0
 10
22582.500000
 20
48096.942160
 42
0.053857
  0
VERTEX
  8
0
 10
22448.814447
 20
47984.566841
 42
0.054293
  0
VERTEX
  8
0
 10
22342.621360
 20
47846.516251
 42
0.054292
  0
VERTEX
  8
0
 10
22268.633223
 20
47688.839973
 42
0.053851
  0
VERTEX
  8
0
 10
22230.065354
 20
47518.500000
 42
0.005976
  0
VERTEX
  8
0
 10
22227.686892
 20
47495.515130
 42
0.010520
  0
VERTEX
  8
0
 10
22226.348978
 20
47476.466460
 42
0.009081
  0
VERTEX
  8
0
 10
22225.702972
 20
47455.581634
 42
0.003314
  0
VERTEX
  8
0
 10
22225.521548
 20
47426.000000
 42
0.003115
  0
VERTEX
  8
0
 10
22225.718438
 20
47396.725315
 42
0.009295
  0
VERTEX
  8
0
 10
22226.350443
 20
47376.697275
 42
0.010682
  0
VERTEX
  8
0
 10
22227.670404
 20
47358.267539
 42
0.005328
  0
VERTEX
  8
0
 10
22230.087686
 20
47335.000000
 42
0.028228
  0
VERTEX
  8
0
 10
22245.556572
 20
47245.217365
 42
0.028249
  0
VERTEX
  8
0
 10
22271.037951
 20
47157.770545
 42
0.028230
  0
VERTEX
  8
0
 10
22306.233421
 20
47073.699164
 42
0.028107
  0
VERTEX
  8
0
 10
22350.721168
 20
46994.000000
 42
0.050826
  0
VERTEX
  8
0
 10
22451.134529
 20
46866.439751
 42
0.050427
  0
VERTEX
  8
0
 10
22575.462622
 20
46761.382047
 42
0.050401
  0
VERTEX
  8
0
 10
22718.367580
 20
46683.293952
 42
0.050669
  0
VERTEX
  8
0
 10
22873.754853
 20
46635.544834
 42
0.011319
  0
VERTEX
  8
0
 10
22913.976910
 20
46628.464580
 42
0.014495
  0
VERTEX
  8
0
 10
22951.294139
 20
46623.865702
 42
0.014043
  0
VERTEX
  8
0
 10
22989.754974
 20
46621.341082
 42
0.009621
  0
VERTEX
  8
0
 10
23033.500000
 20
46620.543898
 42
0.004161
  0
VERTEX
  8
0
 10
23064.199834
 20
46620.830722
 42
0.010422
  0
VERTEX
  8
0
 10
23086.587786
 20
46621.693246
 42
0.011297
  0
VERTEX
  8
0
 10
23107.846020
 20
46623.439139
 42
0.005738
  0
VERTEX
  8
0
 10
23134.500000
 20
46626.545307
 42
0.037053
  0
VERTEX
  8
0
 10
23251.290364
 20
46650.409853
 42
0.037006
  0
VERTEX
  8
0
 10
23363.331060
 20
46691.258700
 42
0.036991
  0
VERTEX
  8
0
 10
23468.166895
 20
46748.196215
 42
0.036959
  0
VERTEX
  8
0
 10
23563.500000
 20
46819.975251
 42
0.051460
  0
VERTEX
  8
0
 10
23675.666047
 20
46940.689353
 42
0.051180
  0
VERTEX
  8
0
 10
23761.052692
 20
47081.976941
 42
0.051193
  0
VERTEX
  8
0
 10
23815.944368
 20
47237.627285
 42
0.051540
  0
VERTEX
  8
0
 10
23837.904703
 20
47400.827456
 42
0.041983
  0
VERTEX
  8
0
 10
23830.578872
 20
47538.536267
 42
0.042934
  0
VERTEX
  8
0
 10
23800.325052
 20
47672.022276
 42
0.042926
  0
VERTEX
  8
0
 10
23747.710653
 20
47798.403322
 42
0.041933
  0
VERTEX
  8
0
 10
23673.941448
 20
47915.000000
 42
0.015896
  0
VERTEX
  8
0
 10
23644.229757
 20
47951.763225
 42
0.014327
  0
VERTEX
  8
0
 10
23611.226935
 20
47987.895888
 42
0.014337
  0
VERTEX
  8
0
 10
23576.233872
 20
48022.053249
 42
0.015980
  0
VERTEX
  8
0
 10
23540.551465
 20
48052.890179
 42
0.036548
  0
VERTEX
  8
0
 10
23442.065783
 20
48121.381519
 42
0.037286
  0
VERTEX
  8
0
 10
23335.295730
 20
48174.288727
 42
0.037242
  0
VERTEX
  8
0
 10
23221.729136
 20
48210.801678
 42
0.036276
  0
VERTEX
  8
0
 10
23103.000000
 20
48230.462209
 42
0.009069
  0
VERTEX
  8
0
 10
23086.662562
 20
48231.664243
 42
0.002976
  0
VERTEX
  8
0
 10
23062.570302
 20
48232.854236
 42
0.002602
  0
VERTEX
  8
0
 10
23038.875218
 20
48233.759770
 42
0.015500
  0
VERTEX
  8
0
 10
23026.500000
 20
48233.784480
 42
-0.000328
  0
VERTEX
  8
0
 10
23023.115152
 20
48233.688511
 42
-0.000143
  0
VERTEX
  8
0
 10
23018.618750
 20
48233.565259
 42
-0.000141
  0
VERTEX
  8
0
 10
23013.840702
 20
48233.437000
 42
-0.000188
  0
SEQEND
  0
POLYLINE
  8
0
 66
1
 70
1
  0
VERTEX
  8
0
 10
23060.500000
 20
48212.981451
 42
-0.018883
  0
VERTEX
  8
0
 10
23123.835335
 20
48208.066404
 42
-0.019961
  0
VERTEX
  8
0
 10
23185.446743
 20
48198.431412
 42
-0.020136
  0
VERTEX
  8
0
 10
23245.582716
 20
48184.013782
 42
-0.020002
  0
VERTEX
  8
0
 10
23304.500000
 20
48164.778195
 42
-0.042044
  0
VERTEX
  8
0
 10
23425.360683
 20
48107.936610
 42
-0.042398
  0
VERTEX
  8
0
 10
23534.647520
 20
48031.814399
 42
-0.042469
  0
VERTEX
  8
0
 10
23629.365642
 20
47938.481666
 42
-0.042488
  0
VERTEX
  8
0
 10
23706.937109
 20
47830.500000
 42
-0.031195
  0
VERTEX
  8
0
 10
23752.658735
 20
47741.738435
 42
-0.031889
  0
VERTEX
  8
0
 10
23786.601073
 20
47648.618465
 42
-0.031906
  0
VERTEX
  8
0
 10
23808.411333
 20
47551.987926
 42
-0.031305
  0
VERTEX
  8
0
 10
23817.928166
 20
47452.750000
 42
-0.030817
  0
VERTEX
  8
0
 10
23815.121956
 20
47354.651793
 42
-0.031437
  0
VERTEX
  8
0
 10
23800.258171
 20
47258.305006
 42
-0.031410
  0
VERTEX
  8
0
 10
23773.414902
 20
47164.502905
 42
-0.030644
  0
VERTEX
  8
0
 10
23734.853016
 20
47074.000000
 42
-0.054416
  0
VERTEX
  8
0
 10
23642.562187
 20
46930.891836
 42
-0.054390
  0
VERTEX
  8
0
 10
23521.556974
 20
46811.038505
 42
-0.054348
  0
VERTEX
  8
0
 10
23377.461553
 20
46720.023251
 42
-0.054173
  0
VERTEX
  8
0
 10
23216.985008
 20
46662.075948
 42
-0.038456
  0
VERTEX
  8
0
 10
23098.347594
 20
46642.758457
 42
-0.038244
  0
VERTEX
  8
0
 10
22977.928728
 20
46641.784521
 42
-0.038255
  0
VERTEX
  8
0
 10
22858.799335
 20
46659.160179
 42
-0.038527
  0
VERTEX
  8
0
 10
22744.000000
 20
46694.460742
 42
-0.019625
  0
VERTEX
  8
0
 10
22686.622661
 20
46719.711871
 42
-0.019729
  0
VERTEX
  8
0
 10
22631.505520
 20
46749.343212
 42
-0.019774
  0
VERTEX
  8
0
 10
22579.017418
 20
46783.155078
 42
-0.019935
  0
VERTEX
  8
0
 10
22529.510799
 20
46820.921748
 42
-0.011306
  0
VERTEX
  8
0
 10
22507.692424
 20
46839.833554
 42
-0.007966
  0
VERTEX
  8
0
 10
22483.997075
 20
46862.027916
 42
-0.008014
  0
VERTEX
  8
0
 10
22461.300390
 20
46884.691219
 42
-0.012494
  0
VERTEX
  8
0
 10
22442.565161
 20
46905.000000
 42
-0.040512
  0
VERTEX
  8
0
 10
22363.369341
 20
47011.557035
 42
-0.042266
  0
VERTEX
  8
0
 10
22303.660626
 20
47128.035569
 42
-0.042254
  0
VERTEX
  8
0
 10
22264.376279
 20
47252.927446
 42
-0.040443
  0
VERTEX
  8
0
 10
22245.908755
 20
47384.500000
 42
-0.013165
  0
VERTEX
  8
0
 10
22245.178836
 20
47407.105292
 42
-0.005030
  0
VERTEX
  8
0
 10
22245.308268
 20
47438.597283
 42
-0.005003
  0
VERTEX
  8
0
 10
22246.066734
 20
47469.963866
 42
-0.013849
  0
VERTEX
  8
0
 10
22247.432045
 20
47492.000000
 42
-0.030000
  0
VERTEX
  8
0
 10
22262.507678
 20
47592.048858
 42
-0.031775
  0
VERTEX
  8
0
 10
22289.274823
 20
47687.623306
 42
-0.031998
  0
VERTEX
  8
0
 10
22327.726228
 20
47778.424494
 42
-0.031351
  0
VERTEX
  8
0
 10
22377.679322
 20
47864.225457
 42
-0.012211
  0
VERTEX
  8
0
 10
22401.130574
 20
47897.471702
 42
-0.013733
  0
VERTEX
  8
0
 10
22425.308144
 20
47928.227785
 42
-0.013564
  0
VERTEX
  8
0
 10
22451.408288
 20
47957.938093
 42
-0.011355
  0
VERTEX
  8
0
 10
22480.640502
 20
47988.046237
 42
-0.018629
  0
VERTEX
  8
0
 10
22525.857834
 20
48029.349864
 42
-0.019995
  0
VERTEX
  8
0
 10
22573.000972
 20
48066.161772
 42
-0.020025
  0
VERTEX
  8
0
 10
22622.865508
 20
48099.040552
 42
-0.018809
  0
VERTEX
  8
0
 10
22676.234593
 20
48128.562418
 42
-0.027907
  0
VERTEX
  8
0
 10
22759.641322
 20
48164.997765
 42
-0.029405
  0
VERTEX
  8
0
 10
22845.158978
 20
48191.195310
 42
-0.029128
  0
VERTEX
  8
0
 10
22933.913880
 20
48207.367291
 42
-0.026333
  0
VERTEX
  8
0
 10
23027.000000
 20
48213.832269
 42
-0.008770
  0
VERTEX
  8
0
 10
23031.791931
 20
48213.828178
 42
-0.001750
  0
VERTEX
  8
0
 10
23040.346875
 20
48213.640855
 42
-0.001850
  0
VERTEX
  8
0
 10
23050.305421
 20
48213.351056
 42
-0.001723
  0
SEQEND
  0
POLYLINE
  8
0
 66
1
 70
1
  0
VERTEX
  8
0
 10
15283.500000
 20
46682.382632
 42
0.014440
  0
VERTEX
  8
0
 10
15250.811759
 20
46678.081596
 42
0.019941
  0
VERTEX
  8
0
 10
15221.807653
 20
46672.214861
 42
0.020834
  0
VERTEX
  8
0
 10
15194.386054
 20
46664.296485
 42
0.018328
  0
VERTEX
  8
0
 10
15166.500000
 20
46653.818219
 42
0.024468
  0
VERTEX
  8
0
 10
15134.074567
 20
46638.354093
 42
0.024882
  0
VERTEX
  8
0
 10
15103.502355
 20
46619.874628
 42
0.024666
  0
VERTEX
  8
0
 10
15074.672025
 20
46598.285076
 42
0.023134
  0
VERTEX
  8
0
 10
15047.456971
 20
46573.517667
 42
0.040410
  0
VERTEX
  8
0
 10
15007.379517
 20
46526.455533
 42
0.042342
  0
VERTEX
  8
0
 10
14976.091920
 20
46474.260610
 42
0.041906
  0
VERTEX
  8
0
 10
14953.789818
 20
46417.033928
 42
0.038027
  0
VERTEX
  8
0
 10
14940.449135
 20
46355.000000
 42
0.021707
  0
VERTEX
  8
0
 10
14939.068063
 20
46340.096661
 42
0.007229
  0
VERTEX
  8
0
 10
14938.311053
 20
46318.187907
 42
0.007378
  0
VERTEX
  8
0
 10
14938.192589
 20
46295.941562
 42
0.017775
  0
VERTEX
  8
0
 10
14938.932765
 20
46279.496175
 42
0.068335
  0
VERTEX
  8
0
 10
14960.920358
 20
46179.758153
 42
0.068663
  0
VERTEX
  8
0
 10
15008.958467
 20
46089.815535
 42
0.068577
  0
VERTEX
  8
0
 10
15079.622244
 20
46016.149962
 42
0.067878
  0
VERTEX
  8
0
 10
15167.809786
 20
45964.039419
 42
0.018542
  0
VERTEX
  8
0
 10
15192.032299
 20
45954.892143
 42
0.017749
  0
VERTEX
  8
0
 10
15217.218825
 20
45947.417133
 42
0.017307
  0
VERTEX
  8
0
 10
15243.499110
 20
45941.584451
 42
0.015676
  0
VERTEX
  8
0
 10
15271.000000
 20
45937.359397
 42
0.021022
  0
VERTEX
  8
0
 10
15287.192794
 20
45936.076615
 42
0.007704
  0
VERTEX
  8
0
 10
15310.153154
 20
45935.580400
 42
0.007674
  0
VERTEX
  8
0
 10
15333.061692
 20
45935.789991
 42
0.021765
  0
VERTEX
  8
0
 10
15349.000000
 20
45936.875800
 42
0.020336
  0
VERTEX
  8
0
 10
15383.204418
 20
45942.122676
 42
0.021919
  0
VERTEX
  8
0
 10
15416.012693
 20
45950.037074
 42
0.022311
  0
VERTEX
  8
0
 10
15447.453808
 20
45960.636492
 42
0.022859
  0
VERTEX
  8
0
 10
15477.565742
 20
45973.920654
 42
0.078145
  0
VERTEX
  8
0
 10
15573.007015
 20
46041.648758
 42
0.078543
  0
VERTEX
  8
0
 10
15642.860611
 20
46135.293709
 42
0.078643
  0
VERTEX
  8
0
 10
15680.365016
 20
46245.806627
 42
0.078643
  0
VERTEX
  8
0
 10
15681.910658
 20
46362.500000
 42
0.031212
  0
VERTEX
  8
0
 10
15672.346905
 20
46408.239470
 42
0.031006
  0
VERTEX
  8
0
 10
15657.148207
 20
46452.537183
 42
0.031092
  0
VERTEX
  8
0
 10
15636.637165
 20
46494.496434
 42
0.031805
  0
VERTEX
  8
0
 10
15611.218853
 20
46533.256919
 42
0.049074
  0
VERTEX
  8
0
 10
15560.455524
 20
46588.619812
 42
0.050985
  0
VERTEX
  8
0
 10
15500.482636
 20
46632.233125
 42
0.050604
  0
VERTEX
  8
0
 10
15432.496955
 20
46663.064263
 42
0.047004
  0
VERTEX
  8
0
 10
15358.000000
 20
46680.561939
 42
0.024752
  0
VERTEX
  8
0
 10
15345.876157
 20
46681.622591
 42
0.003334
  0
VERTEX
  8
0
 10
15320.307929
 20
46682.418048
 42
0.003120
  0
VERTEX
  8
0
 10
15294.654117
 20
46682.884866
 42
0.028484
  0
SEQEND
  0
POLYLINE
  8
0
 66
1
 70
1
  0
VERTEX
  8
0
 10
15331.144045
 20
46504.952401
 42
-0.022333
  0
VERTEX
  8
0
 10
15348.628872
 20
46502.390722
 42
-0.022193
  0
VERTEX
  8
0
 10
15365.852747
 20
46498.275851
 42
-0.022232
  0
VERTEX
  8
0
 10
15382.613848
 20
46492.659110
 42
-0.022609
  0
VERTEX
  8
0
 10
15398.714025
 20
46485.603723
 42
-0.096524
  0
VERTEX
  8
0
 10
15459.030479
 20
46439.686641
 42
-0.097535
  0
VERTEX
  8
0
 10
15497.424685
 20
46374.638579
 42
-0.097369
  0
VERTEX
  8
0
 10
15508.325956
 20
46299.793439
 42
-0.095833
  0
VERTEX
  8
0
 10
15490.206439
 20
46225.933882
 42
-0.016664
  0
VERTEX
  8
0
 10
15486.061099
 20
46217.670722
 42
-0.011040
  0
VERTEX
  8
0
 10
15480.783395
 20
46208.461168
 42
-0.010887
  0
VERTEX
  8
0
 10
15474.976012
 20
46199.284800
 42
-0.013908
  0
VERTEX
  8
0
 10
15469.212442
 20
46191.105140
 42
-0.021184
  0
VERTEX
  8
0
 10
15462.752964
 20
46183.182255
 42
-0.009712
  0
VERTEX
  8
0
 10
15453.705203
 20
46173.387632
 42
-0.009729
  0
VERTEX
  8
0
 10
15444.232013
 20
46163.900470
 42
-0.019999
  0
VERTEX
  8
0
 10
15436.387624
 20
46156.927086
 42
-0.034749
  0
VERTEX
  8
0
 10
15414.889640
 20
46141.669486
 42
-0.033546
  0
VERTEX
  8
0
 10
15391.237715
 20
46129.335440
 42
-0.033373
  0
VERTEX
  8
0
 10
15366.024690
 20
46120.220545
 42
-0.033567
  0
VERTEX
  8
0
 10
15339.871662
 20
46114.562373
 42
-0.024806
  0
VERTEX
  8
0
 10
15327.771884
 20
46113.392898
 42
-0.011612
  0
VERTEX
  8
0
 10
15312.035373
 20
46113.022584
 42
-0.011616
  0
VERTEX
  8
0
 10
15296.284002
 20
46113.383765
 42
-0.024564
  0
VERTEX
  8
0
 10
15284.128338
 20
46114.545408
 42
-0.028650
  0
VERTEX
  8
0
 10
15262.919704
 20
46118.881641
 42
-0.026669
  0
VERTEX
  8
0
 10
15241.820030
 20
46125.693664
 42
-0.026709
  0
VERTEX
  8
0
 10
15221.597739
 20
46134.700515
 42
-0.028966
  0
VERTEX
  8
0
 10
15203.012296
 20
46145.598452
 42
-0.035905
  0
VERTEX
  8
0
 10
15181.852359
 20
46162.021885
 42
-0.032456
  0
VERTEX
  8
0
 10
15162.483454
 20
46181.833646
 42
-0.032669
  0
VERTEX
  8
0
 10
15145.969214
 20
46203.834751
 42
-0.037763
  0
VERTEX
  8
0
 10
15133.334400
 20
46226.793942
 42
-0.075201
  0
VERTEX
  8
0
 10
15116.957842
 20
46284.290807
 42
-0.076265
  0
VERTEX
  8
0
 10
15118.437763
 20
46343.771247
 42
-0.076356
  0
VERTEX
  8
0
 10
15137.671917
 20
46400.012193
 42
-0.075654
  0
VERTEX
  8
0
 10
15172.942729
 20
46448.087184
 42
-0.055512
  0
VERTEX
  8
0
 10
15206.783983
 20
46475.224740
 42
-0.055037
  0
VERTEX
  8
0
 10
15245.861348
 20
46494.344286
 42
-0.055184
  0
VERTEX
  8
0
 10
15288.067809
 20
46504.441085
 42
-0.056402
  0
SEQEND
  0
POLYLINE
  8
0
 66
1
 70
1
  0
VERTEX
  8
0
 10
21275.000000
 20
46681.962439
 42
0.023222
  0
VERTEX
  8
0
 10
21241.237622
 20
46677.227859
 42
0.022213
  0
VERTEX
  8
0
 10
21207.548187
 20
46669.333343
 42
0.022210
  0
VERTEX
  8
0
 10
21174.686487
 20
46658.479398
 42
0.023195
  0
VERTEX
  8
0
 10
21143.401016
 20
46644.889032
 42
0.019305
  0
VERTEX
  8
0
 10
21116.221599
 20
46630.224147
 42
0.022595
  0
VERTEX
  8
0
 10
21091.689365
 20
46614.201158
 42
0.022251
  0
VERTEX
  8
0
 10
21068.390894
 20
46595.808878
 42
0.017718
  0
VERTEX
  8
0
 10
21044.913408
 20
46574.016888
 42
0.013125
  0
VERTEX
  8
0
 10
21026.936535
 20
46555.138143
 42
0.017604
  0
VERTEX
  8
0
 10
21011.723761
 20
46537.057833
 42
0.018088
  0
VERTEX
  8
0
 10
20998.145261
 20
46518.360153
 42
0.015207
  0
VERTEX
  8
0
 10
20985.106822
 20
46497.633488
 42
0.060297
  0
VERTEX
  8
0
 10
20950.066404
 20
46417.157079
 42
0.059086
  0
VERTEX
  8
0
 10
20934.925285
 20
46330.086707
 42
0.058882
  0
VERTEX
  8
0
 10
20940.550096
 20
46241.610924
 42
0.059100
  0
VERTEX
  8
0
 10
20966.647239
 20
46157.000000
 42
0.022918
  0
VERTEX
  8
0
 10
20981.995083
 20
46126.259823
 42
0.024002
  0
VERTEX
  8
0
 10
20999.877040
 20
46097.539689
 42
0.023776
  0
VERTEX
  8
0
 10
21020.597253
 20
46070.420659
 42
0.021601
  0
VERTEX
  8
0
 10
21044.441484
 20
46044.472556
 42
0.041134
  0
VERTEX
  8
0
 10
21092.678214
 20
46003.660905
 42
0.043300
  0
VERTEX
  8
0
 10
21146.156509
 20
45972.079352
 42
0.042934
  0
VERTEX
  8
0
 10
21204.699689
 20
45949.971302
 42
0.039143
  0
VERTEX
  8
0
 10
21268.000000
 20
45937.336017
 42
0.020458
  0
VERTEX
  8
0
 10
21284.053969
 20
45936.083473
 42
0.007617
  0
VERTEX
  8
0
 10
21306.684364
 20
45935.591897
 42
0.007578
  0
VERTEX
  8
0
 10
21329.244152
 20
45935.787529
 42
0.021433
  0
VERTEX
  8
0
 10
21344.957152
 20
45936.836955
 42
0.052556
  0
VERTEX
  8
0
 10
21426.929519
 20
45954.700225
 42
0.055585
  0
VERTEX
  8
0
 10
21501.741414
 20
45989.068052
 42
0.056009
  0
VERTEX
  8
0
 10
21566.663698
 20
46038.791313
 42
0.054872
  0
VERTEX
  8
0
 10
21619.437306
 20
46102.000000
 42
0.027195
  0
VERTEX
  8
0
 10
21641.567496
 20
46139.626891
 42
0.029986
  0
VERTEX
  8
0
 10
21658.691859
 20
46178.249875
 42
0.029681
  0
VERTEX
  8
0
 10
21671.209757
 20
46219.001199
 42
0.025616
  0
VERTEX
  8
0
 10
21679.555911
 20
46263.000000
 42
0.022293
  0
VERTEX
  8
0
 10
21680.939647
 20
46278.053494
 42
0.006883
  0
VERTEX
  8
0
 10
21681.698430
 20
46300.818247
 42
0.007035
  0
VERTEX
  8
0
 10
21681.824729
 20
46323.845022
 42
0.018861
  0
VERTEX
  8
0
 10
21681.066027
 20
46340.219593
 42
0.045556
  0
VERTEX
  8
0
 10
21669.278870
 20
46406.859379
 42
0.045046
  0
VERTEX
  8
0
 10
21645.593695
 20
46470.527070
 42
0.045054
  0
VERTEX
  8
0
 10
21610.893871
 20
46528.913613
 42
0.045606
  0
VERTEX
  8
0
 10
21566.422663
 20
46579.882558
 42
0.017897
  0
VERTEX
  8
0
 10
21545.984545
 20
46598.042246
 42
0.018840
  0
VERTEX
  8
0
 10
21524.637576
 20
46614.370587
 42
0.018798
  0
VERTEX
  8
0
 10
21502.076217
 20
46629.078113
 42
0.017644
  0
VERTEX
  8
0
 10
21478.000000
 20
46642.382297
 42
0.020151
  0
VERTEX
  8
0
 10
21448.058416
 20
46656.086805
 42
0.022627
  0
VERTEX
  8
0
 10
21418.232354
 20
46666.761815
 42
0.022327
  0
VERTEX
  8
0
 10
21387.211250
 20
46674.808829
 42
0.018652
  0
VERTEX
  8
0
 10
21353.679304
 20
46680.629170
 42
0.024729
  0
VERTEX
  8
0
 10
21339.913160
 20
46681.803740
 42
0.004681
  0
VERTEX
  8
0
 10
21314.715907
 20
46682.466752
 42
0.004808
  0
VERTEX
  8
0
 10
21289.473068
 20
46682.651717
 42
0.022654
  0
SEQEND
  0
POLYLINE
  8
0
 66
1
 70
1
  0
VERTEX
  8
0
 10
21328.144045
 20
46504.948535
 42
-0.063632
  0
VERTEX
  8
0
 10
21376.664335
 20
46493.675925
 42
-0.063503
  0
VERTEX
  8
0
 10
21420.827331
 20
46470.560264
 42
-0.063527
  0
VERTEX
  8
0
 10
21457.761984
 20
46437.110759
 42
-0.063766
  0
VERTEX
  8
0
 10
21485.061583
 20
46395.500000
 42
-0.048373
  0
VERTEX
  8
0
 10
21498.379503
 20
46359.749628
 42
-0.048650
  0
VERTEX
  8
0
 10
21504.547609
 20
46322.175034
 42
-0.048532
  0
VERTEX
  8
0
 10
21503.345455
 20
46284.031854
 42
-0.047673
  0
VERTEX
  8
0
 10
21494.826048
 20
46246.597288
 42
-0.022277
  0
VERTEX
  8
0
 10
21490.809256
 20
46236.040925
 42
-0.011671
  0
VERTEX
  8
0
 10
21484.929657
 20
46223.270665
 42
-0.011671
  0
VERTEX
  8
0
 10
21478.445044
 20
46210.758761
 42
-0.021773
  0
VERTEX
  8
0
 10
21472.528306
 20
46201.000000
 42
-0.051828
  0
VERTEX
  8
0
 10
21445.833063
 20
46168.795985
 42
-0.052759
  0
VERTEX
  8
0
 10
21413.233274
 20
46142.986076
 42
-0.052945
  0
VERTEX
  8
0
 10
21376.066384
 20
46124.643036
 42
-0.052919
  0
VERTEX
  8
0
 10
21335.869913
 20
46114.510577
 42
-0.024119
  0
VERTEX
  8
0
 10
21323.916232
 20
46113.396143
 42
-0.011373
  0
VERTEX
  8
0
 10
21308.414302
 20
46113.055268
 42
-0.011364
  0
VERTEX
  8
0
 10
21292.947810
 20
46113.418600
 42
-0.024706
  0
VERTEX
  8
0
 10
21281.128338
 20
46114.552181
 42
-0.054518
  0
VERTEX
  8
0
 10
21238.519046
 20
46125.611358
 42
-0.055751
  0
VERTEX
  8
0
 10
21199.650193
 20
46145.564140
 42
-0.055792
  0
VERTEX
  8
0
 10
21166.174610
 20
46173.595454
 42
-0.054751
  0
VERTEX
  8
0
 10
21139.484284
 20
46208.500000
 42
-0.055819
  0
VERTEX
  8
0
 10
21122.177411
 20
46246.047680
 42
-0.052593
  0
VERTEX
  8
0
 10
21113.166027
 20
46287.255058
 42
-0.052298
  0
VERTEX
  8
0
 10
21112.924159
 20
46329.661551
 42
-0.053890
  0
VERTEX
  8
0
 10
21121.530749
 20
46370.751230
 42
-0.022868
  0
VERTEX
  8
0
 10
21125.642629
 20
46381.679434
 42
-0.011780
  0
VERTEX
  8
0
 10
21131.725949
 20
46394.973138
 42
-0.011779
  0
VERTEX
  8
0
 10
21138.422823
 20
46407.954336
 42
-0.023063
  0
VERTEX
  8
0
 10
21144.462156
 20
46417.894787
 42
-0.066618
  0
VERTEX
  8
0
 10
21179.972834
 20
46457.967812
 42
-0.067619
  0
VERTEX
  8
0
 10
21224.603458
 20
46487.056455
 42
-0.067920
  0
VERTEX
  8
0
 10
21275.190818
 20
46503.090950
 42
-0.068231
  0
SEQEND
  0
POLYLINE
  8
0
 66
1
 70
1
  0
VERTEX
  8
0
 10
15284.000000
 20
45682.912394
 42
0.068234
  0
VERTEX
  8
0
 10
15184.426788
 20
45661.420774
 42
0.068030
  0
VERTEX
  8
0
 10
15094.201976
 20
45613.910342
 42
0.068158
  0
VERTEX
  8
0
 10
15020.177362
 20
45544.025450
 42
0.068934
  0
VERTEX
  8
0
 10
14968.003019
 20
45457.064387
 42
0.016606
  0
VERTEX
  8
0
 10
14958.534151
 20
45432.618244
 42
0.017838
  0
VERTEX
  8
0
 10
14950.953649
 20
45408.169750
 42
0.017368
  0
VERTEX
  8
0
 10
14944.972674
 20
45382.655075
 42
0.014176
  0
VERTEX
  8
0
 10
14940.305903
 20
45355.000000
 42
0.027328
  0
VERTEX
  8
0
 10
14938.829550
 20
45337.503804
 42
0.007535
  0
VERTEX
  8
0
 10
14938.429931
 20
45309.887352
 42
0.007574
  0
VERTEX
  8
0
 10
14938.865450
 20
45282.235907
 42
0.026600
  0
VERTEX
  8
0
 10
14940.360274
 20
45264.500000
 42
0.037413
  0
VERTEX
  8
0
 10
14953.773849
 20
45202.197461
 42
0.041781
  0
VERTEX
  8
0
 10
14976.002931
 20
45144.947513
 42
0.042363
  0
VERTEX
  8
0
 10
15007.115942
 20
45092.872180
 42
0.040570
  0
VERTEX
  8
0
 10
15046.969122
 20
45045.969657
 42
0.040032
  0
VERTEX
  8
0
 10
15094.547858
 20
45005.456917
 42
0.042614
  0
VERTEX
  8
0
 10
15147.029749
 20
44973.986435
 42
0.042239
  0
VERTEX
  8
0
 10
15204.519064
 20
44951.651874
 42
0.038028
  0
VERTEX
  8
0
 10
15267.000000
 20
44938.327633
 42
0.025290
  0
VERTEX
  8
0
 10
15284.905894
 20
44936.828691
 42
0.008258
  0
VERTEX
  8
0
 10
15311.415748
 20
44936.393044
 42
0.008327
  0
VERTEX
  8
0
 10
15338.034507
 20
44936.838616
 42
0.023745
  0
VERTEX
  8
0
 10
15356.500000
 20
44938.335201
 42
0.041741
  0
VERTEX
  8
0
 10
15421.417848
 20
44952.293098
 42
0.044189
  0
VERTEX
  8
0
 10
15481.828886
 20
44976.670193
 42
0.044328
  0
VERTEX
  8
0
 10
15536.850489
 20
45011.200859
 42
0.042527
  0
VERTEX
  8
0
 10
15585.756390
 20
45055.326000
 42
0.030034
  0
VERTEX
  8
0
 10
15612.910833
 20
45088.114045
 42
0.028278
  0
VERTEX
  8
0
 10
15636.538079
 20
45124.565276
 42
0.028220
  0
VERTEX
  8
0
 10
15655.946212
 20
45163.528754
 42
0.029601
  0
VERTEX
  8
0
 10
15670.496064
 20
45203.822302
 42
0.043327
  0
VERTEX
  8
0
 10
15683.314831
 20
45266.819021
 42
0.042945
  0
VERTEX
  8
0
 10
15685.139669
 20
45331.271689
 42
0.042954
  0
VERTEX
  8
0
 10
15675.927638
 20
45395.075867
 42
0.043384
  0
VERTEX
  8
0
 10
15655.963092
 20
45456.146383
 42
0.064032
  0
VERTEX
  8
0
 10
15607.560616
 20
45538.650066
 42
0.064078
  0
VERTEX
  8
0
 10
15539.869720
 20
45606.201379
 42
0.064160
  0
VERTEX
  8
0
 10
15457.367990
 20
45654.345798
 42
0.064492
  0
VERTEX
  8
0
 10
15365.500000
 20
45679.898738
 42
0.013175
  0
VERTEX
  8
0
 10
15344.849424
 20
45682.307862
 42
0.013207
  0
VERTEX
  8
0
 10
15324.117303
 20
45683.623497
 42
0.013428
  0
VERTEX
  8
0
 10
15303.701469
 20
45683.829838
 42
0.014894
  0
SEQEND
  0
POLYLINE
  8
0
 66
1
 70
1
  0
VERTEX
  8
0
 10
15324.575786
 20
45506.008994
 42
-0.043338
  0
VERTEX
  8
0
 10
15360.105615
 20
45500.464103
 42
-0.046050
  0
VERTEX
  8
0
 10
15393.399442
 20
45488.930860
 42
-0.046414
  0
VERTEX
  8
0
 10
15423.789543
 20
45471.600482
 42
-0.045416
  0
VERTEX
  8
0
 10
15450.702083
 20
45448.849459
 42
-0.016435
  0
VERTEX
  8
0
 10
15462.589468
 20
45435.969937
 42
-0.021979
  0
VERTEX
  8
0
 10
15472.445967
 20
45423.491543
 42
-0.022755
  0
VERTEX
  8
0
 10
15480.901036
 20
45410.560672
 42
-0.019881
  0
VERTEX
  8
0
 10
15488.562246
 20
45396.328917
 42
-0.052366
  0
VERTEX
  8
0
 10
15502.597887
 20
45357.810926
 42
-0.052051
  0
VERTEX
  8
0
 10
15508.362480
 20
45317.138514
 42
-0.052088
  0
VERTEX
  8
0
 10
15505.602009
 20
45276.179475
 42
-0.052591
  0
VERTEX
  8
0
 10
15494.432981
 20
45236.813876
 42
-0.024564
  0
VERTEX
  8
0
 10
15485.891020
 20
45218.221126
 42
-0.026757
  0
VERTEX
  8
0
 10
15475.782296
 20
45201.097412
 42
-0.026691
  0
VERTEX
  8
0
 10
15463.878446
 20
45185.114382
 42
-0.024202
  0
VERTEX
  8
0
 10
15449.964701
 20
45169.934824
 42
-0.098456
  0
VERTEX
  8
0
 10
15386.333170
 20
45127.861933
 42
-0.098217
  0
VERTEX
  8
0
 10
15311.391049
 20
45113.284293
 42
-0.098098
  0
VERTEX
  8
0
 10
15236.483502
 20
45128.410841
 42
-0.097955
  0
VERTEX
  8
0
 10
15172.956213
 20
45170.956213
 42
-0.072627
  0
VERTEX
  8
0
 10
15138.901312
 20
45216.657466
 42
-0.072855
  0
VERTEX
  8
0
 10
15119.381796
 20
45270.140444
 42
-0.072874
  0
VERTEX
  8
0
 10
15116.025354
 20
45326.962203
 42
-0.072727
  0
VERTEX
  8
0
 10
15129.104546
 20
45382.400215
 42
-0.071250
  0
VERTEX
  8
0
 10
15156.180234
 20
45429.782786
 42
-0.068879
  0
VERTEX
  8
0
 10
15195.739381
 20
45468.284394
 42
-0.069128
  0
VERTEX
  8
0
 10
15244.126648
 20
45494.484894
 42
-0.072685
  0
VERTEX
  8
0
 10
15297.000000
 20
45505.927263
 42
0.000498
  0
VERTEX
  8
0
 10
15301.479059
 20
45506.236835
 42
0.000731
  0
VERTEX
  8
0
 10
15305.415625
 20
45506.518637
 42
0.000338
  0
VERTEX
  8
0
 10
15308.770643
 20
45506.766020
 42
0.013720
  0
VERTEX
  8
0
 10
15309.500000
 20
45506.840464
 42
-0.045321
  0
VERTEX
  8
0
 10
15310.246462
 20
45506.869272
 42
-0.000773
  0
VERTEX
  8
0
 10
15314.341012
 20
45506.649794
 42
-0.001967
  0
VERTEX
  8
0
 10
15319.109213
 20
45506.367996
 42
-0.001307
  0
SEQEND
  0
POLYLINE
  8
0
 66
1
 70
1
  0
VERTEX
  8
0
 10
21287.000000
 20
45683.334245
 42
0.031925
  0
VERTEX
  8
0
 10
21233.770826
 20
45676.157922
 42
0.034896
  0
VERTEX
  8
0
 10
21183.491306
 20
45662.372316
 42
0.035337
  0
VERTEX
  8
0
 10
21136.184268
 20
45641.922969
 42
0.034484
  0
VERTEX
  8
0
 10
21091.821329
 20
45614.870235
 42
0.024232
  0
VERTEX
  8
0
 10
21065.635728
 20
45594.337130
 42
0.021369
  0
VERTEX
  8
0
 10
21040.390297
 20
45570.525492
 42
0.021406
  0
VERTEX
  8
0
 10
21017.317074
 20
45544.695123
 42
0.024579
  0
VERTEX
  8
0
 10
20997.643082
 20
45518.111641
 42
0.064068
  0
VERTEX
  8
0
 10
20954.574807
 20
45431.187107
 42
0.065066
  0
VERTEX
  8
0
 10
20935.203606
 20
45336.648070
 42
0.065146
  0
VERTEX
  8
0
 10
20940.787274
 20
45240.410162
 42
0.064499
  0
VERTEX
  8
0
 10
20970.927600
 20
45148.500000
 42
0.019721
  0
VERTEX
  8
0
 10
20985.278581
 20
45121.276687
 42
0.021550
  0
VERTEX
  8
0
 10
21001.341964
 20
45096.086439
 42
0.021441
  0
VERTEX
  8
0
 10
21019.592440
 20
45072.259469
 42
0.019120
  0
VERTEX
  8
0
 10
21040.498168
 20
45049.120961
 42
0.040776
  0
VERTEX
  8
0
 10
21088.467091
 20
45007.361412
 42
0.043467
  0
VERTEX
  8
0
 10
21141.605143
 20
44974.933991
 42
0.043089
  0
VERTEX
  8
0
 10
21199.980709
 20
44951.961288
 42
0.038767
  0
VERTEX
  8
0
 10
21263.531305
 20
44938.329646
 42
0.025832
  0
VERTEX
  8
0
 10
21281.312927
 20
44936.865596
 42
0.007662
  0
VERTEX
  8
0
 10
21308.605178
 20
44936.451443
 42
0.007638
  0
VERTEX
  8
0
 10
21335.872807
 20
44936.872115
 42
0.026283
  0
VERTEX
  8
0
 10
21353.500000
 20
44938.343114
 42
0.032317
  0
VERTEX
  8
0
 10
21407.687935
 20
44949.351452
 42
0.036426
  0
VERTEX
  8
0
 10
21457.807316
 20
44966.959657
 42
0.036600
  0
VERTEX
  8
0
 10
21504.635730
 20
44991.568195
 42
0.033222
  0
VERTEX
  8
0
 10
21549.000000
 20
45023.470485
 42
0.017914
  0
VERTEX
  8
0
 10
21560.448972
 20
45033.627501
 42
0.008431
  0
VERTEX
  8
0
 10
21574.532307
 20
45047.513954
 42
0.008445
  0
VERTEX
  8
0
 10
21588.239173
 20
45061.973389
 42
0.016617
  0
VERTEX
  8
0
 10
21598.546427
 20
45074.000000
 42
0.035169
  0
VERTEX
  8
0
 10
21630.797158
 20
45120.636051
 42
0.037995
  0
VERTEX
  8
0
 10
21655.265066
 20
45170.175200
 42
0.037957
  0
VERTEX
  8
0
 10
21671.973558
 20
45222.891974
 42
0.034962
  0
VERTEX
  8
0
 10
21681.094888
 20
45279.000000
 42
0.021321
  0
VERTEX
  8
0
 10
21681.845261
 20
45294.419334
 42
0.006478
  0
VERTEX
  8
0
 10
21681.682269
 20
45317.818900
 42
0.006402
  0
VERTEX
  8
0
 10
21680.919207
 20
45341.127054
 42
0.022784
  0
VERTEX
  8
0
 10
21679.560674
 20
45356.000000
 42
0.025763
  0
VERTEX
  8
0
 10
21671.200834
 20
45399.903070
 42
0.029380
  0
VERTEX
  8
0
 10
21658.625697
 20
45440.783792
 42
0.029702
  0
VERTEX
  8
0
 10
21641.487933
 20
45479.518440
 42
0.027494
  0
VERTEX
  8
0
 10
21619.480918
 20
45517.000000
 42
0.049059
  0
VERTEX
  8
0
 10
21572.975508
 20
45574.049532
 42
0.049854
  0
VERTEX
  8
0
 10
21516.478129
 20
45620.603451
 42
0.049650
  0
VERTEX
  8
0
 10
21451.657200
 20
45655.208400
 42
0.047882
  0
VERTEX
  8
0
 10
21380.500000
 20
45676.865977
 42
0.018824
  0
VERTEX
  8
0
 10
21358.202618
 20
45680.512841
 42
0.013853
  0
VERTEX
  8
0
 10
21333.283680
 20
45682.931886
 42
0.013956
  0
VERTEX
  8
0
 10
21308.588025
 20
45683.948933
 42
0.020861
  0
SEQEND
  0
POLYLINE
  8
0
 66
1
 70
1
  0
VERTEX
  8
0
 10
21336.500000
 20
45504.396532
 42
-0.055255
  0
VERTEX
  8
0
 10
21376.279254
 20
45494.486236
 42
-0.052825
  0
VERTEX
  8
0
 10
21413.571327
 20
45476.004663
 42
-0.052613
  0
VERTEX
  8
0
 10
21446.297462
 20
45450.034831
 42
-0.053900
  0
VERTEX
  8
0
 10
21472.585163
 20
45418.000000
 42
-0.024973
  0
VERTEX
  8
0
 10
21483.117265
 20
45400.005697
 42
-0.026581
  0
VERTEX
  8
0
 10
21491.563863
 20
45381.414716
 42
-0.026325
  0
VERTEX
  8
0
 10
21498.057041
 20
45361.864725
 42
-0.023539
  0
VERTEX
  8
0
 10
21502.743887
 20
45341.000000
 42
-0.033230
  0
VERTEX
  8
0
 10
21504.181437
 20
45327.673668
 42
-0.012249
  0
VERTEX
  8
0
 10
21504.494026
 20
45308.759468
 42
-0.012325
  0
VERTEX
  8
0
 10
21503.873773
 20
45289.751860
 42
-0.031011
  0
VERTEX
  8
0
 10
21502.225742
 20
45276.000000
 42
-0.054996
  0
VERTEX
  8
0
 10
21489.395471
 20
45233.185605
 42
-0.056516
  0
VERTEX
  8
0
 10
21467.623134
 20
45194.620107
 42
-0.056462
  0
VERTEX
  8
0
 10
21437.746355
 20
45161.877499
 42
-0.054695
  0
VERTEX
  8
0
 10
21401.000000
 20
45136.246809
 42
-0.027267
  0
VERTEX
  8
0
 10
21386.391985
 20
45129.275785
 42
-0.019384
  0
VERTEX
  8
0
 10
21369.356040
 20
45123.019277
 42
-0.019207
  0
VERTEX
  8
0
 10
21351.649445
 20
45118.027400
 42
-0.024552
  0
VERTEX
  8
0
 10
21335.000000
 20
45114.872192
 42
-0.025345
  0
VERTEX
  8
0
 10
21323.047555
 20
45113.823510
 42
-0.011217
  0
VERTEX
  8
0
 10
21307.200304
 20
45113.595280
 42
-0.011223
  0
VERTEX
  8
0
 10
21291.342710
 20
45114.078736
 42
-0.025061
  0
VERTEX
  8
0
 10
21279.345658
 20
45115.319253
 42
-0.037635
  0
VERTEX
  8
0
 10
21249.536610
 20
45122.247976
 42
-0.039211
  0
VERTEX
  8
0
 10
21221.526386
 20
45133.500507
 42
-0.039242
  0
VERTEX
  8
0
 10
21195.636620
 20
45148.978169
 42
-0.037822
  0
VERTEX
  8
0
 10
21172.139895
 20
45168.484637
 42
-0.041114
  0
VERTEX
  8
0
 10
21149.665312
 20
45194.102388
 42
-0.043868
  0
VERTEX
  8
0
 10
21132.228027
 20
45222.525910
 42
-0.043846
  0
VERTEX
  8
0
 10
21120.010153
 20
45253.568961
 42
-0.040994
  0
VERTEX
  8
0
 10
21113.051334
 20
45286.973766
 42
-0.022570
  0
VERTEX
  8
0
 10
21112.215525
 20
45297.625683
 42
-0.010825
  0
VERTEX
  8
0
 10
21112.057479
 20
45311.341719
 42
-0.010838
  0
VERTEX
  8
0
 10
21112.497293
 20
45325.166551
 42
-0.020760
  0
VERTEX
  8
0
 10
21113.550041
 20
45336.215618
 42
-0.059629
  0
VERTEX
  8
0
 10
21125.510357
 20
45381.980629
 42
-0.060288
  0
VERTEX
  8
0
 10
21147.904315
 20
45423.447029
 42
-0.060355
  0
VERTEX
  8
0
 10
21179.516574
 20
45458.335840
 42
-0.060005
  0
VERTEX
  8
0
 10
21218.603982
 20
45484.745422
 42
-0.037620
  0
VERTEX
  8
0
 10
21246.563687
 20
45496.537884
 42
-0.039711
  0
VERTEX
  8
0
 10
21275.476954
 20
45503.752835
 42
-0.039314
  0
VERTEX
  8
0
 10
21305.433129
 20
45506.352820
 42
-0.035453
  0
SEQEND
  0
POLYLINE
  8
0
 66
1
 70
1
  0
VERTEX
  8
0
 10
8146.500000
 20
45212.877029
 42
0.008242
  0
VERTEX
  8
0
 10
8141.644389
 20
45212.372196
 42
0.003484
  0
VERTEX
  8
0
 10
8135.143726
 20
45211.541833
 42
0.003446
  0
VERTEX
  8
0
 10
8128.211140
 20
45210.558474
 42
0.004495
  0
VERTEX
  8
0
 10
8121.882899
 20
45209.558082
 42
0.031410
  0
VERTEX
  8
0
 10
8078.530956
 20
45199.472645
 42
0.032420
  0
VERTEX
  8
0
 10
8037.254230
 20
45184.115162
 42
0.032355
  0
VERTEX
  8
0
 10
7998.233440
 20
45163.517147
 42
0.031016
  0
VERTEX
  8
0
 10
7961.613964
 20
45137.792335
 42
0.021550
  0
VERTEX
  8
0
 10
7949.633231
 20
45127.337309
 42
0.007439
  0
VERTEX
  8
0
 10
7933.221371
 20
45111.248160
 42
0.007375
  0
VERTEX
  8
0
 10
7917.356709
 20
45094.745842
 42
0.022946
  0
VERTEX
  8
0
 10
7907.361181
 20
45083.000000
 42
0.032139
  0
VERTEX
  8
0
 10
7879.672998
 20
45042.084262
 42
0.036179
  0
VERTEX
  8
0
 10
7858.663257
 20
44999.501562
 42
0.035895
  0
VERTEX
  8
0
 10
7843.885336
 20
44954.035168
 42
0.030734
  0
VERTEX
  8
0
 10
7834.817625
 20
44904.500000
 42
0.024225
  0
VERTEX
  8
0
 10
7833.762725
 20
44889.701118
 42
0.007520
  0
VERTEX
  8
0
 10
7833.591339
 20
44867.391466
 42
0.007618
  0
VERTEX
  8
0
 10
7834.098205
 20
44844.960424
 42
0.022110
  0
VERTEX
  8
0
 10
7835.369441
 20
44829.500000
 42
0.032139
  0
VERTEX
  8
0
 10
7844.768506
 20
44780.761626
 42
0.035636
  0
VERTEX
  8
0
 10
7860.124915
 20
44735.337595
 42
0.035817
  0
VERTEX
  8
0
 10
7881.693465
 20
44692.755911
 42
0.033120
  0
VERTEX
  8
0
 10
7909.630146
 20
44652.500000
 42
0.019521
  0
VERTEX
  8
0
 10
7919.960432
 20
44640.528150
 42
0.008610
  0
VERTEX
  8
0
 10
7934.489709
 20
44625.489709
 42
0.008610
  0
VERTEX
  8
0
 10
7949.528150
 20
44610.960432
 42
0.019521
  0
VERTEX
  8
0
 10
7961.500000
 20
44600.630146
 42
0.030602
  0
VERTEX
  8
0
 10
7997.912085
 20
44575.088582
 42
0.031630
  0
VERTEX
  8
0
 10
8036.780729
 20
44554.492051
 42
0.031874
  0
VERTEX
  8
0
 10
8077.641766
 20
44539.097105
 42
0.032178
  0
VERTEX
  8
0
 10
8120.000000
 20
44529.078369
 42
0.023333
  0
VERTEX
  8
0
 10
8142.899352
 20
44526.287797
 42
0.014173
  0
VERTEX
  8
0
 10
8170.155368
 20
44525.025984
 42
0.004259
  0
VERTEX
  8
0
 10
8218.764877
 20
44524.569072
 42
0.000220
  0
VERTEX
  8
0
 10
8375.500000
 20
44524.500000
 42
0.000222
  0
VERTEX
  8
0
 10
8538.616804
 20
44524.572391
 42
0.005173
  0
VERTEX
  8
0
 10
8584.952724
 20
44525.092936
 42
0.018465
  0
VERTEX
  8
0
 10
8611.452374
 20
44526.645060
 42
0.022649
  0
VERTEX
  8
0
 10
8636.000000
 20
44530.122403
 42
0.065539
  0
VERTEX
  8
0
 10
8720.447197
 20
44557.817358
 42
0.064633
  0
VERTEX
  8
0
 10
8795.288629
 20
44606.518226
 42
0.064543
  0
VERTEX
  8
0
 10
8855.301617
 20
44672.784497
 42
0.065032
  0
VERTEX
  8
0
 10
8896.253576
 20
44752.000000
 42
0.015719
  0
VERTEX
  8
0
 10
8902.325378
 20
44770.582307
 42
0.013931
  0
VERTEX
  8
0
 10
8907.489323
 20
44790.269428
 42
0.013698
  0
VERTEX
  8
0
 10
8911.631596
 20
44810.571697
 42
0.013842
  0
VERTEX
  8
0
 10
8914.639479
 20
44831.000000
 42
0.019720
  0
VERTEX
  8
0
 10
8915.871547
 20
44846.548785
 42
0.008163
  0
VERTEX
  8
0
 10
8916.363417
 20
44867.642777
 42
0.008101
  0
VERTEX
  8
0
 10
8916.170423
 20
44888.591087
 42
0.021593
  0
VERTEX
  8
0
 10
8915.146168
 20
44903.500000
 42
0.032747
  0
VERTEX
  8
0
 10
8906.165050
 20
44953.639313
 42
0.036830
  0
VERTEX
  8
0
 10
8890.930170
 20
45000.181717
 42
0.036818
  0
VERTEX
  8
0
 10
8869.026224
 20
45043.998246
 42
0.032686
  0
VERTEX
  8
0
 10
8840.135712
 20
45086.000000
 42
0.023322
  0
VERTEX
  8
0
 10
8829.878265
 20
45097.825671
 42
0.007763
  0
VERTEX
  8
0
 10
8813.803603
 20
45114.183617
 42
0.007803
  0
VERTEX
  8
0
 10
8797.183443
 20
45130.075472
 42
0.022396
  0
VERTEX
  8
0
 10
8785.000000
 20
45140.391912
 42
0.029861
  0
VERTEX
  8
0
 10
8746.137135
 20
45166.872280
 42
0.035064
  0
VERTEX
  8
0
 10
8706.370588
 20
45186.988112
 42
0.034415
  0
VERTEX
  8
0
 10
8663.545706
 20
45201.628575
 42
0.027004
  0
VERTEX
  8
0
 10
8615.500000
 20
45211.699153
 42
0.033598
  0
VERTEX
  8
0
 10
8603.490279
 20
45212.727850
 42
0.002578
  0
VERTEX
  8
0
 10
8571.044515
 20
45213.153566
 42
0.001626
  0
VERTEX
  8
0
 10
8514.686697
 20
45213.419083
 42
0.000164
  0
VERTEX
  8
0
 10
8380.500000
 20
45213.570739
 42
0.000368
  0
VERTEX
  8
0
 10
8293.918925
 20
45213.576505
 42
0.000574
  0
VERTEX
  8
0
 10
8219.362500
 20
45213.441061
 42
0.000150
  0
VERTEX
  8
0
 10
8154.247081
 20
45213.228512
 42
0.020890
  0
SEQEND
  0
POLYLINE
  8
0
 66
1
 70
1
  0
VERTEX
  8
0
 10
8611.740225
 20
45111.220598
 42
-0.011969
  0
VERTEX
  8
0
 10
8630.277858
 20
45107.161351
 42
-0.017314
  0
VERTEX
  8
0
 10
8646.419420
 20
45102.622157
 42
-0.018322
  0
VERTEX
  8
0
 10
8661.485822
 20
45097.200968
 42
-0.016226
  0
VERTEX
  8
0
 10
8676.748571
 20
45090.485751
 42
-0.019523
  0
VERTEX
  8
0
 10
8695.687471
 20
45080.481632
 42
-0.022620
  0
VERTEX
  8
0
 10
8712.851823
 20
45069.473773
 42
-0.022678
  0
VERTEX
  8
0
 10
8728.913585
 20
45056.986781
 42
-0.019822
  0
VERTEX
  8
0
 10
8744.544875
 20
45042.546374
 42
-0.010041
  0
VERTEX
  8
0
 10
8754.303020
 20
45032.387074
 42
-0.015025
  0
VERTEX
  8
0
 10
8762.371532
 20
45023.096798
 42
-0.015409
  0
VERTEX
  8
0
 10
8769.717188
 20
45013.519157
 42
-0.011384
  0
VERTEX
  8
0
 10
8777.266873
 20
45002.500000
 42
-0.086081
  0
VERTEX
  8
0
 10
8810.039351
 20
44926.301996
 42
-0.085468
  0
VERTEX
  8
0
 10
8815.350498
 20
44843.322355
 42
-0.085348
  0
VERTEX
  8
0
 10
8792.594189
 20
44763.247347
 42
-0.085511
  0
VERTEX
  8
0
 10
8744.407579
 20
44695.432218
 42
-0.043132
  0
VERTEX
  8
0
 10
8711.907340
 20
44668.267926
 42
-0.043113
  0
VERTEX
  8
0
 10
8675.223894
 20
44647.077849
 42
-0.043181
  0
VERTEX
  8
0
 10
8635.507850
 20
44632.520020
 42
-0.043568
  0
VERTEX
  8
0
 10
8594.000000
 20
44625.054721
 42
-0.021091
  0
VERTEX
  8
0
 10
8583.844018
 20
44624.559796
 42
-0.000433
  0
VERTEX
  8
0
 10
8532.911530
 20
44624.271952
 42
-0.000859
  0
VERTEX
  8
0
 10
8466.550558
 20
44624.068494
 42
-0.000337
  0
VERTEX
  8
0
 10
8375.000000
 20
44624.006834
 42
-0.000337
  0
VERTEX
  8
0
 10
8283.449442
 20
44624.068494
 42
-0.000859
  0
VERTEX
  8
0
 10
8217.088470
 20
44624.271952
 42
-0.000433
  0
VERTEX
  8
0
 10
8166.155982
 20
44624.559796
 42
-0.021091
  0
VERTEX
  8
0
 10
8156.000000
 20
44625.054721
 42
-0.073105
  0
VERTEX
  8
0
 10
8087.187577
 20
44641.662530
 42
-0.072402
  0
VERTEX
  8
0
 10
8025.814477
 20
44677.401645
 42
-0.072384
  0
VERTEX
  8
0
 10
7977.164997
 20
44729.163997
 42
-0.073009
  0
VERTEX
  8
0
 10
7945.458674
 20
44792.500000
 42
-0.018587
  0
VERTEX
  8
0
 10
7939.925827
 20
44811.654370
 42
-0.022935
  0
VERTEX
  8
0
 10
7936.267002
 20
44829.875116
 42
-0.022294
  0
VERTEX
  8
0
 10
7934.222985
 20
44848.775485
 42
-0.016024
  0
VERTEX
  8
0
 10
7933.562637
 20
44870.000000
 42
-0.016099
  0
VERTEX
  8
0
 10
7934.251932
 20
44890.792543
 42
-0.022831
  0
VERTEX
  8
0
 10
7936.301546
 20
44909.183537
 42
-0.023169
  0
VERTEX
  8
0
 10
7939.989489
 20
44927.103090
 42
-0.017338
  0
VERTEX
  8
0
 10
7945.637742
 20
44946.455604
 42
-0.064074
  0
VERTEX
  8
0
 10
7972.105211
 20
45001.723669
 42
-0.062500
  0
VERTEX
  8
0
 10
8011.888287
 20
45049.010453
 42
-0.062541
  0
VERTEX
  8
0
 10
8062.095158
 20
45084.975760
 42
-0.064314
  0
VERTEX
  8
0
 10
8119.172624
 20
45106.998501
 42
-0.009694
  0
VERTEX
  8
0
 10
8127.591472
 20
45108.884656
 42
-0.006511
  0
VERTEX
  8
0
 10
8137.277363
 20
45110.727264
 42
-0.006546
  0
VERTEX
  8
0
 10
8146.874887
 20
45112.294586
 42
-0.010901
  0
VERTEX
  8
0
 10
8155.000000
 20
45113.331918
 42
-0.026032
  0
VERTEX
  8
0
 10
8157.830533
 20
45113.482447
 42
-0.000025
  0
VERTEX
  8
0
 10
8222.390625
 20
45113.548809
 42
-0.000257
  0
VERTEX
  8
0
 10
8294.518046
 20
45113.582310
 42
-0.000158
  0
VERTEX
  8
0
 10
8379.500000
 20
45113.551395
 42
0.000000
  0
VERTEX
  8
0
 10
8600.500000
 20
45113.401370
 42
0.000000
  0
SEQEND
  0
POLYLINE
  8
0
 66
1
 70
1
  0
VERTEX
  8
0
 10
15294.000000
 20
44683.948586
 42
0.039737
  0
VERTEX
  8
0
 10
15235.898879
 20
44676.681180
 42
0.039769
  0
VERTEX
  8
0
 10
15179.695110
 20
44660.314604
 42
0.039477
  0
VERTEX
  8
0
 10
15126.411299
 20
44635.114047
 42
0.037949
  0
VERTEX
  8
0
 10
15077.000000
 20
44601.559701
 42
0.018964
  0
VERTEX
  8
0
 10
15063.790729
 20
44590.198293
 42
0.009053
  0
VERTEX
  8
0
 10
15047.650300
 20
44574.660987
 42
0.009047
  0
VERTEX
  8
0
 10
15032.111360
 20
44558.579339
 42
0.019335
  0
VERTEX
  8
0
 10
15020.835661
 20
44545.500000
 42
0.032952
  0
VERTEX
  8
0
 10
14990.862889
 20
44502.334016
 42
0.035079
  0
VERTEX
  8
0
 10
14967.513643
 20
44456.472765
 42
0.034928
  0
VERTEX
  8
0
 10
14950.725095
 20
44407.612906
 42
0.032108
  0
VERTEX
  8
0
 10
14940.326843
 20
44355.500000
 42
0.025338
  0
VERTEX
  8
0
 10
14938.990374
 20
44339.255718
 42
0.006324
  0
VERTEX
  8
0
 10
14938.490147
 20
44312.617474
 42
0.006278
  0
VERTEX
  8
0
 10
14938.661191
 20
44286.003461
 42
0.026121
  0
VERTEX
  8
0
 10
14939.802773
 20
44270.000000
 42
0.037498
  0
VERTEX
  8
0
 10
14952.311152
 20
44207.784031
 42
0.041583
  0
VERTEX
  8
0
 10
14973.703099
 20
44150.339031
 42
0.042177
  0
VERTEX
  8
0
 10
15003.981087
 20
44097.932731
 42
0.040775
  0
VERTEX
  8
0
 10
15042.932544
 20
44050.710167
 42
0.027683
  0
VERTEX
  8
0
 10
15075.841523
 20
44020.405076
 42
0.030076
  0
VERTEX
  8
0
 10
15111.034253
 20
43994.813245
 42
0.030272
  0
VERTEX
  8
0
 10
15148.825926
 20
43973.769166
 42
0.028815
  0
VERTEX
  8
0
 10
15189.500000
 20
43957.052554
 42
0.028969
  0
VERTEX
  8
0
 10
15232.279253
 20
43945.009721
 42
0.029922
  0
VERTEX
  8
0
 10
15275.704378
 20
43938.150464
 42
0.029910
  0
VERTEX
  8
0
 10
15319.654080
 20
43936.522163
 42
0.028896
  0
VERTEX
  8
0
 10
15364.000000
 20
43940.101805
 42
0.056520
  0
VERTEX
  8
0
 10
15444.779926
 20
43960.835146
 42
0.056090
  0
VERTEX
  8
0
 10
15519.089348
 20
43999.165484
 42
0.055981
  0
VERTEX
  8
0
 10
15583.146330
 20
44053.134446
 42
0.055877
  0
VERTEX
  8
0
 10
15633.681010
 20
44120.000000
 42
0.027306
  0
VERTEX
  8
0
 10
15652.151275
 20
44155.396384
 42
0.026948
  0
VERTEX
  8
0
 10
15666.744849
 20
44192.748797
 42
0.026562
  0
VERTEX
  8
0
 10
15677.411697
 20
44231.981731
 42
0.024860
  0
VERTEX
  8
0
 10
15684.142603
 20
44273.000000
 42
0.022363
  0
VERTEX
  8
0
 10
15685.228341
 20
44288.891163
 42
0.007494
  0
VERTEX
  8
0
 10
15685.426433
 20
44312.166214
 42
0.007561
  0
VERTEX
  8
0
 10
15684.921241
 20
44335.552211
 42
0.020789
  0
VERTEX
  8
0
 10
15683.630872
 20
44352.000000
 42
0.050581
  0
VERTEX
  8
0
 10
15666.277321
 20
44429.262016
 42
0.052441
  0
VERTEX
  8
0
 10
15633.892644
 20
44500.475249
 42
0.052684
  0
VERTEX
  8
0
 10
15587.564212
 20
44563.108858
 42
0.051966
  0
VERTEX
  8
0
 10
15528.972961
 20
44615.000000
 42
0.036655
  0
VERTEX
  8
0
 10
15484.655555
 20
44642.032013
 42
0.033511
  0
VERTEX
  8
0
 10
15435.541490
 20
44663.229173
 42
0.033957
  0
VERTEX
  8
0
 10
15384.766840
 20
44677.421207
 42
0.040626
  0
VERTEX
  8
0
 10
15335.500000
 20
44683.534792
 42
-0.000045
  0
VERTEX
  8
0
 10
15330.392614
 20
44683.751185
 42
-0.000038
  0
VERTEX
  8
0
 10
15324.968750
 20
44683.981884
 42
-0.000038
  0
VERTEX
  8
0
 10
15320.007231
 20
44684.193668
 42
-0.000104
  0
VERTEX
  8
0
 10
15316.500000
 20
44684.344369
 42
0.011869
  0
VERTEX
  8
0
 10
15312.797176
 20
44684.416261
 42
0.003316
  0
VERTEX
  8
0
 10
15307.003125
 20
44684.352779
 42
0.003344
  0
VERTEX
  8
0
 10
15300.447648
 20
44684.193607
 42
0.003510
  0
SEQEND
  0
POLYLINE
  8
0
 66
1
 70
1
  0
VERTEX
  8
0
 10
15333.500000
 20
44505.956157
 42
-0.061799
  0
VERTEX
  8
0
 10
15381.705668
 20
44494.307051
 42
-0.063443
  0
VERTEX
  8
0
 10
15425.140198
 20
44471.291888
 42
-0.063492
  0
VERTEX
  8
0
 10
15461.389276
 20
44438.140294
 42
-0.062059
  0
VERTEX
  8
0
 10
15488.485996
 20
44396.712191
 42
-0.111719
  0
VERTEX
  8
0
 10
15508.454007
 20
44312.476818
 42
-0.111546
  0
VERTEX
  8
0
 10
15490.234061
 20
44227.798365
 42
-0.111495
  0
VERTEX
  8
0
 10
15437.371710
 20
44159.146258
 42
-0.111532
  0
VERTEX
  8
0
 10
15360.145353
 20
44119.879223
 42
-0.080355
  0
VERTEX
  8
0
 10
15298.041508
 20
44114.407003
 42
-0.079649
  0
VERTEX
  8
0
 10
15237.176730
 20
44128.750679
 42
-0.079650
  0
VERTEX
  8
0
 10
15183.846529
 20
44161.401467
 42
-0.080360
  0
VERTEX
  8
0
 10
15143.584751
 20
44209.000000
 42
-0.084124
  0
VERTEX
  8
0
 10
15119.486184
 20
44270.427349
 42
-0.084562
  0
VERTEX
  8
0
 10
15117.030857
 20
44336.249856
 42
-0.084620
  0
VERTEX
  8
0
 10
15136.502677
 20
44399.135675
 42
-0.084395
  0
VERTEX
  8
0
 10
15175.720548
 20
44452.084789
 42
-0.040984
  0
VERTEX
  8
0
 10
15201.224227
 20
44472.834584
 42
-0.042023
  0
VERTEX
  8
0
 10
15229.565758
 20
44488.951378
 42
-0.041842
  0
VERTEX
  8
0
 10
15260.320669
 20
44500.157788
 42
-0.039921
  0
VERTEX
  8
0
 10
15293.000000
 20
44506.306861
 42
-0.022909
  0
VERTEX
  8
0
 10
15300.604307
 20
44506.766554
 42
-0.005807
  0
VERTEX
  8
0
 10
15312.981670
 20
44506.803118
 42
-0.005950
  0
VERTEX
  8
0
 10
15325.423527
 20
44506.547296
 42
-0.020305
  0
SEQEND
  0
POLYLINE
  8
0
 66
1
 70
1
  0
VERTEX
  8
0
 10
21290.500000
 20
44683.941622
 42
0.058276
  0
VERTEX
  8
0
 10
21206.784839
 20
44670.410454
 42
0.056939
  0
VERTEX
  8
0
 10
21127.748951
 20
44637.883286
 42
0.056826
  0
VERTEX
  8
0
 10
21057.948436
 20
44588.293089
 42
0.057596
  0
VERTEX
  8
0
 10
21001.457987
 20
44524.465469
 42
0.017270
  0
VERTEX
  8
0
 10
20989.678532
 20
44506.284223
 42
0.013203
  0
VERTEX
  8
0
 10
20978.027456
 20
44485.646598
 42
0.013242
  0
VERTEX
  8
0
 10
20967.529647
 20
44464.514526
 42
0.017864
  0
VERTEX
  8
0
 10
20959.239658
 20
44444.844001
 42
0.033187
  0
VERTEX
  8
0
 10
20944.026141
 20
44395.095839
 42
0.034729
  0
VERTEX
  8
0
 10
20935.812531
 20
44344.521025
 42
0.034801
  0
VERTEX
  8
0
 10
20934.687823
 20
44293.394233
 42
0.033618
  0
VERTEX
  8
0
 10
20940.613370
 20
44242.000000
 42
0.047189
  0
VERTEX
  8
0
 10
20959.506123
 20
44175.373227
 42
0.046462
  0
VERTEX
  8
0
 10
20990.628405
 20
44113.101606
 42
0.046390
  0
VERTEX
  8
0
 10
21032.767402
 20
44057.560452
 42
0.046735
  0
VERTEX
  8
0
 10
21084.327945
 20
44010.892006
 42
0.051679
  0
VERTEX
  8
0
 10
21150.244066
 20
43971.472332
 42
0.051466
  0
VERTEX
  8
0
 10
21222.933311
 20
43946.342028
 42
0.051427
  0
VERTEX
  8
0
 10
21299.276540
 20
43936.574248
 42
0.051439
  0
VERTEX
  8
0
 10
21376.000000
 20
43942.593718
 42
0.055338
  0
VERTEX
  8
0
 10
21454.551661
 20
43966.175478
 42
0.055212
  0
VERTEX
  8
0
 10
21526.083438
 20
44006.424495
 42
0.055062
  0
VERTEX
  8
0
 10
21587.240165
 20
44061.469002
 42
0.054464
  0
VERTEX
  8
0
 10
21635.164478
 20
44128.724181
 42
0.024836
  0
VERTEX
  8
0
 10
21650.739171
 20
44160.109766
 42
0.023494
  0
VERTEX
  8
0
 10
21663.446407
 20
44193.464894
 42
0.023216
  0
VERTEX
  8
0
 10
21673.101569
 20
44228.271647
 42
0.022866
  0
VERTEX
  8
0
 10
21679.545556
 20
44264.000000
 42
0.021000
  0
VERTEX
  8
0
 10
21680.961570
 20
44279.564875
 42
0.007319
  0
VERTEX
  8
0
 10
21681.728864
 20
44302.060997
 42
0.007407
  0
VERTEX
  8
0
 10
21681.834281
 20
44324.766328
 42
0.018662
  0
VERTEX
  8
0
 10
21681.049405
 20
44341.280517
 42
0.080986
  0
VERTEX
  8
0
 10
21651.471866
 20
44458.864403
 42
0.081453
  0
VERTEX
  8
0
 10
21586.110247
 20
44560.703558
 42
0.081467
  0
VERTEX
  8
0
 10
21491.656446
 20
44636.318721
 42
0.081054
  0
VERTEX
  8
0
 10
21377.833572
 20
44677.963918
 42
0.005195
  0
VERTEX
  8
0
 10
21373.030501
 20
44678.831009
 42
0.002772
  0
VERTEX
  8
0
 10
21367.074769
 20
44679.808470
 42
0.002759
  0
VERTEX
  8
0
 10
21360.981082
 20
44680.739474
 42
0.004297
  0
VERTEX
  8
0
 10
21355.718831
 20
44681.467621
 42
0.007271
  0
VERTEX
  8
0
 10
21347.923047
 20
44682.363074
 42
0.007958
  0
VERTEX
  8
0
 10
21340.335321
 20
44683.001218
 42
0.005093
  0
VERTEX
  8
0
 10
21330.361404
 20
44683.578395
 42
0.001167
  0
VERTEX
  8
0
 10
21313.500000
 20
44684.342479
 42
0.011889
  0
VERTEX
  8
0
 10
21309.771179
 20
44684.413980
 42
0.003206
  0
VERTEX
  8
0
 10
21303.856250
 20
44684.348821
 42
0.003244
  0
VERTEX
  8
0
 10
21297.139060
 20
44684.188148
 42
0.003356
  0
SEQEND
  0
POLYLINE
  8
0
 66
1
 70
1
  0
VERTEX
  8
0
 10
21329.500000
 20
44505.977918
 42
-0.061137
  0
VERTEX
  8
0
 10
21376.952193
 20
44494.696905
 42
-0.061945
  0
VERTEX
  8
0
 10
21420.040509
 20
44472.305461
 42
-0.062113
  0
VERTEX
  8
0
 10
21456.233479
 20
44440.107305
 42
-0.062074
  0
VERTEX
  8
0
 10
21483.419201
 20
44400.000000
 42
-0.078961
  0
VERTEX
  8
0
 10
21502.601091
 20
44340.953244
 42
-0.079634
  0
VERTEX
  8
0
 10
21502.451114
 20
44279.048309
 42
-0.079529
  0
VERTEX
  8
0
 10
21482.951704
 20
44220.222464
 42
-0.078449
  0
VERTEX
  8
0
 10
21446.000000
 20
44170.110783
 42
-0.057391
  0
VERTEX
  8
0
 10
21411.233188
 20
44142.894295
 42
-0.056538
  0
VERTEX
  8
0
 10
21371.019262
 20
44124.130504
 42
-0.056473
  0
VERTEX
  8
0
 10
21327.579508
 20
44114.835714
 42
-0.057001
  0
VERTEX
  8
0
 10
21283.301216
 20
44115.540346
 42
-0.056526
  0
VERTEX
  8
0
 10
21239.653558
 20
44126.347655
 42
-0.057452
  0
VERTEX
  8
0
 10
21199.791174
 20
44146.617957
 42
-0.057384
  0
VERTEX
  8
0
 10
21165.547170
 20
44175.452510
 42
-0.056149
  0
VERTEX
  8
0
 10
21138.466790
 20
44211.512894
 42
-0.058596
  0
VERTEX
  8
0
 10
21120.654480
 20
44251.953866
 42
-0.056544
  0
VERTEX
  8
0
 10
21112.433743
 20
44295.916119
 42
-0.056293
  0
VERTEX
  8
0
 10
21114.255344
 20
44340.786572
 42
-0.057067
  0
VERTEX
  8
0
 10
21126.051597
 20
44383.903554
 42
-0.066560
  0
VERTEX
  8
0
 10
21151.361970
 20
44428.732237
 42
-0.065666
  0
VERTEX
  8
0
 10
21187.661243
 20
44465.568753
 42
-0.065613
  0
VERTEX
  8
0
 10
21232.299947
 20
44491.757057
 42
-0.066259
  0
VERTEX
  8
0
 10
21282.051854
 20
44505.376476
 42
-0.019919
  0
VERTEX
  8
0
 10
21292.659694
 20
44506.387726
 42
-0.010634
  0
VERTEX
  8
0
 10
21305.828566
 20
44506.834884
 42
-0.010634
  0
VERTEX
  8
0
 10
21318.974715
 20
44506.721922
 42
-0.020358
  0
SEQEND
  0
POLYLINE
  8
0
 66
1
 70
1
  0
VERTEX
  8
0
 10
5592.000000
 20
44101.372631
 42
0.020162
  0
VERTEX
  8
0
 10
5548.623239
 20
44095.744792
 42
0.025547
  0
VERTEX
  8
0
 10
5509.191536
 20
44086.909609
 42
0.026172
  0
VERTEX
  8
0
 10
5471.658944
 20
44074.311673
 42
0.023085
  0
VERTEX
  8
0
 10
5434.000000
 20
44057.388819
 42
0.051167
  0
VERTEX
  8
0
 10
5362.634038
 20
44011.571206
 42
0.051533
  0
VERTEX
  8
0
 10
5302.247160
 20
43952.314047
 42
0.051514
  0
VERTEX
  8
0
 10
5255.236351
 20
43881.939108
 42
0.051058
  0
VERTEX
  8
0
 10
5223.438335
 20
43803.234074
 42
0.046973
  0
VERTEX
  8
0
 10
5209.148401
 20
43728.144622
 42
0.046325
  0
VERTEX
  8
0
 10
5209.025873
 20
43651.349941
 42
0.046331
  0
VERTEX
  8
0
 10
5223.043356
 20
43575.854624
 42
0.047011
  0
VERTEX
  8
0
 10
5250.683983
 20
43504.618245
 42
0.026017
  0
VERTEX
  8
0
 10
5273.138915
 20
43465.043240
 42
0.027756
  0
VERTEX
  8
0
 10
5299.142821
 20
43428.896506
 42
0.027847
  0
VERTEX
  8
0
 10
5328.906080
 20
43395.958282
 42
0.026558
  0
VERTEX
  8
0
 10
5362.599063
 20
43365.974841
 42
0.062896
  0
VERTEX
  8
0
 10
5451.211078
 20
43311.831693
 42
0.063047
  0
VERTEX
  8
0
 10
5550.430203
 20
43281.473688
 42
0.063066
  0
VERTEX
  8
0
 10
5654.057523
 20
43276.804101
 42
0.062999
  0
VERTEX
  8
0
 10
5755.616783
 20
43298.107612
 42
0.066298
  0
VERTEX
  8
0
 10
5853.075030
 20
43347.001805
 42
0.066227
  0
VERTEX
  8
0
 10
5934.379584
 20
43419.713653
 42
0.066210
  0
VERTEX
  8
0
 10
5993.862335
 20
43511.171761
 42
0.066206
  0
VERTEX
  8
0
 10
6027.373276
 20
43615.000000
 42
0.009339
  0
VERTEX
  8
0
 10
6030.407556
 20
43633.647592
 42
0.015009
  0
VERTEX
  8
0
 10
6032.217567
 20
43649.652689
 42
0.013842
  0
VERTEX
  8
0
 10
6033.150595
 20
43666.626263
 42
0.006591
  0
VERTEX
  8
0
 10
6033.457937
 20
43688.500000
 42
0.011555
  0
VERTEX
  8
0
 10
6032.849457
 20
43715.852335
 42
0.017444
  0
VERTEX
  8
0
 10
6030.939704
 20
43739.602636
 42
0.018030
  0
VERTEX
  8
0
 10
6027.440893
 20
43762.569641
 42
0.013625
  0
VERTEX
  8
0
 10
6022.010240
 20
43787.500000
 42
0.071757
  0
VERTEX
  8
0
 10
5977.554451
 20
43897.207912
 42
0.071930
  0
VERTEX
  8
0
 10
5903.932604
 20
43989.777176
 42
0.071950
  0
VERTEX
  8
0
 10
5807.122915
 20
44057.677761
 42
0.071861
  0
VERTEX
  8
0
 10
5695.000000
 20
44095.398165
 42
0.009019
  0
VERTEX
  8
0
 10
5677.464172
 20
44098.282325
 42
0.014398
  0
VERTEX
  8
0
 10
5662.380579
 20
44100.042663
 42
0.013192
  0
VERTEX
  8
0
 10
5646.314721
 20
44101.023952
 42
0.006191
  0
VERTEX
  8
0
 10
5625.500000
 20
44101.486947
 42
0.001417
  0
VERTEX
  8
0
 10
5614.064187
 20
44101.567274
 42
0.001901
  0
VERTEX
  8
0
 10
5603.696875
 20
44101.571303
 42
0.001310
  0
VERTEX
  8
0
 10
5595.001602
 20
44101.518857
 42
0.020016
  0
SEQEND
  0
POLYLINE
  8
0
 66
1
 70
1
  0
VERTEX
  8
0
 10
5653.545328
 20
43922.590162
 42
-0.036710
  0
VERTEX
  8
0
 10
5689.150647
 20
43914.627583
 42
-0.038421
  0
VERTEX
  8
0
 10
5722.648737
 20
43901.627051
 42
-0.038424
  0
VERTEX
  8
0
 10
5753.760884
 20
43883.655411
 42
-0.036728
  0
VERTEX
  8
0
 10
5782.260492
 20
43860.888087
 42
-0.038085
  0
VERTEX
  8
0
 10
5804.192871
 20
43837.212337
 42
-0.033727
  0
VERTEX
  8
0
 10
5823.273459
 20
43809.538368
 42
-0.033641
  0
VERTEX
  8
0
 10
5838.507269
 20
43779.470016
 42
-0.037354
  0
VERTEX
  8
0
 10
5848.961584
 20
43748.648991
 42
-0.035222
  0
VERTEX
  8
0
 10
5855.282916
 20
43714.286847
 42
-0.037261
  0
VERTEX
  8
0
 10
5856.552133
 20
43680.023675
 42
-0.037213
  0
VERTEX
  8
0
 10
5852.720625
 20
43645.911654
 42
-0.034951
  0
VERTEX
  8
0
 10
5843.840242
 20
43612.000000
 42
-0.022195
  0
VERTEX
  8
0
 10
5839.082670
 20
43599.747410
 42
-0.011029
  0
VERTEX
  8
0
 10
5832.032509
 20
43584.647206
 42
-0.011033
  0
VERTEX
  8
0
 10
5824.306495
 20
43569.840703
 42
-0.021721
  0
VERTEX
  8
0
 10
5817.408989
 20
43558.500000
 42
-0.054549
  0
VERTEX
  8
0
 10
5783.625218
 20
43518.297431
 42
-0.055418
  0
VERTEX
  8
0
 10
5742.112866
 20
43486.593575
 42
-0.055502
  0
VERTEX
  8
0
 10
5694.712353
 20
43464.819625
 42
-0.055035
  0
VERTEX
  8
0
 10
5643.547793
 20
43453.927059
 42
-0.021598
  0
VERTEX
  8
0
 10
5629.805585
 20
43453.148249
 42
-0.011454
  0
VERTEX
  8
0
 10
5612.746239
 20
43453.310046
 42
-0.011450
  0
VERTEX
  8
0
 10
5595.810950
 20
43454.247339
 42
-0.022862
  0
VERTEX
  8
0
 10
5582.500000
 20
43455.905118
 42
-0.037151
  0
VERTEX
  8
0
 10
5546.510605
 20
43464.860825
 42
-0.039193
  0
VERTEX
  8
0
 10
5512.908641
 20
43478.929214
 42
-0.039276
  0
VERTEX
  8
0
 10
5481.977015
 20
43498.036897
 42
-0.037634
  0
VERTEX
  8
0
 10
5453.938074
 20
43521.996412
 42
-0.042828
  0
VERTEX
  8
0
 10
5428.214926
 20
43552.359747
 42
-0.042606
  0
VERTEX
  8
0
 10
5407.990431
 20
43586.712723
 42
-0.042347
  0
VERTEX
  8
0
 10
5393.781239
 20
43624.202594
 42
-0.041231
  0
VERTEX
  8
0
 10
5385.933819
 20
43663.887027
 42
-0.025737
  0
VERTEX
  8
0
 10
5385.170404
 20
43676.315209
 42
-0.008440
  0
VERTEX
  8
0
 10
5385.298701
 20
43694.658662
 42
-0.008449
  0
VERTEX
  8
0
 10
5386.046784
 20
43712.996078
 42
-0.025541
  0
VERTEX
  8
0
 10
5387.403172
 20
43725.420216
 42
-0.033035
  0
VERTEX
  8
0
 10
5394.330814
 20
43755.569140
 42
-0.032139
  0
VERTEX
  8
0
 10
5405.216684
 20
43784.830041
 42
-0.032202
  0
VERTEX
  8
0
 10
5419.738017
 20
43812.398904
 42
-0.033480
  0
VERTEX
  8
0
 10
5437.511299
 20
43837.500000
 42
-0.049201
  0
VERTEX
  8
0
 10
5470.489707
 20
43870.744631
 42
-0.049887
  0
VERTEX
  8
0
 10
5509.183039
 20
43896.730749
 42
-0.049621
  0
VERTEX
  8
0
 10
5552.456578
 20
43914.647755
 42
-0.047669
  0
VERTEX
  8
0
 10
5599.000000
 20
43923.991756
 42
-0.024334
  0
VERTEX
  8
0
 10
5609.865423
 20
43924.581247
 42
-0.007808
  0
VERTEX
  8
0
 10
5626.025734
 20
43924.418438
 42
-0.007897
  0
VERTEX
  8
0
 10
5642.262340
 20
43923.744495
 42
-0.022341
  0
SEQEND
  0
POLYLINE
  8
0
 66
1
 70
1
  0
VERTEX
  8
0
 10
11297.000000
 20
44101.357443
 42
0.021981
  0
VERTEX
  8
0
 10
11263.613212
 20
44097.445360
 42
0.019522
  0
VERTEX
  8
0
 10
11229.333952
 20
44090.509579
 42
0.019468
  0
VERTEX
  8
0
 10
11195.596276
 20
44080.895503
 42
0.021505
  0
VERTEX
  8
0
 10
11163.831847
 20
44068.955851
 42
0.062880
  0
VERTEX
  8
0
 10
11074.987439
 20
44017.121920
 42
0.062382
  0
VERTEX
  8
0
 10
11001.546309
 20
43944.710285
 42
0.062394
  0
VERTEX
  8
0
 10
10948.243717
 20
43856.435498
 42
0.062944
  0
VERTEX
  8
0
 10
10918.560393
 20
43758.000000
 42
0.010151
  0
VERTEX
  8
0
 10
10915.663092
 20
43738.413133
 42
0.014754
  0
VERTEX
  8
0
 10
10913.970551
 20
43721.028081
 42
0.013876
  0
VERTEX
  8
0
 10
10913.244696
 20
43702.798235
 42
0.007659
  0
VERTEX
  8
0
 10
10913.317655
 20
43680.500000
 42
0.011207
  0
VERTEX
  8
0
 10
10914.409269
 20
43653.892312
 42
0.017230
  0
VERTEX
  8
0
 10
10916.661502
 20
43630.954035
 42
0.017683
  0
VERTEX
  8
0
 10
10920.434216
 20
43608.667584
 42
0.012720
  0
VERTEX
  8
0
 10
10926.151475
 20
43584.083150
 42
0.019712
  0
VERTEX
  8
0
 10
10934.445891
 20
43556.624248
 42
0.016607
  0
VERTEX
  8
0
 10
10945.315921
 20
43528.261246
 42
0.016612
  0
VERTEX
  8
0
 10
10958.040327
 20
43500.692030
 42
0.019763
  0
VERTEX
  8
0
 10
10971.906367
 20
43475.618369
 42
0.048312
  0
VERTEX
  8
0
 10
11020.393627
 20
43410.660707
 42
0.048952
  0
VERTEX
  8
0
 10
11080.249112
 20
43356.531820
 42
0.049047
  0
VERTEX
  8
0
 10
11149.370437
 20
43315.158685
 42
0.048879
  0
VERTEX
  8
0
 10
11225.304808
 20
43287.984500
 42
0.014079
  0
VERTEX
  8
0
 10
11250.744204
 20
43282.353756
 42
0.017107
  0
VERTEX
  8
0
 10
11274.863186
 20
43278.573679
 42
0.016947
  0
VERTEX
  8
0
 10
11299.374259
 20
43276.426912
 42
0.013368
  0
VERTEX
  8
0
 10
11326.000000
 20
43275.714902
 42
0.027308
  0
VERTEX
  8
0
 10
11374.257884
 20
43278.352488
 42
0.029950
  0
VERTEX
  8
0
 10
11420.449852
 20
43286.238176
 42
0.030008
  0
VERTEX
  8
0
 10
11465.288363
 20
43299.568098
 42
0.027631
  0
VERTEX
  8
0
 10
11509.500000
 20
43318.480422
 42
0.019900
  0
VERTEX
  8
0
 10
11540.710997
 20
43335.500877
 42
0.022905
  0
VERTEX
  8
0
 10
11568.992166
 20
43354.226469
 42
0.022701
  0
VERTEX
  8
0
 10
11595.654427
 20
43375.613376
 42
0.018908
  0
VERTEX
  8
0
 10
11622.009150
 20
43400.624737
 42
0.059310
  0
VERTEX
  8
0
 10
11681.635537
 20
43478.210087
 42
0.059803
  0
VERTEX
  8
0
 10
11721.183883
 20
43567.413923
 42
0.059644
  0
VERTEX
  8
0
 10
11738.569365
 20
43663.665942
 42
0.058421
  0
VERTEX
  8
0
 10
11732.942580
 20
43762.000000
 42
0.033838
  0
VERTEX
  8
0
 10
11720.483895
 20
43812.577636
 42
0.031477
  0
VERTEX
  8
0
 10
11701.081482
 20
43862.291125
 42
0.031277
  0
VERTEX
  8
0
 10
11675.445050
 20
43909.490542
 42
0.032354
  0
VERTEX
  8
0
 10
11644.380996
 20
43952.565427
 42
0.015983
  0
VERTEX
  8
0
 10
11632.646364
 20
43965.906081
 42
0.008466
  0
VERTEX
  8
0
 10
11617.306088
 20
43981.715711
 42
0.008464
  0
VERTEX
  8
0
 10
11601.496470
 20
43996.941998
 42
0.016554
  0
VERTEX
  8
0
 10
11588.310124
 20
44008.427576
 42
0.034554
  0
VERTEX
  8
0
 10
11540.030250
 20
44042.487558
 42
0.036068
  0
VERTEX
  8
0
 10
11488.187888
 20
44069.030925
 42
0.035761
  0
VERTEX
  8
0
 10
11432.650191
 20
44088.029510
 42
0.032806
  0
VERTEX
  8
0
 10
11373.349928
 20
44099.589489
 42
0.022653
  0
VERTEX
  8
0
 10
11360.916069
 20
44100.606833
 42
0.003297
  0
VERTEX
  8
0
 10
11335.554868
 20
44101.361461
 42
0.003426
  0
VERTEX
  8
0
 10
11310.195488
 20
44101.774833
 42
0.020536
  0
SEQEND
  0
POLYLINE
  8
0
 66
1
 70
1
  0
VERTEX
  8
0
 10
11360.000000
 20
43922.483379
 42
-0.030369
  0
VERTEX
  8
0
 10
11389.158331
 20
43916.242897
 42
-0.031314
  0
VERTEX
  8
0
 10
11417.040421
 20
43906.562590
 42
-0.031280
  0
VERTEX
  8
0
 10
11443.523402
 20
43893.464272
 42
-0.030158
  0
VERTEX
  8
0
 10
11468.505037
 20
43877.020194
 42
-0.024724
  0
VERTEX
  8
0
 10
11479.523912
 20
43867.890923
 42
-0.011771
  0
VERTEX
  8
0
 10
11492.812660
 20
43855.137009
 42
-0.011779
  0
VERTEX
  8
0
 10
11505.521091
 20
43841.734824
 42
-0.024033
  0
VERTEX
  8
0
 10
11514.717262
 20
43830.529209
 42
-0.063212
  0
VERTEX
  8
0
 10
11544.677359
 20
43777.331557
 42
-0.064870
  0
VERTEX
  8
0
 10
11560.066409
 20
43718.798826
 42
-0.064952
  0
VERTEX
  8
0
 10
11559.934326
 20
43658.342923
 42
-0.063642
  0
VERTEX
  8
0
 10
11544.342637
 20
43599.500000
 42
-0.024059
  0
VERTEX
  8
0
 10
11534.879767
 20
43579.095474
 42
-0.024998
  0
VERTEX
  8
0
 10
11523.609195
 20
43559.962253
 42
-0.024762
  0
VERTEX
  8
0
 10
11510.377743
 20
43541.884747
 42
-0.022664
  0
VERTEX
  8
0
 10
11495.047244
 20
43524.638872
 42
-0.042011
  0
VERTEX
  8
0
 10
11463.485343
 20
43497.244107
 42
-0.044943
  0
VERTEX
  8
0
 10
11428.463403
 20
43476.201515
 42
-0.044915
  0
VERTEX
  8
0
 10
11390.225038
 20
43461.745483
 42
-0.041861
  0
VERTEX
  8
0
 10
11349.105579
 20
43453.922678
 42
-0.022795
  0
VERTEX
  8
0
 10
11335.402193
 20
43453.116755
 42
-0.011423
  0
VERTEX
  8
0
 10
11318.049223
 20
43453.284764
 42
-0.011411
  0
VERTEX
  8
0
 10
11300.807451
 20
43454.240009
 42
-0.023976
  0
VERTEX
  8
0
 10
11287.500000
 20
43455.927157
 42
-0.035882
  0
VERTEX
  8
0
 10
11251.586807
 20
43464.936233
 42
-0.039166
  0
VERTEX
  8
0
 10
11218.411271
 20
43478.799096
 42
-0.039376
  0
VERTEX
  8
0
 10
11187.957945
 20
43497.588358
 42
-0.037040
  0
VERTEX
  8
0
 10
11160.154282
 20
43521.273187
 42
-0.019106
  0
VERTEX
  8
0
 10
11146.410706
 20
43535.938289
 42
-0.022290
  0
VERTEX
  8
0
 10
11134.553382
 20
43550.898918
 42
-0.022294
  0
VERTEX
  8
0
 10
11124.076926
 20
43566.853146
 42
-0.019127
  0
VERTEX
  8
0
 10
11114.477362
 20
43584.500000
 42
-0.079364
  0
VERTEX
  8
0
 10
11092.355957
 20
43655.617957
 42
-0.079869
  0
VERTEX
  8
0
 10
11093.562041
 20
43729.926559
 42
-0.079754
  0
VERTEX
  8
0
 10
11118.010829
 20
43800.202822
 42
-0.078805
  0
VERTEX
  8
0
 10
11163.299679
 20
43859.622575
 42
-0.042449
  0
VERTEX
  8
0
 10
11194.519410
 20
43884.735286
 42
-0.042963
  0
VERTEX
  8
0
 10
11229.410785
 20
43904.100699
 42
-0.042523
  0
VERTEX
  8
0
 10
11267.443425
 20
43917.375720
 42
-0.039884
  0
VERTEX
  8
0
 10
11308.000000
 20
43924.383541
 42
-0.026473
  0
VERTEX
  8
0
 10
11317.285233
 20
43924.740667
 42
-0.005509
  0
VERTEX
  8
0
 10
11333.598995
 20
43924.324445
 42
-0.005735
  0
VERTEX
  8
0
 10
11349.973060
 20
43923.537981
 42
-0.022668
  0
SEQEND
  0
POLYLINE
  8
0
 66
1
 70
1
  0
VERTEX
  8
0
 10
15286.500000
 20
43684.377556
 42
0.029597
  0
VERTEX
  8
0
 10
15237.923909
 20
43677.604610
 42
0.032081
  0
VERTEX
  8
0
 10
15191.809523
 20
43665.245651
 42
0.032385
  0
VERTEX
  8
0
 10
15148.048847
 20
43647.219736
 42
0.031381
  0
VERTEX
  8
0
 10
15106.500000
 20
43623.527986
 42
0.050182
  0
VERTEX
  8
0
 10
15048.176939
 20
43576.243522
 42
0.050346
  0
VERTEX
  8
0
 10
15000.514298
 20
43518.336082
 42
0.050335
  0
VERTEX
  8
0
 10
14965.378074
 20
43452.058490
 42
0.050115
  0
VERTEX
  8
0
 10
14944.130955
 20
43380.000000
 42
0.009326
  0
VERTEX
  8
0
 10
14941.197184
 20
43362.694857
 42
0.016982
  0
VERTEX
  8
0
 10
14939.547659
 20
43348.454775
 42
0.014859
  0
VERTEX
  8
0
 10
14938.744932
 20
43332.926115
 42
0.005483
  0
VERTEX
  8
0
 10
14938.504485
 20
43311.000000
 42
0.005506
  0
VERTEX
  8
0
 10
14938.746179
 20
43289.052251
 42
0.014872
  0
VERTEX
  8
0
 10
14939.552507
 20
43273.489499
 42
0.017035
  0
VERTEX
  8
0
 10
14941.206470
 20
43259.242437
 42
0.009466
  0
VERTEX
  8
0
 10
14944.140932
 20
43242.000000
 42
0.068335
  0
VERTEX
  8
0
 10
14976.750484
 20
43144.888217
 42
0.068633
  0
VERTEX
  8
0
 10
15034.294296
 20
43060.318890
 42
0.068694
  0
VERTEX
  8
0
 10
15112.528874
 20
42994.543077
 42
0.068662
  0
VERTEX
  8
0
 10
15205.669374
 20
42952.409597
 42
0.033761
  0
VERTEX
  8
0
 10
15254.085512
 20
42941.571915
 42
0.032745
  0
VERTEX
  8
0
 10
15304.018872
 20
42937.203997
 42
0.032817
  0
VERTEX
  8
0
 10
15353.985284
 20
42939.395065
 42
0.034273
  0
VERTEX
  8
0
 10
15402.500000
 20
42948.120597
 42
0.027018
  0
VERTEX
  8
0
 10
15440.908128
 20
42960.022318
 42
0.026635
  0
VERTEX
  8
0
 10
15477.997720
 20
42976.044392
 42
0.026515
  0
VERTEX
  8
0
 10
15513.333541
 20
42995.997852
 42
0.026213
  0
VERTEX
  8
0
 10
15546.500000
 20
43019.649479
 42
0.020778
  0
VERTEX
  8
0
 10
15559.462311
 20
43030.868746
 42
0.008426
  0
VERTEX
  8
0
 10
15576.205200
 20
43047.163772
 42
0.008460
  0
VERTEX
  8
0
 10
15592.474207
 20
43064.104248
 42
0.019516
  0
VERTEX
  8
0
 10
15603.970419
 20
43077.500000
 42
0.027645
  0
VERTEX
  8
0
 10
15628.789713
 20
43112.640694
 42
0.028570
  0
VERTEX
  8
0
 10
15649.284319
 20
43149.931294
 42
0.028611
  0
VERTEX
  8
0
 10
15665.368886
 20
43189.262572
 42
0.027904
  0
VERTEX
  8
0
 10
15677.012782
 20
43230.500000
 42
0.045278
  0
VERTEX
  8
0
 10
15685.581007
 20
43296.598711
 42
0.045053
  0
VERTEX
  8
0
 10
15682.135433
 20
43363.272898
 42
0.044815
  0
VERTEX
  8
0
 10
15666.757961
 20
43428.581231
 42
0.043817
  0
VERTEX
  8
0
 10
15639.910305
 20
43490.624501
 42
0.032825
  0
VERTEX
  8
0
 10
15616.257091
 20
43528.218123
 42
0.029188
  0
VERTEX
  8
0
 10
15587.009358
 20
43563.975745
 42
0.029097
  0
VERTEX
  8
0
 10
15553.690016
 20
43596.198716
 42
0.032051
  0
VERTEX
  8
0
 10
15517.867198
 20
43623.229232
 42
0.029119
  0
VERTEX
  8
0
 10
15480.508046
 20
43644.824131
 42
0.028686
  0
VERTEX
  8
0
 10
15440.708773
 20
43662.052868
 42
0.028554
  0
VERTEX
  8
0
 10
15399.015702
 20
43674.680445
 42
0.028237
  0
VERTEX
  8
0
 10
15356.000000
 20
43682.531878
 42
0.020493
  0
VERTEX
  8
0
 10
15343.589328
 20
43683.565579
 42
0.003892
  0
VERTEX
  8
0
 10
15320.915077
 20
43684.344404
 42
0.003755
  0
VERTEX
  8
0
 10
15298.246600
 20
43684.776084
 42
0.022727
  0
SEQEND
  0
POLYLINE
  8
0
 66
1
 70
1
  0
VERTEX
  8
0
 10
15329.144045
 20
43506.990558
 42
-0.066396
  0
VERTEX
  8
0
 10
15382.315992
 20
43494.553851
 42
-0.069266
  0
VERTEX
  8
0
 10
15429.539192
 20
43468.714325
 42
-0.069616
  0
VERTEX
  8
0
 10
15467.719412
 20
43431.095427
 42
-0.068168
  0
VERTEX
  8
0
 10
15494.432981
 20
43384.186124
 42
-0.072969
  0
VERTEX
  8
0
 10
15507.785461
 20
43328.629332
 42
-0.073338
  0
VERTEX
  8
0
 10
15504.579871
 20
43271.678532
 42
-0.073280
  0
VERTEX
  8
0
 10
15485.064168
 20
43218.038528
 42
-0.072668
  0
VERTEX
  8
0
 10
15450.864599
 20
43172.135401
 42
-0.069547
  0
VERTEX
  8
0
 10
15407.220325
 20
43139.195390
 42
-0.069860
  0
VERTEX
  8
0
 10
15356.282177
 20
43119.545997
 42
-0.069968
  0
VERTEX
  8
0
 10
15301.973971
 20
43114.701942
 42
-0.070120
  0
VERTEX
  8
0
 10
15248.478639
 20
43125.032279
 42
-0.097637
  0
VERTEX
  8
0
 10
15182.237820
 20
43163.438069
 42
-0.098156
  0
VERTEX
  8
0
 10
15135.678444
 20
43224.049032
 42
-0.098207
  0
VERTEX
  8
0
 10
15115.775330
 20
43297.809873
 42
-0.097846
  0
VERTEX
  8
0
 10
15125.486960
 20
43373.686663
 42
-0.051508
  0
VERTEX
  8
0
 10
15141.727168
 20
43409.541798
 42
-0.050145
  0
VERTEX
  8
0
 10
15165.076357
 20
43441.671880
 42
-0.049978
  0
VERTEX
  8
0
 10
15194.437092
 20
43468.604414
 42
-0.050459
  0
VERTEX
  8
0
 10
15228.467985
 20
43489.076880
 42
-0.033923
  0
VERTEX
  8
0
 10
15252.520855
 20
43498.487298
 42
-0.032266
  0
VERTEX
  8
0
 10
15278.028897
 20
43504.745789
 42
-0.032512
  0
VERTEX
  8
0
 10
15303.927220
 20
43507.634722
 42
-0.035829
  0
SEQEND
  0
POLYLINE
  8
0
 66
1
 70
1
  0
VERTEX
  8
0
 10
21277.500000
 20
43683.873550
 42
0.069604
  0
VERTEX
  8
0
 10
21175.730503
 20
43660.695270
 42
0.069915
  0
VERTEX
  8
0
 10
21084.396340
 20
43610.499983
 42
0.069930
  0
VERTEX
  8
0
 10
21010.448698
 20
43537.089371
 42
0.069686
  0
VERTEX
  8
0
 10
20959.496909
 20
43446.056089
 42
0.017562
  0
VERTEX
  8
0
 10
20951.314001
 20
43422.625401
 42
0.016400
  0
VERTEX
  8
0
 10
20944.588090
 20
43398.140092
 42
0.016212
  0
VERTEX
  8
0
 10
20939.411456
 20
43372.973196
 42
0.016166
  0
VERTEX
  8
0
 10
20935.870720
 20
43347.500000
 42
0.020705
  0
VERTEX
  8
0
 10
20934.852216
 20
43331.701741
 42
0.007348
  0
VERTEX
  8
0
 10
20934.664669
 20
43309.053696
 42
0.007359
  0
VERTEX
  8
0
 10
20935.143710
 20
43286.388270
 42
0.020424
  0
VERTEX
  8
0
 10
20936.364626
 20
43270.500000
 42
0.032861
  0
VERTEX
  8
0
 10
20946.197313
 20
43217.439878
 42
0.036236
  0
VERTEX
  8
0
 10
20962.693712
 20
43167.888060
 42
0.036085
  0
VERTEX
  8
0
 10
20986.243685
 20
43121.057996
 42
0.032072
  0
VERTEX
  8
0
 10
21017.132225
 20
43076.121747
 42
0.021988
  0
VERTEX
  8
0
 10
21028.016449
 20
43063.466411
 42
0.008413
  0
VERTEX
  8
0
 10
21044.207857
 20
43046.805040
 42
0.008486
  0
VERTEX
  8
0
 10
21061.116494
 20
43030.543101
 42
0.019531
  0
VERTEX
  8
0
 10
21074.500000
 20
43019.042505
 42
0.033965
  0
VERTEX
  8
0
 10
21118.522200
 20
42988.736668
 42
0.036391
  0
VERTEX
  8
0
 10
21165.266281
 20
42965.445774
 42
0.035868
  0
VERTEX
  8
0
 10
21215.514621
 20
42948.916455
 42
0.031212
  0
VERTEX
  8
0
 10
21270.000000
 20
42938.793754
 42
0.024947
  0
VERTEX
  8
0
 10
21285.518863
 20
42937.683752
 42
0.006997
  0
VERTEX
  8
0
 10
21309.831239
 20
42937.500758
 42
0.007165
  0
VERTEX
  8
0
 10
21334.335372
 20
42938.010461
 42
0.021578
  0
VERTEX
  8
0
 10
21351.000000
 20
42939.317595
 42
0.050732
  0
VERTEX
  8
0
 10
21427.864381
 20
42956.732433
 42
0.052389
  0
VERTEX
  8
0
 10
21498.769045
 20
42989.153415
 42
0.052592
  0
VERTEX
  8
0
 10
21561.149637
 20
43035.466289
 42
0.051896
  0
VERTEX
  8
0
 10
21612.807267
 20
43093.964988
 42
0.031769
  0
VERTEX
  8
0
 10
21637.629526
 20
43133.897057
 42
0.031580
  0
VERTEX
  8
0
 10
21657.247988
 20
43176.730155
 42
0.031295
  0
VERTEX
  8
0
 10
21671.463272
 20
43222.074037
 42
0.029963
  0
VERTEX
  8
0
 10
21680.157898
 20
43269.500000
 42
0.025402
  0
VERTEX
  8
0
 10
21681.324908
 20
43285.998634
 42
0.006346
  0
VERTEX
  8
0
 10
21681.517654
 20
43313.024189
 42
0.006341
  0
VERTEX
  8
0
 10
21681.024749
 20
43340.042765
 42
0.025483
  0
VERTEX
  8
0
 10
21679.674232
 20
43356.500000
 42
0.050588
  0
VERTEX
  8
0
 10
21660.944724
 20
43435.100809
 42
0.053531
  0
VERTEX
  8
0
 10
21627.035236
 20
43506.761652
 42
0.053904
  0
VERTEX
  8
0
 10
21578.936453
 20
43569.168404
 42
0.052637
  0
VERTEX
  8
0
 10
21518.254713
 20
43620.412809
 42
0.031461
  0
VERTEX
  8
0
 10
21476.449219
 20
43645.087535
 42
0.033081
  0
VERTEX
  8
0
 10
21432.559735
 20
43663.859496
 42
0.032875
  0
VERTEX
  8
0
 10
21386.320468
 20
43676.771075
 42
0.030283
  0
VERTEX
  8
0
 10
21337.500000
 20
43683.951139
 42
0.015571
  0
VERTEX
  8
0
 10
21324.975844
 20
43684.632349
 42
0.006123
  0
VERTEX
  8
0
 10
21307.694335
 20
43684.821645
 42
0.006148
  0
VERTEX
  8
0
 10
21290.339000
 20
43684.585779
 42
0.014767
  0
SEQEND
  0
POLYLINE
  8
0
 66
1
 70
1
  0
VERTEX
  8
0
 10
21326.000000
 20
43506.927994
 42
-0.072073
  0
VERTEX
  8
0
 10
21381.368004
 20
43493.597913
 42
-0.072607
  0
VERTEX
  8
0
 10
21430.521889
 20
43465.119464
 42
-0.072679
  0
VERTEX
  8
0
 10
21469.444103
 20
43423.807315
 42
-0.072447
  0
VERTEX
  8
0
 10
21494.968351
 20
43373.041875
 42
-0.021797
  0
VERTEX
  8
0
 10
21499.803688
 20
43356.076308
 42
-0.023597
  0
VERTEX
  8
0
 10
21502.995488
 20
43339.195774
 42
-0.023426
  0
VERTEX
  8
0
 10
21504.598735
 20
43321.977570
 42
-0.020854
  0
VERTEX
  8
0
 10
21504.676025
 20
43304.000000
 42
-0.018267
  0
VERTEX
  8
0
 10
21503.378414
 20
43286.481032
 42
-0.022944
  0
VERTEX
  8
0
 10
21500.843858
 20
43270.402010
 42
-0.023370
  0
VERTEX
  8
0
 10
21496.895150
 20
43254.870068
 42
-0.020253
  0
VERTEX
  8
0
 10
21491.349251
 20
43239.000000
 42
-0.079400
  0
VERTEX
  8
0
 10
21459.715925
 20
43185.643484
 42
-0.078832
  0
VERTEX
  8
0
 10
21412.961422
 20
43144.650520
 42
-0.079107
  0
VERTEX
  8
0
 10
21355.969370
 20
43120.244619
 42
-0.080795
  0
VERTEX
  8
0
 10
21294.640240
 20
43114.989355
 42
-0.092330
  0
VERTEX
  8
0
 10
21223.449386
 20
43133.919819
 42
-0.094322
  0
VERTEX
  8
0
 10
21164.452378
 20
43177.127616
 42
-0.094617
  0
VERTEX
  8
0
 10
21125.585745
 20
43238.858381
 42
-0.093581
  0
VERTEX
  8
0
 10
21112.000000
 20
43310.810617
 42
-0.025362
  0
VERTEX
  8
0
 10
21113.163760
 20
43333.738571
 42
-0.030543
  0
VERTEX
  8
0
 10
21116.653858
 20
43355.027504
 42
-0.030718
  0
VERTEX
  8
0
 10
21122.689479
 20
43375.630281
 42
-0.026186
  0
VERTEX
  8
0
 10
21131.482441
 20
43396.500000
 42
-0.035329
  0
VERTEX
  8
0
 10
21145.711956
 20
43421.252192
 42
-0.036459
  0
VERTEX
  8
0
 10
21163.150531
 20
43443.479254
 42
-0.036370
  0
VERTEX
  8
0
 10
21183.676103
 20
43462.985664
 42
-0.034793
  0
VERTEX
  8
0
 10
21207.105140
 20
43479.629969
 42
-0.041772
  0
VERTEX
  8
0
 10
21234.371503
 20
43493.296603
 42
-0.038881
  0
VERTEX
  8
0
 10
21264.186182
 20
43502.630881
 42
-0.038749
  0
VERTEX
  8
0
 10
21295.191265
 20
43507.260629
 42
-0.040805
  0
SEQEND
  0
POLYLINE
  8
0
 66
1
 70
1
  0
VERTEX
  8
0
 10
11302.500000
 20
43118.019944
 42
0.043392
  0
VERTEX
  8
0
 10
11229.549659
 20
43107.041721
 42
0.044106
  0
VERTEX
  8
0
 10
11160.004170
 20
43083.666286
 42
0.044377
  0
VERTEX
  8
0
 10
11096.024435
 20
43048.622096
 42
0.045083
  0
VERTEX
  8
0
 10
11039.596739
 20
43003.000000
 42
0.019353
  0
VERTEX
  8
0
 10
11014.544006
 20
42976.751048
 42
0.022264
  0
VERTEX
  8
0
 10
10992.801791
 20
42949.801775
 42
0.022423
  0
VERTEX
  8
0
 10
10973.672078
 20
42921.200411
 42
0.020188
  0
VERTEX
  8
0
 10
10956.452761
 20
42890.000000
 42
0.020426
  0
VERTEX
  8
0
 10
10942.099392
 20
42858.122699
 42
0.021567
  0
VERTEX
  8
0
 10
10930.679423
 20
42825.746594
 42
0.021293
  0
VERTEX
  8
0
 10
10921.971734
 20
42792.121409
 42
0.018874
  0
VERTEX
  8
0
 10
10915.744279
 20
42756.500000
 42
0.024288
  0
VERTEX
  8
0
 10
10913.976972
 20
42736.181964
 42
0.008487
  0
VERTEX
  8
0
 10
10913.354153
 20
42706.841393
 42
0.008456
  0
VERTEX
  8
0
 10
10913.725005
 20
42677.552207
 42
0.024990
  0
VERTEX
  8
0
 10
10915.323407
 20
42657.500000
 42
0.017606
  0
VERTEX
  8
0
 10
10921.198620
 20
42622.155933
 42
0.020766
  0
VERTEX
  8
0
 10
10929.306313
 20
42589.232992
 42
0.021199
  0
VERTEX
  8
0
 10
10939.946948
 20
42557.692833
 42
0.019936
  0
VERTEX
  8
0
 10
10953.416723
 20
42526.500000
 42
0.057676
  0
VERTEX
  8
0
 10
11004.512868
 20
42445.491919
 42
0.058407
  0
VERTEX
  8
0
 10
11072.570075
 20
42378.680194
 42
0.058280
  0
VERTEX
  8
0
 10
11154.379205
 20
42329.301090
 42
0.056965
  0
VERTEX
  8
0
 10
11246.000000
 20
42299.667383
 42
0.010512
  0
VERTEX
  8
0
 10
11265.888085
 20
42296.089677
 42
0.016898
  0
VERTEX
  8
0
 10
11282.983823
 20
42293.973227
 42
0.015290
  0
VERTEX
  8
0
 10
11301.346873
 20
42292.892172
 42
0.006877
  0
VERTEX
  8
0
 10
11325.500000
 20
42292.542590
 42
0.005587
  0
VERTEX
  8
0
 10
11349.124699
 20
42292.789556
 42
0.014542
  0
VERTEX
  8
0
 10
11366.104473
 20
42293.651328
 42
0.016459
  0
VERTEX
  8
0
 10
11381.756148
 20
42295.422889
 42
0.009190
  0
VERTEX
  8
0
 10
11400.674981
 20
42298.553727
 42
0.038773
  0
VERTEX
  8
0
 10
11462.400163
 20
42314.966542
 42
0.038460
  0
VERTEX
  8
0
 10
11521.026015
 20
42340.745815
 42
0.038505
  0
VERTEX
  8
0
 10
11574.948281
 20
42375.166272
 42
0.039067
  0
VERTEX
  8
0
 10
11622.674997
 20
42417.296636
 42
0.018513
  0
VERTEX
  8
0
 10
11643.487496
 20
42440.437197
 42
0.019126
  0
VERTEX
  8
0
 10
11662.295362
 20
42464.810966
 42
0.019083
  0
VERTEX
  8
0
 10
11679.224474
 20
42490.605212
 42
0.018240
  0
VERTEX
  8
0
 10
11694.410317
 20
42518.000000
 42
0.021757
  0
VERTEX
  8
0
 10
11709.801840
 20
42551.901545
 42
0.022482
  0
VERTEX
  8
0
 10
11722.003796
 20
42586.648115
 42
0.022453
  0
VERTEX
  8
0
 10
11731.049475
 20
42622.392608
 42
0.021578
  0
VERTEX
  8
0
 10
11736.995349
 20
42659.280616
 42
0.014841
  0
VERTEX
  8
0
 10
11738.141184
 20
42672.420468
 42
0.007068
  0
VERTEX
  8
0
 10
11738.873614
 20
42689.377460
 42
0.006986
  0
VERTEX
  8
0
 10
11739.141873
 20
42707.190626
 42
0.009625
  0
VERTEX
  8
0
 10
11738.851211
 20
42723.191196
 42
0.035832
  0
VERTEX
  8
0
 10
11732.687377
 20
42779.490845
 42
0.034821
  0
VERTEX
  8
0
 10
11718.524040
 20
42834.890322
 42
0.034647
  0
VERTEX
  8
0
 10
11696.721687
 20
42888.054531
 42
0.034661
  0
VERTEX
  8
0
 10
11667.789167
 20
42937.691438
 42
0.021528
  0
VERTEX
  8
0
 10
11648.204241
 20
42963.991557
 42
0.018825
  0
VERTEX
  8
0
 10
11625.571102
 20
42989.756656
 42
0.018890
  0
VERTEX
  8
0
 10
11601.159651
 20
43013.646507
 42
0.022169
  0
VERTEX
  8
0
 10
11576.240126
 20
43034.318151
 42
0.033897
  0
VERTEX
  8
0
 10
11528.771081
 20
43065.445142
 42
0.034345
  0
VERTEX
  8
0
 10
11477.734412
 20
43089.719839
 42
0.034334
  0
VERTEX
  8
0
 10
11423.839175
 20
43106.785741
 42
0.033827
  0
VERTEX
  8
0
 10
11367.847321
 20
43116.419682
 42
0.012251
  0
VERTEX
  8
0
 10
11352.631939
 20
43117.612918
 42
0.007320
  0
VERTEX
  8
0
 10
11334.494726
 20
43118.322868
 42
0.007332
  0
VERTEX
  8
0
 10
11316.662249
 20
43118.497979
 42
0.014449
  0
SEQEND
  0
POLYLINE
  8
0
 66
1
 70
1
  0
VERTEX
  8
0
 10
11364.500000
 20
42938.093400
 42
-0.016833
  0
VERTEX
  8
0
 10
11383.046204
 20
42934.152511
 42
-0.019481
  0
VERTEX
  8
0
 10
11400.390318
 20
42929.127614
 42
-0.019710
  0
VERTEX
  8
0
 10
11417.113094
 20
42922.826075
 42
-0.018054
  0
VERTEX
  8
0
 10
11433.794247
 20
42915.056575
 42
-0.018890
  0
VERTEX
  8
0
 10
11449.396529
 20
42906.334080
 42
-0.020362
  0
VERTEX
  8
0
 10
11463.899089
 20
42896.660303
 42
-0.020099
  0
VERTEX
  8
0
 10
11477.732551
 20
42885.719326
 42
-0.017463
  0
VERTEX
  8
0
 10
11491.329791
 20
42873.196534
 42
-0.018502
  0
VERTEX
  8
0
 10
11505.436685
 20
42858.192447
 42
-0.022651
  0
VERTEX
  8
0
 10
11517.423803
 20
42843.133174
 42
-0.022877
  0
VERTEX
  8
0
 10
11527.903369
 20
42827.181691
 42
-0.019568
  0
VERTEX
  8
0
 10
11537.479958
 20
42809.500000
 42
-0.062259
  0
VERTEX
  8
0
 10
11556.842872
 20
42753.498526
 42
-0.063073
  0
VERTEX
  8
0
 10
11561.707529
 20
42694.704432
 42
-0.063157
  0
VERTEX
  8
0
 10
11551.763041
 20
42636.623508
 42
-0.062718
  0
VERTEX
  8
0
 10
11527.625168
 20
42582.715881
 42
-0.030239
  0
VERTEX
  8
0
 10
11512.164648
 20
42560.440287
 42
-0.027609
  0
VERTEX
  8
0
 10
11493.682831
 20
42539.469382
 42
-0.027701
  0
VERTEX
  8
0
 10
11473.073372
 20
42520.733622
 42
-0.031016
  0
VERTEX
  8
0
 10
11451.251855
 20
42505.141440
 42
-0.064071
  0
VERTEX
  8
0
 10
11396.591724
 20
42480.044424
 42
-0.063654
  0
VERTEX
  8
0
 10
11337.236616
 20
42469.529737
 42
-0.063815
  0
VERTEX
  8
0
 10
11277.282037
 20
42474.292019
 42
-0.064988
  0
VERTEX
  8
0
 10
11220.860473
 20
42494.029598
 42
-0.017247
  0
VERTEX
  8
0
 10
11203.288992
 20
42503.647253
 42
-0.023253
  0
VERTEX
  8
0
 10
11188.146676
 20
42513.606803
 42
-0.023047
  0
VERTEX
  8
0
 10
11173.891619
 20
42525.002224
 42
-0.016488
  0
VERTEX
  8
0
 10
11159.000000
 20
42538.970887
 42
-0.027129
  0
VERTEX
  8
0
 10
11140.352796
 20
42559.801336
 42
-0.030208
  0
VERTEX
  8
0
 10
11124.780763
 20
42581.822103
 42
-0.030435
  0
VERTEX
  8
0
 10
11112.072733
 20
42605.404659
 42
-0.028385
  0
VERTEX
  8
0
 10
11101.987078
 20
42630.903156
 42
-0.062866
  0
VERTEX
  8
0
 10
11090.630636
 20
42688.603610
 42
-0.062342
  0
VERTEX
  8
0
 10
11093.917138
 20
42747.485877
 42
-0.062377
  0
VERTEX
  8
0
 10
11111.610522
 20
42803.711748
 42
-0.063068
  0
VERTEX
  8
0
 10
11142.577176
 20
42853.608946
 42
-0.017133
  0
VERTEX
  8
0
 10
11150.274444
 20
42862.462178
 42
-0.009530
  0
VERTEX
  8
0
 10
11160.219540
 20
42872.739152
 42
-0.009531
  0
VERTEX
  8
0
 10
11170.452619
 20
42882.537274
 42
-0.018742
  0
VERTEX
  8
0
 10
11179.016724
 20
42889.855966
 42
-0.033095
  0
VERTEX
  8
0
 10
11204.410948
 20
42907.359841
 42
-0.031686
  0
VERTEX
  8
0
 10
11232.255640
 20
42921.643770
 42
-0.032024
  0
VERTEX
  8
0
 10
11261.365692
 20
42932.157910
 42
-0.035746
  0
VERTEX
  8
0
 10
11290.535650
 20
42938.409350
 42
0.000120
  0
VERTEX
  8
0
 10
11294.953440
 20
42939.031445
 42
0.000139
  0
VERTEX
  8
0
 10
11299.160472
 20
42939.626079
 42
0.000124
  0
VERTEX
  8
0
 10
11302.723117
 20
42940.131539
 42
0.000820
  0
VERTEX
  8
0
 10
11304.500000
 20
42940.387062
 42
-0.033080
  0
VERTEX
  8
0
 10
11306.559407
 20
42940.548705
 42
-0.001709
  0
VERTEX
  8
0
 10
11313.228125
 20
42940.607233
 42
-0.002708
  0
VERTEX
  8
0
 10
11321.162564
 20
42940.606775
 42
-0.001962
  0
VERTEX
  8
0
 10
11330.000000
 20
42940.523713
 42
-0.004077
  0
VERTEX
  8
0
 10
11341.741981
 20
42940.271488
 42
-0.010174
  0
VERTEX
  8
0
 10
11350.313639
 20
42939.842722
 42
-0.013050
  0
VERTEX
  8
0
 10
11357.452078
 20
42939.152243
 42
-0.013298
  0
SEQEND
  0
POLYLINE
  8
0
 66
1
 70
1
  0
VERTEX
  8
0
 10
15294.500000
 20
42685.411867
 42
0.011076
  0
VERTEX
  8
0
 10
15265.683476
 20
42682.611769
 42
0.016800
  0
VERTEX
  8
0
 10
15240.802100
 20
42678.784775
 42
0.017934
  0
VERTEX
  8
0
 10
15217.493534
 20
42673.521727
 42
0.015603
  0
VERTEX
  8
0
 10
15193.500000
 20
42666.384173
 42
0.028378
  0
VERTEX
  8
0
 10
15154.338005
 20
42650.874616
 42
0.028690
  0
VERTEX
  8
0
 10
15117.332394
 20
42631.079685
 42
0.028616
  0
VERTEX
  8
0
 10
15082.747227
 20
42607.124485
 42
0.027903
  0
VERTEX
  8
0
 10
15050.815740
 20
42579.187222
 42
0.019335
  0
VERTEX
  8
0
 10
15028.484480
 20
42555.576654
 42
0.022209
  0
VERTEX
  8
0
 10
15009.107711
 20
42531.342846
 42
0.022333
  0
VERTEX
  8
0
 10
14992.047624
 20
42505.608473
 42
0.019984
  0
VERTEX
  8
0
 10
14976.663093
 20
42477.500000
 42
0.021244
  0
VERTEX
  8
0
 10
14963.451293
 20
42447.782990
 42
0.022551
  0
VERTEX
  8
0
 10
14953.097654
 20
42417.631102
 42
0.022040
  0
VERTEX
  8
0
 10
14945.312990
 20
42386.039371
 42
0.018524
  0
VERTEX
  8
0
 10
14939.802773
 20
42352.000000
 42
0.026121
  0
VERTEX
  8
0
 10
14938.661191
 20
42335.996539
 42
0.006278
  0
VERTEX
  8
0
 10
14938.490147
 20
42309.382526
 42
0.006324
  0
VERTEX
  8
0
 10
14938.990374
 20
42282.744282
 42
0.025338
  0
VERTEX
  8
0
 10
14940.326843
 20
42266.500000
 42
0.032114
  0
VERTEX
  8
0
 10
14950.777854
 20
42214.125977
 42
0.035368
  0
VERTEX
  8
0
 10
14967.625172
 20
42165.238739
 42
0.035392
  0
VERTEX
  8
0
 10
14991.182446
 20
42119.243124
 42
0.032244
  0
VERTEX
  8
0
 10
15021.661046
 20
42075.500000
 42
0.020011
  0
VERTEX
  8
0
 10
15032.444536
 20
42063.030878
 42
0.008470
  0
VERTEX
  8
0
 10
15047.845178
 20
42047.148159
 42
0.008486
  0
VERTEX
  8
0
 10
15063.820517
 20
42031.753286
 42
0.019370
  0
VERTEX
  8
0
 10
15076.500000
 20
42020.828653
 42
0.032205
  0
VERTEX
  8
0
 10
15119.300997
 20
41991.037282
 42
0.034892
  0
VERTEX
  8
0
 10
15164.473898
 20
41967.867656
 42
0.034691
  0
VERTEX
  8
0
 10
15212.670704
 20
41951.099505
 42
0.031123
  0
VERTEX
  8
0
 10
15264.500000
 20
41940.418668
 42
0.024825
  0
VERTEX
  8
0
 10
15280.873211
 20
41938.918507
 42
0.007434
  0
VERTEX
  8
0
 10
15305.926215
 20
41938.245387
 42
0.007576
  0
VERTEX
  8
0
 10
15331.185144
 20
41938.325122
 42
0.021815
  0
VERTEX
  8
0
 10
15348.666391
 20
41939.409123
 42
0.025762
  0
VERTEX
  8
0
 10
15390.131968
 20
41945.976021
 42
0.027671
  0
VERTEX
  8
0
 10
15429.703940
 20
41956.668736
 42
0.027898
  0
VERTEX
  8
0
 10
15467.557173
 20
41971.569516
 42
0.027125
  0
VERTEX
  8
0
 10
15503.884847
 20
41990.715226
 42
0.044964
  0
VERTEX
  8
0
 10
15557.890638
 20
42030.020548
 42
0.044687
  0
VERTEX
  8
0
 10
15604.122151
 20
42078.421801
 42
0.044672
  0
VERTEX
  8
0
 10
15641.031302
 20
42134.283924
 42
0.044869
  0
VERTEX
  8
0
 10
15667.368012
 20
42195.733254
 42
0.051114
  0
VERTEX
  8
0
 10
15683.433876
 20
42269.982571
 42
0.050690
  0
VERTEX
  8
0
 10
15684.169810
 20
42346.159573
 42
0.050781
  0
VERTEX
  8
0
 10
15669.574487
 20
42420.798972
 42
0.051679
  0
VERTEX
  8
0
 10
15640.281924
 20
42490.500000
 42
0.059589
  0
VERTEX
  8
0
 10
15587.862325
 20
42563.902592
 42
0.060484
  0
VERTEX
  8
0
 10
15519.848765
 20
42622.455227
 42
0.060506
  0
VERTEX
  8
0
 10
15439.823469
 20
42663.014711
 42
0.059709
  0
VERTEX
  8
0
 10
15352.056142
 20
42683.468331
 42
0.014081
  0
VERTEX
  8
0
 10
15339.669884
 20
42684.480292
 42
0.004901
  0
VERTEX
  8
0
 10
15321.781559
 20
42685.259939
 42
0.004421
  0
VERTEX
  8
0
 10
15304.230650
 20
42685.697271
 42
0.022700
  0
SEQEND
  0
POLYLINE
  8
0
 66
1
 70
1
  0
VERTEX
  8
0
 10
15339.148154
 20
42506.435510
 42
-0.041195
  0
VERTEX
  8
0
 10
15370.950920
 20
42499.292859
 42
-0.042103
  0
VERTEX
  8
0
 10
15400.910318
 20
42487.067898
 42
-0.042036
  0
VERTEX
  8
0
 10
15428.441710
 20
42469.975149
 42
-0.040790
  0
VERTEX
  8
0
 10
15453.026556
 20
42448.361969
 42
-0.026413
  0
VERTEX
  8
0
 10
15467.423109
 20
42431.790666
 42
-0.027835
  0
VERTEX
  8
0
 10
15479.723584
 20
42414.071578
 42
-0.028049
  0
VERTEX
  8
0
 10
15489.897463
 20
42395.228617
 42
-0.027750
  0
VERTEX
  8
0
 10
15497.938952
 20
42375.298730
 42
-0.074889
  0
VERTEX
  8
0
 10
15508.394191
 20
42317.358300
 42
-0.074980
  0
VERTEX
  8
0
 10
15501.310879
 20
42258.934189
 42
-0.075137
  0
VERTEX
  8
0
 10
15477.338945
 20
42205.300752
 42
-0.075698
  0
VERTEX
  8
0
 10
15438.637357
 20
42161.301087
 42
-0.113962
  0
VERTEX
  8
0
 10
15359.539291
 20
42120.990571
 42
-0.114237
  0
VERTEX
  8
0
 10
15270.849011
 20
42119.492834
 42
-0.114316
  0
VERTEX
  8
0
 10
15190.569560
 20
42157.115071
 42
-0.114241
  0
VERTEX
  8
0
 10
15134.988207
 20
42226.213042
 42
-0.067803
  0
VERTEX
  8
0
 10
15118.441459
 20
42277.077243
 42
-0.068414
  0
VERTEX
  8
0
 10
15116.175789
 20
42330.354712
 42
-0.068466
  0
VERTEX
  8
0
 10
15128.368156
 20
42382.232115
 42
-0.068076
  0
VERTEX
  8
0
 10
15154.130144
 20
42429.000000
 42
-0.019682
  0
VERTEX
  8
0
 10
15160.777411
 20
42437.240381
 42
-0.010843
  0
VERTEX
  8
0
 10
15169.507652
 20
42446.804703
 42
-0.010816
  0
VERTEX
  8
0
 10
15178.747562
 20
42456.086169
 42
-0.017782
  0
VERTEX
  8
0
 10
15187.000000
 20
42463.478114
 42
-0.036319
  0
VERTEX
  8
0
 10
15208.362357
 20
42478.802694
 42
-0.033274
  0
VERTEX
  8
0
 10
15232.336137
 20
42491.380045
 42
-0.033103
  0
VERTEX
  8
0
 10
15257.898564
 20
42500.724164
 42
-0.035006
  0
VERTEX
  8
0
 10
15284.000000
 20
42506.404606
 42
-0.025010
  0
VERTEX
  8
0
 10
15295.750009
 20
42507.515871
 42
-0.010932
  0
VERTEX
  8
0
 10
15311.405651
 20
42507.866970
 42
-0.010955
  0
VERTEX
  8
0
 10
15327.130046
 20
42507.531219
 42
-0.023835
  0
SEQEND
  0
POLYLINE
  8
0
 66
1
 70
1
  0
VERTEX
  8
0
 10
21291.000000
 20
42685.338986
 42
0.044590
  0
VERTEX
  8
0
 10
21222.037281
 20
42675.480670
 42
0.046422
  0
VERTEX
  8
0
 10
21156.882317
 20
42653.607520
 42
0.046576
  0
VERTEX
  8
0
 10
21097.072675
 20
42620.172044
 42
0.045485
  0
VERTEX
  8
0
 10
21043.968616
 20
42576.008150
 42
0.024557
  0
VERTEX
  8
0
 10
21018.911419
 20
42548.402400
 42
0.024973
  0
VERTEX
  8
0
 10
20996.830694
 20
42518.621702
 42
0.025020
  0
VERTEX
  8
0
 10
20977.866791
 20
42486.843980
 42
0.024866
  0
VERTEX
  8
0
 10
20962.129439
 20
42453.266746
 42
0.061013
  0
VERTEX
  8
0
 10
20938.198225
 20
42365.670696
 42
0.060947
  0
VERTEX
  8
0
 10
20936.102480
 20
42274.855728
 42
0.060945
  0
VERTEX
  8
0
 10
20955.963307
 20
42186.211622
 42
0.061002
  0
VERTEX
  8
0
 10
20996.605264
 20
42105.000000
 42
0.024183
  0
VERTEX
  8
0
 10
21018.595703
 20
42075.104822
 42
0.025115
  0
VERTEX
  8
0
 10
21043.109708
 20
42047.865484
 42
0.025121
  0
VERTEX
  8
0
 10
21070.226198
 20
42023.226799
 42
0.024216
  0
VERTEX
  8
0
 10
21100.000000
 20
42001.109510
 42
0.031110
  0
VERTEX
  8
0
 10
21140.755756
 20
41977.323910
 42
0.031731
  0
VERTEX
  8
0
 10
21183.884677
 20
41958.954741
 42
0.031612
  0
VERTEX
  8
0
 10
21229.148519
 20
41946.134686
 42
0.030372
  0
VERTEX
  8
0
 10
21276.276438
 20
41938.911998
 42
0.021346
  0
VERTEX
  8
0
 10
21292.121031
 20
41938.140329
 42
0.006269
  0
VERTEX
  8
0
 10
21316.478153
 20
41938.300073
 42
0.006110
  0
VERTEX
  8
0
 10
21340.686242
 20
41939.058405
 42
0.024232
  0
VERTEX
  8
0
 10
21355.500000
 20
41940.424979
 42
0.030689
  0
VERTEX
  8
0
 10
21407.064821
 20
41950.974519
 42
0.034582
  0
VERTEX
  8
0
 10
21454.868764
 20
41967.471427
 42
0.034867
  0
VERTEX
  8
0
 10
21499.602842
 20
41990.259057
 42
0.032207
  0
VERTEX
  8
0
 10
21542.000000
 20
42019.591667
 42
0.018937
  0
VERTEX
  8
0
 10
21555.696699
 20
42031.304912
 42
0.009684
  0
VERTEX
  8
0
 10
21572.019322
 20
42046.966551
 42
0.009685
  0
VERTEX
  8
0
 10
21587.741500
 20
42063.267574
 42
0.018721
  0
VERTEX
  8
0
 10
21599.557257
 20
42077.000000
 42
0.036059
  0
VERTEX
  8
0
 10
21631.247349
 20
42123.222914
 42
0.037132
  0
VERTEX
  8
0
 10
21655.619286
 20
42173.080358
 42
0.037237
  0
VERTEX
  8
0
 10
21672.293308
 20
42225.858298
 42
0.036705
  0
VERTEX
  8
0
 10
21681.054599
 20
42280.780407
 42
0.018982
  0
VERTEX
  8
0
 10
21681.821641
 20
42297.139570
 42
0.007075
  0
VERTEX
  8
0
 10
21681.700694
 20
42320.150952
 42
0.006930
  0
VERTEX
  8
0
 10
21680.943346
 20
42342.909568
 42
0.022283
  0
VERTEX
  8
0
 10
21679.555911
 20
42358.000000
 42
0.031013
  0
VERTEX
  8
0
 10
21669.176567
 20
42409.667229
 42
0.035222
  0
VERTEX
  8
0
 10
21652.779763
 20
42457.432977
 42
0.035205
  0
VERTEX
  8
0
 10
21629.832757
 20
42502.443479
 42
0.030930
  0
VERTEX
  8
0
 10
21599.881532
 20
42545.878253
 42
0.022437
  0
VERTEX
  8
0
 10
21589.253572
 20
42558.233226
 42
0.007226
  0
VERTEX
  8
0
 10
21572.433115
 20
42575.589774
 42
0.007269
  0
VERTEX
  8
0
 10
21555.070069
 20
42592.496776
 42
0.021495
  0
VERTEX
  8
0
 10
21542.500000
 20
42603.401358
 42
0.033283
  0
VERTEX
  8
0
 10
21500.322029
 20
42632.570171
 42
0.033914
  0
VERTEX
  8
0
 10
21454.903504
 20
42655.681153
 42
0.034005
  0
VERTEX
  8
0
 10
21406.896528
 20
42672.388730
 42
0.033860
  0
VERTEX
  8
0
 10
21357.000000
 20
42682.463549
 42
0.011594
  0
VERTEX
  8
0
 10
21340.510931
 20
42684.257213
 42
0.010407
  0
VERTEX
  8
0
 10
21323.351388
 20
42685.363001
 42
0.010583
  0
VERTEX
  8
0
 10
21306.513412
 20
42685.739793
 42
0.013520
  0
SEQEND
  0
POLYLINE
  8
0
 66
1
 70
1
  0
VERTEX
  8
0
 10
21341.500000
 20
42505.696136
 42
-0.046473
  0
VERTEX
  8
0
 10
21380.971812
 20
42494.317247
 42
-0.051091
  0
VERTEX
  8
0
 10
21416.346633
 20
42476.096301
 42
-0.051732
  0
VERTEX
  8
0
 10
21446.922880
 20
42451.314529
 42
-0.049876
  0
VERTEX
  8
0
 10
21472.182134
 20
42420.500000
 42
-0.021656
  0
VERTEX
  8
0
 10
21478.140146
 20
42410.642862
 42
-0.010875
  0
VERTEX
  8
0
 10
21484.841032
 20
42397.728213
 42
-0.010844
  0
VERTEX
  8
0
 10
21490.914664
 20
42384.664102
 42
-0.024003
  0
VERTEX
  8
0
 10
21494.841624
 20
42374.402712
 42
-0.061488
  0
VERTEX
  8
0
 10
21504.426231
 20
42325.793297
 42
-0.062647
  0
VERTEX
  8
0
 10
21501.804603
 20
42276.629226
 42
-0.062817
  0
VERTEX
  8
0
 10
21487.108063
 20
42229.763133
 42
-0.062420
  0
VERTEX
  8
0
 10
21461.211970
 20
42187.904297
 42
-0.022446
  0
VERTEX
  8
0
 10
21453.445324
 20
42179.112838
 42
-0.011497
  0
VERTEX
  8
0
 10
21442.975944
 20
42168.769647
 42
-0.011494
  0
VERTEX
  8
0
 10
21432.068646
 20
42158.942377
 42
-0.022991
  0
VERTEX
  8
0
 10
21422.933374
 20
42151.787866
 42
-0.066880
  0
VERTEX
  8
0
 10
21375.983553
 20
42127.054394
 42
-0.067684
  0
VERTEX
  8
0
 10
21324.361276
 20
42115.719730
 42
-0.067773
  0
VERTEX
  8
0
 10
21271.647336
 20
42118.588161
 42
-0.067352
  0
VERTEX
  8
0
 10
21221.500000
 20
42135.440600
 42
-0.077599
  0
VERTEX
  8
0
 10
21171.695874
 20
42170.516473
 42
-0.077858
  0
VERTEX
  8
0
 10
21135.021535
 20
42219.069271
 42
-0.077949
  0
VERTEX
  8
0
 10
21114.983237
 20
42276.458561
 42
-0.078057
  0
VERTEX
  8
0
 10
21113.491851
 20
42337.198784
 42
-0.027754
  0
VERTEX
  8
0
 10
21117.717824
 20
42359.565114
 42
-0.029367
  0
VERTEX
  8
0
 10
21124.338906
 20
42380.897257
 42
-0.029484
  0
VERTEX
  8
0
 10
21133.384887
 20
42401.228894
 42
-0.028460
  0
VERTEX
  8
0
 10
21144.855277
 20
42420.606174
 42
-0.052127
  0
VERTEX
  8
0
 10
21171.913125
 20
42453.022443
 42
-0.053989
  0
VERTEX
  8
0
 10
21204.796140
 20
42478.713156
 42
-0.053746
  0
VERTEX
  8
0
 10
21242.558725
 20
42496.859494
 42
-0.050802
  0
VERTEX
  8
0
 10
21284.042384
 20
42506.969533
 42
-0.033557
  0
VERTEX
  8
0
 10
21294.264032
 20
42507.690791
 42
-0.006379
  0
VERTEX
  8
0
 10
21312.931729
 20
42507.515285
 42
-0.006282
  0
VERTEX
  8
0
 10
21331.580211
 20
42506.867495
 42
-0.035140
  0
SEQEND
  0
POLYLINE
  8
0
 66
1
 70
1
  0
VERTEX
  8
0
 10
5591.500000
 20
42133.967802
 42
0.033347
  0
VERTEX
  8
0
 10
5531.770077
 20
42125.051794
 42
0.035838
  0
VERTEX
  8
0
 10
5475.220103
 20
42108.392454
 42
0.036154
  0
VERTEX
  8
0
 10
5422.076094
 20
42083.992993
 42
0.035202
  0
VERTEX
  8
0
 10
5372.500000
 20
42052.001512
 42
0.051175
  0
VERTEX
  8
0
 10
5310.127273
 20
41994.394241
 42
0.052069
  0
VERTEX
  8
0
 10
5261.164029
 20
41925.633896
 42
0.051753
  0
VERTEX
  8
0
 10
5227.228427
 20
41847.838336
 42
0.049392
  0
VERTEX
  8
0
 10
5209.321696
 20
41763.500000
 42
0.019122
  0
VERTEX
  8
0
 10
5208.114912
 20
41746.831076
 42
0.007040
  0
VERTEX
  8
0
 10
5207.644306
 20
41723.247398
 42
0.006997
  0
VERTEX
  8
0
 10
5207.835138
 20
41699.749444
 42
0.020193
  0
VERTEX
  8
0
 10
5208.851951
 20
41683.500000
 42
0.021797
  0
VERTEX
  8
0
 10
5214.718483
 20
41643.731492
 42
0.023318
  0
VERTEX
  8
0
 10
5223.934039
 20
41605.523730
 42
0.023624
  0
VERTEX
  8
0
 10
5236.532668
 20
41568.806984
 42
0.023732
  0
VERTEX
  8
0
 10
5252.522048
 20
41533.500000
 42
0.084045
  0
VERTEX
  8
0
 10
5335.213425
 20
41422.526494
 42
0.084358
  0
VERTEX
  8
0
 10
5449.725629
 20
41345.123054
 42
0.084327
  0
VERTEX
  8
0
 10
5583.416643
 20
41309.870079
 42
0.083896
  0
VERTEX
  8
0
 10
5721.500000
 20
41320.639585
 42
0.046460
  0
VERTEX
  8
0
 10
5793.064446
 20
41345.800860
 42
0.046074
  0
VERTEX
  8
0
 10
5858.966559
 20
41383.799116
 42
0.046010
  0
VERTEX
  8
0
 10
5916.877540
 20
41433.280153
 42
0.046061
  0
VERTEX
  8
0
 10
5964.739315
 20
41492.500000
 42
0.029750
  0
VERTEX
  8
0
 10
5989.448473
 20
41534.847804
 42
0.029988
  0
VERTEX
  8
0
 10
6008.883854
 20
41579.718750
 42
0.029717
  0
VERTEX
  8
0
 10
6022.957350
 20
41626.988296
 42
0.028069
  0
VERTEX
  8
0
 10
6031.651806
 20
41676.500000
 42
0.010931
  0
VERTEX
  8
0
 10
6032.495569
 20
41685.276349
 42
0.008647
  0
VERTEX
  8
0
 10
6033.035836
 20
41694.796137
 42
0.006805
  0
VERTEX
  8
0
 10
6033.333233
 20
41706.326357
 42
0.003044
  0
VERTEX
  8
0
 10
6033.425617
 20
41721.500000
 42
0.006634
  0
VERTEX
  8
0
 10
6033.134018
 20
41743.476178
 42
0.013813
  0
VERTEX
  8
0
 10
6032.206686
 20
41760.581179
 42
0.015111
  0
VERTEX
  8
0
 10
6030.404514
 20
41776.603962
 42
0.009812
  0
VERTEX
  8
0
 10
6027.400910
 20
41795.000000
 42
0.025008
  0
VERTEX
  8
0
 10
6017.665927
 20
41836.302573
 42
0.025430
  0
VERTEX
  8
0
 10
6003.899167
 20
41876.191183
 42
0.025512
  0
VERTEX
  8
0
 10
5986.202533
 20
41914.354772
 42
0.025546
  0
VERTEX
  8
0
 10
5964.718154
 20
41950.500000
 42
0.012942
  0
VERTEX
  8
0
 10
5952.029270
 20
41968.530064
 42
0.014079
  0
VERTEX
  8
0
 10
5938.763240
 20
41985.368444
 42
0.013877
  0
VERTEX
  8
0
 10
5924.392438
 20
42001.648308
 42
0.011859
  0
VERTEX
  8
0
 10
5908.384842
 20
42018.003361
 42
0.041346
  0
VERTEX
  8
0
 10
5855.760686
 20
42061.415937
 42
0.041853
  0
VERTEX
  8
0
 10
5796.917179
 20
42095.379274
 42
0.041625
  0
VERTEX
  8
0
 10
5732.926616
 20
42119.218407
 42
0.039975
  0
VERTEX
  8
0
 10
5665.000000
 20
42132.529033
 42
0.017559
  0
VERTEX
  8
0
 10
5649.889814
 20
42133.717329
 42
0.005948
  0
VERTEX
  8
0
 10
5627.842480
 20
42134.411367
 42
0.005859
  0
VERTEX
  8
0
 10
5605.916391
 20
42134.583573
 42
0.019414
  0
SEQEND
  0
POLYLINE
  8
0
 66
1
 70
1
  0
VERTEX
  8
0
 10
5655.000000
 20
41954.926165
 42
-0.068561
  0
VERTEX
  8
0
 10
5715.214045
 20
41937.706778
 42
-0.066652
  0
VERTEX
  8
0
 10
5769.166331
 20
41904.735929
 42
-0.066434
  0
VERTEX
  8
0
 10
5812.690401
 20
41858.617673
 42
-0.067327
  0
VERTEX
  8
0
 10
5842.363217
 20
41802.898772
 42
-0.060100
  0
VERTEX
  8
0
 10
5855.038310
 20
41749.920515
 42
-0.057438
  0
VERTEX
  8
0
 10
5855.040033
 20
41694.608294
 42
-0.057549
  0
VERTEX
  8
0
 10
5842.469643
 20
41640.846530
 42
-0.060813
  0
VERTEX
  8
0
 10
5818.112654
 20
41592.434367
 42
-0.008605
  0
VERTEX
  8
0
 10
5810.676713
 20
41581.677002
 42
-0.015052
  0
VERTEX
  8
0
 10
5804.104365
 20
41573.069722
 42
-0.015205
  0
VERTEX
  8
0
 10
5797.072629
 20
41564.932462
 42
-0.009000
  0
VERTEX
  8
0
 10
5788.222490
 20
41555.640588
 42
-0.041622
  0
VERTEX
  8
0
 10
5757.865593
 20
41529.624631
 42
-0.042850
  0
VERTEX
  8
0
 10
5723.901386
 20
41509.279305
 42
-0.042759
  0
VERTEX
  8
0
 10
5686.895900
 20
41494.986366
 42
-0.041082
  0
VERTEX
  8
0
 10
5647.500000
 20
41486.959252
 42
-0.025223
  0
VERTEX
  8
0
 10
5629.348521
 20
41485.714824
 42
-0.017583
  0
VERTEX
  8
0
 10
5608.816606
 20
41486.066884
 42
-0.017528
  0
VERTEX
  8
0
 10
5588.254022
 20
41487.867800
 42
-0.024212
  0
VERTEX
  8
0
 10
5570.000000
 20
41491.016740
 42
-0.076664
  0
VERTEX
  8
0
 10
5502.456799
 20
41517.390592
 42
-0.077042
  0
VERTEX
  8
0
 10
5446.127384
 20
41562.855934
 42
-0.077080
  0
VERTEX
  8
0
 10
5406.226195
 20
41623.218655
 42
-0.076853
  0
VERTEX
  8
0
 10
5386.430549
 20
41692.892057
 42
-0.023802
  0
VERTEX
  8
0
 10
5385.121625
 20
41710.121445
 42
-0.015615
  0
VERTEX
  8
0
 10
5385.181305
 20
41730.029116
 42
-0.015614
  0
VERTEX
  8
0
 10
5386.483443
 20
41749.895736
 42
-0.023788
  0
VERTEX
  8
0
 10
5388.967859
 20
41767.000000
 42
-0.032265
  0
VERTEX
  8
0
 10
5395.939581
 20
41793.601391
 42
-0.028365
  0
VERTEX
  8
0
 10
5406.523400
 20
41820.290373
 42
-0.028270
  0
VERTEX
  8
0
 10
5420.105108
 20
41845.705810
 42
-0.031433
  0
VERTEX
  8
0
 10
5436.041415
 20
41868.500000
 42
-0.049857
  0
VERTEX
  8
0
 10
5468.290551
 20
41901.583686
 42
-0.048285
  0
VERTEX
  8
0
 10
5506.780838
 20
41928.031973
 42
-0.048529
  0
VERTEX
  8
0
 10
5549.430744
 20
41946.496357
 42
-0.051495
  0
VERTEX
  8
0
 10
5594.000000
 20
41955.934808
 42
-0.013653
  0
VERTEX
  8
0
 10
5609.887537
 20
41957.184292
 42
-0.016930
  0
VERTEX
  8
0
 10
5624.716670
 20
41957.441198
 42
-0.017054
  0
VERTEX
  8
0
 10
5639.438265
 20
41956.695089
 42
-0.014223
  0
SEQEND
  0
POLYLINE
  8
0
 66
1
 70
1
  0
VERTEX
  8
0
 10
11304.000000
 20
42134.344904
 42
0.036456
  0
VERTEX
  8
0
 10
11236.667796
 20
42124.807887
 42
0.040371
  0
VERTEX
  8
0
 10
11173.774018
 20
42105.745772
 42
0.040793
  0
VERTEX
  8
0
 10
11115.330112
 20
42077.042495
 42
0.038757
  0
VERTEX
  8
0
 10
11061.248646
 20
42038.796421
 42
0.047118
  0
VERTEX
  8
0
 10
11007.098329
 20
41984.452928
 42
0.046937
  0
VERTEX
  8
0
 10
10964.001209
 20
41920.865760
 42
0.046657
  0
VERTEX
  8
0
 10
10933.311056
 20
41849.981651
 42
0.045427
  0
VERTEX
  8
0
 10
10915.956037
 20
41774.000000
 42
0.019540
  0
VERTEX
  8
0
 10
10914.274752
 20
41756.297857
 42
0.007837
  0
VERTEX
  8
0
 10
10913.303190
 20
41731.987823
 42
0.007859
  0
VERTEX
  8
0
 10
10913.094431
 20
41707.583140
 42
0.018811
  0
VERTEX
  8
0
 10
10913.904758
 20
41689.500000
 42
0.050160
  0
VERTEX
  8
0
 10
10929.474069
 20
41605.202334
 42
0.051922
  0
VERTEX
  8
0
 10
10961.424235
 20
41526.722838
 42
0.051971
  0
VERTEX
  8
0
 10
11008.824146
 20
41456.572653
 42
0.050434
  0
VERTEX
  8
0
 10
11070.105547
 20
41396.918870
 42
0.012760
  0
VERTEX
  8
0
 10
11080.891598
 20
41388.793241
 42
0.006174
  0
VERTEX
  8
0
 10
11095.077523
 20
41378.925393
 42
0.006154
  0
VERTEX
  8
0
 10
11109.387576
 20
41369.486030
 42
0.013909
  0
VERTEX
  8
0
 10
11120.500000
 20
41362.779630
 42
0.045204
  0
VERTEX
  8
0
 10
11190.637115
 20
41331.051193
 42
0.046220
  0
VERTEX
  8
0
 10
11264.816844
 20
41312.732340
 42
0.046382
  0
VERTEX
  8
0
 10
11340.853483
 20
41308.390752
 42
0.046184
  0
VERTEX
  8
0
 10
11416.500000
 20
41318.123930
 42
0.022310
  0
VERTEX
  8
0
 10
11452.435770
 20
41327.871603
 42
0.022753
  0
VERTEX
  8
0
 10
11487.120234
 20
41340.728938
 42
0.022782
  0
VERTEX
  8
0
 10
11520.451190
 20
41356.667326
 42
0.022499
  0
VERTEX
  8
0
 10
11552.337355
 20
41375.633318
 42
0.011107
  0
VERTEX
  8
0
 10
11570.597174
 20
41388.227449
 42
0.014097
  0
VERTEX
  8
0
 10
11586.851260
 20
41400.691874
 42
0.014214
  0
VERTEX
  8
0
 10
11602.267711
 20
41413.964646
 42
0.011625
  0
VERTEX
  8
0
 10
11618.000000
 20
41428.992191
 42
0.041094
  0
VERTEX
  8
0
 10
11662.658936
 20
41481.700521
 42
0.041949
  0
VERTEX
  8
0
 10
11697.751996
 20
41540.654877
 42
0.041912
  0
VERTEX
  8
0
 10
11722.537199
 20
41604.689465
 42
0.040874
  0
VERTEX
  8
0
 10
11736.553194
 20
41672.500000
 42
0.018814
  0
VERTEX
  8
0
 10
11738.461426
 20
41695.029456
 42
0.011705
  0
VERTEX
  8
0
 10
11739.083734
 20
41721.544806
 42
0.011709
  0
VERTEX
  8
0
 10
11738.464720
 20
41748.039140
 42
0.018943
  0
VERTEX
  8
0
 10
11736.558699
 20
41770.500000
 42
0.081522
  0
VERTEX
  8
0
 10
11698.366562
 20
41900.751676
 42
0.082329
  0
VERTEX
  8
0
 10
11620.625317
 20
42011.463825
 42
0.082526
  0
VERTEX
  8
0
 10
11511.501074
 20
42090.966871
 42
0.082464
  0
VERTEX
  8
0
 10
11382.500000
 20
42130.928334
 42
0.012666
  0
VERTEX
  8
0
 10
11362.801034
 20
42133.114279
 42
0.010422
  0
VERTEX
  8
0
 10
11341.691451
 20
42134.474345
 42
0.010663
  0
VERTEX
  8
0
 10
11321.336444
 20
42134.925709
 42
0.017169
  0
SEQEND
  0
POLYLINE
  8
0
 66
1
 70
1
  0
VERTEX
  8
0
 10
11360.213215
 20
41954.947164
 42
-0.030816
  0
VERTEX
  8
0
 10
11389.314366
 20
41948.875753
 42
-0.032465
  0
VERTEX
  8
0
 10
11416.930842
 20
41939.348470
 42
-0.032247
  0
VERTEX
  8
0
 10
11443.248776
 20
41926.257451
 42
-0.029571
  0
VERTEX
  8
0
 10
11468.472611
 20
41909.544370
 42
-0.049272
  0
VERTEX
  8
0
 10
11501.711189
 20
41879.025631
 42
-0.048842
  0
VERTEX
  8
0
 10
11528.445892
 20
41842.508761
 42
-0.048099
  0
VERTEX
  8
0
 10
11547.919626
 20
41800.952971
 42
-0.044978
  0
VERTEX
  8
0
 10
11559.632570
 20
41755.500000
 42
-0.029188
  0
VERTEX
  8
0
 10
11561.093369
 20
41741.497931
 42
-0.011288
  0
VERTEX
  8
0
 10
11561.542643
 20
41721.981726
 42
-0.011338
  0
VERTEX
  8
0
 10
11561.106704
 20
41702.378020
 42
-0.027614
  0
VERTEX
  8
0
 10
11559.662308
 20
41688.000000
 42
-0.076362
  0
VERTEX
  8
0
 10
11536.833393
 20
41616.180639
 42
-0.079233
  0
VERTEX
  8
0
 10
11493.693873
 20
41555.539658
 42
-0.079828
  0
VERTEX
  8
0
 10
11434.151123
 20
41511.667537
 42
-0.079201
  0
VERTEX
  8
0
 10
11363.701378
 20
41488.507168
 42
-0.028109
  0
VERTEX
  8
0
 10
11339.490328
 20
41485.996109
 42
-0.024510
  0
VERTEX
  8
0
 10
11314.008663
 20
41486.043674
 42
-0.024547
  0
VERTEX
  8
0
 10
11288.698042
 20
41488.582216
 42
-0.028462
  0
VERTEX
  8
0
 10
11265.000000
 20
41493.533113
 42
-0.066279
  0
VERTEX
  8
0
 10
11207.698287
 20
41517.438014
 42
-0.065483
  0
VERTEX
  8
0
 10
11158.386134
 20
41555.580618
 42
-0.065658
  0
VERTEX
  8
0
 10
11120.720817
 20
41605.073239
 42
-0.067269
  0
VERTEX
  8
0
 10
11097.550303
 20
41662.243083
 42
-0.011786
  0
VERTEX
  8
0
 10
11094.442432
 20
41675.688642
 42
-0.016881
  0
VERTEX
  8
0
 10
11092.374695
 20
41687.747018
 42
-0.016308
  0
VERTEX
  8
0
 10
11091.078858
 20
41700.228116
 42
-0.010002
  0
VERTEX
  8
0
 10
11090.327257
 20
41715.000000
 42
-0.031546
  0
VERTEX
  8
0
 10
11091.341422
 20
41746.447588
 42
-0.034827
  0
VERTEX
  8
0
 10
11096.339140
 20
41776.473506
 42
-0.034669
  0
VERTEX
  8
0
 10
11105.483554
 20
41805.634650
 42
-0.030720
  0
VERTEX
  8
0
 10
11118.882873
 20
41834.500000
 42
-0.060637
  0
VERTEX
  8
0
 10
11151.371514
 20
41880.283929
 42
-0.059892
  0
VERTEX
  8
0
 10
11194.017481
 20
41917.153851
 42
-0.059825
  0
VERTEX
  8
0
 10
11244.234286
 20
41942.898858
 42
-0.060245
  0
VERTEX
  8
0
 10
11299.000000
 20
41955.946647
 42
-0.016258
  0
VERTEX
  8
0
 10
11314.224287
 20
41957.182966
 42
-0.016212
  0
VERTEX
  8
0
 10
11329.511317
 20
41957.429024
 42
-0.016143
  0
VERTEX
  8
0
 10
11344.846041
 20
41956.683014
 42
-0.015795
  0
SEQEND
  0
POLYLINE
  8
0
 66
1
 70
1
  0
VERTEX
  8
0
 10
15283.500000
 20
41685.389997
 42
0.019448
  0
VERTEX
  8
0
 10
15244.408621
 20
41679.920355
 42
0.024326
  0
VERTEX
  8
0
 10
15208.719052
 20
41671.693670
 42
0.025176
  0
VERTEX
  8
0
 10
15175.041818
 20
41660.326194
 42
0.023753
  0
VERTEX
  8
0
 10
15142.000000
 20
41645.436747
 42
0.019150
  0
VERTEX
  8
0
 10
15116.227543
 20
41631.048880
 42
0.020614
  0
VERTEX
  8
0
 10
15092.275424
 20
41615.057202
 42
0.020449
  0
VERTEX
  8
0
 10
15069.550992
 20
41597.024125
 42
0.018231
  0
VERTEX
  8
0
 10
15047.456971
 20
41576.517667
 42
0.040410
  0
VERTEX
  8
0
 10
15007.379517
 20
41529.455533
 42
0.042342
  0
VERTEX
  8
0
 10
14976.091920
 20
41477.260610
 42
0.041906
  0
VERTEX
  8
0
 10
14953.789818
 20
41420.033928
 42
0.038027
  0
VERTEX
  8
0
 10
14940.449135
 20
41358.000000
 42
0.021707
  0
VERTEX
  8
0
 10
14939.068063
 20
41343.096661
 42
0.007229
  0
VERTEX
  8
0
 10
14938.311053
 20
41321.187907
 42
0.007378
  0
VERTEX
  8
0
 10
14938.192589
 20
41298.941562
 42
0.017775
  0
VERTEX
  8
0
 10
14938.932765
 20
41282.496175
 42
0.068332
  0
VERTEX
  8
0
 10
14960.920134
 20
41182.756294
 42
0.068666
  0
VERTEX
  8
0
 10
15008.957081
 20
41092.814538
 42
0.068580
  0
VERTEX
  8
0
 10
15079.620400
 20
41019.150333
 42
0.067875
  0
VERTEX
  8
0
 10
15167.809786
 20
40967.039419
 42
0.018542
  0
VERTEX
  8
0
 10
15192.032299
 20
40957.892143
 42
0.017749
  0
VERTEX
  8
0
 10
15217.218825
 20
40950.417133
 42
0.017307
  0
VERTEX
  8
0
 10
15243.499110
 20
40944.584451
 42
0.015676
  0
VERTEX
  8
0
 10
15271.000000
 20
40940.359397
 42
0.021022
  0
VERTEX
  8
0
 10
15287.192794
 20
40939.076615
 42
0.007704
  0
VERTEX
  8
0
 10
15310.153154
 20
40938.580400
 42
0.007674
  0
VERTEX
  8
0
 10
15333.061692
 20
40938.789991
 42
0.021765
  0
VERTEX
  8
0
 10
15349.000000
 20
40939.875800
 42
0.020336
  0
VERTEX
  8
0
 10
15383.204418
 20
40945.122676
 42
0.021919
  0
VERTEX
  8
0
 10
15416.012693
 20
40953.037074
 42
0.022311
  0
VERTEX
  8
0
 10
15447.453808
 20
40963.636492
 42
0.022859
  0
VERTEX
  8
0
 10
15477.565742
 20
40976.920654
 42
0.078145
  0
VERTEX
  8
0
 10
15573.007015
 20
41044.648758
 42
0.078543
  0
VERTEX
  8
0
 10
15642.860611
 20
41138.293709
 42
0.078643
  0
VERTEX
  8
0
 10
15680.365016
 20
41248.806627
 42
0.078643
  0
VERTEX
  8
0
 10
15681.910658
 20
41365.500000
 42
0.031212
  0
VERTEX
  8
0
 10
15672.346905
 20
41411.239470
 42
0.031006
  0
VERTEX
  8
0
 10
15657.148207
 20
41455.537183
 42
0.031092
  0
VERTEX
  8
0
 10
15636.637165
 20
41497.496434
 42
0.031805
  0
VERTEX
  8
0
 10
15611.218853
 20
41536.256919
 42
0.049100
  0
VERTEX
  8
0
 10
15560.462048
 20
41591.606952
 42
0.050959
  0
VERTEX
  8
0
 10
15500.477100
 20
41635.224294
 42
0.050578
  0
VERTEX
  8
0
 10
15432.482073
 20
41666.063800
 42
0.047029
  0
VERTEX
  8
0
 10
15358.000000
 20
41683.561939
 42
0.024742
  0
VERTEX
  8
0
 10
15345.905234
 20
41684.620308
 42
0.003320
  0
VERTEX
  8
0
 10
15320.357259
 20
41685.416944
 42
0.003130
  0
VERTEX
  8
0
 10
15294.733600
 20
41685.885225
 42
0.028042
  0
SEQEND
  0
POLYLINE
  8
0
 66
1
 70
1
  0
VERTEX
  8
0
 10
15343.000000
 20
41506.510237
 42
-0.069921
  0
VERTEX
  8
0
 10
15396.289525
 20
41489.786482
 42
-0.070557
  0
VERTEX
  8
0
 10
15442.724191
 20
41459.058485
 42
-0.070939
  0
VERTEX
  8
0
 10
15478.583779
 20
41416.801743
 42
-0.071953
  0
VERTEX
  8
0
 10
15500.992890
 20
41366.403780
 42
-0.056805
  0
VERTEX
  8
0
 10
15508.279206
 20
41321.608024
 42
-0.057799
  0
VERTEX
  8
0
 10
15505.226330
 20
41276.591335
 42
-0.057711
  0
VERTEX
  8
0
 10
15491.940232
 20
41233.407937
 42
-0.056318
  0
VERTEX
  8
0
 10
15469.056946
 20
41194.017748
 42
-0.021652
  0
VERTEX
  8
0
 10
15462.508389
 20
41185.954412
 42
-0.010334
  0
VERTEX
  8
0
 10
15453.441399
 20
41176.144537
 42
-0.010341
  0
VERTEX
  8
0
 10
15443.948525
 20
41166.689848
 42
-0.021001
  0
VERTEX
  8
0
 10
15436.034187
 20
41159.738542
 42
-0.033180
  0
VERTEX
  8
0
 10
15413.890080
 20
41144.183195
 42
-0.034334
  0
VERTEX
  8
0
 10
15390.127429
 20
41131.890571
 42
-0.034327
  0
VERTEX
  8
0
 10
15364.901583
 20
41122.963538
 42
-0.033139
  0
VERTEX
  8
0
 10
15338.393908
 20
41117.445127
 42
-0.027140
  0
VERTEX
  8
0
 10
15323.574791
 20
41116.186489
 42
-0.015171
  0
VERTEX
  8
0
 10
15305.472645
 20
41116.184220
 42
-0.015179
  0
VERTEX
  8
0
 10
15287.549570
 20
41117.271151
 42
-0.029291
  0
VERTEX
  8
0
 10
15273.340646
 20
41119.411219
 42
-0.029418
  0
VERTEX
  8
0
 10
15250.064046
 20
41125.774926
 42
-0.029005
  0
VERTEX
  8
0
 10
15227.581796
 20
41134.850846
 42
-0.029298
  0
VERTEX
  8
0
 10
15206.523790
 20
41146.361984
 42
-0.031575
  0
VERTEX
  8
0
 10
15187.501245
 20
41159.998982
 42
-0.022140
  0
VERTEX
  8
0
 10
15178.993849
 20
41167.602787
 42
-0.010572
  0
VERTEX
  8
0
 10
15168.717749
 20
41178.073732
 42
-0.010541
  0
VERTEX
  8
0
 10
15158.963331
 20
41188.890908
 42
-0.023934
  0
VERTEX
  8
0
 10
15152.172159
 20
41197.554286
 42
-0.065627
  0
VERTEX
  8
0
 10
15127.441135
 20
41244.379523
 42
-0.067553
  0
VERTEX
  8
0
 10
15115.999780
 20
41295.555493
 42
-0.067653
  0
VERTEX
  8
0
 10
15118.619863
 20
41347.861871
 42
-0.066150
  0
VERTEX
  8
0
 10
15135.082662
 20
41398.000000
 42
-0.054539
  0
VERTEX
  8
0
 10
15157.362714
 20
41433.668958
 42
-0.053665
  0
VERTEX
  8
0
 10
15186.936200
 20
41463.892125
 42
-0.053528
  0
VERTEX
  8
0
 10
15222.340681
 20
41487.193484
 42
-0.053714
  0
VERTEX
  8
0
 10
15261.844279
 20
41502.415652
 42
-0.013789
  0
VERTEX
  8
0
 10
15269.024398
 20
41504.118815
 42
-0.007424
  0
VERTEX
  8
0
 10
15277.956994
 20
41505.841143
 42
-0.007347
  0
VERTEX
  8
0
 10
15287.225923
 20
41507.345847
 42
-0.010470
  0
VERTEX
  8
0
 10
15295.500000
 20
41508.388061
 42
-0.030083
  0
VERTEX
  8
0
 10
15303.828324
 20
41508.756534
 42
-0.005895
  0
VERTEX
  8
0
 10
15318.822568
 20
41508.340749
 42
-0.006196
  0
VERTEX
  8
0
 10
15333.872615
 20
41507.558879
 42
-0.025051
  0
SEQEND
  0
POLYLINE
  8
0
 66
1
 70
1
  0
VERTEX
  8
0
 10
21274.500000
 20
41684.915495
 42
0.023539
  0
VERTEX
  8
0
 10
21241.040511
 20
41680.200138
 42
0.022051
  0
VERTEX
  8
0
 10
21207.423932
 20
41672.287611
 42
0.022011
  0
VERTEX
  8
0
 10
21174.572027
 20
41661.427225
 42
0.023228
  0
VERTEX
  8
0
 10
21143.401016
 20
41647.889032
 42
0.019305
  0
VERTEX
  8
0
 10
21116.221599
 20
41633.224147
 42
0.022595
  0
VERTEX
  8
0
 10
21091.689365
 20
41617.201158
 42
0.022251
  0
VERTEX
  8
0
 10
21068.390894
 20
41598.808878
 42
0.017718
  0
VERTEX
  8
0
 10
21044.913408
 20
41577.016888
 42
0.013125
  0
VERTEX
  8
0
 10
21026.936535
 20
41558.138143
 42
0.017604
  0
VERTEX
  8
0
 10
21011.723761
 20
41540.057833
 42
0.018088
  0
VERTEX
  8
0
 10
20998.145261
 20
41521.360153
 42
0.015207
  0
VERTEX
  8
0
 10
20985.106822
 20
41500.633488
 42
0.060297
  0
VERTEX
  8
0
 10
20950.066404
 20
41420.157079
 42
0.059086
  0
VERTEX
  8
0
 10
20934.925285
 20
41333.086707
 42
0.058882
  0
VERTEX
  8
0
 10
20940.550096
 20
41244.610924
 42
0.059100
  0
VERTEX
  8
0
 10
20966.647239
 20
41160.000000
 42
0.022918
  0
VERTEX
  8
0
 10
20981.995083
 20
41129.259823
 42
0.024002
  0
VERTEX
  8
0
 10
20999.877040
 20
41100.539689
 42
0.023776
  0
VERTEX
  8
0
 10
21020.597253
 20
41073.420659
 42
0.021601
  0
VERTEX
  8
0
 10
21044.441484
 20
41047.472556
 42
0.040442
  0
VERTEX
  8
0
 10
21091.894357
 20
41007.211471
 42
0.042651
  0
VERTEX
  8
0
 10
21144.405834
 20
40975.912719
 42
0.042321
  0
VERTEX
  8
0
 10
21201.848521
 20
40953.787437
 42
0.038642
  0
VERTEX
  8
0
 10
21263.971439
 20
40940.817584
 42
0.020347
  0
VERTEX
  8
0
 10
21281.434716
 20
40939.278807
 42
0.008745
  0
VERTEX
  8
0
 10
21304.822187
 20
40938.583742
 42
0.008699
  0
VERTEX
  8
0
 10
21328.073145
 20
40938.704101
 42
0.021944
  0
VERTEX
  8
0
 10
21344.957152
 20
40939.827798
 42
0.052325
  0
VERTEX
  8
0
 10
21427.031681
 20
40957.741598
 42
0.055624
  0
VERTEX
  8
0
 10
21501.815266
 20
40992.091551
 42
0.056080
  0
VERTEX
  8
0
 10
21566.672321
 20
41041.781914
 42
0.054795
  0
VERTEX
  8
0
 10
21619.437306
 20
41105.000000
 42
0.027195
  0
VERTEX
  8
0
 10
21641.567496
 20
41142.626891
 42
0.029986
  0
VERTEX
  8
0
 10
21658.691859
 20
41181.249875
 42
0.029681
  0
VERTEX
  8
0
 10
21671.209757
 20
41222.001199
 42
0.025616
  0
VERTEX
  8
0
 10
21679.555911
 20
41266.000000
 42
0.022293
  0
VERTEX
  8
0
 10
21680.939647
 20
41281.053494
 42
0.006883
  0
VERTEX
  8
0
 10
21681.698430
 20
41303.818247
 42
0.007035
  0
VERTEX
  8
0
 10
21681.824729
 20
41326.845022
 42
0.018861
  0
VERTEX
  8
0
 10
21681.066027
 20
41343.219593
 42
0.045556
  0
VERTEX
  8
0
 10
21669.278870
 20
41409.859379
 42
0.045046
  0
VERTEX
  8
0
 10
21645.593695
 20
41473.527070
 42
0.045054
  0
VERTEX
  8
0
 10
21610.893871
 20
41531.913613
 42
0.045606
  0
VERTEX
  8
0
 10
21566.422663
 20
41582.882558
 42
0.017897
  0
VERTEX
  8
0
 10
21545.984545
 20
41601.042246
 42
0.018840
  0
VERTEX
  8
0
 10
21524.637576
 20
41617.370587
 42
0.018798
  0
VERTEX
  8
0
 10
21502.076217
 20
41632.078113
 42
0.017644
  0
VERTEX
  8
0
 10
21478.000000
 20
41645.382297
 42
0.020151
  0
VERTEX
  8
0
 10
21448.058416
 20
41659.086805
 42
0.022627
  0
VERTEX
  8
0
 10
21418.232354
 20
41669.761815
 42
0.022327
  0
VERTEX
  8
0
 10
21387.211250
 20
41677.808829
 42
0.018652
  0
VERTEX
  8
0
 10
21353.679304
 20
41683.629170
 42
0.024770
  0
VERTEX
  8
0
 10
21339.753521
 20
41684.816212
 42
0.004815
  0
VERTEX
  8
0
 10
21314.536739
 20
41685.468843
 42
0.004964
  0
VERTEX
  8
0
 10
21289.259336
 20
41685.628529
 42
0.022335
  0
SEQEND
  0
POLYLINE
  8
0
 66
1
 70
1
  0
VERTEX
  8
0
 10
21328.144045
 20
41507.948535
 42
-0.063632
  0
VERTEX
  8
0
 10
21376.664335
 20
41496.675925
 42
-0.063503
  0
VERTEX
  8
0
 10
21420.827331
 20
41473.560264
 42
-0.063527
  0
VERTEX
  8
0
 10
21457.761984
 20
41440.110759
 42
-0.063766
  0
VERTEX
  8
0
 10
21485.061583
 20
41398.500000
 42
-0.048373
  0
VERTEX
  8
0
 10
21498.379503
 20
41362.749628
 42
-0.048650
  0
VERTEX
  8
0
 10
21504.547609
 20
41325.175034
 42
-0.048532
  0
VERTEX
  8
0
 10
21503.345455
 20
41287.031854
 42
-0.047673
  0
VERTEX
  8
0
 10
21494.826048
 20
41249.597288
 42
-0.022277
  0
VERTEX
  8
0
 10
21490.809256
 20
41239.040925
 42
-0.011671
  0
VERTEX
  8
0
 10
21484.929657
 20
41226.270665
 42
-0.011671
  0
VERTEX
  8
0
 10
21478.445044
 20
41213.758761
 42
-0.021773
  0
VERTEX
  8
0
 10
21472.528306
 20
41204.000000
 42
-0.051828
  0
VERTEX
  8
0
 10
21445.833063
 20
41171.795985
 42
-0.052759
  0
VERTEX
  8
0
 10
21413.233274
 20
41145.986076
 42
-0.052945
  0
VERTEX
  8
0
 10
21376.066384
 20
41127.643036
 42
-0.052919
  0
VERTEX
  8
0
 10
21335.869913
 20
41117.510577
 42
-0.024119
  0
VERTEX
  8
0
 10
21323.916232
 20
41116.396143
 42
-0.011373
  0
VERTEX
  8
0
 10
21308.414302
 20
41116.055268
 42
-0.011364
  0
VERTEX
  8
0
 10
21292.947810
 20
41116.418600
 42
-0.024706
  0
VERTEX
  8
0
 10
21281.128338
 20
41117.552181
 42
-0.054518
  0
VERTEX
  8
0
 10
21238.519046
 20
41128.611358
 42
-0.055751
  0
VERTEX
  8
0
 10
21199.650193
 20
41148.564140
 42
-0.055792
  0
VERTEX
  8
0
 10
21166.174610
 20
41176.595454
 42
-0.054751
  0
VERTEX
  8
0
 10
21139.484284
 20
41211.500000
 42
-0.055819
  0
VERTEX
  8
0
 10
21122.177411
 20
41249.047680
 42
-0.052593
  0
VERTEX
  8
0
 10
21113.166027
 20
41290.255058
 42
-0.052298
  0
VERTEX
  8
0
 10
21112.924159
 20
41332.661551
 42
-0.053890
  0
VERTEX
  8
0
 10
21121.530749
 20
41373.751230
 42
-0.022868
  0
VERTEX
  8
0
 10
21125.642629
 20
41384.679434
 42
-0.011780
  0
VERTEX
  8
0
 10
21131.725949
 20
41397.973138
 42
-0.011779
  0
VERTEX
  8
0
 10
21138.422823
 20
41410.954336
 42
-0.023063
  0
VERTEX
  8
0
 10
21144.462156
 20
41420.894787
 42
-0.066618
  0
VERTEX
  8
0
 10
21179.972834
 20
41460.967812
 42
-0.067619
  0
VERTEX
  8
0
 10
21224.603458
 20
41490.056455
 42
-0.067920
  0
VERTEX
  8
0
 10
21275.190818
 20
41506.090950
 42
-0.068231
  0
SEQEND
  0
POLYLINE
  8
0
 66
1
 70
1
  0
VERTEX
  8
0
 10
8147.500000
 20
40884.851134
 42
0.033291
  0
VERTEX
  8
0
 10
8104.277024
 20
40878.153548
 42
0.031622
  0
VERTEX
  8
0
 10
8061.555153
 20
40865.706068
 42
0.031455
  0
VERTEX
  8
0
 10
8020.522083
 20
40847.890157
 42
0.032102
  0
VERTEX
  8
0
 10
7982.338517
 20
40825.172972
 42
0.019978
  0
VERTEX
  8
0
 10
7964.910985
 20
40812.174966
 42
0.014537
  0
VERTEX
  8
0
 10
7946.568662
 20
40796.413997
 42
0.014469
  0
VERTEX
  8
0
 10
7929.048702
 20
40779.498123
 42
0.018921
  0
VERTEX
  8
0
 10
7914.100075
 20
40763.000000
 42
0.036033
  0
VERTEX
  8
0
 10
7884.691418
 20
40722.349353
 42
0.036756
  0
VERTEX
  8
0
 10
7861.641659
 20
40678.158704
 42
0.036479
  0
VERTEX
  8
0
 10
7845.170217
 20
40630.747552
 42
0.034383
  0
VERTEX
  8
0
 10
7835.365484
 20
40580.500000
 42
0.024227
  0
VERTEX
  8
0
 10
7833.565759
 20
40556.715306
 42
0.015853
  0
VERTEX
  8
0
 10
7833.692964
 20
40529.210203
 42
0.015767
  0
VERTEX
  8
0
 10
7835.577232
 20
40501.485672
 42
0.022295
  0
VERTEX
  8
0
 10
7839.127103
 20
40477.000000
 42
0.076109
  0
VERTEX
  8
0
 10
7873.994049
 20
40378.583962
 42
0.075595
  0
VERTEX
  8
0
 10
7936.768712
 20
40294.851474
 42
0.075779
  0
VERTEX
  8
0
 10
8021.441261
 20
40233.721390
 42
0.077067
  0
VERTEX
  8
0
 10
8120.000000
 20
40201.036803
 42
0.022959
  0
VERTEX
  8
0
 10
8142.892882
 20
40198.265431
 42
0.014211
  0
VERTEX
  8
0
 10
8169.963594
 20
40197.015486
 42
0.004218
  0
VERTEX
  8
0
 10
8218.266782
 20
40196.566991
 42
0.000212
  0
VERTEX
  8
0
 10
8376.000000
 20
40196.500000
 42
0.000224
  0
VERTEX
  8
0
 10
8543.194816
 20
40196.574797
 42
0.005912
  0
VERTEX
  8
0
 10
8587.954368
 20
40197.144074
 42
0.021801
  0
VERTEX
  8
0
 10
8614.085333
 20
40198.927278
 42
0.021706
  0
VERTEX
  8
0
 10
8640.000000
 20
40202.980132
 42
0.030538
  0
VERTEX
  8
0
 10
8679.716488
 20
40213.528512
 42
0.029496
  0
VERTEX
  8
0
 10
8718.329915
 20
40228.934660
 42
0.029481
  0
VERTEX
  8
0
 10
8754.880982
 20
40248.786460
 42
0.030433
  0
VERTEX
  8
0
 10
8788.439252
 20
40272.609585
 42
0.047239
  0
VERTEX
  8
0
 10
8834.244633
 20
40317.256901
 42
0.046219
  0
VERTEX
  8
0
 10
8871.232593
 20
40370.018755
 42
0.046287
  0
VERTEX
  8
0
 10
8897.853938
 20
40428.599103
 42
0.047680
  0
VERTEX
  8
0
 10
8912.919907
 20
40490.500000
 42
0.031571
  0
VERTEX
  8
0
 10
8916.600184
 20
40536.211035
 42
0.033124
  0
VERTEX
  8
0
 10
8914.389565
 20
40581.285057
 42
0.033289
  0
VERTEX
  8
0
 10
8906.269205
 20
40625.462803
 42
0.032582
  0
VERTEX
  8
0
 10
8892.318073
 20
40668.500000
 42
0.017837
  0
VERTEX
  8
0
 10
8882.379172
 20
40691.101947
 42
0.018385
  0
VERTEX
  8
0
 10
8870.946611
 20
40712.706049
 42
0.017996
  0
VERTEX
  8
0
 10
8857.717435
 20
40733.831497
 42
0.015616
  0
VERTEX
  8
0
 10
8842.390097
 20
40755.000000
 42
0.022154
  0
VERTEX
  8
0
 10
8831.891597
 20
40767.408162
 42
0.008544
  0
VERTEX
  8
0
 10
8816.292398
 20
40783.702343
 42
0.008579
  0
VERTEX
  8
0
 10
8800.080235
 20
40799.515523
 42
0.021074
  0
VERTEX
  8
0
 10
8787.500000
 20
40810.408493
 42
0.036594
  0
VERTEX
  8
0
 10
8745.264329
 20
40839.200915
 42
0.036465
  0
VERTEX
  8
0
 10
8699.233579
 20
40861.566530
 42
0.036568
  0
VERTEX
  8
0
 10
8650.571976
 20
40876.955377
 42
0.037279
  0
VERTEX
  8
0
 10
8600.500000
 20
40884.967300
 42
0.020989
  0
VERTEX
  8
0
 10
8579.278054
 20
40885.862715
 42
0.000113
  0
VERTEX
  8
0
 10
8373.836580
 20
40885.856518
 42
0.000110
  0
VERTEX
  8
0
 10
8168.140157
 20
40885.758538
 42
0.021623
  0
SEQEND
  0
POLYLINE
  8
0
 66
1
 70
1
  0
VERTEX
  8
0
 10
8613.500000
 20
40782.764347
 42
-0.046917
  0
VERTEX
  8
0
 10
8662.189435
 20
40768.750124
 42
-0.051137
  0
VERTEX
  8
0
 10
8705.933931
 20
40746.186916
 42
-0.051532
  0
VERTEX
  8
0
 10
8743.906791
 20
40715.394145
 42
-0.049008
  0
VERTEX
  8
0
 10
8775.499766
 20
40677.000000
 42
-0.077423
  0
VERTEX
  8
0
 10
8807.061650
 20
40609.265452
 42
-0.076693
  0
VERTEX
  8
0
 10
8816.663132
 20
40534.914733
 42
-0.076729
  0
VERTEX
  8
0
 10
8803.407995
 20
40461.158351
 42
-0.077609
  0
VERTEX
  8
0
 10
8768.548228
 20
40395.149990
 42
-0.043281
  0
VERTEX
  8
0
 10
8739.989193
 20
40363.063530
 42
-0.043385
  0
VERTEX
  8
0
 10
8706.354183
 20
40336.401009
 42
-0.043579
  0
VERTEX
  8
0
 10
8668.774332
 20
40316.043548
 42
-0.044523
  0
VERTEX
  8
0
 10
8628.500000
 20
40302.680552
 42
-0.028982
  0
VERTEX
  8
0
 10
8606.445727
 20
40298.816764
 42
-0.022757
  0
VERTEX
  8
0
 10
8582.227037
 20
40297.119186
 42
-0.005899
  0
VERTEX
  8
0
 10
8539.002066
 20
40296.571329
 42
-0.000219
  0
VERTEX
  8
0
 10
8376.000000
 20
40296.500000
 42
-0.000231
  0
VERTEX
  8
0
 10
8218.757316
 20
40296.572707
 42
-0.004922
  0
VERTEX
  8
0
 10
8172.141204
 20
40297.074675
 42
-0.017240
  0
VERTEX
  8
0
 10
8146.600425
 20
40298.483070
 42
-0.031577
  0
VERTEX
  8
0
 10
8126.000000
 20
40301.653386
 42
-0.046970
  0
VERTEX
  8
0
 10
8081.889154
 20
40315.768870
 42
-0.047515
  0
VERTEX
  8
0
 10
8041.369290
 20
40337.827892
 42
-0.047392
  0
VERTEX
  8
0
 10
8005.650225
 20
40367.200591
 42
-0.046242
  0
VERTEX
  8
0
 10
7975.773660
 20
40403.000000
 42
-0.030409
  0
VERTEX
  8
0
 10
7961.057248
 20
40427.426327
 42
-0.029839
  0
VERTEX
  8
0
 10
7949.308649
 20
40453.609240
 42
-0.029275
  0
VERTEX
  8
0
 10
7940.573462
 20
40481.492802
 42
-0.026907
  0
VERTEX
  8
0
 10
7934.860236
 20
40511.000000
 42
-0.026890
  0
VERTEX
  8
0
 10
7933.781997
 20
40523.854367
 42
-0.009406
  0
VERTEX
  8
0
 10
7933.575915
 20
40542.408890
 42
-0.009496
  0
VERTEX
  8
0
 10
7934.074556
 20
40561.082661
 42
-0.024530
  0
VERTEX
  8
0
 10
7935.349508
 20
40574.500000
 42
-0.032124
  0
VERTEX
  8
0
 10
7942.215532
 20
40607.029970
 42
-0.033545
  0
VERTEX
  8
0
 10
7953.122020
 20
40637.930495
 42
-0.033528
  0
VERTEX
  8
0
 10
7968.068573
 20
40667.108658
 42
-0.032027
  0
VERTEX
  8
0
 10
7986.988030
 20
40694.500000
 42
-0.022214
  0
VERTEX
  8
0
 10
7995.542150
 20
40704.393599
 42
-0.011041
  0
VERTEX
  8
0
 10
8007.196966
 20
40716.188666
 42
-0.011045
  0
VERTEX
  8
0
 10
8019.467878
 20
40727.556431
 42
-0.020404
  0
VERTEX
  8
0
 10
8030.000000
 20
40736.148868
 42
-0.031069
  0
VERTEX
  8
0
 10
8058.829654
 20
40755.094844
 42
-0.037096
  0
VERTEX
  8
0
 10
8088.170624
 20
40769.092063
 42
-0.035931
  0
VERTEX
  8
0
 10
8120.042352
 20
40778.920937
 42
-0.026329
  0
VERTEX
  8
0
 10
8156.500000
 20
40785.354101
 42
-0.030255
  0
VERTEX
  8
0
 10
8158.936172
 20
40785.504163
 42
-0.000022
  0
VERTEX
  8
0
 10
8223.243750
 20
40785.567476
 42
-0.000257
  0
VERTEX
  8
0
 10
8294.935787
 20
40785.598031
 42
-0.000157
  0
VERTEX
  8
0
 10
8379.500000
 20
40785.563913
 42
0.000000
  0
VERTEX
  8
0
 10
8599.500000
 20
40785.405864
 42
0.000000
  0
SEQEND
  0
POLYLINE
  8
0
 66
1
 70
1
  0
VERTEX
  8
0
 10
15284.000000
 20
40685.912394
 42
0.068234
  0
VERTEX
  8
0
 10
15184.426788
 20
40664.420774
 42
0.068030
  0
VERTEX
  8
0
 10
15094.201976
 20
40616.910342
 42
0.068158
  0
VERTEX
  8
0
 10
15020.177362
 20
40547.025450
 42
0.068934
  0
VERTEX
  8
0
 10
14968.003019
 20
40460.064387
 42
0.016606
  0
VERTEX
  8
0
 10
14958.534151
 20
40435.618244
 42
0.017838
  0
VERTEX
  8
0
 10
14950.953649
 20
40411.169750
 42
0.017368
  0
VERTEX
  8
0
 10
14944.972674
 20
40385.655075
 42
0.014176
  0
VERTEX
  8
0
 10
14940.305903
 20
40358.000000
 42
0.027328
  0
VERTEX
  8
0
 10
14938.829550
 20
40340.503804
 42
0.007535
  0
VERTEX
  8
0
 10
14938.429931
 20
40312.887352
 42
0.007574
  0
VERTEX
  8
0
 10
14938.865450
 20
40285.235907
 42
0.026600
  0
VERTEX
  8
0
 10
14940.360274
 20
40267.500000
 42
0.031730
  0
VERTEX
  8
0
 10
14951.291121
 20
40213.772064
 42
0.035766
  0
VERTEX
  8
0
 10
14968.641097
 20
40164.037031
 42
0.036110
  0
VERTEX
  8
0
 10
14992.728494
 20
40117.694475
 42
0.033567
  0
VERTEX
  8
0
 10
15023.766444
 20
40074.092614
 42
0.017018
  0
VERTEX
  8
0
 10
15034.003651
 20
40062.415270
 42
0.008302
  0
VERTEX
  8
0
 10
15047.804301
 20
40048.194671
 42
0.008303
  0
VERTEX
  8
0
 10
15062.078509
 20
40034.431437
 42
0.016908
  0
VERTEX
  8
0
 10
15073.821329
 20
40024.199379
 42
0.033499
  0
VERTEX
  8
0
 10
15117.491462
 20
39993.287772
 42
0.035954
  0
VERTEX
  8
0
 10
15163.907733
 20
39969.292520
 42
0.035699
  0
VERTEX
  8
0
 10
15213.588448
 20
39952.060100
 42
0.032117
  0
VERTEX
  8
0
 10
15267.000000
 20
39941.327633
 42
0.025290
  0
VERTEX
  8
0
 10
15284.905894
 20
39939.828691
 42
0.008258
  0
VERTEX
  8
0
 10
15311.415748
 20
39939.393044
 42
0.008327
  0
VERTEX
  8
0
 10
15338.034507
 20
39939.838616
 42
0.023745
  0
VERTEX
  8
0
 10
15356.500000
 20
39941.335201
 42
0.041723
  0
VERTEX
  8
0
 10
15421.392418
 20
39955.285274
 42
0.044148
  0
VERTEX
  8
0
 10
15481.793246
 20
39979.647672
 42
0.044304
  0
VERTEX
  8
0
 10
15536.792377
 20
40014.142844
 42
0.042608
  0
VERTEX
  8
0
 10
15585.636713
 20
40058.197983
 42
0.029926
  0
VERTEX
  8
0
 10
15612.863709
 20
40091.059247
 42
0.028326
  0
VERTEX
  8
0
 10
15636.518158
 20
40127.525810
 42
0.028282
  0
VERTEX
  8
0
 10
15655.933335
 20
40166.492407
 42
0.029598
  0
VERTEX
  8
0
 10
15670.496064
 20
40206.822302
 42
0.043327
  0
VERTEX
  8
0
 10
15683.314831
 20
40269.819021
 42
0.042945
  0
VERTEX
  8
0
 10
15685.139669
 20
40334.271689
 42
0.042954
  0
VERTEX
  8
0
 10
15675.927638
 20
40398.075867
 42
0.043384
  0
VERTEX
  8
0
 10
15655.963092
 20
40459.146383
 42
0.064032
  0
VERTEX
  8
0
 10
15607.560616
 20
40541.650066
 42
0.064078
  0
VERTEX
  8
0
 10
15539.869720
 20
40609.201379
 42
0.064160
  0
VERTEX
  8
0
 10
15457.367990
 20
40657.345798
 42
0.064492
  0
VERTEX
  8
0
 10
15365.500000
 20
40682.898738
 42
0.013175
  0
VERTEX
  8
0
 10
15344.849424
 20
40685.307862
 42
0.013207
  0
VERTEX
  8
0
 10
15324.117303
 20
40686.623497
 42
0.013428
  0
VERTEX
  8
0
 10
15303.701469
 20
40686.829838
 42
0.014894
  0
SEQEND
  0
POLYLINE
  8
0
 66
1
 70
1
  0
VERTEX
  8
0
 10
15325.444073
 20
40508.977105
 42
-0.043350
  0
VERTEX
  8
0
 10
15360.656280
 20
40503.344442
 42
-0.045643
  0
VERTEX
  8
0
 10
15393.739306
 20
40491.772330
 42
-0.045957
  0
VERTEX
  8
0
 10
15423.973358
 20
40474.479200
 42
-0.045169
  0
VERTEX
  8
0
 10
15450.730115
 20
40451.865228
 42
-0.016336
  0
VERTEX
  8
0
 10
15462.596362
 20
40439.029418
 42
-0.022305
  0
VERTEX
  8
0
 10
15472.362709
 20
40426.674133
 42
-0.023024
  0
VERTEX
  8
0
 10
15480.750959
 20
40413.822041
 42
-0.019360
  0
VERTEX
  8
0
 10
15488.454637
 20
40399.500000
 42
-0.052178
  0
VERTEX
  8
0
 10
15502.572036
 20
40360.887516
 42
-0.052257
  0
VERTEX
  8
0
 10
15508.380908
 20
40320.208549
 42
-0.052314
  0
VERTEX
  8
0
 10
15505.628003
 20
40279.250816
 42
-0.052523
  0
VERTEX
  8
0
 10
15494.432981
 20
40239.813876
 42
-0.054348
  0
VERTEX
  8
0
 10
15474.259332
 20
40202.004395
 42
-0.054520
  0
VERTEX
  8
0
 10
15446.430983
 20
40169.474140
 42
-0.054588
  0
VERTEX
  8
0
 10
15412.264887
 20
40143.761970
 42
-0.054753
  0
VERTEX
  8
0
 10
15373.377659
 20
40126.083759
 42
-0.069020
  0
VERTEX
  8
0
 10
15320.202502
 20
40116.437392
 42
-0.069163
  0
VERTEX
  8
0
 10
15266.448369
 20
40121.639284
 42
-0.069122
  0
VERTEX
  8
0
 10
15216.122863
 20
40141.309447
 42
-0.068801
  0
VERTEX
  8
0
 10
15172.975270
 20
40173.975270
 42
-0.098561
  0
VERTEX
  8
0
 10
15130.137967
 20
40238.105068
 42
-0.099349
  0
VERTEX
  8
0
 10
15115.282626
 20
40313.566725
 42
-0.099276
  0
VERTEX
  8
0
 10
15130.689922
 20
40388.962364
 42
-0.098263
  0
VERTEX
  8
0
 10
15174.000000
 20
40452.900668
 42
-0.028260
  0
VERTEX
  8
0
 10
15191.041050
 20
40467.938021
 42
-0.029775
  0
VERTEX
  8
0
 10
15209.385312
 20
40480.676889
 42
-0.029666
  0
VERTEX
  8
0
 10
15229.177306
 20
40491.186289
 42
-0.027624
  0
VERTEX
  8
0
 10
15250.544283
 20
40499.561998
 42
-0.015253
  0
VERTEX
  8
0
 10
15264.246817
 20
40503.618916
 42
-0.021163
  0
VERTEX
  8
0
 10
15276.757618
 20
40506.351298
 42
-0.018238
  0
VERTEX
  8
0
 10
15290.784475
 20
40508.274144
 42
-0.007973
  0
VERTEX
  8
0
 10
15309.500000
 20
40509.846492
 42
-0.028938
  0
VERTEX
  8
0
 10
15310.852060
 20
40509.860027
 42
-0.001656
  0
VERTEX
  8
0
 10
15315.008571
 20
40509.647189
 42
-0.002524
  0
VERTEX
  8
0
 10
15319.957104
 20
40509.352294
 42
-0.001851
  0
SEQEND
  0
POLYLINE
  8
0
 66
1
 70
1
  0
VERTEX
  8
0
 10
21287.000000
 20
40686.334245
 42
0.031925
  0
VERTEX
  8
0
 10
21233.770826
 20
40679.157922
 42
0.034896
  0
VERTEX
  8
0
 10
21183.491306
 20
40665.372316
 42
0.035337
  0
VERTEX
  8
0
 10
21136.184268
 20
40644.922969
 42
0.034484
  0
VERTEX
  8
0
 10
21091.821329
 20
40617.870235
 42
0.024232
  0
VERTEX
  8
0
 10
21065.635728
 20
40597.337130
 42
0.021369
  0
VERTEX
  8
0
 10
21040.390297
 20
40573.525492
 42
0.021406
  0
VERTEX
  8
0
 10
21017.317074
 20
40547.695123
 42
0.024579
  0
VERTEX
  8
0
 10
20997.643082
 20
40521.111641
 42
0.064068
  0
VERTEX
  8
0
 10
20954.574807
 20
40434.187107
 42
0.065066
  0
VERTEX
  8
0
 10
20935.203606
 20
40339.648070
 42
0.065146
  0
VERTEX
  8
0
 10
20940.787274
 20
40243.410162
 42
0.064499
  0
VERTEX
  8
0
 10
20970.927600
 20
40151.500000
 42
0.019721
  0
VERTEX
  8
0
 10
20985.278581
 20
40124.276687
 42
0.021550
  0
VERTEX
  8
0
 10
21001.341964
 20
40099.086439
 42
0.021441
  0
VERTEX
  8
0
 10
21019.592440
 20
40075.259469
 42
0.019120
  0
VERTEX
  8
0
 10
21040.498168
 20
40052.120961
 42
0.040776
  0
VERTEX
  8
0
 10
21088.467091
 20
40010.361412
 42
0.043467
  0
VERTEX
  8
0
 10
21141.605143
 20
39977.933991
 42
0.043089
  0
VERTEX
  8
0
 10
21199.980709
 20
39954.961288
 42
0.038767
  0
VERTEX
  8
0
 10
21263.531305
 20
39941.329646
 42
0.025832
  0
VERTEX
  8
0
 10
21281.312927
 20
39939.865596
 42
0.007662
  0
VERTEX
  8
0
 10
21308.605178
 20
39939.451443
 42
0.007638
  0
VERTEX
  8
0
 10
21335.872807
 20
39939.872115
 42
0.026283
  0
VERTEX
  8
0
 10
21353.500000
 20
39941.343114
 42
0.032317
  0
VERTEX
  8
0
 10
21407.687935
 20
39952.351452
 42
0.036426
  0
VERTEX
  8
0
 10
21457.807316
 20
39969.959657
 42
0.036600
  0
VERTEX
  8
0
 10
21504.635730
 20
39994.568195
 42
0.033222
  0
VERTEX
  8
0
 10
21549.000000
 20
40026.470485
 42
0.017914
  0
VERTEX
  8
0
 10
21560.448972
 20
40036.627501
 42
0.008431
  0
VERTEX
  8
0
 10
21574.532307
 20
40050.513954
 42
0.008445
  0
VERTEX
  8
0
 10
21588.239173
 20
40064.973389
 42
0.016617
  0
VERTEX
  8
0
 10
21598.546427
 20
40077.000000
 42
0.035169
  0
VERTEX
  8
0
 10
21630.797158
 20
40123.636051
 42
0.037995
  0
VERTEX
  8
0
 10
21655.265066
 20
40173.175200
 42
0.037957
  0
VERTEX
  8
0
 10
21671.973558
 20
40225.891974
 42
0.034962
  0
VERTEX
  8
0
 10
21681.094888
 20
40282.000000
 42
0.021321
  0
VERTEX
  8
0
 10
21681.845261
 20
40297.419334
 42
0.006478
  0
VERTEX
  8
0
 10
21681.682269
 20
40320.818900
 42
0.006402
  0
VERTEX
  8
0
 10
21680.919207
 20
40344.127054
 42
0.022784
  0
VERTEX
  8
0
 10
21679.560674
 20
40359.000000
 42
0.025763
  0
VERTEX
  8
0
 10
21671.200834
 20
40402.903070
 42
0.029380
  0
VERTEX
  8
0
 10
21658.625697
 20
40443.783792
 42
0.029702
  0
VERTEX
  8
0
 10
21641.487933
 20
40482.518440
 42
0.027494
  0
VERTEX
  8
0
 10
21619.480918
 20
40520.000000
 42
0.049059
  0
VERTEX
  8
0
 10
21572.975508
 20
40577.049532
 42
0.049854
  0
VERTEX
  8
0
 10
21516.478129
 20
40623.603451
 42
0.049650
  0
VERTEX
  8
0
 10
21451.657200
 20
40658.208400
 42
0.047882
  0
VERTEX
  8
0
 10
21380.500000
 20
40679.865977
 42
0.018824
  0
VERTEX
  8
0
 10
21358.202618
 20
40683.512841
 42
0.013853
  0
VERTEX
  8
0
 10
21333.283680
 20
40685.931886
 42
0.013956
  0
VERTEX
  8
0
 10
21308.588025
 20
40686.948933
 42
0.020861
  0
SEQEND
  0
POLYLINE
  8
0
 66
1
 70
1
  0
VERTEX
  8
0
 10
21336.500000
 20
40507.396532
 42
-0.055255
  0
VERTEX
  8
0
 10
21376.279254
 20
40497.486236
 42
-0.052825
  0
VERTEX
  8
0
 10
21413.571327
 20
40479.004663
 42
-0.052613
  0
VERTEX
  8
0
 10
21446.297462
 20
40453.034831
 42
-0.053900
  0
VERTEX
  8
0
 10
21472.585163
 20
40421.000000
 42
-0.024973
  0
VERTEX
  8
0
 10
21483.117265
 20
40403.005697
 42
-0.026581
  0
VERTEX
  8
0
 10
21491.563863
 20
40384.414716
 42
-0.026325
  0
VERTEX
  8
0
 10
21498.057041
 20
40364.864725
 42
-0.023539
  0
VERTEX
  8
0
 10
21502.743887
 20
40344.000000
 42
-0.033230
  0
VERTEX
  8
0
 10
21504.181437
 20
40330.673668
 42
-0.012249
  0
VERTEX
  8
0
 10
21504.494026
 20
40311.759468
 42
-0.012325
  0
VERTEX
  8
0
 10
21503.873773
 20
40292.751860
 42
-0.031011
  0
VERTEX
  8
0
 10
21502.225742
 20
40279.000000
 42
-0.054926
  0
VERTEX
  8
0
 10
21489.395509
 20
40236.164048
 42
-0.056586
  0
VERTEX
  8
0
 10
21467.636853
 20
40197.610250
 42
-0.056531
  0
VERTEX
  8
0
 10
21437.766915
 20
40164.884258
 42
-0.054625
  0
VERTEX
  8
0
 10
21401.000000
 20
40139.246809
 42
-0.027267
  0
VERTEX
  8
0
 10
21386.391985
 20
40132.275785
 42
-0.019384
  0
VERTEX
  8
0
 10
21369.356040
 20
40126.019277
 42
-0.019207
  0
VERTEX
  8
0
 10
21351.649445
 20
40121.027400
 42
-0.024552
  0
VERTEX
  8
0
 10
21335.000000
 20
40117.872192
 42
-0.025345
  0
VERTEX
  8
0
 10
21323.047555
 20
40116.823510
 42
-0.011217
  0
VERTEX
  8
0
 10
21307.200304
 20
40116.595280
 42
-0.011223
  0
VERTEX
  8
0
 10
21291.342710
 20
40117.078736
 42
-0.025061
  0
VERTEX
  8
0
 10
21279.345658
 20
40118.319253
 42
-0.037635
  0
VERTEX
  8
0
 10
21249.536610
 20
40125.247976
 42
-0.039211
  0
VERTEX
  8
0
 10
21221.526386
 20
40136.500507
 42
-0.039242
  0
VERTEX
  8
0
 10
21195.636620
 20
40151.978169
 42
-0.037822
  0
VERTEX
  8
0
 10
21172.139895
 20
40171.484637
 42
-0.041114
  0
VERTEX
  8
0
 10
21149.665312
 20
40197.102388
 42
-0.043868
  0
VERTEX
  8
0
 10
21132.228027
 20
40225.525910
 42
-0.043846
  0
VERTEX
  8
0
 10
21120.010153
 20
40256.568961
 42
-0.040994
  0
VERTEX
  8
0
 10
21113.051334
 20
40289.973766
 42
-0.022570
  0
VERTEX
  8
0
 10
21112.215525
 20
40300.625683
 42
-0.010825
  0
VERTEX
  8
0
 10
21112.057479
 20
40314.341719
 42
-0.010838
  0
VERTEX
  8
0
 10
21112.497293
 20
40328.166551
 42
-0.020760
  0
VERTEX
  8
0
 10
21113.550041
 20
40339.215618
 42
-0.059661
  0
VERTEX
  8
0
 10
21125.510874
 20
40384.970590
 42
-0.060256
  0
VERTEX
  8
0
 10
21147.911086
 20
40426.442197
 42
-0.060323
  0
VERTEX
  8
0
 10
21179.526177
 20
40461.338658
 42
-0.060037
  0
VERTEX
  8
0
 10
21218.603982
 20
40487.745422
 42
-0.037620
  0
VERTEX
  8
0
 10
21246.563687
 20
40499.537884
 42
-0.039711
  0
VERTEX
  8
0
 10
21275.476954
 20
40506.752835
 42
-0.039314
  0
VERTEX
  8
0
 10
21305.433129
 20
40509.352820
 42
-0.035453
  0
SEQEND
  0
POLYLINE
  8
0
 66
1
 70
1
  0
VERTEX
  8
0
 10
15294.500000
 20
39686.937315
 42
0.040060
  0
VERTEX
  8
0
 10
15236.354844
 20
39679.780060
 42
0.039896
  0
VERTEX
  8
0
 10
15180.012082
 20
39663.437852
 42
0.039571
  0
VERTEX
  8
0
 10
15126.555704
 20
39638.196349
 42
0.038058
  0
VERTEX
  8
0
 10
15077.000000
 20
39604.559701
 42
0.018964
  0
VERTEX
  8
0
 10
15063.790729
 20
39593.198293
 42
0.009053
  0
VERTEX
  8
0
 10
15047.650300
 20
39577.660987
 42
0.009047
  0
VERTEX
  8
0
 10
15032.111360
 20
39561.579339
 42
0.019335
  0
VERTEX
  8
0
 10
15020.835661
 20
39548.500000
 42
0.032952
  0
VERTEX
  8
0
 10
14990.862889
 20
39505.334016
 42
0.035079
  0
VERTEX
  8
0
 10
14967.513643
 20
39459.472765
 42
0.034928
  0
VERTEX
  8
0
 10
14950.725095
 20
39410.612906
 42
0.032108
  0
VERTEX
  8
0
 10
14940.326843
 20
39358.500000
 42
0.025338
  0
VERTEX
  8
0
 10
14938.990374
 20
39342.255718
 42
0.006324
  0
VERTEX
  8
0
 10
14938.490147
 20
39315.617474
 42
0.006278
  0
VERTEX
  8
0
 10
14938.661191
 20
39289.003461
 42
0.026121
  0
VERTEX
  8
0
 10
14939.802773
 20
39273.000000
 42
0.037498
  0
VERTEX
  8
0
 10
14952.311152
 20
39210.784031
 42
0.041583
  0
VERTEX
  8
0
 10
14973.703099
 20
39153.339031
 42
0.042177
  0
VERTEX
  8
0
 10
15003.981087
 20
39100.932731
 42
0.040775
  0
VERTEX
  8
0
 10
15042.932544
 20
39053.710167
 42
0.022515
  0
VERTEX
  8
0
 10
15069.811663
 20
39028.439758
 42
0.024493
  0
VERTEX
  8
0
 10
15098.136003
 20
39006.431645
 42
0.024807
  0
VERTEX
  8
0
 10
15128.128915
 20
38987.544761
 42
0.024419
  0
VERTEX
  8
0
 10
15160.000000
 20
38971.613194
 42
0.037874
  0
VERTEX
  8
0
 10
15214.981891
 20
38952.225417
 42
0.038925
  0
VERTEX
  8
0
 10
15271.758612
 20
38941.571691
 42
0.038961
  0
VERTEX
  8
0
 10
15329.451704
 20
38939.852357
 42
0.038089
  0
VERTEX
  8
0
 10
15387.161373
 20
38947.058763
 42
0.060518
  0
VERTEX
  8
0
 10
15470.948122
 20
38974.941993
 42
0.059136
  0
VERTEX
  8
0
 10
15546.336275
 20
39022.236323
 42
0.059084
  0
VERTEX
  8
0
 10
15608.616886
 20
39085.908830
 42
0.060202
  0
VERTEX
  8
0
 10
15653.821509
 20
39162.000000
 42
0.020289
  0
VERTEX
  8
0
 10
15664.363566
 20
39188.764025
 42
0.018677
  0
VERTEX
  8
0
 10
15673.026427
 20
39217.038345
 42
0.018417
  0
VERTEX
  8
0
 10
15679.664750
 20
39246.294513
 42
0.018342
  0
VERTEX
  8
0
 10
15684.142603
 20
39276.000000
 42
0.022363
  0
VERTEX
  8
0
 10
15685.228341
 20
39291.891163
 42
0.007494
  0
VERTEX
  8
0
 10
15685.426433
 20
39315.166214
 42
0.007561
  0
VERTEX
  8
0
 10
15684.921241
 20
39338.552211
 42
0.020789
  0
VERTEX
  8
0
 10
15683.630872
 20
39355.000000
 42
0.050581
  0
VERTEX
  8
0
 10
15666.277321
 20
39432.262016
 42
0.052441
  0
VERTEX
  8
0
 10
15633.892644
 20
39503.475249
 42
0.052684
  0
VERTEX
  8
0
 10
15587.564212
 20
39566.108858
 42
0.051966
  0
VERTEX
  8
0
 10
15528.972961
 20
39618.000000
 42
0.036761
  0
VERTEX
  8
0
 10
15484.533233
 20
39645.093702
 42
0.033599
  0
VERTEX
  8
0
 10
15435.272647
 20
39666.319089
 42
0.034054
  0
VERTEX
  8
0
 10
15384.360838
 20
39680.496270
 42
0.040829
  0
VERTEX
  8
0
 10
15335.000000
 20
39686.542864
 42
-0.000301
  0
VERTEX
  8
0
 10
15329.774255
 20
39686.756614
 42
-0.000278
  0
VERTEX
  8
0
 10
15324.409375
 20
39686.982282
 42
-0.000277
  0
VERTEX
  8
0
 10
15319.631713
 20
39687.188570
 42
-0.000929
  0
VERTEX
  8
0
 10
15316.500000
 20
39687.331361
 42
0.013330
  0
VERTEX
  8
0
 10
15313.191439
 20
39687.400068
 42
0.003004
  0
VERTEX
  8
0
 10
15307.562500
 20
39687.333068
 42
0.003111
  0
VERTEX
  8
0
 10
15301.065627
 20
39687.176256
 42
0.003011
  0
SEQEND
  0
POLYLINE
  8
0
 66
1
 70
1
  0
VERTEX
  8
0
 10
15333.500000
 20
39508.956157
 42
-0.046781
  0
VERTEX
  8
0
 10
15370.509862
 20
39501.177576
 42
-0.048069
  0
VERTEX
  8
0
 10
15405.074390
 20
39486.697477
 42
-0.048196
  0
VERTEX
  8
0
 10
15436.157602
 20
39465.926110
 42
-0.047528
  0
VERTEX
  8
0
 10
15462.849267
 20
39439.500000
 42
-0.087290
  0
VERTEX
  8
0
 10
15496.706323
 20
39380.541909
 42
-0.087003
  0
VERTEX
  8
0
 10
15508.460953
 20
39313.500000
 42
-0.087003
  0
VERTEX
  8
0
 10
15496.706323
 20
39246.458091
 42
-0.087290
  0
VERTEX
  8
0
 10
15462.849267
 20
39187.500000
 42
-0.095397
  0
VERTEX
  8
0
 10
15405.278924
 20
39140.451346
 42
-0.095622
  0
VERTEX
  8
0
 10
15334.401760
 20
39118.193634
 42
-0.095444
  0
VERTEX
  8
0
 10
15260.221599
 20
39123.894177
 42
-0.094640
  0
VERTEX
  8
0
 10
15193.221066
 20
39156.733564
 42
-0.064432
  0
VERTEX
  8
0
 10
15158.564211
 20
39190.550235
 42
-0.061021
  0
VERTEX
  8
0
 10
15132.907863
 20
39232.671283
 42
-0.061197
  0
VERTEX
  8
0
 10
15118.232971
 20
39279.618748
 42
-0.065552
  0
VERTEX
  8
0
 10
15115.840597
 20
39327.617459
 42
-0.056797
  0
VERTEX
  8
0
 10
15124.929002
 20
39373.732590
 42
-0.059605
  0
VERTEX
  8
0
 10
15144.085886
 20
39415.821780
 42
-0.059739
  0
VERTEX
  8
0
 10
15172.584358
 20
39452.125143
 42
-0.057508
  0
VERTEX
  8
0
 10
15209.197294
 20
39481.193825
 42
-0.030364
  0
VERTEX
  8
0
 10
15227.211222
 20
39490.928514
 42
-0.024843
  0
VERTEX
  8
0
 10
15247.506021
 20
39499.153744
 42
-0.024886
  0
VERTEX
  8
0
 10
15268.472134
 20
39505.310377
 42
-0.030848
  0
VERTEX
  8
0
 10
15288.500000
 20
39508.834553
 42
-0.018856
  0
VERTEX
  8
0
 10
15298.341988
 20
39509.572073
 42
-0.008597
  0
VERTEX
  8
0
 10
15311.238179
 20
39509.828678
 42
-0.008557
  0
VERTEX
  8
0
 10
15324.039155
 20
39509.644186
 42
-0.020538
  0
SEQEND
  0
POLYLINE
  8
0
 66
1
 70
1
  0
VERTEX
  8
0
 10
21290.500000
 20
39686.928019
 42
0.058475
  0
VERTEX
  8
0
 10
21206.861134
 20
39673.447893
 42
0.056944
  0
VERTEX
  8
0
 10
21127.812614
 20
39640.919669
 42
0.056804
  0
VERTEX
  8
0
 10
21057.967287
 20
39591.306212
 42
0.057628
  0
VERTEX
  8
0
 10
21001.457987
 20
39527.465469
 42
0.017270
  0
VERTEX
  8
0
 10
20989.678532
 20
39509.284223
 42
0.013203
  0
VERTEX
  8
0
 10
20978.027456
 20
39488.646598
 42
0.013242
  0
VERTEX
  8
0
 10
20967.529647
 20
39467.514526
 42
0.017864
  0
VERTEX
  8
0
 10
20959.239658
 20
39447.844001
 42
0.033187
  0
VERTEX
  8
0
 10
20944.026141
 20
39398.095839
 42
0.034729
  0
VERTEX
  8
0
 10
20935.812531
 20
39347.521025
 42
0.034801
  0
VERTEX
  8
0
 10
20934.687823
 20
39296.394233
 42
0.033618
  0
VERTEX
  8
0
 10
20940.613370
 20
39245.000000
 42
0.047189
  0
VERTEX
  8
0
 10
20959.506123
 20
39178.373227
 42
0.046462
  0
VERTEX
  8
0
 10
20990.628405
 20
39116.101606
 42
0.046390
  0
VERTEX
  8
0
 10
21032.767402
 20
39060.560452
 42
0.046735
  0
VERTEX
  8
0
 10
21084.327945
 20
39013.892006
 42
0.051679
  0
VERTEX
  8
0
 10
21150.244066
 20
38974.472332
 42
0.051466
  0
VERTEX
  8
0
 10
21222.933311
 20
38949.342028
 42
0.051427
  0
VERTEX
  8
0
 10
21299.276540
 20
38939.574248
 42
0.051439
  0
VERTEX
  8
0
 10
21376.000000
 20
38945.593718
 42
0.055299
  0
VERTEX
  8
0
 10
21454.573986
 20
38969.175495
 42
0.055251
  0
VERTEX
  8
0
 10
21526.093440
 20
39009.410231
 42
0.055101
  0
VERTEX
  8
0
 10
21587.232798
 20
39064.447660
 42
0.054426
  0
VERTEX
  8
0
 10
21635.164478
 20
39131.724181
 42
0.024836
  0
VERTEX
  8
0
 10
21650.739171
 20
39163.109766
 42
0.023494
  0
VERTEX
  8
0
 10
21663.446407
 20
39196.464894
 42
0.023216
  0
VERTEX
  8
0
 10
21673.101569
 20
39231.271647
 42
0.022866
  0
VERTEX
  8
0
 10
21679.545556
 20
39267.000000
 42
0.021000
  0
VERTEX
  8
0
 10
21680.961570
 20
39282.564875
 42
0.007319
  0
VERTEX
  8
0
 10
21681.728864
 20
39305.060997
 42
0.007407
  0
VERTEX
  8
0
 10
21681.834281
 20
39327.766328
 42
0.018662
  0
VERTEX
  8
0
 10
21681.049405
 20
39344.280517
 42
0.080986
  0
VERTEX
  8
0
 10
21651.471866
 20
39461.864403
 42
0.081453
  0
VERTEX
  8
0
 10
21586.110247
 20
39563.703558
 42
0.081467
  0
VERTEX
  8
0
 10
21491.656446
 20
39639.318721
 42
0.081054
  0
VERTEX
  8
0
 10
21377.833572
 20
39680.963918
 42
0.009105
  0
VERTEX
  8
0
 10
21366.018847
 20
39683.001538
 42
0.008449
  0
VERTEX
  8
0
 10
21353.839720
 20
39684.664179
 42
0.008644
  0
VERTEX
  8
0
 10
21341.946743
 20
39685.875372
 42
0.011186
  0
VERTEX
  8
0
 10
21331.000000
 20
39686.553094
 42
-0.000336
  0
VERTEX
  8
0
 10
21325.774255
 20
39686.762928
 42
-0.000310
  0
VERTEX
  8
0
 10
21320.409375
 20
39686.985288
 42
-0.000309
  0
VERTEX
  8
0
 10
21315.631718
 20
39687.189236
 42
-0.001035
  0
VERTEX
  8
0
 10
21312.500000
 20
39687.331361
 42
0.013416
  0
VERTEX
  8
0
 10
21309.191439
 20
39687.399497
 42
0.003023
  0
VERTEX
  8
0
 10
21303.562500
 20
39687.330337
 42
0.003131
  0
VERTEX
  8
0
 10
21297.065627
 20
39687.170519
 42
0.003031
  0
SEQEND
  0
POLYLINE
  8
0
 66
1
 70
1
  0
VERTEX
  8
0
 10
21329.500000
 20
39508.977918
 42
-0.061137
  0
VERTEX
  8
0
 10
21376.952193
 20
39497.696905
 42
-0.061945
  0
VERTEX
  8
0
 10
21420.040509
 20
39475.305461
 42
-0.062113
  0
VERTEX
  8
0
 10
21456.233479
 20
39443.107305
 42
-0.062074
  0
VERTEX
  8
0
 10
21483.419201
 20
39403.000000
 42
-0.078961
  0
VERTEX
  8
0
 10
21502.601091
 20
39343.953244
 42
-0.079634
  0
VERTEX
  8
0
 10
21502.451114
 20
39282.048309
 42
-0.079529
  0
VERTEX
  8
0
 10
21482.951704
 20
39223.222464
 42
-0.078449
  0
VERTEX
  8
0
 10
21446.000000
 20
39173.110783
 42
-0.057341
  0
VERTEX
  8
0
 10
21411.224592
 20
39145.882006
 42
-0.056588
  0
VERTEX
  8
0
 10
21371.023122
 20
39127.119173
 42
-0.056522
  0
VERTEX
  8
0
 10
21327.593857
 20
39117.831112
 42
-0.056951
  0
VERTEX
  8
0
 10
21283.301216
 20
39118.540346
 42
-0.056526
  0
VERTEX
  8
0
 10
21239.653558
 20
39129.347655
 42
-0.057452
  0
VERTEX
  8
0
 10
21199.791174
 20
39149.617957
 42
-0.057384
  0
VERTEX
  8
0
 10
21165.547170
 20
39178.452510
 42
-0.056149
  0
VERTEX
  8
0
 10
21138.466790
 20
39214.512894
 42
-0.058596
  0
VERTEX
  8
0
 10
21120.654480
 20
39254.953866
 42
-0.056544
  0
VERTEX
  8
0
 10
21112.433743
 20
39298.916119
 42
-0.056293
  0
VERTEX
  8
0
 10
21114.255344
 20
39343.786572
 42
-0.057067
  0
VERTEX
  8
0
 10
21126.051597
 20
39386.903554
 42
-0.066688
  0
VERTEX
  8
0
 10
21151.353750
 20
39431.690977
 42
-0.065501
  0
VERTEX
  8
0
 10
21187.686041
 20
39468.547587
 42
-0.065471
  0
VERTEX
  8
0
 10
21232.331883
 20
39494.765796
 42
-0.066516
  0
VERTEX
  8
0
 10
21282.000000
 20
39508.372814
 42
-0.019814
  0
VERTEX
  8
0
 10
21292.640051
 20
39509.386009
 42
-0.010645
  0
VERTEX
  8
0
 10
21305.819834
 20
39509.834652
 42
-0.010645
  0
VERTEX
  8
0
 10
21318.969225
 20
39509.722207
 42
-0.020363
  0
SEQEND
  0
POLYLINE
  8
0
 66
1
 70
1
  0
VERTEX
  8
0
 10
15286.500000
 20
38687.377556
 42
0.029597
  0
VERTEX
  8
0
 10
15237.923909
 20
38680.604610
 42
0.032081
  0
VERTEX
  8
0
 10
15191.809523
 20
38668.245651
 42
0.032385
  0
VERTEX
  8
0
 10
15148.048847
 20
38650.219736
 42
0.031381
  0
VERTEX
  8
0
 10
15106.500000
 20
38626.527986
 42
0.050182
  0
VERTEX
  8
0
 10
15048.176939
 20
38579.243522
 42
0.050346
  0
VERTEX
  8
0
 10
15000.514298
 20
38521.336082
 42
0.050335
  0
VERTEX
  8
0
 10
14965.378074
 20
38455.058490
 42
0.050115
  0
VERTEX
  8
0
 10
14944.130955
 20
38383.000000
 42
0.009326
  0
VERTEX
  8
0
 10
14941.197184
 20
38365.694857
 42
0.016982
  0
VERTEX
  8
0
 10
14939.547659
 20
38351.454775
 42
0.014859
  0
VERTEX
  8
0
 10
14938.744932
 20
38335.926115
 42
0.005483
  0
VERTEX
  8
0
 10
14938.504485
 20
38314.000000
 42
0.005506
  0
VERTEX
  8
0
 10
14938.746179
 20
38292.052251
 42
0.014872
  0
VERTEX
  8
0
 10
14939.552507
 20
38276.489499
 42
0.017035
  0
VERTEX
  8
0
 10
14941.206470
 20
38262.242437
 42
0.009466
  0
VERTEX
  8
0
 10
14944.140932
 20
38245.000000
 42
0.068335
  0
VERTEX
  8
0
 10
14976.750484
 20
38147.888217
 42
0.068633
  0
VERTEX
  8
0
 10
15034.294296
 20
38063.318890
 42
0.068694
  0
VERTEX
  8
0
 10
15112.528874
 20
37997.543077
 42
0.068662
  0
VERTEX
  8
0
 10
15205.669374
 20
37955.409597
 42
0.033761
  0
VERTEX
  8
0
 10
15254.085512
 20
37944.571915
 42
0.032745
  0
VERTEX
  8
0
 10
15304.018872
 20
37940.203997
 42
0.032817
  0
VERTEX
  8
0
 10
15353.985284
 20
37942.395065
 42
0.034273
  0
VERTEX
  8
0
 10
15402.500000
 20
37951.120597
 42
0.027018
  0
VERTEX
  8
0
 10
15440.908128
 20
37963.022318
 42
0.026635
  0
VERTEX
  8
0
 10
15477.997720
 20
37979.044392
 42
0.026515
  0
VERTEX
  8
0
 10
15513.333541
 20
37998.997852
 42
0.026213
  0
VERTEX
  8
0
 10
15546.500000
 20
38022.649479
 42
0.020778
  0
VERTEX
  8
0
 10
15559.462311
 20
38033.868746
 42
0.008426
  0
VERTEX
  8
0
 10
15576.205200
 20
38050.163772
 42
0.008460
  0
VERTEX
  8
0
 10
15592.474207
 20
38067.104248
 42
0.019516
  0
VERTEX
  8
0
 10
15603.970419
 20
38080.500000
 42
0.027645
  0
VERTEX
  8
0
 10
15628.789713
 20
38115.640694
 42
0.028570
  0
VERTEX
  8
0
 10
15649.284319
 20
38152.931294
 42
0.028611
  0
VERTEX
  8
0
 10
15665.368886
 20
38192.262572
 42
0.027904
  0
VERTEX
  8
0
 10
15677.012782
 20
38233.500000
 42
0.045278
  0
VERTEX
  8
0
 10
15685.581007
 20
38299.598711
 42
0.045053
  0
VERTEX
  8
0
 10
15682.135433
 20
38366.272898
 42
0.044815
  0
VERTEX
  8
0
 10
15666.757961
 20
38431.581231
 42
0.043817
  0
VERTEX
  8
0
 10
15639.910305
 20
38493.624501
 42
0.032825
  0
VERTEX
  8
0
 10
15616.257091
 20
38531.218123
 42
0.029188
  0
VERTEX
  8
0
 10
15587.009358
 20
38566.975745
 42
0.029097
  0
VERTEX
  8
0
 10
15553.690016
 20
38599.198716
 42
0.032051
  0
VERTEX
  8
0
 10
15517.867198
 20
38626.229232
 42
0.029119
  0
VERTEX
  8
0
 10
15480.508046
 20
38647.824131
 42
0.028686
  0
VERTEX
  8
0
 10
15440.708773
 20
38665.052868
 42
0.028554
  0
VERTEX
  8
0
 10
15399.015702
 20
38677.680445
 42
0.028237
  0
VERTEX
  8
0
 10
15356.000000
 20
38685.531878
 42
0.020493
  0
VERTEX
  8
0
 10
15343.589328
 20
38686.565579
 42
0.003892
  0
VERTEX
  8
0
 10
15320.915077
 20
38687.344404
 42
0.003755
  0
VERTEX
  8
0
 10
15298.246600
 20
38687.776084
 42
0.022727
  0
SEQEND
  0
POLYLINE
  8
0
 66
1
 70
1
  0
VERTEX
  8
0
 10
15329.356398
 20
38509.968835
 42
-0.054168
  0
VERTEX
  8
0
 10
15372.687025
 20
38501.059954
 42
-0.056372
  0
VERTEX
  8
0
 10
15412.475612
 20
38483.117818
 42
-0.056417
  0
VERTEX
  8
0
 10
15447.225022
 20
38456.757512
 42
-0.054411
  0
VERTEX
  8
0
 10
15475.681406
 20
38423.000000
 42
-0.066852
  0
VERTEX
  8
0
 10
15498.111196
 20
38377.519827
 42
-0.064948
  0
VERTEX
  8
0
 10
15508.031499
 20
38327.281402
 42
-0.064708
  0
VERTEX
  8
0
 10
15504.745947
 20
38276.009028
 42
-0.065482
  0
VERTEX
  8
0
 10
15488.454637
 20
38227.500000
 42
-0.019360
  0
VERTEX
  8
0
 10
15480.750959
 20
38213.177959
 42
-0.023024
  0
VERTEX
  8
0
 10
15472.362709
 20
38200.325867
 42
-0.022305
  0
VERTEX
  8
0
 10
15462.596362
 20
38187.970582
 42
-0.016336
  0
VERTEX
  8
0
 10
15450.730115
 20
38175.134772
 42
-0.070260
  0
VERTEX
  8
0
 10
15407.976547
 20
38142.520616
 42
-0.069511
  0
VERTEX
  8
0
 10
15357.710390
 20
38122.874856
 42
-0.069272
  0
VERTEX
  8
0
 10
15303.826492
 20
38117.715509
 42
-0.068979
  0
VERTEX
  8
0
 10
15250.500000
 20
38127.452678
 42
-0.098589
  0
VERTEX
  8
0
 10
15183.462384
 20
38165.382284
 42
-0.098932
  0
VERTEX
  8
0
 10
15136.164090
 20
38226.056875
 42
-0.098920
  0
VERTEX
  8
0
 10
15115.811137
 20
38300.255308
 42
-0.098540
  0
VERTEX
  8
0
 10
15125.486960
 20
38376.686663
 42
-0.059290
  0
VERTEX
  8
0
 10
15144.832117
 20
38417.691789
 42
-0.057498
  0
VERTEX
  8
0
 10
15173.427989
 20
38453.481805
 42
-0.057497
  0
VERTEX
  8
0
 10
15209.423178
 20
38481.819917
 42
-0.059286
  0
VERTEX
  8
0
 10
15250.567612
 20
38500.870830
 42
-0.024428
  0
VERTEX
  8
0
 10
15270.200480
 20
38506.227381
 42
-0.025641
  0
VERTEX
  8
0
 10
15289.948227
 20
38509.540725
 42
-0.025950
  0
VERTEX
  8
0
 10
15309.702858
 20
38510.788435
 42
-0.026440
  0
SEQEND
  0
POLYLINE
  8
0
 66
1
 70
1
  0
VERTEX
  8
0
 10
16280.500000
 20
38686.952302
 42
0.035262
  0
VERTEX
  8
0
 10
16225.259438
 20
38677.948550
 42
0.036908
  0
VERTEX
  8
0
 10
16172.696163
 20
38661.351371
 42
0.037002
  0
VERTEX
  8
0
 10
16123.265663
 20
38637.253807
 42
0.035824
  0
VERTEX
  8
0
 10
16077.359201
 20
38605.902239
 42
0.019285
  0
VERTEX
  8
0
 10
16063.695207
 20
38594.172645
 42
0.009237
  0
VERTEX
  8
0
 10
16047.033235
 20
38578.131869
 42
0.009230
  0
VERTEX
  8
0
 10
16031.009034
 20
38561.522166
 42
0.019721
  0
VERTEX
  8
0
 10
16019.396664
 20
38548.000000
 42
0.049604
  0
VERTEX
  8
0
 10
15977.675720
 20
38483.051965
 42
0.051521
  0
VERTEX
  8
0
 10
15950.191709
 20
38411.963672
 42
0.051693
  0
VERTEX
  8
0
 10
15937.885049
 20
38336.979123
 42
0.050581
  0
VERTEX
  8
0
 10
15941.075812
 20
38260.500000
 42
0.059616
  0
VERTEX
  8
0
 10
15963.905611
 20
38175.319450
 42
0.059164
  0
VERTEX
  8
0
 10
16006.226799
 20
38097.693039
 42
0.059143
  0
VERTEX
  8
0
 10
16065.566661
 20
38032.112326
 42
0.059492
  0
VERTEX
  8
0
 10
16138.500000
 20
37982.395122
 42
0.022579
  0
VERTEX
  8
0
 10
16170.182142
 20
37967.698585
 42
0.024008
  0
VERTEX
  8
0
 10
16202.426404
 20
37956.249908
 42
0.023431
  0
VERTEX
  8
0
 10
16236.331762
 20
37947.725370
 42
0.019546
  0
VERTEX
  8
0
 10
16273.000000
 20
37941.793754
 42
0.024947
  0
VERTEX
  8
0
 10
16288.518863
 20
37940.683752
 42
0.006997
  0
VERTEX
  8
0
 10
16312.831239
 20
37940.500758
 42
0.007165
  0
VERTEX
  8
0
 10
16337.335372
 20
37941.010461
 42
0.021578
  0
VERTEX
  8
0
 10
16354.000000
 20
37942.317595
 42
0.052617
  0
VERTEX
  8
0
 10
16433.408368
 20
37960.622997
 42
0.054210
  0
VERTEX
  8
0
 10
16506.400502
 20
37994.987815
 42
0.054395
  0
VERTEX
  8
0
 10
16570.087321
 20
38044.111558
 42
0.053665
  0
VERTEX
  8
0
 10
16622.007095
 20
38106.019766
 42
0.028852
  0
VERTEX
  8
0
 10
16644.092366
 20
38143.458936
 42
0.029741
  0
VERTEX
  8
0
 10
16661.472898
 20
38182.821384
 42
0.029292
  0
VERTEX
  8
0
 10
16674.274531
 20
38224.534225
 42
0.026268
  0
VERTEX
  8
0
 10
16682.673393
 20
38269.000000
 42
0.025355
  0
VERTEX
  8
0
 10
16684.187368
 20
38287.097699
 42
0.008191
  0
VERTEX
  8
0
 10
16684.628086
 20
38314.000000
 42
0.008191
  0
VERTEX
  8
0
 10
16684.187368
 20
38340.902301
 42
0.025355
  0
VERTEX
  8
0
 10
16682.673393
 20
38359.000000
 42
0.030528
  0
VERTEX
  8
0
 10
16672.617406
 20
38409.860959
 42
0.033705
  0
VERTEX
  8
0
 10
16656.667820
 20
38457.413372
 42
0.034192
  0
VERTEX
  8
0
 10
16634.719464
 20
38501.784612
 42
0.033327
  0
VERTEX
  8
0
 10
16606.760905
 20
38543.151325
 42
0.048183
  0
VERTEX
  8
0
 10
16556.402752
 20
38596.425334
 42
0.049410
  0
VERTEX
  8
0
 10
16497.177561
 20
38638.572496
 42
0.049281
  0
VERTEX
  8
0
 10
16430.684514
 20
38668.368312
 42
0.047443
  0
VERTEX
  8
0
 10
16358.794283
 20
38685.047794
 42
0.020119
  0
VERTEX
  8
0
 10
16342.603506
 20
38686.556787
 42
0.007095
  0
VERTEX
  8
0
 10
16319.303788
 20
38687.454510
 42
0.007018
  0
VERTEX
  8
0
 10
16296.110668
 20
38687.693025
 42
0.021834
  0
SEQEND
  0
POLYLINE
  8
0
 66
1
 70
1
  0
VERTEX
  8
0
 10
16329.000000
 20
38509.936016
 42
-0.052541
  0
VERTEX
  8
0
 10
16369.472025
 20
38501.872842
 42
-0.052311
  0
VERTEX
  8
0
 10
16407.437849
 20
38485.544473
 42
-0.052391
  0
VERTEX
  8
0
 10
16441.136991
 20
38461.720578
 42
-0.053027
  0
VERTEX
  8
0
 10
16468.996827
 20
38431.500000
 42
-0.054767
  0
VERTEX
  8
0
 10
16491.052774
 20
38393.804412
 42
-0.055881
  0
VERTEX
  8
0
 10
16504.216649
 20
38352.471363
 42
-0.055931
  0
VERTEX
  8
0
 10
16507.893595
 20
38309.283595
 42
-0.055049
  0
VERTEX
  8
0
 10
16501.950939
 20
38266.113873
 42
-0.087183
  0
VERTEX
  8
0
 10
16474.101069
 20
38203.869061
 42
-0.087289
  0
VERTEX
  8
0
 10
16426.710609
 20
38154.876000
 42
-0.087428
  0
VERTEX
  8
0
 10
16365.516179
 20
38125.052906
 42
-0.087826
  0
VERTEX
  8
0
 10
16297.913486
 20
38118.006182
 42
-0.070511
  0
VERTEX
  8
0
 10
16243.139807
 20
38129.802776
 42
-0.071487
  0
VERTEX
  8
0
 10
16194.081836
 20
38156.326780
 42
-0.071599
  0
VERTEX
  8
0
 10
16154.540321
 20
38195.548145
 42
-0.071092
  0
VERTEX
  8
0
 10
16127.551386
 20
38244.419645
 42
-0.018070
  0
VERTEX
  8
0
 10
16122.068867
 20
38260.611464
 42
-0.025709
  0
VERTEX
  8
0
 10
16118.474190
 20
38275.368422
 42
-0.024882
  0
VERTEX
  8
0
 10
16116.337431
 20
38290.778668
 42
-0.015481
  0
VERTEX
  8
0
 10
16115.296467
 20
38309.000000
 42
-0.012271
  0
VERTEX
  8
0
 10
16115.272241
 20
38324.479959
 42
-0.020411
  0
VERTEX
  8
0
 10
16116.103696
 20
38337.495865
 42
-0.021440
  0
VERTEX
  8
0
 10
16117.952285
 20
38349.939104
 42
-0.015498
  0
VERTEX
  8
0
 10
16121.031349
 20
38363.621584
 42
-0.059373
  0
VERTEX
  8
0
 10
16137.439441
 20
38405.806559
 42
-0.057530
  0
VERTEX
  8
0
 10
16163.439636
 20
38443.447255
 42
-0.057462
  0
VERTEX
  8
0
 10
16197.364901
 20
38474.211759
 42
-0.058958
  0
VERTEX
  8
0
 10
16237.121499
 20
38496.137736
 42
-0.017688
  0
VERTEX
  8
0
 10
16248.661287
 20
38500.361145
 42
-0.013693
  0
VERTEX
  8
0
 10
16261.496474
 20
38504.164639
 42
-0.013925
  0
VERTEX
  8
0
 10
16274.126689
 20
38507.160014
 42
-0.022691
  0
VERTEX
  8
0
 10
16285.000000
 20
38508.910659
 42
0.000051
  0
VERTEX
  8
0
 10
16288.857080
 20
38509.353695
 42
0.000056
  0
VERTEX
  8
0
 10
16292.590625
 20
38509.783355
 42
0.000052
  0
VERTEX
  8
0
 10
16295.780003
 20
38510.151096
 42
0.000288
  0
VERTEX
  8
0
 10
16297.500000
 20
38510.350603
 42
-0.023172
  0
VERTEX
  8
0
 10
16303.443241
 20
38510.765621
 42
-0.009136
  0
VERTEX
  8
0
 10
16311.645979
 20
38510.807536
 42
-0.008976
  0
VERTEX
  8
0
 10
16320.579504
 20
38510.529509
 42
-0.010652
  0
SEQEND
  0
POLYLINE
  8
0
 66
1
 70
1
  0
VERTEX
  8
0
 10
17285.000000
 20
38687.380219
 42
0.019837
  0
VERTEX
  8
0
 10
17246.599085
 20
38682.382187
 42
0.024495
  0
VERTEX
  8
0
 10
17211.366149
 20
38674.574603
 42
0.025122
  0
VERTEX
  8
0
 10
17177.822579
 20
38663.559476
 42
0.022951
  0
VERTEX
  8
0
 10
17144.500000
 20
38648.940883
 42
0.039874
  0
VERTEX
  8
0
 10
17092.735774
 20
38617.980953
 42
0.040967
  0
VERTEX
  8
0
 10
17047.043123
 20
38579.446667
 42
0.040863
  0
VERTEX
  8
0
 10
17008.144354
 20
38533.879478
 42
0.039258
  0
VERTEX
  8
0
 10
16976.589175
 20
38482.000000
 42
0.028627
  0
VERTEX
  8
0
 10
16959.091336
 20
38441.822439
 42
0.030617
  0
VERTEX
  8
0
 10
16946.744647
 20
38400.790709
 42
0.030412
  0
VERTEX
  8
0
 10
16939.439841
 20
38358.304327
 42
0.027488
  0
VERTEX
  8
0
 10
16937.010706
 20
38313.778440
 42
0.027344
  0
VERTEX
  8
0
 10
16939.452834
 20
38269.529795
 42
0.030393
  0
VERTEX
  8
0
 10
16946.714288
 20
38227.373784
 42
0.030548
  0
VERTEX
  8
0
 10
16958.989570
 20
38186.599347
 42
0.028191
  0
VERTEX
  8
0
 10
16976.419741
 20
38146.481477
 42
0.018374
  0
VERTEX
  8
0
 10
16991.402062
 20
38119.249664
 42
0.021634
  0
VERTEX
  8
0
 10
17007.604183
 20
38094.680174
 42
0.021671
  0
VERTEX
  8
0
 10
17025.843609
 20
38071.638011
 42
0.018555
  0
VERTEX
  8
0
 10
17046.941564
 20
38048.991774
 42
0.065204
  0
VERTEX
  8
0
 10
17124.087560
 20
37989.924414
 42
0.065469
  0
VERTEX
  8
0
 10
17213.739048
 20
37952.813609
 42
0.065361
  0
VERTEX
  8
0
 10
17310.074548
 20
37940.103069
 42
0.064614
  0
VERTEX
  8
0
 10
17406.820117
 20
37952.594010
 42
0.023338
  0
VERTEX
  8
0
 10
17438.214872
 20
37962.447348
 42
0.021614
  0
VERTEX
  8
0
 10
17469.387212
 20
37975.407114
 42
0.021696
  0
VERTEX
  8
0
 10
17499.198818
 20
37990.950615
 42
0.024030
  0
VERTEX
  8
0
 10
17526.518157
 20
38008.540611
 42
0.018586
  0
VERTEX
  8
0
 10
17546.745768
 20
38024.151045
 42
0.015222
  0
VERTEX
  8
0
 10
17567.192094
 20
38042.261076
 42
0.015363
  0
VERTEX
  8
0
 10
17586.253032
 20
38061.346583
 42
0.020436
  0
VERTEX
  8
0
 10
17602.292509
 20
38079.888359
 42
0.035162
  0
VERTEX
  8
0
 10
17633.181223
 20
38124.844939
 42
0.036491
  0
VERTEX
  8
0
 10
17657.037701
 20
38173.147152
 42
0.036326
  0
VERTEX
  8
0
 10
17673.704704
 20
38224.613208
 42
0.034195
  0
VERTEX
  8
0
 10
17683.163928
 20
38279.000000
 42
0.013315
  0
VERTEX
  8
0
 10
17683.626529
 20
38284.979530
 42
0.004089
  0
VERTEX
  8
0
 10
17684.010334
 20
38294.025000
 42
0.004088
  0
VERTEX
  8
0
 10
17684.274419
 20
38304.159462
 42
0.004469
  0
VERTEX
  8
0
 10
17684.362378
 20
38314.000000
 42
0.004469
  0
VERTEX
  8
0
 10
17684.274419
 20
38323.840538
 42
0.004088
  0
VERTEX
  8
0
 10
17684.010334
 20
38333.975000
 42
0.004089
  0
VERTEX
  8
0
 10
17683.626529
 20
38343.020470
 42
0.013315
  0
VERTEX
  8
0
 10
17683.163928
 20
38349.000000
 42
0.041878
  0
VERTEX
  8
0
 10
17670.620405
 20
38415.096548
 42
0.044512
  0
VERTEX
  8
0
 10
17647.387291
 20
38476.779725
 42
0.044791
  0
VERTEX
  8
0
 10
17613.762470
 20
38533.039442
 42
0.043464
  0
VERTEX
  8
0
 10
17570.351196
 20
38583.027339
 42
0.040214
  0
VERTEX
  8
0
 10
17523.555537
 20
38621.526830
 42
0.041157
  0
VERTEX
  8
0
 10
17471.549024
 20
38651.704680
 42
0.040870
  0
VERTEX
  8
0
 10
17414.951788
 20
38673.125898
 42
0.038535
  0
VERTEX
  8
0
 10
17354.500000
 20
38685.575008
 42
0.021386
  0
VERTEX
  8
0
 10
17342.367923
 20
38686.587919
 42
0.003641
  0
VERTEX
  8
0
 10
17319.185821
 20
38687.359004
 42
0.003389
  0
VERTEX
  8
0
 10
17295.968445
 20
38687.804608
 42
0.025548
  0
SEQEND
  0
POLYLINE
  8
0
 66
1
 70
1
  0
VERTEX
  8
0
 10
17326.500000
 20
38509.945211
 42
-0.040962
  0
VERTEX
  8
0
 10
17359.739961
 20
38504.313058
 42
-0.042769
  0
VERTEX
  8
0
 10
17391.119718
 20
38493.381754
 42
-0.043011
  0
VERTEX
  8
0
 10
17420.023277
 20
38477.340636
 42
-0.042402
  0
VERTEX
  8
0
 10
17445.904893
 20
38456.522763
 42
-0.042837
  0
VERTEX
  8
0
 10
17468.737087
 20
38430.649127
 42
-0.043926
  0
VERTEX
  8
0
 10
17486.611173
 20
38401.470688
 42
-0.043845
  0
VERTEX
  8
0
 10
17499.139496
 20
38369.566668
 42
-0.042361
  0
VERTEX
  8
0
 10
17506.092058
 20
38335.596894
 42
-0.026485
  0
VERTEX
  8
0
 10
17506.829265
 20
38324.139011
 42
-0.009692
  0
VERTEX
  8
0
 10
17506.697880
 20
38307.895225
 42
-0.009555
  0
VERTEX
  8
0
 10
17505.947213
 20
38291.791144
 42
-0.029677
  0
VERTEX
  8
0
 10
17504.592106
 20
38281.008981
 42
-0.050077
  0
VERTEX
  8
0
 10
17492.529551
 20
38239.749530
 42
-0.053765
  0
VERTEX
  8
0
 10
17472.705435
 20
38202.755080
 42
-0.054131
  0
VERTEX
  8
0
 10
17445.589116
 20
38171.047896
 42
-0.052036
  0
VERTEX
  8
0
 10
17411.960978
 20
38145.422586
 42
-0.041108
  0
VERTEX
  8
0
 10
17385.374361
 20
38132.084231
 42
-0.037151
  0
VERTEX
  8
0
 10
17356.056583
 20
38122.739326
 42
-0.037317
  0
VERTEX
  8
0
 10
17325.820742
 20
38117.869302
 42
-0.042490
  0
VERTEX
  8
0
 10
17296.499813
 20
38117.864395
 42
-0.043699
  0
VERTEX
  8
0
 10
17259.486357
 20
38124.298249
 42
-0.046947
  0
VERTEX
  8
0
 10
17225.076160
 20
38136.986773
 42
-0.047440
  0
VERTEX
  8
0
 10
17193.949767
 20
38155.725731
 42
-0.046471
  0
VERTEX
  8
0
 10
17166.678061
 20
38180.111745
 42
-0.039627
  0
VERTEX
  8
0
 10
17146.837900
 20
38205.200106
 42
-0.041282
  0
VERTEX
  8
0
 10
17131.508253
 20
38232.775080
 42
-0.041069
  0
VERTEX
  8
0
 10
17120.854429
 20
38262.629542
 42
-0.038412
  0
VERTEX
  8
0
 10
17114.926669
 20
38294.500000
 42
-0.022801
  0
VERTEX
  8
0
 10
17114.233457
 20
38305.754846
 42
-0.011280
  0
VERTEX
  8
0
 10
17114.328513
 20
38320.073937
 42
-0.011278
  0
VERTEX
  8
0
 10
17115.068526
 20
38334.359953
 42
-0.023032
  0
VERTEX
  8
0
 10
17116.416282
 20
38345.503065
 42
-0.058408
  0
VERTEX
  8
0
 10
17129.572071
 20
38390.724652
 42
-0.060032
  0
VERTEX
  8
0
 10
17152.745990
 20
38431.226209
 42
-0.060107
  0
VERTEX
  8
0
 10
17184.847264
 20
38465.021452
 42
-0.058817
  0
VERTEX
  8
0
 10
17224.287809
 20
38490.498464
 42
-0.032908
  0
VERTEX
  8
0
 10
17248.908508
 20
38500.625805
 42
-0.034122
  0
VERTEX
  8
0
 10
17274.351106
 20
38507.291469
 42
-0.034328
  0
VERTEX
  8
0
 10
17300.317428
 20
38510.406227
 42
-0.034194
  0
SEQEND
  0
POLYLINE
  8
0
 66
1
 70
1
  0
VERTEX
  8
0
 10
18285.000000
 20
38687.398409
 42
0.020549
  0
VERTEX
  8
0
 10
18245.997370
 20
38682.375350
 42
0.024969
  0
VERTEX
  8
0
 10
18210.033598
 20
38674.367008
 42
0.025530
  0
VERTEX
  8
0
 10
18175.730877
 20
38662.996373
 42
0.023380
  0
VERTEX
  8
0
 10
18141.716973
 20
38647.893050
 42
0.049892
  0
VERTEX
  8
0
 10
18079.782500
 20
38608.688256
 42
0.049264
  0
VERTEX
  8
0
 10
18026.551480
 20
38557.842320
 42
0.049183
  0
VERTEX
  8
0
 10
17984.221356
 20
38497.479777
 42
0.049392
  0
VERTEX
  8
0
 10
17954.566172
 20
38430.095633
 42
0.063427
  0
VERTEX
  8
0
 10
17936.795937
 20
38337.294162
 42
0.063549
  0
VERTEX
  8
0
 10
17942.874212
 20
38243.064015
 42
0.063485
  0
VERTEX
  8
0
 10
17972.437476
 20
38153.295746
 42
0.063069
  0
VERTEX
  8
0
 10
18023.624642
 20
38073.596725
 42
0.015814
  0
VERTEX
  8
0
 10
18034.356382
 20
38061.568791
 42
0.008170
  0
VERTEX
  8
0
 10
18048.484238
 20
38047.186454
 42
0.008151
  0
VERTEX
  8
0
 10
18062.921807
 20
38033.417892
 42
0.017608
  0
VERTEX
  8
0
 10
18074.559487
 20
38023.411507
 42
0.056560
  0
VERTEX
  8
0
 10
18148.445147
 20
37976.886981
 42
0.058283
  0
VERTEX
  8
0
 10
18230.144884
 20
37948.672103
 42
0.058427
  0
VERTEX
  8
0
 10
18315.965775
 20
37940.115994
 42
0.057351
  0
VERTEX
  8
0
 10
18402.000000
 20
37951.532654
 42
0.070966
  0
VERTEX
  8
0
 10
18499.029554
 20
37991.212961
 42
0.070656
  0
VERTEX
  8
0
 10
18581.256159
 20
38056.487200
 42
0.070542
  0
VERTEX
  8
0
 10
18642.161723
 20
38142.180019
 42
0.070361
  0
VERTEX
  8
0
 10
18676.910730
 20
38241.500000
 42
0.009378
  0
VERTEX
  8
0
 10
18680.277010
 20
38260.285796
 42
0.017100
  0
VERTEX
  8
0
 10
18682.209462
 20
38275.745103
 42
0.015783
  0
VERTEX
  8
0
 10
18683.169129
 20
38292.103795
 42
0.006758
  0
VERTEX
  8
0
 10
18683.465112
 20
38314.000000
 42
0.006745
  0
VERTEX
  8
0
 10
18683.169964
 20
38335.876602
 42
0.015761
  0
VERTEX
  8
0
 10
18682.212915
 20
38352.217717
 42
0.017050
  0
VERTEX
  8
0
 10
18680.284291
 20
38367.676749
 42
0.009298
  0
VERTEX
  8
0
 10
18676.921056
 20
38386.500000
 42
0.048632
  0
VERTEX
  8
0
 10
18655.842580
 20
38456.472894
 42
0.049002
  0
VERTEX
  8
0
 10
18621.685089
 20
38520.867005
 42
0.049040
  0
VERTEX
  8
0
 10
18575.677667
 20
38577.339432
 42
0.048858
  0
VERTEX
  8
0
 10
18519.500000
 20
38623.848852
 42
0.028566
  0
VERTEX
  8
0
 10
18481.960305
 20
38646.186570
 42
0.029580
  0
VERTEX
  8
0
 10
18442.545160
 20
38663.812250
 42
0.029405
  0
VERTEX
  8
0
 10
18401.101230
 20
38676.749219
 42
0.027517
  0
VERTEX
  8
0
 10
18357.500000
 20
38685.078466
 42
0.020245
  0
VERTEX
  8
0
 10
18343.389731
 20
38686.398109
 42
0.005195
  0
VERTEX
  8
0
 10
18320.495722
 20
38687.368889
 42
0.004921
  0
VERTEX
  8
0
 10
18297.715210
 20
38687.873461
 42
0.024828
  0
SEQEND
  0
POLYLINE
  8
0
 66
1
 70
1
  0
VERTEX
  8
0
 10
18339.959866
 20
38508.406939
 42
-0.078550
  0
VERTEX
  8
0
 10
18397.245944
 20
38490.329055
 42
-0.077169
  0
VERTEX
  8
0
 10
18446.555137
 20
38455.387300
 42
-0.076790
  0
VERTEX
  8
0
 10
18483.136769
 20
38406.965015
 42
-0.076616
  0
VERTEX
  8
0
 10
18503.435535
 20
38349.723535
 42
-0.066060
  0
VERTEX
  8
0
 10
18506.221249
 20
38299.959035
 42
-0.063511
  0
VERTEX
  8
0
 10
18496.044881
 20
38250.484633
 42
-0.063417
  0
VERTEX
  8
0
 10
18473.755487
 20
38205.083406
 42
-0.065505
  0
VERTEX
  8
0
 10
18441.000000
 20
38167.271183
 42
-0.075708
  0
VERTEX
  8
0
 10
18390.953898
 20
38134.840247
 42
-0.075804
  0
VERTEX
  8
0
 10
18333.544204
 20
38118.794799
 42
-0.076009
  0
VERTEX
  8
0
 10
18274.098547
 20
38120.608939
 42
-0.076757
  0
VERTEX
  8
0
 10
18218.126718
 20
38140.121958
 42
-0.091571
  0
VERTEX
  8
0
 10
18161.759634
 20
38184.897692
 42
-0.092177
  0
VERTEX
  8
0
 10
18125.262083
 20
38246.757535
 42
-0.092267
  0
VERTEX
  8
0
 10
18113.460602
 20
38317.548854
 42
-0.091966
  0
VERTEX
  8
0
 10
18127.892527
 20
38387.933175
 42
-0.065068
  0
VERTEX
  8
0
 10
18152.949407
 20
38432.144783
 42
-0.064701
  0
VERTEX
  8
0
 10
18188.568145
 20
38468.527621
 42
-0.064777
  0
VERTEX
  8
0
 10
18232.261069
 20
38494.565136
 42
-0.065494
  0
VERTEX
  8
0
 10
18281.000000
 20
38508.434745
 42
-0.003448
  0
VERTEX
  8
0
 10
18285.423336
 20
38509.056039
 42
-0.003066
  0
VERTEX
  8
0
 10
18290.031250
 20
38509.642157
 42
-0.003077
  0
VERTEX
  8
0
 10
18294.183016
 20
38510.118498
 42
-0.009465
  0
VERTEX
  8
0
 10
18297.000000
 20
38510.370296
 42
-0.021859
  0
VERTEX
  8
0
 10
18305.516897
 20
38510.596111
 42
-0.007117
  0
VERTEX
  8
0
 10
18318.095183
 20
38510.200558
 42
-0.007252
  0
VERTEX
  8
0
 10
18330.801251
 20
38509.435066
 42
-0.018559
  0
SEQEND
  0
POLYLINE
  8
0
 66
1
 70
1
  0
VERTEX
  8
0
 10
19278.500000
 20
38686.940975
 42
0.068825
  0
VERTEX
  8
0
 10
19174.852049
 20
38662.773864
 42
0.070905
  0
VERTEX
  8
0
 10
19082.801271
 20
38611.516152
 42
0.071167
  0
VERTEX
  8
0
 10
19009.006986
 20
38536.778662
 42
0.070155
  0
VERTEX
  8
0
 10
18958.697621
 20
38444.000000
 42
0.051793
  0
VERTEX
  8
0
 10
18939.635276
 20
38370.360677
 42
0.051150
  0
VERTEX
  8
0
 10
18936.001009
 20
38294.060337
 42
0.051062
  0
VERTEX
  8
0
 10
18947.937394
 20
38218.487243
 42
0.051250
  0
VERTEX
  8
0
 10
18974.934842
 20
38147.000000
 42
0.030561
  0
VERTEX
  8
0
 10
18997.839752
 20
38107.419891
 42
0.030392
  0
VERTEX
  8
0
 10
19025.437591
 20
38070.849935
 42
0.030385
  0
VERTEX
  8
0
 10
19057.271848
 20
38037.887675
 42
0.030515
  0
VERTEX
  8
0
 10
19092.823256
 20
38009.077218
 42
0.062933
  0
VERTEX
  8
0
 10
19173.422305
 20
37965.636982
 42
0.061189
  0
VERTEX
  8
0
 10
19263.063275
 20
37943.090608
 42
0.061152
  0
VERTEX
  8
0
 10
19355.546789
 20
37942.902950
 42
0.062713
  0
VERTEX
  8
0
 10
19444.500000
 20
37965.179623
 42
0.025768
  0
VERTEX
  8
0
 10
19480.125980
 20
37981.182056
 42
0.026428
  0
VERTEX
  8
0
 10
19513.607070
 20
38000.643833
 42
0.026373
  0
VERTEX
  8
0
 10
19544.912294
 20
38023.570526
 42
0.025425
  0
VERTEX
  8
0
 10
19574.033454
 20
38049.931420
 42
0.041865
  0
VERTEX
  8
0
 10
19615.178764
 20
38098.722704
 42
0.043123
  0
VERTEX
  8
0
 10
19647.164025
 20
38153.223837
 42
0.043008
  0
VERTEX
  8
0
 10
19669.394500
 20
38212.544005
 42
0.041191
  0
VERTEX
  8
0
 10
19681.549088
 20
38275.656700
 42
0.021130
  0
VERTEX
  8
0
 10
19683.184000
 20
38300.517799
 42
0.015660
  0
VERTEX
  8
0
 10
19682.966329
 20
38328.060324
 42
0.015598
  0
VERTEX
  8
0
 10
19681.017277
 20
38355.694878
 42
0.020209
  0
VERTEX
  8
0
 10
19677.421548
 20
38380.843300
 42
0.052416
  0
VERTEX
  8
0
 10
19654.882121
 20
38457.163079
 42
0.053074
  0
VERTEX
  8
0
 10
19617.032615
 20
38526.784786
 42
0.053190
  0
VERTEX
  8
0
 10
19565.463330
 20
38586.748024
 42
0.053093
  0
VERTEX
  8
0
 10
19502.375394
 20
38634.523901
 42
0.026482
  0
VERTEX
  8
0
 10
19467.723752
 20
38652.967202
 42
0.026460
  0
VERTEX
  8
0
 10
19431.307448
 20
38667.649919
 42
0.026207
  0
VERTEX
  8
0
 10
19393.201877
 20
38678.522543
 42
0.024875
  0
VERTEX
  8
0
 10
19353.500000
 20
38685.575008
 42
0.021595
  0
VERTEX
  8
0
 10
19339.274488
 20
38686.756714
 42
0.005371
  0
VERTEX
  8
0
 10
19315.922082
 20
38687.433029
 42
0.005340
  0
VERTEX
  8
0
 10
19292.580320
 20
38687.608802
 42
0.022126
  0
SEQEND
  0
POLYLINE
  8
0
 66
1
 70
1
  0
VERTEX
  8
0
 10
19338.428367
 20
38508.386125
 42
-0.067114
  0
VERTEX
  8
0
 10
19387.808247
 20
38494.281476
 42
-0.066005
  0
VERTEX
  8
0
 10
19431.996106
 20
38467.548776
 42
-0.065640
  0
VERTEX
  8
0
 10
19467.893010
 20
38430.067807
 42
-0.065096
  0
VERTEX
  8
0
 10
19492.968324
 20
38384.462428
 42
-0.038129
  0
VERTEX
  8
0
 10
19501.006748
 20
38358.149256
 42
-0.035113
  0
VERTEX
  8
0
 10
19505.235264
 20
38330.183751
 42
-0.034762
  0
VERTEX
  8
0
 10
19505.531648
 20
38301.614108
 42
-0.035563
  0
VERTEX
  8
0
 10
19501.849815
 20
38273.500000
 42
-0.050548
  0
VERTEX
  8
0
 10
19490.653184
 20
38237.600203
 42
-0.048063
  0
VERTEX
  8
0
 10
19472.336820
 20
38204.023390
 42
-0.047912
  0
VERTEX
  8
0
 10
19447.881647
 20
38174.464484
 42
-0.049538
  0
VERTEX
  8
0
 10
19418.500000
 20
38150.467462
 42
-0.076231
  0
VERTEX
  8
0
 10
19363.536764
 20
38125.013612
 42
-0.077484
  0
VERTEX
  8
0
 10
19303.784771
 20
38117.391751
 42
-0.077493
  0
VERTEX
  8
0
 10
19244.553883
 20
38128.320712
 42
-0.076272
  0
VERTEX
  8
0
 10
19191.105140
 20
38156.787558
 42
-0.021375
  0
VERTEX
  8
0
 10
19183.027552
 20
38163.378314
 42
-0.010228
  0
VERTEX
  8
0
 10
19173.204701
 20
38172.484932
 42
-0.010237
  0
VERTEX
  8
0
 10
19163.725722
 20
38182.023027
 42
-0.020537
  0
VERTEX
  8
0
 10
19156.718809
 20
38190.000000
 42
-0.055339
  0
VERTEX
  8
0
 10
19133.173937
 20
38226.804943
 42
-0.055643
  0
VERTEX
  8
0
 10
19118.327194
 20
38267.811055
 42
-0.055538
  0
VERTEX
  8
0
 10
19112.870083
 20
38311.154092
 42
-0.054736
  0
VERTEX
  8
0
 10
19117.037769
 20
38354.855526
 42
-0.058857
  0
VERTEX
  8
0
 10
19131.056648
 20
38396.874179
 42
-0.056875
  0
VERTEX
  8
0
 10
19154.601477
 20
38435.000031
 42
-0.056577
  0
VERTEX
  8
0
 10
19186.264255
 20
38467.013547
 42
-0.057052
  0
VERTEX
  8
0
 10
19224.213042
 20
38491.011793
 42
-0.037136
  0
VERTEX
  8
0
 10
19251.433003
 20
38501.747530
 42
-0.037637
  0
VERTEX
  8
0
 10
19279.820489
 20
38508.280583
 42
-0.037504
  0
VERTEX
  8
0
 10
19308.962242
 20
38510.499295
 42
-0.036320
  0
SEQEND
  0
POLYLINE
  8
0
 66
1
 70
1
  0
VERTEX
  8
0
 10
20283.500000
 20
38687.379822
 42
0.049759
  0
VERTEX
  8
0
 10
20205.065946
 20
38673.168342
 42
0.052633
  0
VERTEX
  8
0
 10
20132.538307
 20
38643.875525
 42
0.052984
  0
VERTEX
  8
0
 10
20068.137626
 20
38600.298206
 42
0.051694
  0
VERTEX
  8
0
 10
20013.739962
 20
38543.832206
 42
0.032293
  0
VERTEX
  8
0
 10
19988.023951
 20
38506.153102
 42
0.029938
  0
VERTEX
  8
0
 10
19966.648184
 20
38464.533065
 42
0.029981
  0
VERTEX
  8
0
 10
19950.424134
 20
38420.722134
 42
0.032632
  0
VERTEX
  8
0
 10
19940.094266
 20
38376.500000
 42
0.007348
  0
VERTEX
  8
0
 10
19937.645451
 20
38360.246388
 42
0.015368
  0
VERTEX
  8
0
 10
19936.316181
 20
38347.524525
 42
0.013664
  0
VERTEX
  8
0
 10
19935.685790
 20
38333.844912
 42
0.004681
  0
VERTEX
  8
0
 10
19935.500000
 20
38314.000000
 42
0.010109
  0
VERTEX
  8
0
 10
19936.014422
 20
38288.558770
 42
0.018194
  0
VERTEX
  8
0
 10
19937.615748
 20
38267.754323
 42
0.019050
  0
VERTEX
  8
0
 10
19940.661083
 20
38247.780152
 42
0.012440
  0
VERTEX
  8
0
 10
19945.618356
 20
38225.000000
 42
0.056744
  0
VERTEX
  8
0
 10
19974.568226
 20
38146.307499
 42
0.056254
  0
VERTEX
  8
0
 10
20020.532398
 20
38075.886736
 42
0.056216
  0
VERTEX
  8
0
 10
20081.069443
 20
38017.441961
 42
0.056519
  0
VERTEX
  8
0
 10
20153.000000
 20
37974.071634
 42
0.042532
  0
VERTEX
  8
0
 10
20212.201756
 20
37952.819319
 42
0.041726
  0
VERTEX
  8
0
 10
20274.526823
 20
37941.720261
 42
0.041802
  0
VERTEX
  8
0
 10
20337.719550
 20
37941.134009
 42
0.043034
  0
VERTEX
  8
0
 10
20399.500000
 20
37951.122661
 42
0.057690
  0
VERTEX
  8
0
 10
20480.085230
 20
37981.598687
 42
0.057492
  0
VERTEX
  8
0
 10
20551.677936
 20
38029.707156
 42
0.057535
  0
VERTEX
  8
0
 10
20610.390363
 20
38092.815769
 42
0.057942
  0
VERTEX
  8
0
 10
20653.015839
 20
38167.500000
 42
0.018631
  0
VERTEX
  8
0
 10
20662.479086
 20
38192.219209
 42
0.017435
  0
VERTEX
  8
0
 10
20670.307820
 20
38218.123242
 42
0.017221
  0
VERTEX
  8
0
 10
20676.400117
 20
38244.841467
 42
0.017059
  0
VERTEX
  8
0
 10
20680.661393
 20
38272.000000
 42
0.011117
  0
VERTEX
  8
0
 10
20681.492727
 20
38280.345365
 42
0.008730
  0
VERTEX
  8
0
 10
20682.034258
 20
38289.421260
 42
0.007072
  0
VERTEX
  8
0
 10
20682.336795
 20
38300.226140
 42
0.003462
  0
VERTEX
  8
0
 10
20682.432174
 20
38314.000000
 42
0.007632
  0
VERTEX
  8
0
 10
20682.113413
 20
38334.881215
 42
0.015113
  0
VERTEX
  8
0
 10
20681.107603
 20
38351.416902
 42
0.015936
  0
VERTEX
  8
0
 10
20679.148565
 20
38367.283979
 42
0.009601
  0
VERTEX
  8
0
 10
20675.867624
 20
38385.958613
 42
0.030733
  0
VERTEX
  8
0
 10
20664.567264
 20
38429.386724
 42
0.029749
  0
VERTEX
  8
0
 10
20647.930589
 20
38471.590991
 42
0.029689
  0
VERTEX
  8
0
 10
20626.363519
 20
38511.606625
 42
0.030304
  0
VERTEX
  8
0
 10
20600.342204
 20
38548.500000
 42
0.015807
  0
VERTEX
  8
0
 10
20590.706662
 20
38559.790341
 42
0.007900
  0
VERTEX
  8
0
 10
20577.851953
 20
38573.481612
 42
0.007903
  0
VERTEX
  8
0
 10
20564.451553
 20
38586.879306
 42
0.014489
  0
VERTEX
  8
0
 10
20553.055225
 20
38597.295968
 42
0.015074
  0
VERTEX
  8
0
 10
20534.858246
 20
38612.053174
 42
0.016463
  0
VERTEX
  8
0
 10
20516.320654
 20
38625.240516
 42
0.016397
  0
VERTEX
  8
0
 10
20496.886496
 20
38637.225624
 42
0.014707
  0
VERTEX
  8
0
 10
20476.000000
 20
38648.377192
 42
0.018696
  0
VERTEX
  8
0
 10
20446.529943
 20
38661.665492
 42
0.022000
  0
VERTEX
  8
0
 10
20417.688748
 20
38671.940036
 42
0.022095
  0
VERTEX
  8
0
 10
20388.164664
 20
38679.606347
 42
0.019165
  0
VERTEX
  8
0
 10
20356.646702
 20
38685.066735
 42
0.020055
  0
VERTEX
  8
0
 10
20342.396799
 20
38686.397446
 42
0.005349
  0
VERTEX
  8
0
 10
20319.620186
 20
38687.361719
 42
0.005199
  0
VERTEX
  8
0
 10
20296.927800
 20
38687.843210
 42
0.022661
  0
SEQEND
  0
POLYLINE
  8
0
 66
1
 70
1
  0
VERTEX
  8
0
 10
20326.356398
 20
38509.968835
 42
-0.057470
  0
VERTEX
  8
0
 10
20371.670385
 20
38500.340835
 42
-0.058326
  0
VERTEX
  8
0
 10
20413.361616
 20
38480.678105
 42
-0.058653
  0
VERTEX
  8
0
 10
20449.185372
 20
38452.040027
 42
-0.059352
  0
VERTEX
  8
0
 10
20477.217389
 20
38415.971407
 42
-0.082412
  0
VERTEX
  8
0
 10
20501.272852
 20
38355.332187
 42
-0.083727
  0
VERTEX
  8
0
 10
20504.265644
 20
38290.516202
 42
-0.083729
  0
VERTEX
  8
0
 10
20485.837001
 20
38228.304902
 42
-0.082424
  0
VERTEX
  8
0
 10
20447.959446
 20
38175.196203
 42
-0.044140
  0
VERTEX
  8
0
 10
20420.947513
 20
38152.510652
 42
-0.045616
  0
VERTEX
  8
0
 10
20390.657543
 20
38135.201103
 42
-0.045538
  0
VERTEX
  8
0
 10
20357.681014
 20
38123.647677
 42
-0.043686
  0
VERTEX
  8
0
 10
20322.694073
 20
38118.049585
 42
-0.079189
  0
VERTEX
  8
0
 10
20261.398025
 20
38123.377548
 42
-0.078794
  0
VERTEX
  8
0
 10
20204.679697
 20
38147.492449
 42
-0.078767
  0
VERTEX
  8
0
 10
20158.188485
 20
38187.980229
 42
-0.079053
  0
VERTEX
  8
0
 10
20126.567019
 20
38240.813876
 42
-0.081669
  0
VERTEX
  8
0
 10
20112.684792
 20
38303.313251
 42
-0.081836
  0
VERTEX
  8
0
 10
20119.562812
 20
38366.920253
 42
-0.082013
  0
VERTEX
  8
0
 10
20146.457168
 20
38424.844772
 42
-0.082525
  0
VERTEX
  8
0
 10
20190.500000
 20
38470.904504
 42
-0.044774
  0
VERTEX
  8
0
 10
20221.599889
 20
38490.126960
 42
-0.046067
  0
VERTEX
  8
0
 10
20255.335753
 20
38503.291720
 42
-0.046469
  0
VERTEX
  8
0
 10
20290.630674
 20
38509.974179
 42
-0.047233
  0
SEQEND
  0
POLYLINE
  8
0
 66
1
 70
1
  0
VERTEX
  8
0
 10
21277.500000
 20
38686.873550
 42
0.069604
  0
VERTEX
  8
0
 10
21175.730503
 20
38663.695270
 42
0.069915
  0
VERTEX
  8
0
 10
21084.396340
 20
38613.499983
 42
0.069930
  0
VERTEX
  8
0
 10
21010.448698
 20
38540.089371
 42
0.069686
  0
VERTEX
  8
0
 10
20959.496909
 20
38449.056089
 42
0.017562
  0
VERTEX
  8
0
 10
20951.314001
 20
38425.625401
 42
0.016400
  0
VERTEX
  8
0
 10
20944.588090
 20
38401.140092
 42
0.016212
  0
VERTEX
  8
0
 10
20939.411456
 20
38375.973196
 42
0.016166
  0
VERTEX
  8
0
 10
20935.870720
 20
38350.500000
 42
0.020705
  0
VERTEX
  8
0
 10
20934.852216
 20
38334.701741
 42
0.007348
  0
VERTEX
  8
0
 10
20934.664669
 20
38312.053696
 42
0.007359
  0
VERTEX
  8
0
 10
20935.143710
 20
38289.388270
 42
0.020424
  0
VERTEX
  8
0
 10
20936.364626
 20
38273.500000
 42
0.032861
  0
VERTEX
  8
0
 10
20946.197313
 20
38220.439878
 42
0.036236
  0
VERTEX
  8
0
 10
20962.693712
 20
38170.888060
 42
0.036085
  0
VERTEX
  8
0
 10
20986.243685
 20
38124.057996
 42
0.032072
  0
VERTEX
  8
0
 10
21017.132225
 20
38079.121747
 42
0.021988
  0
VERTEX
  8
0
 10
21028.016449
 20
38066.466411
 42
0.008413
  0
VERTEX
  8
0
 10
21044.207857
 20
38049.805040
 42
0.008486
  0
VERTEX
  8
0
 10
21061.116494
 20
38033.543101
 42
0.019531
  0
VERTEX
  8
0
 10
21074.500000
 20
38022.042505
 42
0.033965
  0
VERTEX
  8
0
 10
21118.522200
 20
37991.736668
 42
0.036391
  0
VERTEX
  8
0
 10
21165.266281
 20
37968.445774
 42
0.035868
  0
VERTEX
  8
0
 10
21215.514621
 20
37951.916455
 42
0.031212
  0
VERTEX
  8
0
 10
21270.000000
 20
37941.793754
 42
0.024947
  0
VERTEX
  8
0
 10
21285.518863
 20
37940.683752
 42
0.006997
  0
VERTEX
  8
0
 10
21309.831239
 20
37940.500758
 42
0.007165
  0
VERTEX
  8
0
 10
21334.335372
 20
37941.010461
 42
0.021578
  0
VERTEX
  8
0
 10
21351.000000
 20
37942.317595
 42
0.050732
  0
VERTEX
  8
0
 10
21427.864381
 20
37959.732433
 42
0.052389
  0
VERTEX
  8
0
 10
21498.769045
 20
37992.153415
 42
0.052592
  0
VERTEX
  8
0
 10
21561.149637
 20
38038.466289
 42
0.051896
  0
VERTEX
  8
0
 10
21612.807267
 20
38096.964988
 42
0.031769
  0
VERTEX
  8
0
 10
21637.629526
 20
38136.897057
 42
0.031580
  0
VERTEX
  8
0
 10
21657.247988
 20
38179.730155
 42
0.031295
  0
VERTEX
  8
0
 10
21671.463272
 20
38225.074037
 42
0.029963
  0
VERTEX
  8
0
 10
21680.157898
 20
38272.500000
 42
0.025402
  0
VERTEX
  8
0
 10
21681.324908
 20
38288.998634
 42
0.006346
  0
VERTEX
  8
0
 10
21681.517654
 20
38316.024189
 42
0.006341
  0
VERTEX
  8
0
 10
21681.024749
 20
38343.042765
 42
0.025483
  0
VERTEX
  8
0
 10
21679.674232
 20
38359.500000
 42
0.050588
  0
VERTEX
  8
0
 10
21660.944724
 20
38438.100809
 42
0.053531
  0
VERTEX
  8
0
 10
21627.035236
 20
38509.761652
 42
0.053904
  0
VERTEX
  8
0
 10
21578.936453
 20
38572.168404
 42
0.052637
  0
VERTEX
  8
0
 10
21518.254713
 20
38623.412809
 42
0.031461
  0
VERTEX
  8
0
 10
21476.449219
 20
38648.087535
 42
0.033081
  0
VERTEX
  8
0
 10
21432.559735
 20
38666.859496
 42
0.032875
  0
VERTEX
  8
0
 10
21386.320468
 20
38679.771075
 42
0.030283
  0
VERTEX
  8
0
 10
21337.500000
 20
38686.951139
 42
0.015571
  0
VERTEX
  8
0
 10
21324.975844
 20
38687.632349
 42
0.006123
  0
VERTEX
  8
0
 10
21307.694335
 20
38687.821645
 42
0.006148
  0
VERTEX
  8
0
 10
21290.339000
 20
38687.585779
 42
0.014767
  0
SEQEND
  0
POLYLINE
  8
0
 66
1
 70
1
  0
VERTEX
  8
0
 10
21338.000000
 20
38508.559336
 42
-0.070327
  0
VERTEX
  8
0
 10
21390.730020
 20
38492.622000
 42
-0.069939
  0
VERTEX
  8
0
 10
21437.086674
 20
38462.673679
 42
-0.070058
  0
VERTEX
  8
0
 10
21473.327001
 20
38421.159090
 42
-0.070971
  0
VERTEX
  8
0
 10
21496.501726
 20
38371.427608
 42
-0.014499
  0
VERTEX
  8
0
 10
21500.444882
 20
38356.919308
 42
-0.024750
  0
VERTEX
  8
0
 10
21502.777466
 20
38344.583869
 42
-0.023084
  0
VERTEX
  8
0
 10
21503.974580
 20
38331.499784
 42
-0.010821
  0
VERTEX
  8
0
 10
21504.373131
 20
38314.500000
 42
-0.016791
  0
VERTEX
  8
0
 10
21503.728253
 20
38294.214546
 42
-0.026932
  0
VERTEX
  8
0
 10
21501.669381
 20
38277.025350
 42
-0.028362
  0
VERTEX
  8
0
 10
21497.876587
 20
38260.809759
 42
-0.021561
  0
VERTEX
  8
0
 10
21491.968324
 20
38243.537572
 42
-0.103242
  0
VERTEX
  8
0
 10
21447.236062
 20
38175.031946
 42
-0.104903
  0
VERTEX
  8
0
 10
21379.066402
 20
38130.608805
 42
-0.105107
  0
VERTEX
  8
0
 10
21298.845169
 20
38117.740762
 42
-0.104026
  0
VERTEX
  8
0
 10
21220.000000
 20
38138.521175
 42
-0.069172
  0
VERTEX
  8
0
 10
21175.503931
 20
38169.167529
 42
-0.069449
  0
VERTEX
  8
0
 10
21141.123096
 20
38210.750895
 42
-0.069393
  0
VERTEX
  8
0
 10
21119.421273
 20
38260.191070
 42
-0.068875
  0
VERTEX
  8
0
 10
21112.000000
 20
38313.810617
 42
-0.025255
  0
VERTEX
  8
0
 10
21113.146972
 20
38336.504236
 42
-0.029934
  0
VERTEX
  8
0
 10
21116.584937
 20
38357.693607
 42
-0.030132
  0
VERTEX
  8
0
 10
21122.503211
 20
38378.202065
 42
-0.026217
  0
VERTEX
  8
0
 10
21131.079821
 20
38398.854429
 42
-0.021429
  0
VERTEX
  8
0
 10
21139.414731
 20
38414.522753
 42
-0.023842
  0
VERTEX
  8
0
 10
21148.791780
 20
38428.853524
 42
-0.023605
  0
VERTEX
  8
0
 10
21159.578366
 20
38442.349257
 42
-0.020209
  0
VERTEX
  8
0
 10
21172.139895
 20
38455.515363
 42
-0.040229
  0
VERTEX
  8
0
 10
21197.658771
 20
38476.494194
 42
-0.043311
  0
VERTEX
  8
0
 10
21225.608818
 20
38492.537578
 42
-0.042850
  0
VERTEX
  8
0
 10
21256.179687
 20
38503.657580
 42
-0.037841
  0
VERTEX
  8
0
 10
21289.500000
 20
38509.981880
 42
-0.026198
  0
VERTEX
  8
0
 10
21299.207782
 20
38510.560575
 42
-0.009120
  0
VERTEX
  8
0
 10
21313.220582
 20
38510.405268
 42
-0.009276
  0
VERTEX
  8
0
 10
21327.424894
 20
38509.724731
 42
-0.021670
  0
SEQEND
  0
POLYLINE
  8
0
 66
1
 70
1
  0
VERTEX
  8
0
 10
11202.500000
 20
36389.378106
 42
0.049915
  0
VERTEX
  8
0
 10
11124.066595
 20
36375.169148
 42
0.052578
  0
VERTEX
  8
0
 10
11051.442950
 20
36345.823041
 42
0.052968
  0
VERTEX
  8
0
 10
10986.998887
 20
36302.213493
 42
0.052093
  0
VERTEX
  8
0
 10
10932.754426
 20
36245.816772
 42
0.052712
  0
VERTEX
  8
0
 10
10891.354495
 20
36179.270752
 42
0.052777
  0
VERTEX
  8
0
 10
10864.804953
 20
36105.566150
 42
0.052626
  0
VERTEX
  8
0
 10
10854.223048
 20
36027.737133
 42
0.051826
  0
VERTEX
  8
0
 10
10860.027070
 20
35949.000000
 42
0.020161
  0
VERTEX
  8
0
 10
10865.923051
 20
35922.315588
 42
0.018580
  0
VERTEX
  8
0
 10
10874.086180
 20
35895.444772
 42
0.018372
  0
VERTEX
  8
0
 10
10884.329563
 20
35868.942908
 42
0.018575
  0
VERTEX
  8
0
 10
10896.456893
 20
35843.363199
 42
0.017900
  0
VERTEX
  8
0
 10
10910.566674
 20
35818.469732
 42
0.020731
  0
VERTEX
  8
0
 10
10925.790278
 20
35795.875267
 42
0.020513
  0
VERTEX
  8
0
 10
10942.978677
 20
35774.418116
 42
0.016851
  0
VERTEX
  8
0
 10
10962.993780
 20
35752.937900
 42
0.018259
  0
VERTEX
  8
0
 10
10985.982125
 20
35731.501491
 42
0.021805
  0
VERTEX
  8
0
 10
11009.193798
 20
35713.098287
 42
0.021926
  0
VERTEX
  8
0
 10
11033.806590
 20
35696.870125
 42
0.018847
  0
VERTEX
  8
0
 10
11061.000000
 20
35681.965643
 42
0.020162
  0
VERTEX
  8
0
 10
11089.478862
 20
35669.132515
 42
0.021716
  0
VERTEX
  8
0
 10
11118.210138
 20
35658.981324
 42
0.021202
  0
VERTEX
  8
0
 10
11148.334531
 20
35651.167169
 42
0.017503
  0
VERTEX
  8
0
 10
11181.000000
 20
35645.344387
 42
0.028045
  0
VERTEX
  8
0
 10
11198.675113
 20
35643.832617
 42
0.007118
  0
VERTEX
  8
0
 10
11227.482103
 20
35643.400151
 42
0.007123
  0
VERTEX
  8
0
 10
11256.293277
 20
35643.788301
 42
0.027956
  0
VERTEX
  8
0
 10
11274.000000
 20
35645.272303
 42
0.030738
  0
VERTEX
  8
0
 10
11325.971111
 20
35655.859779
 42
0.034719
  0
VERTEX
  8
0
 10
11374.113450
 20
35672.448487
 42
0.035081
  0
VERTEX
  8
0
 10
11419.062915
 20
35695.359293
 42
0.032683
  0
VERTEX
  8
0
 10
11461.500000
 20
35724.821205
 42
0.015734
  0
VERTEX
  8
0
 10
11472.848702
 20
35734.451410
 42
0.007964
  0
VERTEX
  8
0
 10
11486.552984
 20
35747.245428
 42
0.007967
  0
VERTEX
  8
0
 10
11499.909105
 20
35760.535542
 42
0.014987
  0
VERTEX
  8
0
 10
11510.191036
 20
35771.751662
 42
0.032797
  0
VERTEX
  8
0
 10
11539.817122
 20
35811.013032
 42
0.032685
  0
VERTEX
  8
0
 10
11564.092003
 20
35853.854641
 42
0.032705
  0
VERTEX
  8
0
 10
11582.564152
 20
35899.468721
 42
0.032926
  0
VERTEX
  8
0
 10
11594.881535
 20
35947.000000
 42
0.008462
  0
VERTEX
  8
0
 10
11597.882190
 20
35964.395884
 42
0.018139
  0
VERTEX
  8
0
 10
11599.480165
 20
35977.919844
 42
0.015444
  0
VERTEX
  8
0
 10
11600.231742
 20
35992.803331
 42
0.004632
  0
VERTEX
  8
0
 10
11600.465642
 20
36015.500000
 42
0.005532
  0
VERTEX
  8
0
 10
11600.225474
 20
36039.463115
 42
0.016707
  0
VERTEX
  8
0
 10
11599.336119
 20
36055.766596
 42
0.018816
  0
VERTEX
  8
0
 10
11597.426101
 20
36070.901810
 42
0.008680
  0
VERTEX
  8
0
 10
11593.861488
 20
36090.433264
 42
0.070660
  0
VERTEX
  8
0
 10
11559.264222
 20
36188.561401
 42
0.069979
  0
VERTEX
  8
0
 10
11498.628283
 20
36273.535935
 42
0.069923
  0
VERTEX
  8
0
 10
11416.855484
 20
36338.542973
 42
0.070355
  0
VERTEX
  8
0
 10
11320.500000
 20
36378.327303
 42
0.013839
  0
VERTEX
  8
0
 10
11298.661137
 20
36383.289245
 42
0.017288
  0
VERTEX
  8
0
 10
11278.140126
 20
36386.625449
 42
0.016771
  0
VERTEX
  8
0
 10
11256.934615
 20
36388.604411
 42
0.011815
  0
VERTEX
  8
0
 10
11233.000000
 20
36389.463700
 42
0.001657
  0
VERTEX
  8
0
 10
11222.869218
 20
36389.554306
 42
0.002109
  0
VERTEX
  8
0
 10
11213.521875
 20
36389.567499
 42
0.001646
  0
VERTEX
  8
0
 10
11205.685163
 20
36389.519712
 42
0.017522
  0
SEQEND
  0
POLYLINE
  8
0
 66
1
 70
1
  0
VERTEX
  8
0
 10
11247.144045
 20
36211.952401
 42
-0.076127
  0
VERTEX
  8
0
 10
11304.960249
 20
36197.018366
 42
-0.076154
  0
VERTEX
  8
0
 10
11355.649745
 20
36165.467510
 42
-0.076226
  0
VERTEX
  8
0
 10
11394.531737
 20
36120.219499
 42
-0.076492
  0
VERTEX
  8
0
 10
11418.012251
 20
36065.452487
 42
-0.044818
  0
VERTEX
  8
0
 10
11423.633306
 20
36031.223527
 42
-0.044056
  0
VERTEX
  8
0
 10
11423.114714
 20
35996.339754
 42
-0.043979
  0
VERTEX
  8
0
 10
11416.486739
 20
35962.028644
 42
-0.044326
  0
VERTEX
  8
0
 10
11403.970347
 20
35929.500000
 42
-0.058707
  0
VERTEX
  8
0
 10
11379.046276
 20
35890.886752
 42
-0.058965
  0
VERTEX
  8
0
 10
11345.863196
 20
35859.187614
 42
-0.058656
  0
VERTEX
  8
0
 10
11306.025898
 20
35835.976745
 42
-0.056983
  0
VERTEX
  8
0
 10
11261.500000
 20
35822.372004
 42
-0.034698
  0
VERTEX
  8
0
 10
11249.117373
 20
35820.962670
 42
-0.008928
  0
VERTEX
  8
0
 10
11228.987182
 20
35820.437065
 42
-0.008767
  0
VERTEX
  8
0
 10
11208.907020
 20
35820.623528
 42
-0.037512
  0
VERTEX
  8
0
 10
11197.000000
 20
35821.839969
 42
-0.035123
  0
VERTEX
  8
0
 10
11166.064123
 20
35829.640880
 42
-0.039162
  0
VERTEX
  8
0
 10
11137.677096
 20
35841.492912
 42
-0.039723
  0
VERTEX
  8
0
 10
11111.835454
 20
35857.450603
 42
-0.038217
  0
VERTEX
  8
0
 10
11088.482568
 20
35877.482568
 42
-0.097278
  0
VERTEX
  8
0
 10
11046.499689
 20
35939.988553
 42
-0.096468
  0
VERTEX
  8
0
 10
11031.115287
 20
36013.918228
 42
-0.096668
  0
VERTEX
  8
0
 10
11044.605678
 20
36088.091677
 42
-0.098140
  0
VERTEX
  8
0
 10
11084.970161
 20
36151.302190
 42
-0.006433
  0
VERTEX
  8
0
 10
11089.510761
 20
36155.921368
 42
-0.005206
  0
VERTEX
  8
0
 10
11094.497869
 20
36160.763960
 42
-0.005264
  0
VERTEX
  8
0
 10
11099.192270
 20
36165.135111
 42
-0.013533
  0
VERTEX
  8
0
 10
11102.702132
 20
36168.165168
 42
-0.048828
  0
VERTEX
  8
0
 10
11134.979811
 20
36189.661129
 42
-0.048939
  0
VERTEX
  8
0
 10
11170.789317
 20
36204.470532
 42
-0.049093
  0
VERTEX
  8
0
 10
11208.685616
 20
36212.004078
 42
-0.049777
  0
SEQEND
  0
POLYLINE
  8
0
 66
1
 70
1
  0
VERTEX
  8
0
 10
14351.000000
 20
36389.398905
 42
0.019192
  0
VERTEX
  8
0
 10
14312.277149
 20
36384.514379
 42
0.024825
  0
VERTEX
  8
0
 10
14277.281719
 20
36376.927376
 42
0.025527
  0
VERTEX
  8
0
 10
14244.013703
 20
36366.117262
 42
0.022398
  0
VERTEX
  8
0
 10
14210.500000
 20
36351.550787
 42
0.061826
  0
VERTEX
  8
0
 10
14133.765047
 20
36301.463356
 42
0.062291
  0
VERTEX
  8
0
 10
14071.823734
 20
36234.247893
 42
0.061810
  0
VERTEX
  8
0
 10
14027.970088
 20
36153.341239
 42
0.059236
  0
VERTEX
  8
0
 10
14004.429432
 20
36063.000000
 42
0.022922
  0
VERTEX
  8
0
 10
14002.899376
 20
36046.183922
 42
0.008279
  0
VERTEX
  8
0
 10
14002.219157
 20
36022.191403
 42
0.008377
  0
VERTEX
  8
0
 10
14002.339619
 20
35997.941774
 42
0.020080
  0
VERTEX
  8
0
 10
14003.451198
 20
35980.000000
 42
0.037258
  0
VERTEX
  8
0
 10
14013.629653
 20
35922.936023
 42
0.038592
  0
VERTEX
  8
0
 10
14032.091911
 20
35868.706642
 42
0.038689
  0
VERTEX
  8
0
 10
14058.616404
 20
35818.082530
 42
0.037846
  0
VERTEX
  8
0
 10
14092.797284
 20
35771.751662
 42
0.015491
  0
VERTEX
  8
0
 10
14103.130899
 20
35760.485597
 42
0.008264
  0
VERTEX
  8
0
 10
14116.558433
 20
35747.174786
 42
0.008261
  0
VERTEX
  8
0
 10
14130.496049
 20
35734.242944
 42
0.014701
  0
VERTEX
  8
0
 10
14142.446405
 20
35724.135082
 42
0.035439
  0
VERTEX
  8
0
 10
14186.514534
 20
35693.868968
 42
0.036083
  0
VERTEX
  8
0
 10
14234.157836
 20
35670.333540
 42
0.035921
  0
VERTEX
  8
0
 10
14284.897959
 20
35653.806370
 42
0.034449
  0
VERTEX
  8
0
 10
14338.195128
 20
35644.426795
 42
0.021282
  0
VERTEX
  8
0
 10
14355.958740
 20
35643.310245
 42
0.008030
  0
VERTEX
  8
0
 10
14380.857653
 20
35643.206739
 42
0.007942
  0
VERTEX
  8
0
 10
14405.578826
 20
35643.893798
 42
0.023446
  0
VERTEX
  8
0
 10
14422.500000
 20
35645.430232
 42
0.031639
  0
VERTEX
  8
0
 10
14473.615756
 20
35655.828654
 42
0.034380
  0
VERTEX
  8
0
 10
14521.566574
 20
35672.396677
 42
0.034540
  0
VERTEX
  8
0
 10
14566.597521
 20
35695.297105
 42
0.032540
  0
VERTEX
  8
0
 10
14609.000000
 20
35724.591667
 42
0.018903
  0
VERTEX
  8
0
 10
14622.581009
 20
35736.204368
 42
0.009499
  0
VERTEX
  8
0
 10
14638.872171
 20
35751.819941
 42
0.009497
  0
VERTEX
  8
0
 10
14654.542837
 20
35768.026838
 42
0.019093
  0
VERTEX
  8
0
 10
14666.156300
 20
35781.500000
 42
0.033055
  0
VERTEX
  8
0
 10
14696.239929
 20
35824.806903
 42
0.035550
  0
VERTEX
  8
0
 10
14719.545230
 20
35870.689198
 42
0.035316
  0
VERTEX
  8
0
 10
14736.236656
 20
35919.690824
 42
0.031785
  0
VERTEX
  8
0
 10
14746.582564
 20
35972.307569
 42
0.019700
  0
VERTEX
  8
0
 10
14747.921254
 20
35986.944248
 42
0.007654
  0
VERTEX
  8
0
 10
14748.663706
 20
36007.273065
 42
0.007731
  0
VERTEX
  8
0
 10
14748.781980
 20
36027.892661
 42
0.016800
  0
VERTEX
  8
0
 10
14748.096368
 20
36043.708494
 42
0.043494
  0
VERTEX
  8
0
 10
14737.261351
 20
36109.242668
 42
0.044294
  0
VERTEX
  8
0
 10
14715.287571
 20
36171.497416
 42
0.044424
  0
VERTEX
  8
0
 10
14682.766177
 20
36228.743258
 42
0.044290
  0
VERTEX
  8
0
 10
14640.614754
 20
36279.406508
 42
0.040400
  0
VERTEX
  8
0
 10
14593.453385
 20
36319.744290
 42
0.042033
  0
VERTEX
  8
0
 10
14541.015618
 20
36351.376767
 42
0.041892
  0
VERTEX
  8
0
 10
14483.856916
 20
36373.878949
 42
0.039587
  0
VERTEX
  8
0
 10
14422.655804
 20
36387.062975
 42
0.019807
  0
VERTEX
  8
0
 10
14408.523603
 20
36388.387304
 42
0.005310
  0
VERTEX
  8
0
 10
14385.978944
 20
36389.362013
 42
0.005008
  0
VERTEX
  8
0
 10
14363.574834
 20
36389.867807
 42
0.024919
  0
SEQEND
  0
POLYLINE
  8
0
 66
1
 70
1
  0
VERTEX
  8
0
 10
14409.264045
 20
36210.040072
 42
-0.028985
  0
VERTEX
  8
0
 10
14431.516833
 20
36204.752974
 42
-0.028896
  0
VERTEX
  8
0
 10
14453.032187
 20
36196.923696
 42
-0.028720
  0
VERTEX
  8
0
 10
14473.625452
 20
36186.612860
 42
-0.027846
  0
VERTEX
  8
0
 10
14493.123804
 20
36173.913186
 42
-0.029127
  0
VERTEX
  8
0
 10
14502.823779
 20
36165.887548
 42
-0.011312
  0
VERTEX
  8
0
 10
14515.312652
 20
36153.727004
 42
-0.011296
  0
VERTEX
  8
0
 10
14527.224337
 20
36141.030208
 42
-0.029599
  0
VERTEX
  8
0
 10
14535.000063
 20
36131.250422
 42
-0.033604
  0
VERTEX
  8
0
 10
14550.394315
 20
36105.879023
 42
-0.037864
  0
VERTEX
  8
0
 10
14561.563571
 20
36079.644225
 42
-0.038055
  0
VERTEX
  8
0
 10
14568.606908
 20
36052.144469
 42
-0.034599
  0
VERTEX
  8
0
 10
14571.692823
 20
36023.000000
 42
-0.064210
  0
VERTEX
  8
0
 10
14567.061224
 20
35972.756413
 42
-0.065081
  0
VERTEX
  8
0
 10
14549.831501
 20
35925.576841
 42
-0.064821
  0
VERTEX
  8
0
 10
14520.974635
 20
35884.252707
 42
-0.062831
  0
VERTEX
  8
0
 10
14482.222130
 20
35851.195686
 42
-0.026703
  0
VERTEX
  8
0
 10
14465.637205
 20
35841.537018
 42
-0.025144
  0
VERTEX
  8
0
 10
14447.786694
 20
35833.486366
 42
-0.024453
  0
VERTEX
  8
0
 10
14428.721039
 20
35827.072535
 42
-0.022205
  0
VERTEX
  8
0
 10
14408.500000
 20
35822.311975
 42
-0.032140
  0
VERTEX
  8
0
 10
14396.614958
 20
35820.848088
 42
-0.010871
  0
VERTEX
  8
0
 10
14379.183300
 20
35820.210625
 42
-0.011007
  0
VERTEX
  8
0
 10
14361.598398
 20
35820.337263
 42
-0.028685
  0
VERTEX
  8
0
 10
14349.000000
 20
35821.430626
 42
-0.053836
  0
VERTEX
  8
0
 10
14305.925773
 20
35832.497705
 42
-0.056149
  0
VERTEX
  8
0
 10
14266.857210
 20
35852.404060
 42
-0.056321
  0
VERTEX
  8
0
 10
14233.297682
 20
35880.438773
 42
-0.054781
  0
VERTEX
  8
0
 10
14206.484284
 20
35915.500000
 42
-0.051914
  0
VERTEX
  8
0
 10
14190.227386
 20
35950.059322
 42
-0.048431
  0
VERTEX
  8
0
 10
14180.966001
 20
35988.040911
 42
-0.048230
  0
VERTEX
  8
0
 10
14179.161008
 20
36027.252048
 42
-0.050532
  0
VERTEX
  8
0
 10
14184.987749
 20
36065.452487
 42
-0.040270
  0
VERTEX
  8
0
 10
14195.098455
 20
36094.699471
 42
-0.039088
  0
VERTEX
  8
0
 10
14209.848814
 20
36122.255695
 42
-0.039071
  0
VERTEX
  8
0
 10
14228.715481
 20
36147.191729
 42
-0.040153
  0
VERTEX
  8
0
 10
14251.073015
 20
36168.643111
 42
-0.036898
  0
VERTEX
  8
0
 10
14273.992499
 20
36184.685529
 42
-0.034816
  0
VERTEX
  8
0
 10
14299.459404
 20
36197.536174
 42
-0.034769
  0
VERTEX
  8
0
 10
14326.499274
 20
36206.743881
 42
-0.036552
  0
VERTEX
  8
0
 10
14354.107115
 20
36211.928307
 42
-0.025756
  0
VERTEX
  8
0
 10
14365.814669
 20
36212.644003
 42
-0.010944
  0
VERTEX
  8
0
 10
14381.533984
 20
36212.450133
 42
-0.010977
  0
VERTEX
  8
0
 10
14397.310740
 20
36211.562961
 42
-0.024302
  0
SEQEND
  0
POLYLINE
  8
0
 66
1
 70
1
  0
VERTEX
  8
0
 10
4123.000000
 20
35995.941645
 42
0.064863
  0
VERTEX
  8
0
 10
4027.613419
 20
35977.559681
 42
0.065238
  0
VERTEX
  8
0
 10
3940.321874
 20
35935.370069
 42
0.065256
  0
VERTEX
  8
0
 10
3866.867342
 20
35872.127264
 42
0.064962
  0
VERTEX
  8
0
 10
3812.061798
 20
35792.000000
 42
0.058236
  0
VERTEX
  8
0
 10
3781.905864
 20
35710.354982
 42
0.058596
  0
VERTEX
  8
0
 10
3771.472636
 20
35624.128251
 42
0.058598
  0
VERTEX
  8
0
 10
3781.327269
 20
35537.836522
 42
0.058249
  0
VERTEX
  8
0
 10
3810.934842
 20
35456.000000
 42
0.030711
  0
VERTEX
  8
0
 10
3833.888068
 20
35416.363889
 42
0.030286
  0
VERTEX
  8
0
 10
3861.621709
 20
35379.643827
 42
0.030378
  0
VERTEX
  8
0
 10
3893.498900
 20
35346.648116
 42
0.031351
  0
VERTEX
  8
0
 10
3928.821329
 20
35318.129765
 42
0.083100
  0
VERTEX
  8
0
 10
4040.079569
 20
35264.287041
 42
0.083127
  0
VERTEX
  8
0
 10
4162.793574
 20
35249.611099
 42
0.083184
  0
VERTEX
  8
0
 10
4283.525041
 20
35275.701216
 42
0.083374
  0
VERTEX
  8
0
 10
4389.055225
 20
35339.704032
 42
0.014436
  0
VERTEX
  8
0
 10
4400.222536
 20
35349.909195
 42
0.007545
  0
VERTEX
  8
0
 10
4413.560837
 20
35363.220079
 42
0.007522
  0
VERTEX
  8
0
 10
4426.324994
 20
35376.749706
 42
0.016499
  0
VERTEX
  8
0
 10
4435.583550
 20
35387.559487
 42
0.050372
  0
VERTEX
  8
0
 10
4477.769457
 20
35452.713767
 42
0.051567
  0
VERTEX
  8
0
 10
4505.681847
 20
35524.487001
 42
0.051799
  0
VERTEX
  8
0
 10
4518.230076
 20
35600.148657
 42
0.051733
  0
VERTEX
  8
0
 10
4514.967971
 20
35676.807357
 42
0.076820
  0
VERTEX
  8
0
 10
4481.221121
 20
35786.196410
 42
0.076944
  0
VERTEX
  8
0
 10
4416.037810
 20
35880.225896
 42
0.076956
  0
VERTEX
  8
0
 10
4325.484604
 20
35950.133970
 42
0.076879
  0
VERTEX
  8
0
 10
4218.000000
 20
35989.414648
 42
0.009224
  0
VERTEX
  8
0
 10
4205.392344
 20
35991.688965
 42
0.009172
  0
VERTEX
  8
0
 10
4192.685534
 20
35993.501444
 42
0.008765
  0
VERTEX
  8
0
 10
4179.388142
 20
35994.913727
 42
0.006981
  0
VERTEX
  8
0
 10
4165.000000
 20
35995.985018
 42
0.004244
  0
VERTEX
  8
0
 10
4152.889500
 20
35996.613733
 42
0.011104
  0
VERTEX
  8
0
 10
4144.180223
 20
35996.798166
 42
0.010938
  0
VERTEX
  8
0
 10
4135.397605
 20
35996.596938
 42
0.004012
  0
SEQEND
  0
POLYLINE
  8
0
 66
1
 70
1
  0
VERTEX
  8
0
 10
4164.000000
 20
35818.491315
 42
-0.013759
  0
VERTEX
  8
0
 10
4168.100289
 20
35818.106992
 42
-0.005974
  0
VERTEX
  8
0
 10
4173.528125
 20
35817.381236
 42
-0.005906
  0
VERTEX
  8
0
 10
4179.283726
 20
35816.471993
 42
-0.007816
  0
VERTEX
  8
0
 10
4184.500000
 20
35815.500554
 42
-0.058367
  0
VERTEX
  8
0
 10
4227.583023
 20
35801.397322
 42
-0.058092
  0
VERTEX
  8
0
 10
4266.315177
 20
35777.703033
 42
-0.057906
  0
VERTEX
  8
0
 10
4298.663648
 20
35745.653939
 42
-0.057295
  0
VERTEX
  8
0
 10
4322.934668
 20
35706.932388
 42
-0.035227
  0
VERTEX
  8
0
 10
4332.526447
 20
35682.565268
 42
-0.032895
  0
VERTEX
  8
0
 10
4338.864752
 20
35656.531344
 42
-0.032937
  0
VERTEX
  8
0
 10
4341.727789
 20
35629.926399
 42
-0.035556
  0
VERTEX
  8
0
 10
4340.952401
 20
35603.855955
 42
-0.047865
  0
VERTEX
  8
0
 10
4333.494222
 20
35566.385462
 42
-0.048366
  0
VERTEX
  8
0
 10
4319.062289
 20
35531.154484
 42
-0.048429
  0
VERTEX
  8
0
 10
4298.152385
 20
35499.393599
 42
-0.048250
  0
VERTEX
  8
0
 10
4271.500000
 20
35472.204691
 42
-0.093659
  0
VERTEX
  8
0
 10
4207.982924
 20
35436.495132
 42
-0.093951
  0
VERTEX
  8
0
 10
4135.886326
 20
35426.479292
 42
-0.093653
  0
VERTEX
  8
0
 10
4064.937503
 20
35443.546713
 42
-0.092371
  0
VERTEX
  8
0
 10
4004.718479
 20
35485.371357
 42
-0.035684
  0
VERTEX
  8
0
 10
3987.507265
 20
35505.468991
 42
-0.033301
  0
VERTEX
  8
0
 10
3972.888134
 20
35528.263212
 42
-0.033313
  0
VERTEX
  8
0
 10
3961.429389
 20
35552.787764
 42
-0.035775
  0
VERTEX
  8
0
 10
3953.644395
 20
35578.046281
 42
-0.031910
  0
VERTEX
  8
0
 10
3949.907162
 20
35600.677910
 42
-0.027639
  0
VERTEX
  8
0
 10
3948.834222
 20
35624.721941
 42
-0.027584
  0
VERTEX
  8
0
 10
3950.420832
 20
35648.791448
 42
-0.031404
  0
VERTEX
  8
0
 10
3954.641477
 20
35671.500000
 42
-0.029002
  0
VERTEX
  8
0
 10
3960.855841
 20
35691.270945
 42
-0.026152
  0
VERTEX
  8
0
 10
3969.502243
 20
35710.905177
 42
-0.025921
  0
VERTEX
  8
0
 10
3980.242572
 20
35729.709669
 42
-0.027154
  0
VERTEX
  8
0
 10
3992.719022
 20
35747.000000
 42
-0.019819
  0
VERTEX
  8
0
 10
3999.171510
 20
35754.371843
 42
-0.009244
  0
VERTEX
  8
0
 10
4008.077800
 20
35763.426969
 42
-0.009210
  0
VERTEX
  8
0
 10
4017.246901
 20
35772.085694
 42
-0.021439
  0
VERTEX
  8
0
 10
4024.500000
 20
35778.139147
 42
-0.035629
  0
VERTEX
  8
0
 10
4049.283847
 20
35794.425948
 42
-0.037143
  0
VERTEX
  8
0
 10
4075.794896
 20
35806.774589
 42
-0.037399
  0
VERTEX
  8
0
 10
4103.665684
 20
35814.997428
 42
-0.037201
  0
VERTEX
  8
0
 10
4132.500000
 20
35818.995119
 42
-0.006816
  0
VERTEX
  8
0
 10
4139.911800
 20
35819.364281
 42
-0.013033
  0
VERTEX
  8
0
 10
4145.870679
 20
35819.424296
 42
-0.009976
  0
VERTEX
  8
0
 10
4152.772785
 20
35819.176103
 42
-0.002512
  0
SEQEND
  0
POLYLINE
  8
0
 66
1
 70
1
  0
VERTEX
  8
0
 10
7270.216406
 20
35995.904404
 42
0.033848
  0
VERTEX
  8
0
 10
7221.299355
 20
35989.608987
 42
0.032871
  0
VERTEX
  8
0
 10
7173.185043
 20
35976.738437
 42
0.032799
  0
VERTEX
  8
0
 10
7127.070058
 20
35957.638450
 42
0.033349
  0
VERTEX
  8
0
 10
7084.116210
 20
35932.763309
 42
0.070665
  0
VERTEX
  8
0
 10
7006.685190
 20
35863.092957
 42
0.070043
  0
VERTEX
  8
0
 10
6951.442389
 20
35774.419432
 42
0.069983
  0
VERTEX
  8
0
 10
6922.794528
 20
35673.869466
 42
0.070343
  0
VERTEX
  8
0
 10
6923.069593
 20
35569.500000
 42
0.059554
  0
VERTEX
  8
0
 10
6945.922460
 20
35484.299879
 42
0.059150
  0
VERTEX
  8
0
 10
6988.247544
 20
35406.674318
 42
0.059139
  0
VERTEX
  8
0
 10
7047.579027
 20
35341.103873
 42
0.059491
  0
VERTEX
  8
0
 10
7120.500000
 20
35291.395122
 42
0.052972
  0
VERTEX
  8
0
 10
7194.502090
 20
35262.382423
 42
0.053466
  0
VERTEX
  8
0
 10
7272.715960
 20
35249.683260
 42
0.053382
  0
VERTEX
  8
0
 10
7351.958586
 20
35253.849959
 42
0.052481
  0
VERTEX
  8
0
 10
7429.000000
 20
35274.680015
 42
0.016364
  0
VERTEX
  8
0
 10
7442.447967
 20
35280.391933
 42
0.007075
  0
VERTEX
  8
0
 10
7459.981736
 20
35288.829862
 42
0.007028
  0
VERTEX
  8
0
 10
7477.140393
 20
35297.691689
 42
0.017931
  0
VERTEX
  8
0
 10
7489.241958
 20
35304.727796
 42
0.011706
  0
VERTEX
  8
0
 10
7506.992234
 20
35316.507862
 42
0.014017
  0
VERTEX
  8
0
 10
7523.113651
 20
35328.444857
 42
0.014179
  0
VERTEX
  8
0
 10
7538.382562
 20
35341.143256
 42
0.012523
  0
VERTEX
  8
0
 10
7553.568602
 20
35355.209735
 42
0.043323
  0
VERTEX
  8
0
 10
7596.497520
 20
35404.951173
 42
0.044628
  0
VERTEX
  8
0
 10
7629.733331
 20
35460.873960
 42
0.044298
  0
VERTEX
  8
0
 10
7652.712074
 20
35522.201940
 42
0.041452
  0
VERTEX
  8
0
 10
7665.168653
 20
35588.000000
 42
0.020124
  0
VERTEX
  8
0
 10
7666.161556
 20
35603.492486
 42
0.007841
  0
VERTEX
  8
0
 10
7666.334940
 20
35624.956552
 42
0.007881
  0
VERTEX
  8
0
 10
7665.830762
 20
35646.531204
 42
0.018832
  0
VERTEX
  8
0
 10
7664.602185
 20
35662.500000
 42
0.040329
  0
VERTEX
  8
0
 10
7652.136293
 20
35725.596235
 42
0.042810
  0
VERTEX
  8
0
 10
7629.855463
 20
35784.568745
 42
0.043041
  0
VERTEX
  8
0
 10
7597.988761
 20
35838.604679
 42
0.041657
  0
VERTEX
  8
0
 10
7557.026705
 20
35887.026705
 42
0.045106
  0
VERTEX
  8
0
 10
7504.663114
 20
35930.708255
 42
0.046148
  0
VERTEX
  8
0
 10
7445.699235
 20
35963.912509
 42
0.046009
  0
VERTEX
  8
0
 10
7381.474485
 20
35985.816695
 42
0.044294
  0
VERTEX
  8
0
 10
7313.500000
 20
35995.965030
 42
0.004086
  0
VERTEX
  8
0
 10
7300.975073
 20
35996.610622
 42
0.011182
  0
VERTEX
  8
0
 10
7292.114607
 20
35996.796390
 42
0.010950
  0
VERTEX
  8
0
 10
7283.152004
 20
35996.587528
 42
0.003781
  0
SEQEND
  0
POLYLINE
  8
0
 66
1
 70
1
  0
VERTEX
  8
0
 10
7317.000000
 20
35817.883036
 42
-0.038670
  0
VERTEX
  8
0
 10
7343.328983
 20
35812.916602
 42
-0.034344
  0
VERTEX
  8
0
 10
7369.682400
 20
35803.819159
 42
-0.034160
  0
VERTEX
  8
0
 10
7394.688568
 20
35791.137145
 42
-0.037165
  0
VERTEX
  8
0
 10
7417.000000
 20
35775.478563
 42
-0.018131
  0
VERTEX
  8
0
 10
7423.725837
 20
35769.549748
 42
-0.007719
  0
VERTEX
  8
0
 10
7432.310307
 20
35761.155513
 42
-0.007719
  0
VERTEX
  8
0
 10
7440.631048
 20
35752.500787
 42
-0.018143
  0
VERTEX
  8
0
 10
7446.500610
 20
35745.727053
 42
-0.024045
  0
VERTEX
  8
0
 10
7456.511250
 20
35731.986851
 42
-0.021514
  0
VERTEX
  8
0
 10
7465.560406
 20
35716.840410
 42
-0.021393
  0
VERTEX
  8
0
 10
7473.325762
 20
35700.876622
 42
-0.023019
  0
VERTEX
  8
0
 10
7479.491906
 20
35684.688018
 42
-0.064644
  0
VERTEX
  8
0
 10
7489.199875
 20
35633.878048
 42
-0.066437
  0
VERTEX
  8
0
 10
7485.461800
 20
35582.761731
 42
-0.066310
  0
VERTEX
  8
0
 10
7468.433326
 20
35534.331117
 42
-0.063990
  0
VERTEX
  8
0
 10
7439.166367
 20
35491.398660
 42
-0.042219
  0
VERTEX
  8
0
 10
7416.935804
 20
35470.258303
 42
-0.038773
  0
VERTEX
  8
0
 10
7390.854455
 20
35452.477384
 42
-0.038586
  0
VERTEX
  8
0
 10
7362.205452
 20
35438.859242
 42
-0.040822
  0
VERTEX
  8
0
 10
7332.333148
 20
35430.107476
 42
-0.077402
  0
VERTEX
  8
0
 10
7273.162983
 20
35427.211554
 42
-0.075442
  0
VERTEX
  8
0
 10
7215.353533
 20
35442.354577
 42
-0.075364
  0
VERTEX
  8
0
 10
7164.589252
 20
35473.985904
 42
-0.076991
  0
VERTEX
  8
0
 10
7125.908646
 20
35519.039105
 42
-0.084288
  0
VERTEX
  8
0
 10
7101.025229
 20
35579.993474
 42
-0.084399
  0
VERTEX
  8
0
 10
7097.670133
 20
35645.716251
 42
-0.084363
  0
VERTEX
  8
0
 10
7116.224525
 20
35708.878180
 42
-0.084122
  0
VERTEX
  8
0
 10
7154.613729
 20
35762.436030
 42
-0.054976
  0
VERTEX
  8
0
 10
7189.361800
 20
35790.033567
 42
-0.058146
  0
VERTEX
  8
0
 10
7228.661025
 20
35808.785181
 42
-0.057570
  0
VERTEX
  8
0
 10
7271.576524
 20
35818.113044
 42
-0.052085
  0
SEQEND
  0
POLYLINE
  8
0
 66
1
 70
1
  0
VERTEX
  8
0
 10
18287.216406
 20
35995.904404
 42
0.045519
  0
VERTEX
  8
0
 10
18220.618119
 20
35985.750622
 42
0.045475
  0
VERTEX
  8
0
 10
18156.933898
 20
35963.712077
 42
0.045347
  0
VERTEX
  8
0
 10
18098.120508
 20
35930.451991
 42
0.044735
  0
VERTEX
  8
0
 10
18045.976483
 20
35887.000000
 42
0.042771
  0
VERTEX
  8
0
 10
18004.543969
 20
35837.926423
 42
0.043493
  0
VERTEX
  8
0
 10
17972.326694
 20
35782.782363
 42
0.043240
  0
VERTEX
  8
0
 10
17949.984665
 20
35722.585666
 42
0.041280
  0
VERTEX
  8
0
 10
17937.895298
 20
35658.500000
 42
0.019448
  0
VERTEX
  8
0
 10
17936.967210
 20
35644.252703
 42
0.006330
  0
VERTEX
  8
0
 10
17936.682511
 20
35623.164180
 42
0.006310
  0
VERTEX
  8
0
 10
17936.930631
 20
35602.101910
 42
0.019862
  0
VERTEX
  8
0
 10
17937.836072
 20
35588.000000
 42
0.039764
  0
VERTEX
  8
0
 10
17949.532484
 20
35524.914411
 42
0.042316
  0
VERTEX
  8
0
 10
17970.924876
 20
35465.831416
 42
0.042686
  0
VERTEX
  8
0
 10
18001.752403
 20
35411.650263
 42
0.041920
  0
VERTEX
  8
0
 10
18041.500000
 20
35363.136636
 42
0.086926
  0
VERTEX
  8
0
 10
18146.806208
 20
35286.809273
 42
0.087746
  0
VERTEX
  8
0
 10
18271.444544
 20
35251.140822
 42
0.087751
  0
VERTEX
  8
0
 10
18400.750798
 20
35260.385194
 42
0.086946
  0
VERTEX
  8
0
 10
18519.500000
 20
35313.398198
 42
0.012223
  0
VERTEX
  8
0
 10
18533.763635
 20
35323.533430
 42
0.013194
  0
VERTEX
  8
0
 10
18547.148128
 20
35334.107170
 42
0.012752
  0
VERTEX
  8
0
 10
18560.350998
 20
35345.698750
 42
0.010021
  0
VERTEX
  8
0
 10
18574.074506
 20
35358.901176
 42
0.019617
  0
VERTEX
  8
0
 10
18596.316971
 20
35382.994384
 42
0.022210
  0
VERTEX
  8
0
 10
18615.650464
 20
35407.811123
 42
0.022443
  0
VERTEX
  8
0
 10
18632.533608
 20
35434.004227
 42
0.020909
  0
VERTEX
  8
0
 10
18647.433558
 20
35462.219926
 42
0.066038
  0
VERTEX
  8
0
 10
18677.691554
 20
35555.983015
 42
0.066296
  0
VERTEX
  8
0
 10
18682.400285
 20
35654.264631
 42
0.066235
  0
VERTEX
  8
0
 10
18661.217922
 20
35750.432692
 42
0.065709
  0
VERTEX
  8
0
 10
18615.595055
 20
35838.000000
 42
0.034620
  0
VERTEX
  8
0
 10
18584.255771
 20
35876.695067
 42
0.032971
  0
VERTEX
  8
0
 10
18547.392095
 20
35911.377038
 42
0.033054
  0
VERTEX
  8
0
 10
18506.388809
 20
35940.830190
 42
0.035235
  0
VERTEX
  8
0
 10
18462.702661
 20
35963.929426
 42
0.020964
  0
VERTEX
  8
0
 10
18430.292944
 20
35976.650227
 42
0.023616
  0
VERTEX
  8
0
 10
18398.183085
 20
35986.053451
 42
0.023577
  0
VERTEX
  8
0
 10
18365.281889
 20
35992.398491
 42
0.020759
  0
VERTEX
  8
0
 10
18330.500000
 20
35995.953546
 42
0.004114
  0
VERTEX
  8
0
 10
18317.984972
 20
35996.606370
 42
0.011256
  0
VERTEX
  8
0
 10
18309.130458
 20
35996.795672
 42
0.011008
  0
VERTEX
  8
0
 10
18300.167540
 20
35996.588138
 42
0.003789
  0
SEQEND
  0
POLYLINE
  8
0
 66
1
 70
1
  0
VERTEX
  8
0
 10
18338.500000
 20
35817.332490
 42
-0.054083
  0
VERTEX
  8
0
 10
18377.965484
 20
35807.441202
 42
-0.052752
  0
VERTEX
  8
0
 10
18414.746983
 20
35789.261825
 42
-0.052247
  0
VERTEX
  8
0
 10
18447.221389
 20
35763.594902
 42
-0.051058
  0
VERTEX
  8
0
 10
18473.951714
 20
35731.569921
 42
-0.045161
  0
VERTEX
  8
0
 10
18489.478267
 20
35703.366286
 42
-0.040176
  0
VERTEX
  8
0
 10
18500.412916
 20
35671.718449
 42
-0.040312
  0
VERTEX
  8
0
 10
18506.115914
 20
35638.846240
 42
-0.046307
  0
VERTEX
  8
0
 10
18506.073016
 20
35607.000000
 42
-0.040444
  0
VERTEX
  8
0
 10
18499.887764
 20
35571.963588
 42
-0.045072
  0
VERTEX
  8
0
 10
18488.263458
 20
35539.684724
 42
-0.045372
  0
VERTEX
  8
0
 10
18471.125372
 20
35510.193619
 42
-0.042004
  0
VERTEX
  8
0
 10
18448.546949
 20
35483.445580
 42
-0.029128
  0
VERTEX
  8
0
 10
18431.521788
 20
35468.285049
 42
-0.029605
  0
VERTEX
  8
0
 10
18412.938690
 20
35455.294309
 42
-0.029511
  0
VERTEX
  8
0
 10
18392.893082
 20
35444.553292
 42
-0.028538
  0
VERTEX
  8
0
 10
18371.500000
 20
35436.111840
 42
-0.081857
  0
VERTEX
  8
0
 10
18308.764453
 20
35426.282049
 42
-0.080988
  0
VERTEX
  8
0
 10
18245.946006
 20
35437.036135
 42
-0.081095
  0
VERTEX
  8
0
 10
18189.865489
 20
35467.165880
 42
-0.082390
  0
VERTEX
  8
0
 10
18146.633416
 20
35513.428955
 42
-0.062589
  0
VERTEX
  8
0
 10
18124.519411
 20
35557.826455
 42
-0.063188
  0
VERTEX
  8
0
 10
18114.169674
 20
35606.171803
 42
-0.063152
  0
VERTEX
  8
0
 10
18116.219404
 20
35655.594730
 42
-0.062393
  0
VERTEX
  8
0
 10
18130.527265
 20
35703.157109
 42
-0.037496
  0
VERTEX
  8
0
 10
18143.348179
 20
35727.090376
 42
-0.034372
  0
VERTEX
  8
0
 10
18159.940160
 20
35749.587343
 42
-0.034089
  0
VERTEX
  8
0
 10
18179.611113
 20
35769.779071
 42
-0.035381
  0
VERTEX
  8
0
 10
18201.612376
 20
35786.839458
 42
-0.046517
  0
VERTEX
  8
0
 10
18232.753305
 20
35803.685512
 42
-0.045965
  0
VERTEX
  8
0
 10
18266.595223
 20
35814.565047
 42
-0.045503
  0
VERTEX
  8
0
 10
18302.182204
 20
35819.153836
 42
-0.043730
  0
SEQEND
  0
POLYLINE
  8
0
 66
1
 70
1
  0
VERTEX
  8
0
 10
21435.749409
 20
35995.997658
 42
0.064368
  0
VERTEX
  8
0
 10
21339.319624
 20
35977.110816
 42
0.065582
  0
VERTEX
  8
0
 10
21251.522372
 20
35934.380250
 42
0.065734
  0
VERTEX
  8
0
 10
21177.953943
 20
35870.477650
 42
0.065183
  0
VERTEX
  8
0
 10
21123.248613
 20
35789.500000
 42
0.049170
  0
VERTEX
  8
0
 10
21097.560415
 20
35722.414115
 42
0.048123
  0
VERTEX
  8
0
 10
21085.229187
 20
35651.115325
 42
0.048088
  0
VERTEX
  8
0
 10
21086.750859
 20
35578.723242
 42
0.048943
  0
VERTEX
  8
0
 10
21102.102490
 20
35508.398675
 42
0.029249
  0
VERTEX
  8
0
 10
21118.587708
 20
35466.048426
 42
0.031006
  0
VERTEX
  8
0
 10
21139.628661
 20
35426.760223
 42
0.030916
  0
VERTEX
  8
0
 10
21165.428378
 20
35390.274592
 42
0.028733
  0
VERTEX
  8
0
 10
21196.128587
 20
35356.295777
 42
0.035947
  0
VERTEX
  8
0
 10
21236.585356
 20
35321.751265
 42
0.035764
  0
VERTEX
  8
0
 10
21281.639291
 20
35293.292706
 42
0.035801
  0
VERTEX
  8
0
 10
21330.242657
 20
35271.570187
 42
0.036188
  0
VERTEX
  8
0
 10
21381.274764
 20
35257.095175
 42
0.020510
  0
VERTEX
  8
0
 10
21414.143845
 20
35251.688678
 42
0.022842
  0
VERTEX
  8
0
 10
21446.184393
 20
35249.238086
 42
0.022833
  0
VERTEX
  8
0
 10
21478.326508
 20
35249.720181
 42
0.020461
  0
VERTEX
  8
0
 10
21511.500000
 20
35253.101262
 42
0.056465
  0
VERTEX
  8
0
 10
21592.236069
 20
35274.172625
 42
0.056148
  0
VERTEX
  8
0
 10
21666.376681
 20
35312.797874
 42
0.056088
  0
VERTEX
  8
0
 10
21730.134446
 20
35366.995108
 42
0.056111
  0
VERTEX
  8
0
 10
21780.242733
 20
35434.000000
 42
0.067887
  0
VERTEX
  8
0
 10
21818.946520
 20
35526.980734
 42
0.067727
  0
VERTEX
  8
0
 10
21831.375860
 20
35627.006425
 42
0.067676
  0
VERTEX
  8
0
 10
21816.625999
 20
35726.783856
 42
0.067609
  0
VERTEX
  8
0
 10
21775.768577
 20
35819.036545
 42
0.057143
  0
VERTEX
  8
0
 10
21723.301212
 20
35885.795702
 42
0.057131
  0
VERTEX
  8
0
 10
21657.081496
 20
35938.951861
 42
0.057090
  0
VERTEX
  8
0
 10
21580.504006
 20
35975.773616
 42
0.056906
  0
VERTEX
  8
0
 10
21497.500000
 20
35994.374863
 42
0.012118
  0
VERTEX
  8
0
 10
21482.795308
 20
35995.591246
 42
0.008006
  0
VERTEX
  8
0
 10
21465.853859
 20
35996.308054
 42
0.008058
  0
VERTEX
  8
0
 10
21449.269598
 20
35996.476537
 42
0.014725
  0
SEQEND
  0
POLYLINE
  8
0
 66
1
 70
1
  0
VERTEX
  8
0
 10
21482.000000
 20
35817.851236
 42
-0.011797
  0
VERTEX
  8
0
 10
21486.865166
 20
35817.227064
 42
-0.006232
  0
VERTEX
  8
0
 10
21492.870724
 20
35816.235366
 42
-0.006197
  0
VERTEX
  8
0
 10
21498.994604
 20
35815.067074
 42
-0.009521
  0
VERTEX
  8
0
 10
21504.262039
 20
35813.889464
 42
-0.074625
  0
VERTEX
  8
0
 10
21558.119481
 20
35791.879185
 42
-0.074258
  0
VERTEX
  8
0
 10
21603.245137
 20
35754.999426
 42
-0.074197
  0
VERTEX
  8
0
 10
21635.655739
 20
35706.514533
 42
-0.074308
  0
VERTEX
  8
0
 10
21652.479375
 20
35650.704760
 42
-0.024093
  0
VERTEX
  8
0
 10
21653.659222
 20
35638.486158
 42
-0.012079
  0
VERTEX
  8
0
 10
21654.030506
 20
35622.974120
 42
-0.012077
  0
VERTEX
  8
0
 10
21653.652714
 20
35607.479784
 42
-0.024368
  0
VERTEX
  8
0
 10
21652.466884
 20
35595.325369
 42
-0.038153
  0
VERTEX
  8
0
 10
21645.479165
 20
35564.404079
 42
-0.040241
  0
VERTEX
  8
0
 10
21633.958792
 20
35535.473339
 42
-0.040460
  0
VERTEX
  8
0
 10
21618.021130
 20
35508.901738
 42
-0.039443
  0
VERTEX
  8
0
 10
21597.889217
 20
35485.000000
 42
-0.069201
  0
VERTEX
  8
0
 10
21554.248727
 20
35451.563512
 42
-0.070440
  0
VERTEX
  8
0
 10
21503.397744
 20
35431.550292
 42
-0.070507
  0
VERTEX
  8
0
 10
21449.033596
 20
35426.451388
 42
-0.069549
  0
VERTEX
  8
0
 10
21395.124503
 20
35436.603398
 42
-0.057338
  0
VERTEX
  8
0
 10
21354.086671
 20
35455.901206
 42
-0.057844
  0
VERTEX
  8
0
 10
21318.637153
 20
35483.967184
 42
-0.057998
  0
VERTEX
  8
0
 10
21290.637145
 20
35519.330997
 42
-0.058224
  0
VERTEX
  8
0
 10
21271.550871
 20
35560.135064
 42
-0.025042
  0
VERTEX
  8
0
 10
21265.555459
 20
35581.703301
 42
-0.029183
  0
VERTEX
  8
0
 10
21262.110112
 20
35602.691468
 42
-0.029323
  0
VERTEX
  8
0
 10
21261.141897
 20
35623.850627
 42
-0.025738
  0
VERTEX
  8
0
 10
21262.565051
 20
35645.930010
 42
-0.071466
  0
VERTEX
  8
0
 10
21276.758640
 20
35699.604362
 42
-0.071112
  0
VERTEX
  8
0
 10
21305.503467
 20
35747.212400
 42
-0.071131
  0
VERTEX
  8
0
 10
21346.427098
 20
35784.849887
 42
-0.071570
  0
VERTEX
  8
0
 10
21396.176272
 20
35809.415980
 42
-0.024414
  0
VERTEX
  8
0
 10
21417.419602
 20
35815.225771
 42
-0.030051
  0
VERTEX
  8
0
 10
21437.707816
 20
35818.459413
 42
-0.029258
  0
VERTEX
  8
0
 10
21458.679557
 20
35819.287631
 42
-0.021247
  0
SEQEND
  0
POLYLINE
  8
0
 66
1
 70
1
  0
VERTEX
  8
0
 10
5680.200984
 20
34578.491382
 42
0.025516
  0
VERTEX
  8
0
 10
5639.504229
 20
34571.752466
 42
0.026781
  0
VERTEX
  8
0
 10
5600.371272
 20
34560.978107
 42
0.027048
  0
VERTEX
  8
0
 10
5562.979168
 20
34546.203255
 42
0.027228
  0
VERTEX
  8
0
 10
5527.485773
 20
34527.506617
 42
0.027401
  0
VERTEX
  8
0
 10
5492.629657
 20
34503.963005
 42
0.028324
  0
VERTEX
  8
0
 10
5460.959906
 20
34476.989809
 42
0.028353
  0
VERTEX
  8
0
 10
5432.571270
 20
34446.638108
 42
0.027585
  0
VERTEX
  8
0
 10
5407.518651
 20
34413.000000
 42
0.012730
  0
VERTEX
  8
0
 10
5395.520481
 20
34393.842686
 42
0.015692
  0
VERTEX
  8
0
 10
5385.365249
 20
34375.372006
 42
0.015780
  0
VERTEX
  8
0
 10
5376.434160
 20
34356.388996
 42
0.013136
  0
VERTEX
  8
0
 10
5368.121249
 20
34335.691857
 42
0.040502
  0
VERTEX
  8
0
 10
5352.218585
 20
34279.263202
 42
0.039228
  0
VERTEX
  8
0
 10
5345.400178
 20
34220.399183
 42
0.039153
  0
VERTEX
  8
0
 10
5347.855132
 20
34161.080862
 42
0.039989
  0
VERTEX
  8
0
 10
5359.541475
 20
34103.300810
 42
0.021374
  0
VERTEX
  8
0
 10
5369.117857
 20
34074.618538
 42
0.019351
  0
VERTEX
  8
0
 10
5381.396712
 20
34045.871721
 42
0.019437
  0
VERTEX
  8
0
 10
5395.795114
 20
34018.298937
 42
0.022144
  0
VERTEX
  8
0
 10
5411.724652
 20
33993.137354
 42
0.019899
  0
VERTEX
  8
0
 10
5427.292979
 20
33972.593004
 42
0.015312
  0
VERTEX
  8
0
 10
5445.823348
 20
33951.417719
 42
0.015411
  0
VERTEX
  8
0
 10
5465.427126
 20
33931.613995
 42
0.021463
  0
VERTEX
  8
0
 10
5484.229707
 20
33915.231210
 42
0.034648
  0
VERTEX
  8
0
 10
5528.361625
 20
33884.743530
 42
0.035724
  0
VERTEX
  8
0
 10
5575.844083
 20
33860.989818
 42
0.035625
  0
VERTEX
  8
0
 10
5626.351385
 20
33844.183862
 42
0.034053
  0
VERTEX
  8
0
 10
5679.500000
 20
33834.406978
 42
0.018746
  0
VERTEX
  8
0
 10
5695.451035
 20
33833.186706
 42
0.007819
  0
VERTEX
  8
0
 10
5717.027119
 20
33832.685469
 42
0.007781
  0
VERTEX
  8
0
 10
5738.498935
 20
33832.856634
 42
0.019962
  0
VERTEX
  8
0
 10
5754.000000
 20
33833.841518
 42
0.041811
  0
VERTEX
  8
0
 10
5819.924429
 20
33846.311299
 42
0.044464
  0
VERTEX
  8
0
 10
5881.448475
 20
33869.426194
 42
0.044740
  0
VERTEX
  8
0
 10
5937.583256
 20
33902.898172
 42
0.043378
  0
VERTEX
  8
0
 10
5987.500000
 20
33946.133940
 42
0.039908
  0
VERTEX
  8
0
 10
6026.171492
 20
33992.939585
 42
0.041444
  0
VERTEX
  8
0
 10
6056.370223
 20
34044.728593
 42
0.041038
  0
VERTEX
  8
0
 10
6077.849543
 20
34101.271721
 42
0.037633
  0
VERTEX
  8
0
 10
6090.572341
 20
34162.224795
 42
0.019628
  0
VERTEX
  8
0
 10
6091.916584
 20
34176.908061
 42
0.007682
  0
VERTEX
  8
0
 10
6092.662981
 20
34197.247407
 42
0.007756
  0
VERTEX
  8
0
 10
6092.782707
 20
34217.872313
 42
0.016805
  0
VERTEX
  8
0
 10
6092.096368
 20
34233.708494
 42
0.043266
  0
VERTEX
  8
0
 10
6081.253982
 20
34299.472936
 42
0.044542
  0
VERTEX
  8
0
 10
6059.310404
 20
34361.724137
 42
0.044711
  0
VERTEX
  8
0
 10
6026.783111
 20
34418.893197
 42
0.044281
  0
VERTEX
  8
0
 10
5984.517128
 20
34469.569489
 42
0.018689
  0
VERTEX
  8
0
 10
5960.164007
 20
34492.246098
 42
0.023436
  0
VERTEX
  8
0
 10
5935.897768
 20
34511.295119
 42
0.023460
  0
VERTEX
  8
0
 10
5909.976152
 20
34527.974215
 42
0.018792
  0
VERTEX
  8
0
 10
5880.641622
 20
34543.517840
 42
0.019688
  0
VERTEX
  8
0
 10
5853.415342
 20
34555.361296
 42
0.020504
  0
VERTEX
  8
0
 10
5825.704509
 20
34564.851039
 42
0.020104
  0
VERTEX
  8
0
 10
5796.801730
 20
34572.192143
 42
0.017437
  0
VERTEX
  8
0
 10
5766.000000
 20
34577.595581
 42
0.025869
  0
VERTEX
  8
0
 10
5749.992353
 20
34578.992783
 42
0.006224
  0
VERTEX
  8
0
 10
5723.355881
 20
34579.602566
 42
0.006298
  0
VERTEX
  8
0
 10
5696.663353
 20
34579.545018
 42
0.024587
  0
SEQEND
  0
POLYLINE
  8
0
 66
1
 70
1
  0
VERTEX
  8
0
 10
5739.500000
 20
34401.977918
 42
-0.060708
  0
VERTEX
  8
0
 10
5787.848679
 20
34390.527404
 42
-0.063426
  0
VERTEX
  8
0
 10
5831.261790
 20
34367.898623
 42
-0.063516
  0
VERTEX
  8
0
 10
5867.566149
 20
34335.144012
 42
-0.061177
  0
VERTEX
  8
0
 10
5895.022201
 20
34293.932154
 42
-0.070100
  0
VERTEX
  8
0
 10
5912.279072
 20
34242.804678
 42
-0.069277
  0
VERTEX
  8
0
 10
5914.836132
 20
34188.687525
 42
-0.069027
  0
VERTEX
  8
0
 10
5902.501308
 20
34135.757597
 42
-0.068753
  0
VERTEX
  8
0
 10
5876.215565
 20
34088.105140
 42
-0.022179
  0
VERTEX
  8
0
 10
5869.272046
 20
34079.618505
 42
-0.010693
  0
VERTEX
  8
0
 10
5859.679258
 20
34069.351456
 42
-0.010682
  0
VERTEX
  8
0
 10
5849.689435
 20
34059.536161
 42
-0.022961
  0
VERTEX
  8
0
 10
5841.500000
 20
34052.506944
 42
-0.038878
  0
VERTEX
  8
0
 10
5813.397706
 20
34033.866263
 42
-0.043410
  0
VERTEX
  8
0
 10
5783.739647
 20
34020.579173
 42
-0.043631
  0
VERTEX
  8
0
 10
5752.369495
 20
34012.661725
 42
-0.040026
  0
VERTEX
  8
0
 10
5719.172549
 20
34010.000000
 42
-0.017164
  0
VERTEX
  8
0
 10
5702.465270
 20
34010.573700
 42
-0.022533
  0
VERTEX
  8
0
 10
5687.302065
 20
34012.305344
 42
-0.022689
  0
VERTEX
  8
0
 10
5672.440081
 20
34015.382060
 42
-0.017801
  0
VERTEX
  8
0
 10
5656.644474
 20
34020.011581
 42
-0.050355
  0
VERTEX
  8
0
 10
5620.953694
 20
34036.007047
 42
-0.050354
  0
VERTEX
  8
0
 10
5589.180315
 20
34058.814232
 42
-0.050210
  0
VERTEX
  8
0
 10
5562.529080
 20
34087.580052
 42
-0.049498
  0
VERTEX
  8
0
 10
5542.000667
 20
34121.213042
 42
-0.101193
  0
VERTEX
  8
0
 10
5522.650918
 20
34197.826339
 42
-0.102056
  0
VERTEX
  8
0
 10
5535.025725
 20
34275.636164
 42
-0.101778
  0
VERTEX
  8
0
 10
5577.230858
 20
34342.362305
 42
-0.100086
  0
VERTEX
  8
0
 10
5642.571728
 20
34387.492464
 42
-0.033885
  0
VERTEX
  8
0
 10
5665.546445
 20
34395.547124
 42
-0.030286
  0
VERTEX
  8
0
 10
5690.274639
 20
34400.789354
 42
-0.030364
  0
VERTEX
  8
0
 10
5715.384741
 20
34402.995599
 42
-0.034566
  0
SEQEND
  0
POLYLINE
  8
0
 66
1
 70
1
  0
VERTEX
  8
0
 10
12772.500000
 20
34579.377115
 42
0.038781
  0
VERTEX
  8
0
 10
12705.251067
 20
34567.329572
 42
0.044527
  0
VERTEX
  8
0
 10
12643.843046
 20
34545.345327
 42
0.045276
  0
VERTEX
  8
0
 10
12588.161459
 20
34513.221801
 42
0.042628
  0
VERTEX
  8
0
 10
12537.946637
 20
34471.015173
 42
0.040452
  0
VERTEX
  8
0
 10
12497.405346
 20
34423.442453
 42
0.042806
  0
VERTEX
  8
0
 10
12465.907839
 20
34370.818877
 42
0.042401
  0
VERTEX
  8
0
 10
12443.597797
 20
34313.133582
 42
0.038273
  0
VERTEX
  8
0
 10
12430.393554
 20
34250.500000
 42
0.020165
  0
VERTEX
  8
0
 10
12429.058529
 20
34235.860450
 42
0.007494
  0
VERTEX
  8
0
 10
12428.321936
 20
34215.195481
 42
0.007582
  0
VERTEX
  8
0
 10
12428.207267
 20
34194.264057
 42
0.017343
  0
VERTEX
  8
0
 10
12428.907132
 20
34178.500000
 42
0.036468
  0
VERTEX
  8
0
 10
12437.540635
 20
34122.120652
 42
0.038209
  0
VERTEX
  8
0
 10
12454.201111
 20
34068.496512
 42
0.038108
  0
VERTEX
  8
0
 10
12478.876748
 20
34017.904948
 42
0.035886
  0
VERTEX
  8
0
 10
12511.386678
 20
33970.559487
 42
0.021275
  0
VERTEX
  8
0
 10
12522.264942
 20
33958.055880
 42
0.007998
  0
VERTEX
  8
0
 10
12538.501677
 20
33941.462535
 42
0.008058
  0
VERTEX
  8
0
 10
12555.381343
 20
33925.285399
 42
0.019459
  0
VERTEX
  8
0
 10
12568.500000
 20
33914.029581
 42
0.029005
  0
VERTEX
  8
0
 10
12605.109420
 20
33888.321770
 42
0.029660
  0
VERTEX
  8
0
 10
12644.183177
 20
33867.232870
 42
0.029701
  0
VERTEX
  8
0
 10
12685.424649
 20
33850.940521
 42
0.029267
  0
VERTEX
  8
0
 10
12728.507568
 20
33839.556653
 42
0.052527
  0
VERTEX
  8
0
 10
12804.951147
 20
33832.284031
 42
0.051358
  0
VERTEX
  8
0
 10
12881.832481
 20
33840.987915
 42
0.051358
  0
VERTEX
  8
0
 10
12955.325637
 20
33865.178424
 42
0.052529
  0
VERTEX
  8
0
 10
13021.749605
 20
33903.703292
 42
0.008080
  0
VERTEX
  8
0
 10
13034.118662
 20
33913.041936
 42
0.012696
  0
VERTEX
  8
0
 10
13044.403139
 20
33921.499763
 42
0.011966
  0
VERTEX
  8
0
 10
13054.666171
 20
33930.825088
 42
0.006216
  0
VERTEX
  8
0
 10
13067.045079
 20
33942.923166
 42
0.024869
  0
VERTEX
  8
0
 10
13092.827556
 20
33971.461348
 42
0.026180
  0
VERTEX
  8
0
 10
13115.180900
 20
34001.950456
 42
0.026279
  0
VERTEX
  8
0
 10
13134.151695
 20
34034.496712
 42
0.025477
  0
VERTEX
  8
0
 10
13149.820183
 20
34069.185816
 42
0.046187
  0
VERTEX
  8
0
 10
13169.422780
 20
34137.099592
 42
0.047699
  0
VERTEX
  8
0
 10
13175.942068
 20
34206.720373
 42
0.047539
  0
VERTEX
  8
0
 10
13169.151726
 20
34276.529266
 42
0.045277
  0
VERTEX
  8
0
 10
13149.279904
 20
34345.000000
 42
0.034685
  0
VERTEX
  8
0
 10
13129.535007
 20
34386.691868
 42
0.030178
  0
VERTEX
  8
0
 10
13103.373398
 20
34427.330339
 42
0.030245
  0
VERTEX
  8
0
 10
13072.581673
 20
34464.427202
 42
0.035309
  0
VERTEX
  8
0
 10
13038.992848
 20
34495.527498
 42
0.031921
  0
VERTEX
  8
0
 10
12994.978215
 20
34526.456861
 42
0.035829
  0
VERTEX
  8
0
 10
12949.002756
 20
34550.222497
 42
0.035921
  0
VERTEX
  8
0
 10
12900.212448
 20
34567.133736
 42
0.032401
  0
VERTEX
  8
0
 10
12847.794600
 20
34577.599119
 42
0.023632
  0
VERTEX
  8
0
 10
12835.142623
 20
34578.677498
 42
0.003541
  0
VERTEX
  8
0
 10
12809.642048
 20
34579.460395
 42
0.003311
  0
VERTEX
  8
0
 10
12784.075595
 20
34579.894764
 42
0.027535
  0
SEQEND
  0
POLYLINE
  8
0
 66
1
 70
1
  0
VERTEX
  8
0
 10
12821.144045
 20
34401.952401
 42
-0.096127
  0
VERTEX
  8
0
 10
12893.501333
 20
34380.164408
 42
-0.096831
  0
VERTEX
  8
0
 10
12952.244510
 20
34332.931812
 42
-0.096949
  0
VERTEX
  8
0
 10
12988.825023
 20
34267.107999
 42
-0.096620
  0
VERTEX
  8
0
 10
12997.947742
 20
34192.268522
 42
-0.045518
  0
VERTEX
  8
0
 10
12992.140358
 20
34156.805099
 42
-0.046160
  0
VERTEX
  8
0
 10
12980.025728
 20
34123.152007
 42
-0.046104
  0
VERTEX
  8
0
 10
12961.925909
 20
34092.256275
 42
-0.045184
  0
VERTEX
  8
0
 10
12938.361969
 20
34064.973444
 42
-0.034169
  0
VERTEX
  8
0
 10
12916.829835
 20
34046.844926
 42
-0.036480
  0
VERTEX
  8
0
 10
12893.477612
 20
34032.251390
 42
-0.036283
  0
VERTEX
  8
0
 10
12868.133273
 20
34021.142800
 42
-0.033079
  0
VERTEX
  8
0
 10
12840.659354
 20
34013.408275
 42
-0.029677
  0
VERTEX
  8
0
 10
12826.340097
 20
34011.259513
 42
-0.014839
  0
VERTEX
  8
0
 10
12808.051083
 20
34010.162014
 42
-0.014843
  0
VERTEX
  8
0
 10
12789.662263
 20
34010.151394
 42
-0.028634
  0
VERTEX
  8
0
 10
12775.000000
 20
34011.420749
 42
-0.108631
  0
VERTEX
  8
0
 10
12694.549821
 20
34041.704560
 42
-0.110394
  0
VERTEX
  8
0
 10
12634.769459
 20
34102.807115
 42
-0.110549
  0
VERTEX
  8
0
 10
12606.746563
 20
34183.471255
 42
-0.109194
  0
VERTEX
  8
0
 10
12615.595891
 20
34268.773017
 42
-0.049423
  0
VERTEX
  8
0
 10
12631.279668
 20
34303.925067
 42
-0.049633
  0
VERTEX
  8
0
 10
12653.538445
 20
34335.261557
 42
-0.049479
  0
VERTEX
  8
0
 10
12681.608114
 20
34361.680793
 42
-0.048508
  0
VERTEX
  8
0
 10
12714.500000
 20
34382.270265
 42
-0.035013
  0
VERTEX
  8
0
 10
12739.936562
 20
34392.796390
 42
-0.034979
  0
VERTEX
  8
0
 10
12766.601141
 20
34399.674189
 42
-0.035093
  0
VERTEX
  8
0
 10
12793.879158
 20
34402.751810
 42
-0.035767
  0
SEQEND
  0
POLYLINE
  8
0
 66
1
 70
1
  0
VERTEX
  8
0
 10
19845.203143
 20
34578.491598
 42
0.040145
  0
VERTEX
  8
0
 10
19781.608124
 20
34566.041443
 42
0.043147
  0
VERTEX
  8
0
 10
19722.405132
 20
34543.769798
 42
0.043396
  0
VERTEX
  8
0
 10
19668.200008
 20
34511.806412
 42
0.041535
  0
VERTEX
  8
0
 10
19619.462912
 20
34470.542699
 42
0.041039
  0
VERTEX
  8
0
 10
19578.535403
 20
34422.265321
 42
0.043546
  0
VERTEX
  8
0
 10
19546.949181
 20
34368.862088
 42
0.042965
  0
VERTEX
  8
0
 10
19524.761816
 20
34310.131295
 42
0.037990
  0
VERTEX
  8
0
 10
19511.802773
 20
34246.000000
 42
0.025661
  0
VERTEX
  8
0
 10
19510.653587
 20
34230.095825
 42
0.006829
  0
VERTEX
  8
0
 10
19510.471450
 20
34204.670406
 42
0.006948
  0
VERTEX
  8
0
 10
19510.992112
 20
34179.138789
 42
0.023426
  0
VERTEX
  8
0
 10
19512.344978
 20
34162.500000
 42
0.038300
  0
VERTEX
  8
0
 10
19524.941628
 20
34101.774284
 42
0.040929
  0
VERTEX
  8
0
 10
19546.473398
 20
34045.071025
 42
0.041265
  0
VERTEX
  8
0
 10
19576.762209
 20
33993.043378
 42
0.040246
  0
VERTEX
  8
0
 10
19615.412066
 20
33946.227119
 42
0.028362
  0
VERTEX
  8
0
 10
19648.179860
 20
33916.096069
 42
0.030192
  0
VERTEX
  8
0
 10
19683.497094
 20
33890.538509
 42
0.030238
  0
VERTEX
  8
0
 10
19721.583068
 20
33869.454076
 42
0.028636
  0
VERTEX
  8
0
 10
19762.622077
 20
33852.685956
 42
0.014783
  0
VERTEX
  8
0
 10
19783.422376
 20
33846.227275
 42
0.014178
  0
VERTEX
  8
0
 10
19804.858119
 20
33840.909927
 42
0.014043
  0
VERTEX
  8
0
 10
19826.770661
 20
33836.770336
 42
0.013816
  0
VERTEX
  8
0
 10
19849.000000
 20
33833.841518
 42
0.019962
  0
VERTEX
  8
0
 10
19864.501065
 20
33832.856634
 42
0.007781
  0
VERTEX
  8
0
 10
19885.972881
 20
33832.685469
 42
0.007819
  0
VERTEX
  8
0
 10
19907.548965
 20
33833.186706
 42
0.018746
  0
VERTEX
  8
0
 10
19923.500000
 20
33834.406978
 42
0.040060
  0
VERTEX
  8
0
 10
19986.744720
 20
33846.827308
 42
0.043197
  0
VERTEX
  8
0
 10
20045.552207
 20
33868.985115
 42
0.043398
  0
VERTEX
  8
0
 10
20099.440497
 20
33900.807098
 42
0.041170
  0
VERTEX
  8
0
 10
20148.059230
 20
33941.962364
 42
0.041243
  0
VERTEX
  8
0
 10
20188.775708
 20
33989.949808
 42
0.042492
  0
VERTEX
  8
0
 10
20220.608881
 20
34043.511116
 42
0.042362
  0
VERTEX
  8
0
 10
20243.006943
 20
34101.839948
 42
0.040486
  0
VERTEX
  8
0
 10
20255.674228
 20
34164.000000
 42
0.021184
  0
VERTEX
  8
0
 10
20256.970538
 20
34180.640631
 42
0.007295
  0
VERTEX
  8
0
 10
20257.472531
 20
34204.780525
 42
0.007174
  0
VERTEX
  8
0
 10
20257.277226
 20
34228.757854
 42
0.023757
  0
VERTEX
  8
0
 10
20256.173504
 20
34244.500000
 42
0.018132
  0
VERTEX
  8
0
 10
20251.104736
 20
34277.204707
 42
0.021013
  0
VERTEX
  8
0
 10
20243.859866
 20
34307.864605
 42
0.021235
  0
VERTEX
  8
0
 10
20234.144771
 20
34337.525634
 42
0.019306
  0
VERTEX
  8
0
 10
20221.669024
 20
34367.232512
 42
0.028628
  0
VERTEX
  8
0
 10
20204.589434
 20
34398.989736
 42
0.023637
  0
VERTEX
  8
0
 10
20182.946708
 20
34430.764600
 42
0.023543
  0
VERTEX
  8
0
 10
20158.289538
 20
34460.500991
 42
0.027647
  0
VERTEX
  8
0
 10
20132.165089
 20
34486.146683
 42
0.035848
  0
VERTEX
  8
0
 10
20087.415732
 20
34520.109269
 42
0.037735
  0
VERTEX
  8
0
 10
20039.010381
 20
34546.685728
 42
0.037498
  0
VERTEX
  8
0
 10
19986.872860
 20
34565.818576
 42
0.034514
  0
VERTEX
  8
0
 10
19931.000000
 20
34577.596055
 42
0.025861
  0
VERTEX
  8
0
 10
19914.992169
 20
34578.992861
 42
0.006222
  0
VERTEX
  8
0
 10
19888.355107
 20
34579.602477
 42
0.006296
  0
VERTEX
  8
0
 10
19861.662399
 20
34579.544993
 42
0.024589
  0
SEQEND
  0
POLYLINE
  8
0
 66
1
 70
1
  0
VERTEX
  8
0
 10
19904.000000
 20
34401.981003
 42
-0.042038
  0
VERTEX
  8
0
 10
19936.975309
 20
34395.732409
 42
-0.043237
  0
VERTEX
  8
0
 10
19968.117805
 20
34384.091322
 42
-0.043178
  0
VERTEX
  8
0
 10
19996.832411
 20
34367.249967
 42
-0.041689
  0
VERTEX
  8
0
 10
20022.593150
 20
34345.548893
 42
-0.076964
  0
VERTEX
  8
0
 10
20058.481840
 20
34296.714611
 42
-0.077804
  0
VERTEX
  8
0
 10
20077.753232
 20
34239.492475
 42
-0.077838
  0
VERTEX
  8
0
 10
20078.609826
 20
34179.140619
 42
-0.077132
  0
VERTEX
  8
0
 10
20060.999333
 20
34121.213042
 42
-0.017943
  0
VERTEX
  8
0
 10
20053.396042
 20
34106.784115
 42
-0.022049
  0
VERTEX
  8
0
 10
20045.245539
 20
34093.925603
 42
-0.022008
  0
VERTEX
  8
0
 10
20035.981151
 20
34081.815621
 42
-0.017763
  0
VERTEX
  8
0
 10
20025.026556
 20
34069.638031
 42
-0.020245
  0
VERTEX
  8
0
 10
20012.266796
 20
34057.456667
 42
-0.023867
  0
VERTEX
  8
0
 10
19999.221308
 20
34047.036070
 42
-0.023775
  0
VERTEX
  8
0
 10
19985.197579
 20
34037.873488
 42
-0.019807
  0
VERTEX
  8
0
 10
19969.500000
 20
34029.468581
 42
-0.026032
  0
VERTEX
  8
0
 10
19948.760185
 20
34020.701763
 42
-0.030760
  0
VERTEX
  8
0
 10
19928.333419
 20
34014.686758
 42
-0.030603
  0
VERTEX
  8
0
 10
19907.233426
 20
34011.201797
 42
-0.025305
  0
VERTEX
  8
0
 10
19884.473766
 20
34010.019523
 42
-0.025376
  0
VERTEX
  8
0
 10
19861.611489
 20
34011.150797
 42
-0.029752
  0
VERTEX
  8
0
 10
19840.183659
 20
34014.601554
 42
-0.030161
  0
VERTEX
  8
0
 10
19819.569752
 20
34020.517145
 42
-0.027475
  0
VERTEX
  8
0
 10
19799.145571
 20
34029.025057
 42
-0.020881
  0
VERTEX
  8
0
 10
19783.404183
 20
34037.449503
 42
-0.023622
  0
VERTEX
  8
0
 10
19769.076425
 20
34046.844433
 42
-0.023461
  0
VERTEX
  8
0
 10
19755.615400
 20
34057.608610
 42
-0.020067
  0
VERTEX
  8
0
 10
19742.472276
 20
34070.139895
 42
-0.109910
  0
VERTEX
  8
0
 10
19697.941444
 20
34142.746121
 42
-0.110153
  0
VERTEX
  8
0
 10
19688.446550
 20
34227.323834
 42
-0.109902
  0
VERTEX
  8
0
 10
19715.794257
 20
34308.072309
 42
-0.108986
  0
VERTEX
  8
0
 10
19774.858953
 20
34369.894215
 42
-0.043830
  0
VERTEX
  8
0
 10
19804.450940
 20
34386.194519
 42
-0.043114
  0
VERTEX
  8
0
 10
19836.592662
 20
34397.193309
 42
-0.043088
  0
VERTEX
  8
0
 10
19870.163519
 20
34402.521750
 42
-0.043661
  0
SEQEND
  0
POLYLINE
  8
0
 66
1
 70
1
  0
VERTEX
  8
0
 10
7150.500000
 20
33477.987287
 42
0.042184
  0
VERTEX
  8
0
 10
7084.549844
 20
33467.549105
 42
0.044596
  0
VERTEX
  8
0
 10
7022.557547
 20
33446.285903
 42
0.044767
  0
VERTEX
  8
0
 10
6965.527369
 20
33414.458215
 42
0.043159
  0
VERTEX
  8
0
 10
6914.315655
 20
33372.639825
 42
0.042591
  0
VERTEX
  8
0
 10
6872.023833
 20
33323.895005
 42
0.043759
  0
VERTEX
  8
0
 10
6839.032512
 20
33269.110950
 42
0.043424
  0
VERTEX
  8
0
 10
6815.878039
 20
33209.018774
 42
0.040675
  0
VERTEX
  8
0
 10
6802.820607
 20
33144.500000
 42
0.024172
  0
VERTEX
  8
0
 10
6801.789078
 20
33129.797310
 42
0.005343
  0
VERTEX
  8
0
 10
6801.510542
 20
33104.530723
 42
0.005264
  0
VERTEX
  8
0
 10
6801.767732
 20
33079.293939
 42
0.025476
  0
VERTEX
  8
0
 10
6802.793778
 20
33065.000000
 42
0.038237
  0
VERTEX
  8
0
 10
6815.707373
 20
33000.978228
 42
0.042940
  0
VERTEX
  8
0
 10
6837.913435
 20
32942.214500
 42
0.043486
  0
VERTEX
  8
0
 10
6869.535052
 20
32888.741874
 42
0.041133
  0
VERTEX
  8
0
 10
6910.462912
 20
32840.462912
 42
0.043095
  0
VERTEX
  8
0
 10
6960.603595
 20
32798.293289
 42
0.044093
  0
VERTEX
  8
0
 10
7016.862595
 20
32765.707384
 42
0.044020
  0
VERTEX
  8
0
 10
7078.054354
 20
32743.448219
 42
0.042660
  0
VERTEX
  8
0
 10
7142.845659
 20
32731.950525
 42
0.020627
  0
VERTEX
  8
0
 10
7159.044078
 20
32731.154351
 42
0.006716
  0
VERTEX
  8
0
 10
7182.997713
 20
32731.287747
 42
0.006584
  0
VERTEX
  8
0
 10
7206.782125
 20
32732.053110
 42
0.023258
  0
VERTEX
  8
0
 10
7222.000000
 20
32733.454717
 42
0.045859
  0
VERTEX
  8
0
 10
7294.618144
 20
32750.458207
 42
0.049317
  0
VERTEX
  8
0
 10
7361.068987
 20
32780.150359
 42
0.049701
  0
VERTEX
  8
0
 10
7419.977729
 20
32822.036104
 42
0.047963
  0
VERTEX
  8
0
 10
7470.242711
 20
32875.183228
 42
0.055087
  0
VERTEX
  8
0
 10
7512.831236
 20
32944.394846
 42
0.054441
  0
VERTEX
  8
0
 10
7539.484054
 20
33021.506829
 42
0.054404
  0
VERTEX
  8
0
 10
7548.876994
 20
33102.605107
 42
0.054858
  0
VERTEX
  8
0
 10
7540.506493
 20
33183.585639
 42
0.025450
  0
VERTEX
  8
0
 10
7531.000144
 20
33218.824818
 42
0.023705
  0
VERTEX
  8
0
 10
7517.771404
 20
33253.780615
 42
0.023784
  0
VERTEX
  8
0
 10
7501.346346
 20
33287.205435
 42
0.026098
  0
VERTEX
  8
0
 10
7482.275348
 20
33317.862646
 42
0.022766
  0
VERTEX
  8
0
 10
7462.834750
 20
33343.213802
 42
0.020178
  0
VERTEX
  8
0
 10
7440.405247
 20
33367.774581
 42
0.020228
  0
VERTEX
  8
0
 10
7416.135580
 20
33390.380589
 42
0.023237
  0
VERTEX
  8
0
 10
7391.178671
 20
33409.870235
 42
0.032923
  0
VERTEX
  8
0
 10
7350.040481
 20
33435.132864
 42
0.032078
  0
VERTEX
  8
0
 10
7305.590513
 20
33455.023500
 42
0.032024
  0
VERTEX
  8
0
 10
7258.884283
 20
33469.093553
 42
0.032545
  0
VERTEX
  8
0
 10
7211.014805
 20
33476.991026
 42
0.014158
  0
VERTEX
  8
0
 10
7197.771298
 20
33477.921250
 42
0.006337
  0
VERTEX
  8
0
 10
7180.315762
 20
33478.429980
 42
0.006286
  0
VERTEX
  8
0
 10
7163.031357
 20
33478.497197
 42
0.015994
  0
SEQEND
  0
POLYLINE
  8
0
 66
1
 70
1
  0
VERTEX
  8
0
 10
7202.148154
 20
33299.435510
 42
-0.041279
  0
VERTEX
  8
0
 10
7233.927197
 20
33292.292599
 42
-0.042020
  0
VERTEX
  8
0
 10
7263.903772
 20
33280.054774
 42
-0.041952
  0
VERTEX
  8
0
 10
7291.455598
 20
33262.955691
 42
-0.040873
  0
VERTEX
  8
0
 10
7316.026556
 20
33241.361969
 42
-0.017763
  0
VERTEX
  8
0
 10
7326.981151
 20
33229.184379
 42
-0.022008
  0
VERTEX
  8
0
 10
7336.245539
 20
33217.074397
 42
-0.022049
  0
VERTEX
  8
0
 10
7344.396042
 20
33204.215885
 42
-0.017943
  0
VERTEX
  8
0
 10
7351.999333
 20
33189.786958
 42
-0.062970
  0
VERTEX
  8
0
 10
7367.545780
 20
33143.389834
 42
-0.061848
  0
VERTEX
  8
0
 10
7371.185610
 20
33094.294209
 42
-0.062152
  0
VERTEX
  8
0
 10
7362.715829
 20
33046.019491
 42
-0.064775
  0
VERTEX
  8
0
 10
7342.690770
 20
33002.030787
 42
-0.075388
  0
VERTEX
  8
0
 10
7303.133780
 20
32955.734146
 42
-0.077627
  0
VERTEX
  8
0
 10
7251.997151
 20
32923.794645
 42
-0.077774
  0
VERTEX
  8
0
 10
7193.644456
 20
32909.011140
 42
-0.076100
  0
VERTEX
  8
0
 10
7133.106577
 20
32912.588008
 42
-0.102893
  0
VERTEX
  8
0
 10
7060.712842
 20
32944.569231
 42
-0.102060
  0
VERTEX
  8
0
 10
7006.827678
 20
33002.838391
 42
-0.101733
  0
VERTEX
  8
0
 10
6980.283684
 20
33077.842529
 42
-0.101567
  0
VERTEX
  8
0
 10
6985.459423
 20
33157.281511
 42
-0.053017
  0
VERTEX
  8
0
 10
7000.213611
 20
33194.936854
 42
-0.051879
  0
VERTEX
  8
0
 10
7022.643020
 20
33228.945719
 42
-0.051674
  0
VERTEX
  8
0
 10
7051.687197
 20
33257.726300
 42
-0.051761
  0
VERTEX
  8
0
 10
7086.000000
 20
33279.921297
 42
-0.019615
  0
VERTEX
  8
0
 10
7100.819988
 20
33286.744938
 42
-0.020782
  0
VERTEX
  8
0
 10
7115.849418
 20
33292.243294
 42
-0.020896
  0
VERTEX
  8
0
 10
7131.204643
 20
33296.449555
 42
-0.020323
  0
VERTEX
  8
0
 10
7147.000000
 20
33299.404606
 42
-0.025010
  0
VERTEX
  8
0
 10
7158.750009
 20
33300.515871
 42
-0.010932
  0
VERTEX
  8
0
 10
7174.405651
 20
33300.866970
 42
-0.010955
  0
VERTEX
  8
0
 10
7190.130046
 20
33300.531219
 42
-0.023835
  0
SEQEND
  0
POLYLINE
  8
0
 66
1
 70
1
  0
VERTEX
  8
0
 10
14240.500000
 20
33478.312241
 42
0.016188
  0
VERTEX
  8
0
 10
14222.447470
 20
33476.962306
 42
0.011209
  0
VERTEX
  8
0
 10
14202.142029
 20
33474.319426
 42
0.011140
  0
VERTEX
  8
0
 10
14181.770441
 20
33470.735941
 42
0.014944
  0
VERTEX
  8
0
 10
14163.500000
 20
33466.529491
 42
0.031902
  0
VERTEX
  8
0
 10
14117.323222
 20
33451.229184
 42
0.032848
  0
VERTEX
  8
0
 10
14073.933829
 20
33430.301187
 42
0.032856
  0
VERTEX
  8
0
 10
14033.669335
 20
33403.876728
 42
0.031955
  0
VERTEX
  8
0
 10
13996.815740
 20
33372.177626
 42
0.040525
  0
VERTEX
  8
0
 10
13955.180342
 20
33324.278454
 42
0.043290
  0
VERTEX
  8
0
 10
13922.838938
 20
33271.293209
 42
0.042978
  0
VERTEX
  8
0
 10
13899.921900
 20
33213.173719
 42
0.038860
  0
VERTEX
  8
0
 10
13886.324365
 20
33150.000000
 42
0.025586
  0
VERTEX
  8
0
 10
13884.937507
 20
33133.362174
 42
0.006569
  0
VERTEX
  8
0
 10
13884.428321
 20
33106.374282
 42
0.006527
  0
VERTEX
  8
0
 10
13884.625868
 20
33079.411056
 42
0.026318
  0
VERTEX
  8
0
 10
13885.826073
 20
33063.000000
 42
0.032283
  0
VERTEX
  8
0
 10
13896.201324
 20
33009.102018
 42
0.036142
  0
VERTEX
  8
0
 10
13913.175845
 20
32959.050397
 42
0.036279
  0
VERTEX
  8
0
 10
13937.113555
 20
32912.128780
 42
0.033006
  0
VERTEX
  8
0
 10
13968.271334
 20
32867.573464
 42
0.020399
  0
VERTEX
  8
0
 10
13979.124158
 20
32855.125340
 42
0.008597
  0
VERTEX
  8
0
 10
13994.656484
 20
32839.267377
 42
0.008638
  0
VERTEX
  8
0
 10
14010.866130
 20
32823.820617
 42
0.018510
  0
VERTEX
  8
0
 10
14024.000000
 20
32812.599735
 42
0.043663
  0
VERTEX
  8
0
 10
14080.771769
 20
32775.183128
 42
0.045365
  0
VERTEX
  8
0
 10
14142.472905
 20
32748.747449
 42
0.045532
  0
VERTEX
  8
0
 10
14207.715422
 20
32733.944227
 42
0.044640
  0
VERTEX
  8
0
 10
14275.000000
 20
32731.056190
 42
0.076935
  0
VERTEX
  8
0
 10
14387.621664
 20
32753.873000
 42
0.077452
  0
VERTEX
  8
0
 10
14487.788923
 20
32809.646853
 42
0.077393
  0
VERTEX
  8
0
 10
14566.295374
 20
32893.300314
 42
0.076640
  0
VERTEX
  8
0
 10
14615.968388
 20
32997.134351
 42
0.047675
  0
VERTEX
  8
0
 10
14629.763043
 20
33065.909527
 42
0.047171
  0
VERTEX
  8
0
 10
14630.354320
 20
33136.303215
 42
0.047080
  0
VERTEX
  8
0
 10
14617.731240
 20
33205.686985
 42
0.047112
  0
VERTEX
  8
0
 10
14592.352755
 20
33271.467717
 42
0.020031
  0
VERTEX
  8
0
 10
14577.602315
 20
33298.313513
 42
0.021042
  0
VERTEX
  8
0
 10
14560.974688
 20
33323.442118
 42
0.020922
  0
VERTEX
  8
0
 10
14542.199671
 20
33347.214777
 42
0.019318
  0
VERTEX
  8
0
 10
14521.017906
 20
33370.000000
 42
0.045319
  0
VERTEX
  8
0
 10
14468.963089
 20
33413.194581
 42
0.045839
  0
VERTEX
  8
0
 10
14410.169159
 20
33446.116583
 42
0.045651
  0
VERTEX
  8
0
 10
14346.127317
 20
33467.881172
 42
0.044202
  0
VERTEX
  8
0
 10
14278.500000
 20
33477.965030
 42
0.003781
  0
VERTEX
  8
0
 10
14267.577439
 20
33478.534717
 42
0.008853
  0
VERTEX
  8
0
 10
14259.402824
 20
33478.754196
 42
0.008933
  0
VERTEX
  8
0
 10
14251.269710
 20
33478.683197
 42
0.003918
  0
SEQEND
  0
POLYLINE
  8
0
 66
1
 70
1
  0
VERTEX
  8
0
 10
14283.198784
 20
33299.508149
 42
-0.080782
  0
VERTEX
  8
0
 10
14344.226486
 20
33281.132874
 42
-0.081916
  0
VERTEX
  8
0
 10
14395.957432
 20
33244.424247
 42
-0.081731
  0
VERTEX
  8
0
 10
14433.247709
 20
33192.965161
 42
-0.079911
  0
VERTEX
  8
0
 10
14452.447819
 20
33131.871662
 42
-0.028546
  0
VERTEX
  8
0
 10
14454.007164
 20
33114.185300
 42
-0.020839
  0
VERTEX
  8
0
 10
14453.793871
 20
33094.456101
 42
-0.020772
  0
VERTEX
  8
0
 10
14451.932635
 20
33074.718389
 42
-0.027509
  0
VERTEX
  8
0
 10
14448.514723
 20
33057.000000
 42
-0.064807
  0
VERTEX
  8
0
 10
14429.861275
 20
33009.611064
 42
-0.064807
  0
VERTEX
  8
0
 10
14399.698424
 20
32968.576034
 42
-0.064801
  0
VERTEX
  8
0
 10
14360.033572
 20
32936.626609
 42
-0.064776
  0
VERTEX
  8
0
 10
14313.507188
 20
32915.889255
 42
-0.036146
  0
VERTEX
  8
0
 10
14288.597088
 20
32910.380325
 42
-0.031469
  0
VERTEX
  8
0
 10
14261.964355
 20
32908.178891
 42
-0.031405
  0
VERTEX
  8
0
 10
14235.205384
 20
32909.336523
 42
-0.035571
  0
VERTEX
  8
0
 10
14209.917419
 20
32913.863370
 42
-0.062542
  0
VERTEX
  8
0
 10
14163.828954
 20
32931.907584
 42
-0.062769
  0
VERTEX
  8
0
 10
14123.695139
 20
32960.769729
 42
-0.062946
  0
VERTEX
  8
0
 10
14092.070847
 20
32998.603590
 42
-0.063541
  0
VERTEX
  8
0
 10
14070.974461
 20
33043.000000
 42
-0.061118
  0
VERTEX
  8
0
 10
14061.602332
 20
33090.550977
 42
-0.062102
  0
VERTEX
  8
0
 10
14064.085018
 20
33138.692206
 42
-0.061980
  0
VERTEX
  8
0
 10
14078.326150
 20
33184.832730
 42
-0.060458
  0
VERTEX
  8
0
 10
14103.526541
 20
33226.500000
 42
-0.020027
  0
VERTEX
  8
0
 10
14109.774058
 20
33233.846055
 42
-0.008989
  0
VERTEX
  8
0
 10
14118.530603
 20
33243.007825
 42
-0.009004
  0
VERTEX
  8
0
 10
14127.647275
 20
33251.883846
 42
-0.019183
  0
VERTEX
  8
0
 10
14135.070622
 20
33258.337776
 42
-0.035824
  0
VERTEX
  8
0
 10
14156.330073
 20
33273.059987
 42
-0.032474
  0
VERTEX
  8
0
 10
14180.166344
 20
33285.142027
 42
-0.032379
  0
VERTEX
  8
0
 10
14205.442675
 20
33294.068242
 42
-0.035059
  0
VERTEX
  8
0
 10
14231.000000
 20
33299.372814
 42
-0.021131
  0
VERTEX
  8
0
 10
14242.788924
 20
33300.464091
 42
-0.011865
  0
VERTEX
  8
0
 10
14257.170563
 20
33300.842715
 42
-0.011868
  0
VERTEX
  8
0
 10
14271.520138
 20
33300.539280
 42
-0.021596
  0
SEQEND
  0
POLYLINE
  8
0
 66
1
 70
1
  0
VERTEX
  8
0
 10
21315.447812
 20
33478.011470
 42
0.037288
  0
VERTEX
  8
0
 10
21258.747485
 20
33469.756938
 42
0.037998
  0
VERTEX
  8
0
 10
21204.271308
 20
33453.199487
 42
0.037987
  0
VERTEX
  8
0
 10
21152.913932
 20
33428.582986
 42
0.037220
  0
VERTEX
  8
0
 10
21105.500000
 20
33396.332295
 42
0.014121
  0
VERTEX
  8
0
 10
21099.995309
 20
33391.696180
 42
0.004619
  0
VERTEX
  8
0
 10
21092.141404
 20
33384.561758
 42
0.004598
  0
VERTEX
  8
0
 10
21083.562928
 20
33376.475580
 42
0.005177
  0
VERTEX
  8
0
 10
21075.470738
 20
33368.543371
 42
0.011994
  0
VERTEX
  8
0
 10
21058.454473
 20
33350.677290
 42
0.016798
  0
VERTEX
  8
0
 10
21044.197295
 20
33333.868996
 42
0.017564
  0
VERTEX
  8
0
 10
21031.596633
 20
33316.758011
 42
0.015268
  0
VERTEX
  8
0
 10
21019.597470
 20
33298.000000
 42
0.024484
  0
VERTEX
  8
0
 10
21000.920802
 20
33262.950806
 42
0.026791
  0
VERTEX
  8
0
 10
20986.373894
 20
33227.264537
 42
0.026559
  0
VERTEX
  8
0
 10
20975.626276
 20
33189.944056
 42
0.023246
  0
VERTEX
  8
0
 10
20968.324365
 20
33150.000000
 42
0.025772
  0
VERTEX
  8
0
 10
20966.939867
 20
33133.315386
 42
0.006391
  0
VERTEX
  8
0
 10
20966.433044
 20
33105.885354
 42
0.006173
  0
VERTEX
  8
0
 10
20966.614859
 20
33078.556038
 42
0.029459
  0
VERTEX
  8
0
 10
20967.829122
 20
33063.000000
 42
0.008333
  0
VERTEX
  8
0
 10
20971.085245
 20
33041.949575
 42
0.011458
  0
VERTEX
  8
0
 10
20974.758543
 20
33023.158431
 42
0.012363
  0
VERTEX
  8
0
 10
20979.024169
 20
33005.779182
 42
0.013174
  0
VERTEX
  8
0
 10
20984.063426
 20
32989.000000
 42
0.022028
  0
VERTEX
  8
0
 10
20996.174409
 20
32957.033342
 42
0.022629
  0
VERTEX
  8
0
 10
21010.954394
 20
32926.549479
 42
0.022543
  0
VERTEX
  8
0
 10
21028.487011
 20
32897.418378
 42
0.021491
  0
VERTEX
  8
0
 10
21048.835661
 20
32869.500000
 42
0.019298
  0
VERTEX
  8
0
 10
21060.003298
 20
32856.544026
 42
0.008852
  0
VERTEX
  8
0
 10
21075.494445
 20
32840.494445
 42
0.008852
  0
VERTEX
  8
0
 10
21091.544026
 20
32825.003298
 42
0.019298
  0
VERTEX
  8
0
 10
21104.500000
 20
32813.835661
 42
0.035174
  0
VERTEX
  8
0
 10
21150.847158
 20
32781.957971
 42
0.037509
  0
VERTEX
  8
0
 10
21200.246630
 20
32757.655604
 42
0.037499
  0
VERTEX
  8
0
 10
21252.734996
 20
32741.001358
 42
0.035117
  0
VERTEX
  8
0
 10
21308.288103
 20
32731.917656
 42
0.021324
  0
VERTEX
  8
0
 10
21324.092104
 20
32731.138929
 42
0.006504
  0
VERTEX
  8
0
 10
21348.041497
 20
32731.292572
 42
0.006408
  0
VERTEX
  8
0
 10
21371.878911
 20
32732.061356
 42
0.023158
  0
VERTEX
  8
0
 10
21387.000000
 20
32733.446723
 42
0.026530
  0
VERTEX
  8
0
 10
21430.635839
 20
32741.871266
 42
0.029011
  0
VERTEX
  8
0
 10
21471.819885
 20
32754.691026
 42
0.029329
  0
VERTEX
  8
0
 10
21510.837985
 20
32772.041558
 42
0.028391
  0
VERTEX
  8
0
 10
21548.000000
 20
32794.006981
 42
0.052403
  0
VERTEX
  8
0
 10
21607.989931
 20
32844.056344
 42
0.052401
  0
VERTEX
  8
0
 10
21656.265019
 20
32905.484154
 42
0.052370
  0
VERTEX
  8
0
 10
21690.738679
 20
32975.641862
 42
0.052217
  0
VERTEX
  8
0
 10
21709.925951
 20
33051.500000
 42
0.036022
  0
VERTEX
  8
0
 10
21713.727547
 20
33104.661274
 42
0.035572
  0
VERTEX
  8
0
 10
21709.891300
 20
33158.045359
 42
0.035586
  0
VERTEX
  8
0
 10
21698.529525
 20
33210.326232
 42
0.036116
  0
VERTEX
  8
0
 10
21679.908192
 20
33260.200427
 42
0.047511
  0
VERTEX
  8
0
 10
21644.273930
 20
33321.794118
 42
0.047661
  0
VERTEX
  8
0
 10
21597.686913
 20
33375.483502
 42
0.047658
  0
VERTEX
  8
0
 10
21541.774421
 20
33419.382658
 42
0.047497
  0
VERTEX
  8
0
 10
21478.500000
 20
33451.958666
 42
0.018131
  0
VERTEX
  8
0
 10
21453.940071
 20
33460.764479
 42
0.016973
  0
VERTEX
  8
0
 10
21428.263894
 20
33467.983068
 42
0.017003
  0
VERTEX
  8
0
 10
21402.205417
 20
33473.431596
 42
0.018372
  0
VERTEX
  8
0
 10
21376.500000
 20
33476.932927
 42
0.013852
  0
VERTEX
  8
0
 10
21363.063504
 20
33477.887657
 42
0.006393
  0
VERTEX
  8
0
 10
21345.544326
 20
33478.421267
 42
0.006351
  0
VERTEX
  8
0
 10
21328.195352
 20
33478.507369
 42
0.015573
  0
SEQEND
  0
POLYLINE
  8
0
 66
1
 70
1
  0
VERTEX
  8
0
 10
21373.500000
 20
33298.601557
 42
-0.077407
  0
VERTEX
  8
0
 10
21432.006831
 20
33278.264936
 42
-0.078464
  0
VERTEX
  8
0
 10
21481.251771
 20
33241.166127
 42
-0.078792
  0
VERTEX
  8
0
 10
21516.513711
 20
33190.851974
 42
-0.079025
  0
VERTEX
  8
0
 10
21534.435510
 20
33132.148154
 42
-0.022649
  0
VERTEX
  8
0
 10
21535.591938
 20
33119.788196
 42
-0.011945
  0
VERTEX
  8
0
 10
21535.963621
 20
33104.376226
 42
-0.011936
  0
VERTEX
  8
0
 10
21535.601795
 20
33089.078419
 42
-0.024379
  0
VERTEX
  8
0
 10
21534.447819
 20
33077.128338
 42
-0.059311
  0
VERTEX
  8
0
 10
21522.015643
 20
33031.044256
 42
-0.060723
  0
VERTEX
  8
0
 10
21499.176775
 20
32989.561763
 42
-0.060879
  0
VERTEX
  8
0
 10
21467.103732
 20
32954.869102
 42
-0.060168
  0
VERTEX
  8
0
 10
21427.500000
 20
32928.762370
 42
-0.025188
  0
VERTEX
  8
0
 10
21408.254300
 20
32920.345888
 42
-0.027950
  0
VERTEX
  8
0
 10
21388.909054
 20
32914.234134
 42
-0.027718
  0
VERTEX
  8
0
 10
21368.858570
 20
32910.280209
 42
-0.023990
  0
VERTEX
  8
0
 10
21347.500000
 20
32908.324568
 42
-0.043462
  0
VERTEX
  8
0
 10
21314.137666
 20
32909.777787
 42
-0.042885
  0
VERTEX
  8
0
 10
21281.374149
 20
32916.970907
 42
-0.042624
  0
VERTEX
  8
0
 10
21250.132409
 20
32929.704738
 42
-0.041827
  0
VERTEX
  8
0
 10
21221.291915
 20
32947.619322
 42
-0.026715
  0
VERTEX
  8
0
 10
21212.561196
 20
32954.867098
 42
-0.009782
  0
VERTEX
  8
0
 10
21200.992130
 20
32965.992130
 42
-0.009782
  0
VERTEX
  8
0
 10
21189.867098
 20
32977.561196
 42
-0.026715
  0
VERTEX
  8
0
 10
21182.619322
 20
32986.291915
 42
-0.088329
  0
VERTEX
  8
0
 10
21151.140329
 20
33049.314528
 42
-0.090094
  0
VERTEX
  8
0
 10
21143.644518
 20
33118.883189
 42
-0.090220
  0
VERTEX
  8
0
 10
21161.093703
 20
33186.563127
 42
-0.088884
  0
VERTEX
  8
0
 10
21201.314160
 20
33244.161426
 42
-0.040308
  0
VERTEX
  8
0
 10
21225.094800
 20
33264.327867
 42
-0.039876
  0
VERTEX
  8
0
 10
21251.885782
 20
33280.498826
 42
-0.039617
  0
VERTEX
  8
0
 10
21281.077481
 20
33292.299361
 42
-0.038675
  0
VERTEX
  8
0
 10
21312.000000
 20
33299.463244
 42
-0.031645
  0
VERTEX
  8
0
 10
21324.174166
 20
33300.526014
 42
-0.009455
  0
VERTEX
  8
0
 10
21342.820838
 20
33300.617362
 42
-0.009433
  0
VERTEX
  8
0
 10
21361.444078
 20
33300.004904
 42
-0.032082
  0
SEQEND
  0
POLYLINE
  8
0
 66
1
 70
1
  0
VERTEX
  8
0
 10
5674.000000
 20
32592.406888
 42
-0.001732
  0
VERTEX
  8
0
 10
5671.370083
 20
32592.205230
 42
-0.000282
  0
VERTEX
  8
0
 10
5666.268750
 20
32591.834732
 42
-0.000311
  0
VERTEX
  8
0
 10
5660.264236
 20
32591.405800
 42
-0.000274
  0
VERTEX
  8
0
 10
5654.000000
 20
32590.965683
 42
0.032942
  0
VERTEX
  8
0
 10
5538.425043
 20
32575.213935
 42
0.032520
  0
VERTEX
  8
0
 10
5425.407836
 20
32544.381146
 42
0.032404
  0
VERTEX
  8
0
 10
5316.955823
 20
32499.021566
 42
0.032170
  0
VERTEX
  8
0
 10
5215.000000
 20
32439.934200
 42
0.051903
  0
VERTEX
  8
0
 10
5071.624262
 20
32320.810561
 42
0.051775
  0
VERTEX
  8
0
 10
4955.721124
 20
32174.621529
 42
0.051692
  0
VERTEX
  8
0
 10
4872.173447
 20
32007.507423
 42
0.051407
  0
VERTEX
  8
0
 10
4824.489241
 20
31826.500000
 42
0.008648
  0
VERTEX
  8
0
 10
4820.263246
 20
31795.974302
 42
0.009584
  0
VERTEX
  8
0
 10
4817.257636
 20
31766.347866
 42
0.009282
  0
VERTEX
  8
0
 10
4815.319383
 20
31735.804252
 42
0.007198
  0
VERTEX
  8
0
 10
4814.306175
 20
31702.500000
 42
0.015061
  0
VERTEX
  8
0
 10
4815.142163
 20
31643.221307
 42
0.016760
  0
VERTEX
  8
0
 10
4819.584788
 20
31586.187420
 42
0.016835
  0
VERTEX
  8
0
 10
4827.812766
 20
31529.809677
 42
0.015481
  0
VERTEX
  8
0
 10
4840.000735
 20
31472.500000
 42
0.043208
  0
VERTEX
  8
0
 10
4890.129776
 20
31324.639558
 42
0.043291
  0
VERTEX
  8
0
 10
4964.899586
 20
31187.695645
 42
0.043232
  0
VERTEX
  8
0
 10
5062.243777
 20
31065.504078
 42
0.042840
  0
VERTEX
  8
0
 10
5179.426099
 20
30961.463761
 42
0.031962
  0
VERTEX
  8
0
 10
5273.984251
 20
30899.980104
 42
0.031175
  0
VERTEX
  8
0
 10
5376.381609
 20
30850.478915
 42
0.031140
  0
VERTEX
  8
0
 10
5484.256351
 20
30814.045551
 42
0.031720
  0
VERTEX
  8
0
 10
5595.160694
 20
30791.560431
 42
0.006897
  0
VERTEX
  8
0
 10
5627.483006
 20
30787.570502
 42
0.011158
  0
VERTEX
  8
0
 10
5655.082460
 20
30785.171292
 42
0.010607
  0
VERTEX
  8
0
 10
5683.730572
 20
30783.933408
 42
0.005519
  0
VERTEX
  8
0
 10
5719.500000
 20
30783.542366
 42
0.003155
  0
VERTEX
  8
0
 10
5749.197121
 20
30783.732912
 42
0.008739
  0
VERTEX
  8
0
 10
5770.080376
 20
30784.363875
 42
0.009723
  0
VERTEX
  8
0
 10
5789.652740
 20
30785.679705
 42
0.004779
  0
VERTEX
  8
0
 10
5814.500000
 20
30788.075696
 42
0.050235
  0
VERTEX
  8
0
 10
5992.403977
 20
30825.265238
 42
0.050357
  0
VERTEX
  8
0
 10
6159.163967
 20
30897.168000
 42
0.050344
  0
VERTEX
  8
0
 10
6308.222264
 20
31000.975791
 42
0.050157
  0
VERTEX
  8
0
 10
6433.733093
 20
31132.596697
 42
0.035891
  0
VERTEX
  8
0
 10
6505.151238
 20
31239.340553
 42
0.035481
  0
VERTEX
  8
0
 10
6560.878614
 20
31355.601633
 42
0.035467
  0
VERTEX
  8
0
 10
6599.626515
 20
31478.620311
 42
0.035797
  0
VERTEX
  8
0
 10
6620.450169
 20
31605.500000
 42
0.011792
  0
VERTEX
  8
0
 10
6623.106075
 20
31644.772770
 42
0.010214
  0
VERTEX
  8
0
 10
6624.077009
 20
31686.056902
 42
0.010247
  0
VERTEX
  8
0
 10
6623.360990
 20
31727.188503
 42
0.012128
  0
VERTEX
  8
0
 10
6620.945564
 20
31766.000000
 42
0.033921
  0
VERTEX
  8
0
 10
6602.150575
 20
31886.898996
 42
0.033699
  0
VERTEX
  8
0
 10
6567.155967
 20
32004.419918
 42
0.033716
  0
VERTEX
  8
0
 10
6516.713183
 20
32116.115450
 42
0.034040
  0
VERTEX
  8
0
 10
6451.855761
 20
32219.644735
 42
0.016547
  0
VERTEX
  8
0
 10
6416.344842
 20
32265.324959
 42
0.015656
  0
VERTEX
  8
0
 10
6377.252280
 20
32309.432396
 42
0.015629
  0
VERTEX
  8
0
 10
6335.402510
 20
32351.084930
 42
0.016336
  0
VERTEX
  8
0
 10
6291.628884
 20
32389.408627
 42
0.035987
  0
VERTEX
  8
0
 10
6187.807252
 20
32462.668919
 42
0.035158
  0
VERTEX
  8
0
 10
6073.762493
 20
32520.925605
 42
0.035090
  0
VERTEX
  8
0
 10
5952.457467
 20
32562.723887
 42
0.035528
  0
VERTEX
  8
0
 10
5827.000000
 20
32586.936896
 42
0.005309
  0
VERTEX
  8
0
 10
5801.367573
 20
32589.742212
 42
0.010801
  0
VERTEX
  8
0
 10
5781.165383
 20
32591.296607
 42
0.009324
  0
VERTEX
  8
0
 10
5759.123974
 20
32592.102385
 42
0.003022
  0
VERTEX
  8
0
 10
5726.500000
 20
32592.488979
 42
0.000750
  0
VERTEX
  8
0
 10
5707.781752
 20
32592.569561
 42
0.001092
  0
VERTEX
  8
0
 10
5691.278125
 20
32592.579805
 42
0.000534
  0
VERTEX
  8
0
 10
5677.248362
 20
32592.542895
 42
0.019076
  0
SEQEND
  0
POLYLINE
  8
0
 66
1
 70
1
  0
VERTEX
  8
0
 10
5770.000000
 20
32571.992213
 42
-0.019415
  0
VERTEX
  8
0
 10
5841.919935
 20
32564.829430
 42
-0.020321
  0
VERTEX
  8
0
 10
5911.969482
 20
32552.174490
 42
-0.020392
  0
VERTEX
  8
0
 10
5980.532115
 20
32533.924785
 42
-0.019858
  0
VERTEX
  8
0
 10
6048.000000
 20
32510.010913
 42
-0.045924
  0
VERTEX
  8
0
 10
6192.274938
 20
32436.337896
 42
-0.045939
  0
VERTEX
  8
0
 10
6320.660032
 20
32337.574452
 42
-0.045913
  0
VERTEX
  8
0
 10
6428.918362
 20
32216.968286
 42
-0.045757
  0
VERTEX
  8
0
 10
6513.487798
 20
32078.500000
 42
-0.024839
  0
VERTEX
  8
0
 10
6548.685098
 20
31996.886403
 42
-0.025393
  0
VERTEX
  8
0
 10
6575.324213
 20
31912.776973
 42
-0.025275
  0
VERTEX
  8
0
 10
6593.399273
 20
31826.022821
 42
-0.024103
  0
VERTEX
  8
0
 10
6602.985395
 20
31736.500000
 42
-0.010685
  0
VERTEX
  8
0
 10
6603.734544
 20
31716.321363
 42
-0.003995
  0
VERTEX
  8
0
 10
6603.954127
 20
31687.985854
 42
-0.004002
  0
VERTEX
  8
0
 10
6603.720233
 20
31659.616545
 42
-0.010515
  0
VERTEX
  8
0
 10
6602.961941
 20
31639.283637
 42
-0.030249
  0
VERTEX
  8
0
 10
6589.922594
 20
31530.027612
 42
-0.030869
  0
VERTEX
  8
0
 10
6563.840360
 20
31423.897653
 42
-0.030944
  0
VERTEX
  8
0
 10
6524.965275
 20
31322.030792
 42
-0.030734
  0
VERTEX
  8
0
 10
6473.738880
 20
31225.500000
 42
-0.022510
  0
VERTEX
  8
0
 10
6430.215825
 20
31161.104274
 42
-0.021831
  0
VERTEX
  8
0
 10
6380.657036
 20
31100.195590
 42
-0.021811
  0
VERTEX
  8
0
 10
6325.927876
 20
31043.786404
 42
-0.022366
  0
VERTEX
  8
0
 10
6266.932813
 20
30992.855105
 42
-0.034812
  0
VERTEX
  8
0
 10
6165.416123
 20
30923.723412
 42
-0.034766
  0
VERTEX
  8
0
 10
6055.246520
 20
30869.311207
 42
-0.034744
  0
VERTEX
  8
0
 10
5938.530296
 20
30830.660393
 42
-0.034667
  0
VERTEX
  8
0
 10
5817.500000
 20
30808.509182
 42
-0.005462
  0
VERTEX
  8
0
 10
5792.077841
 20
30805.938228
 42
-0.009847
  0
VERTEX
  8
0
 10
5771.187097
 20
30804.469898
 42
-0.008968
  0
VERTEX
  8
0
 10
5748.991171
 20
30803.747347
 42
-0.003728
  0
VERTEX
  8
0
 10
5719.000000
 20
30803.532903
 42
-0.003309
  0
VERTEX
  8
0
 10
5691.115971
 20
30803.725953
 42
-0.007778
  0
VERTEX
  8
0
 10
5670.305525
 20
30804.331627
 42
-0.008825
  0
VERTEX
  8
0
 10
5651.171434
 20
30805.525259
 42
-0.005653
  0
VERTEX
  8
0
 10
5629.000000
 20
30807.554221
 42
-0.025068
  0
VERTEX
  8
0
 10
5541.705677
 20
30820.987798
 42
-0.024747
  0
VERTEX
  8
0
 10
5455.810791
 20
30843.130945
 42
-0.024784
  0
VERTEX
  8
0
 10
5372.649907
 20
30873.613544
 42
-0.025327
  0
VERTEX
  8
0
 10
5293.530602
 20
30911.983195
 42
-0.061017
  0
VERTEX
  8
0
 10
5118.251128
 20
31038.196534
 42
-0.061211
  0
VERTEX
  8
0
 10
4978.829202
 20
31202.860995
 42
-0.061206
  0
VERTEX
  8
0
 10
4883.413477
 20
31396.393739
 42
-0.060991
  0
VERTEX
  8
0
 10
4837.543331
 20
31607.500000
 42
-0.014115
  0
VERTEX
  8
0
 10
4834.667586
 20
31652.442875
 42
-0.012278
  0
VERTEX
  8
0
 10
4834.143087
 20
31699.620859
 42
-0.012233
  0
VERTEX
  8
0
 10
4835.938394
 20
31746.966413
 42
-0.013691
  0
VERTEX
  8
0
 10
4840.028167
 20
31792.414662
 42
-0.037322
  0
VERTEX
  8
0
 10
4864.906225
 20
31920.573216
 42
-0.036919
  0
VERTEX
  8
0
 10
4908.619913
 20
32044.092124
 42
-0.036913
  0
VERTEX
  8
0
 10
4970.033058
 20
32159.858250
 42
-0.037281
  0
VERTEX
  8
0
 10
5047.621213
 20
32264.928492
 42
-0.049677
  0
VERTEX
  8
0
 10
5175.769773
 20
32386.955790
 42
-0.050190
  0
VERTEX
  8
0
 10
5325.050145
 20
32480.831704
 42
-0.050120
  0
VERTEX
  8
0
 10
5490.242955
 20
32543.183588
 42
-0.049266
  0
VERTEX
  8
0
 10
5665.500000
 20
32571.881485
 42
-0.012914
  0
VERTEX
  8
0
 10
5684.569621
 20
32572.606999
 42
-0.002785
  0
VERTEX
  8
0
 10
5717.599877
 20
32572.825988
 42
-0.002806
  0
VERTEX
  8
0
 10
5750.652504
 20
32572.675517
 42
-0.012570
  0
SEQEND
  0
POLYLINE
  8
0
 66
1
 70
1
  0
VERTEX
  8
0
 10
12751.000000
 20
32591.985035
 42
0.023935
  0
VERTEX
  8
0
 10
12657.811747
 20
32581.640538
 42
0.025557
  0
VERTEX
  8
0
 10
12568.088730
 20
32562.562067
 42
0.025736
  0
VERTEX
  8
0
 10
12481.362062
 20
32534.582007
 42
0.025028
  0
VERTEX
  8
0
 10
12397.135700
 20
32497.614722
 42
0.029766
  0
VERTEX
  8
0
 10
12303.714595
 20
32443.733994
 42
0.029728
  0
VERTEX
  8
0
 10
12217.311136
 20
32379.119847
 42
0.029765
  0
VERTEX
  8
0
 10
12139.280615
 20
32304.798585
 42
0.030014
  0
VERTEX
  8
0
 10
12070.859443
 20
32221.934188
 42
0.028140
  0
VERTEX
  8
0
 10
12015.708075
 20
32136.632279
 42
0.027909
  0
VERTEX
  8
0
 10
11970.317718
 20
32045.447129
 42
0.027942
  0
VERTEX
  8
0
 10
11935.412794
 20
31949.883229
 42
0.028367
  0
VERTEX
  8
0
 10
11911.586056
 20
31851.500000
 42
0.006203
  0
VERTEX
  8
0
 10
11907.627799
 20
31828.229154
 42
0.006772
  0
VERTEX
  8
0
 10
11904.371353
 20
31805.537017
 42
0.006331
  0
VERTEX
  8
0
 10
11901.559269
 20
31781.472011
 42
0.004294
  0
VERTEX
  8
0
 10
11898.939452
 20
31754.000000
 42
0.015869
  0
VERTEX
  8
0
 10
11897.833795
 20
31733.826049
 42
0.003464
  0
VERTEX
  8
0
 10
11897.273940
 20
31699.026453
 42
0.003646
  0
VERTEX
  8
0
 10
11897.208448
 20
31663.939157
 42
0.012726
  0
VERTEX
  8
0
 10
11897.907395
 20
31641.309583
 42
0.007822
  0
VERTEX
  8
0
 10
11900.361775
 20
31607.266621
 42
0.009178
  0
VERTEX
  8
0
 10
11903.784367
 20
31575.090550
 42
0.009342
  0
VERTEX
  8
0
 10
11908.323217
 20
31543.569907
 42
0.008716
  0
VERTEX
  8
0
 10
11914.130118
 20
31511.500000
 42
0.061986
  0
VERTEX
  8
0
 10
11984.512640
 20
31299.379274
 42
0.061890
  0
VERTEX
  8
0
 10
12104.766282
 20
31110.858884
 42
0.061919
  0
VERTEX
  8
0
 10
12267.441072
 20
30957.575117
 42
0.062150
  0
VERTEX
  8
0
 10
12462.500000
 20
30849.013662
 42
0.024637
  0
VERTEX
  8
0
 10
12548.815737
 20
30819.017651
 42
0.025566
  0
VERTEX
  8
0
 10
12636.611076
 20
30798.083169
 42
0.025559
  0
VERTEX
  8
0
 10
12726.104948
 20
30786.214742
 42
0.024598
  0
VERTEX
  8
0
 10
12817.500000
 20
30783.329961
 42
0.008733
  0
VERTEX
  8
0
 10
12856.450096
 20
30784.697664
 42
0.010983
  0
VERTEX
  8
0
 10
12892.451433
 20
30787.385844
 42
0.011228
  0
VERTEX
  8
0
 10
12927.625213
 20
30791.589614
 42
0.009915
  0
VERTEX
  8
0
 10
12964.071424
 20
30797.517443
 42
0.052841
  0
VERTEX
  8
0
 10
13148.147014
 20
30851.776522
 42
0.053101
  0
VERTEX
  8
0
 10
13316.435232
 20
30943.349159
 42
0.053135
  0
VERTEX
  8
0
 10
13461.569166
 20
31068.249204
 42
0.053041
  0
VERTEX
  8
0
 10
13577.218487
 20
31221.000000
 42
0.052165
  0
VERTEX
  8
0
 10
13657.243927
 20
31391.951234
 42
0.052315
  0
VERTEX
  8
0
 10
13700.059423
 20
31575.598592
 42
0.052305
  0
VERTEX
  8
0
 10
13703.830898
 20
31764.165943
 42
0.052106
  0
VERTEX
  8
0
 10
13668.418553
 20
31949.663419
 42
0.063344
  0
VERTEX
  8
0
 10
13575.701636
 20
32157.689652
 42
0.063128
  0
VERTEX
  8
0
 10
13433.772135
 20
32336.146601
 42
0.063127
  0
VERTEX
  8
0
 10
13251.800898
 20
32473.549238
 42
0.063335
  0
VERTEX
  8
0
 10
13041.500000
 20
32561.017921
 42
0.011360
  0
VERTEX
  8
0
 10
13000.490524
 20
32571.268380
 42
0.012032
  0
VERTEX
  8
0
 10
12959.832462
 20
32579.432038
 42
0.011758
  0
VERTEX
  8
0
 10
12917.976732
 20
32585.782593
 42
0.009877
  0
VERTEX
  8
0
 10
12873.362716
 20
32590.588528
 42
0.016017
  0
VERTEX
  8
0
 10
12851.821095
 20
32591.785850
 42
0.003020
  0
VERTEX
  8
0
 10
12812.410116
 20
32592.473752
 42
0.003054
  0
VERTEX
  8
0
 10
12772.975484
 20
32592.682949
 42
0.015474
  0
SEQEND
  0
POLYLINE
  8
0
 66
1
 70
1
  0
VERTEX
  8
0
 10
12873.000000
 20
32570.597615
 42
-0.008180
  0
VERTEX
  8
0
 10
12911.020027
 20
32566.513213
 42
-0.009805
  0
VERTEX
  8
0
 10
12946.646888
 20
32561.384086
 42
-0.010181
  0
VERTEX
  8
0
 10
12980.828081
 20
32555.059704
 42
-0.010382
  0
VERTEX
  8
0
 10
13014.500000
 20
32547.385572
 42
-0.022259
  0
VERTEX
  8
0
 10
13093.436936
 20
32523.885182
 42
-0.023244
  0
VERTEX
  8
0
 10
13168.814043
 20
32493.748454
 42
-0.023316
  0
VERTEX
  8
0
 10
13240.848880
 20
32456.844135
 42
-0.022715
  0
VERTEX
  8
0
 10
13309.785490
 20
32413.094774
 42
-0.023424
  0
VERTEX
  8
0
 10
13373.992480
 20
32363.493673
 42
-0.022661
  0
VERTEX
  8
0
 10
13434.022621
 20
32307.579558
 42
-0.022701
  0
VERTEX
  8
0
 10
13488.643252
 20
32246.566655
 42
-0.023719
  0
VERTEX
  8
0
 10
13536.665148
 20
32181.710309
 42
-0.027772
  0
VERTEX
  8
0
 10
13587.783303
 20
32095.337751
 42
-0.028298
  0
VERTEX
  8
0
 10
13628.660190
 20
32004.361035
 42
-0.028344
  0
VERTEX
  8
0
 10
13658.946903
 20
31909.494188
 42
-0.028067
  0
VERTEX
  8
0
 10
13678.427559
 20
31811.500000
 42
-0.007195
  0
VERTEX
  8
0
 10
13682.438018
 20
31779.770025
 42
-0.011614
  0
VERTEX
  8
0
 10
13684.833872
 20
31752.648583
 42
-0.010856
  0
VERTEX
  8
0
 10
13686.063477
 20
31724.184465
 42
-0.005365
  0
VERTEX
  8
0
 10
13686.451770
 20
31688.000000
 42
-0.005229
  0
VERTEX
  8
0
 10
13686.082614
 20
31652.704613
 42
-0.010362
  0
VERTEX
  8
0
 10
13684.917246
 20
31624.733886
 42
-0.011200
  0
VERTEX
  8
0
 10
13682.670395
 20
31598.289497
 42
-0.007388
  0
VERTEX
  8
0
 10
13678.958590
 20
31568.000000
 42
-0.036716
  0
VERTEX
  8
0
 10
13651.764681
 20
31440.483806
 42
-0.036957
  0
VERTEX
  8
0
 10
13606.252177
 20
31318.605533
 42
-0.036861
  0
VERTEX
  8
0
 10
13543.160328
 20
31204.465710
 42
-0.036118
  0
VERTEX
  8
0
 10
13463.604366
 20
31100.000000
 42
-0.012564
  0
VERTEX
  8
0
 10
13442.838791
 20
31077.628363
 42
-0.007531
  0
VERTEX
  8
0
 10
13417.121111
 20
31052.063231
 42
-0.007490
  0
VERTEX
  8
0
 10
13390.278914
 20
31026.937487
 42
-0.011170
  0
VERTEX
  8
0
 10
13366.000000
 20
31005.854486
 42
-0.035896
  0
VERTEX
  8
0
 10
13265.184115
 20
30933.734976
 42
-0.035011
  0
VERTEX
  8
0
 10
13154.267408
 20
30876.102686
 42
-0.034984
  0
VERTEX
  8
0
 10
13036.307059
 20
30834.472556
 42
-0.035711
  0
VERTEX
  8
0
 10
12914.500000
 20
30810.042264
 42
-0.008403
  0
VERTEX
  8
0
 10
12882.436118
 20
30806.509308
 42
-0.010033
  0
VERTEX
  8
0
 10
12852.112446
 20
30804.295649
 42
-0.009843
  0
VERTEX
  8
0
 10
12821.238372
 20
30803.272686
 42
-0.007561
  0
VERTEX
  8
0
 10
12787.500000
 20
30803.329562
 42
-0.005559
  0
VERTEX
  8
0
 10
12757.068475
 20
30804.179585
 42
-0.009106
  0
VERTEX
  8
0
 10
12731.323298
 20
30805.655203
 42
-0.009472
  0
VERTEX
  8
0
 10
12706.384893
 20
30808.016603
 42
-0.006713
  0
VERTEX
  8
0
 10
12678.500000
 20
30811.570844
 42
-0.035731
  0
VERTEX
  8
0
 10
12554.960977
 20
30838.113463
 42
-0.035607
  0
VERTEX
  8
0
 10
12436.310697
 20
30881.996387
 42
-0.035636
  0
VERTEX
  8
0
 10
12325.179777
 20
30942.228472
 42
-0.035925
  0
VERTEX
  8
0
 10
12224.045634
 20
31017.485847
 42
-0.009601
  0
VERTEX
  8
0
 10
12204.486558
 20
31035.016300
 42
-0.006435
  0
VERTEX
  8
0
 10
12182.772998
 20
31055.771174
 42
-0.006427
  0
VERTEX
  8
0
 10
12161.550570
 20
31077.127866
 42
-0.009417
  0
VERTEX
  8
0
 10
12143.483399
 20
31096.500000
 42
-0.037828
  0
VERTEX
  8
0
 10
12061.533398
 20
31202.945214
 42
-0.038025
  0
VERTEX
  8
0
 10
11996.715392
 20
31320.343418
 42
-0.038012
  0
VERTEX
  8
0
 10
11950.405526
 20
31446.243623
 42
-0.037745
  0
VERTEX
  8
0
 10
11923.556019
 20
31578.000000
 42
-0.006094
  0
VERTEX
  8
0
 10
11920.404376
 20
31605.676268
 42
-0.011478
  0
VERTEX
  8
0
 10
11918.646815
 20
31628.093368
 42
-0.010068
  0
VERTEX
  8
0
 10
11917.791755
 20
31652.408475
 42
-0.003632
  0
VERTEX
  8
0
 10
11917.523617
 20
31687.000000
 42
-0.002734
  0
VERTEX
  8
0
 10
11917.686381
 20
31719.679427
 42
-0.008945
  0
VERTEX
  8
0
 10
11918.298686
 20
31741.281757
 42
-0.010639
  0
VERTEX
  8
0
 10
11919.619008
 20
31760.811681
 42
-0.005289
  0
VERTEX
  8
0
 10
11922.080077
 20
31785.500000
 42
-0.071144
  0
VERTEX
  8
0
 10
11984.423235
 20
32027.650103
 42
-0.071012
  0
VERTEX
  8
0
 10
12112.163906
 20
32242.788593
 42
-0.070973
  0
VERTEX
  8
0
 10
12295.069797
 20
32413.690921
 42
-0.070936
  0
VERTEX
  8
0
 10
12518.500000
 20
32526.664106
 42
-0.016366
  0
VERTEX
  8
0
 10
12572.296836
 20
32542.939355
 42
-0.015588
  0
VERTEX
  8
0
 10
12627.919815
 20
32555.955768
 42
-0.015696
  0
VERTEX
  8
0
 10
12683.833424
 20
32565.399044
 42
-0.017248
  0
VERTEX
  8
0
 10
12738.500000
 20
32570.962938
 42
0.000387
  0
VERTEX
  8
0
 10
12744.955695
 20
32571.400723
 42
0.000443
  0
VERTEX
  8
0
 10
12751.121875
 20
32571.829158
 42
0.000399
  0
VERTEX
  8
0
 10
12756.351019
 20
32572.201335
 42
0.002549
  0
VERTEX
  8
0
 10
12759.000000
 20
32572.405575
 42
-0.022775
  0
VERTEX
  8
0
 10
12773.922821
 20
32572.950562
 42
-0.001705
  0
VERTEX
  8
0
 10
12814.559734
 20
32572.444671
 42
-0.002022
  0
VERTEX
  8
0
 10
12854.745900
 20
32571.644765
 42
-0.016679
  0
SEQEND
  0
POLYLINE
  8
0
 66
1
 70
1
  0
VERTEX
  8
0
 10
19830.500000
 20
32591.968414
 42
0.010101
  0
VERTEX
  8
0
 10
19789.382429
 20
32588.417913
 42
0.010868
  0
VERTEX
  8
0
 10
19749.435965
 20
32583.273715
 42
0.010982
  0
VERTEX
  8
0
 10
19710.146548
 20
32576.457841
 42
0.010821
  0
VERTEX
  8
0
 10
19671.000000
 20
32567.893892
 42
0.055789
  0
VERTEX
  8
0
 10
19482.148979
 20
32499.283610
 42
0.055671
  0
VERTEX
  8
0
 10
19312.993575
 20
32390.581755
 42
0.055681
  0
VERTEX
  8
0
 10
19172.015158
 20
32247.259860
 42
0.055849
  0
VERTEX
  8
0
 10
19066.302495
 20
32076.500000
 42
0.022387
  0
VERTEX
  8
0
 10
19033.854136
 20
31999.317076
 42
0.023709
  0
VERTEX
  8
0
 10
19009.126076
 20
31920.989774
 42
0.023381
  0
VERTEX
  8
0
 10
18991.653169
 20
31839.665175
 42
0.020561
  0
VERTEX
  8
0
 10
18980.934079
 20
31753.500000
 42
0.014747
  0
VERTEX
  8
0
 10
18979.833658
 20
31732.817903
 42
0.003651
  0
VERTEX
  8
0
 10
18979.278159
 20
31698.869273
 42
0.003787
  0
VERTEX
  8
0
 10
18979.227336
 20
31664.625968
 42
0.012255
  0
VERTEX
  8
0
 10
18979.923037
 20
31641.897455
 42
0.010832
  0
VERTEX
  8
0
 10
18983.369355
 20
31597.095547
 42
0.012329
  0
VERTEX
  8
0
 10
18988.653296
 20
31554.386055
 42
0.012461
  0
VERTEX
  8
0
 10
18995.976282
 20
31512.397908
 42
0.011566
  0
VERTEX
  8
0
 10
19005.542367
 20
31469.763772
 42
0.071769
  0
VERTEX
  8
0
 10
19103.244181
 20
31230.134104
 42
0.071902
  0
VERTEX
  8
0
 10
19264.651046
 20
31028.065614
 42
0.071855
  0
VERTEX
  8
0
 10
19476.777714
 20
30879.874818
 42
0.071526
  0
VERTEX
  8
0
 10
19722.500000
 20
30797.486787
 42
0.010373
  0
VERTEX
  8
0
 10
19758.210621
 20
30791.725486
 42
0.010636
  0
VERTEX
  8
0
 10
19793.833249
 20
30787.504688
 42
0.010420
  0
VERTEX
  8
0
 10
19830.288249
 20
30784.735182
 42
0.009109
  0
VERTEX
  8
0
 10
19868.500000
 20
30783.329620
 42
0.045961
  0
VERTEX
  8
0
 10
20033.779004
 20
30795.467785
 42
0.046202
  0
VERTEX
  8
0
 10
20193.758297
 20
30837.598496
 42
0.046085
  0
VERTEX
  8
0
 10
20343.649433
 20
30908.521033
 42
0.045253
  0
VERTEX
  8
0
 10
20479.000000
 20
31006.070331
 42
0.010214
  0
VERTEX
  8
0
 10
20499.875596
 20
31024.954996
 42
0.007118
  0
VERTEX
  8
0
 10
20522.682967
 20
31047.071972
 42
0.007094
  0
VERTEX
  8
0
 10
20544.982617
 20
31069.961728
 42
0.009748
  0
VERTEX
  8
0
 10
20564.327744
 20
31091.205426
 42
0.044744
  0
VERTEX
  8
0
 10
20660.346575
 20
31222.971921
 42
0.045095
  0
VERTEX
  8
0
 10
20731.103277
 20
31369.384077
 42
0.045134
  0
VERTEX
  8
0
 10
20774.417607
 20
31525.987570
 42
0.044982
  0
VERTEX
  8
0
 10
20788.994279
 20
31688.000000
 42
0.055139
  0
VERTEX
  8
0
 10
20766.975379
 20
31886.746869
 42
0.055425
  0
VERTEX
  8
0
 10
20702.057129
 20
32075.510270
 42
0.055418
  0
VERTEX
  8
0
 10
20597.249513
 20
32245.423840
 42
0.055098
  0
VERTEX
  8
0
 10
20457.500000
 20
32388.536544
 42
0.024658
  0
VERTEX
  8
0
 10
20387.665434
 20
32440.303619
 42
0.023899
  0
VERTEX
  8
0
 10
20312.359844
 20
32485.526219
 42
0.023890
  0
VERTEX
  8
0
 10
20233.052587
 20
32523.371558
 42
0.024592
  0
VERTEX
  8
0
 10
20151.249441
 20
32553.074027
 42
0.013456
  0
VERTEX
  8
0
 10
20104.495883
 20
32566.124774
 42
0.013609
  0
VERTEX
  8
0
 10
20057.284078
 20
32576.587288
 42
0.013284
  0
VERTEX
  8
0
 10
20008.493823
 20
32584.676494
 42
0.011540
  0
VERTEX
  8
0
 10
19957.000000
 20
32590.606605
 42
0.017321
  0
VERTEX
  8
0
 10
19935.524264
 20
32591.830735
 42
0.002884
  0
VERTEX
  8
0
 10
19894.172683
 20
32592.514449
 42
0.002952
  0
VERTEX
  8
0
 10
19852.803020
 20
32592.715577
 42
0.016225
  0
SEQEND
  0
POLYLINE
  8
0
 66
1
 70
1
  0
VERTEX
  8
0
 10
19941.000000
 20
32571.525503
 42
-0.018487
  0
VERTEX
  8
0
 10
20011.329658
 20
32564.182058
 42
-0.020240
  0
VERTEX
  8
0
 10
20078.808502
 20
32551.799507
 42
-0.020251
  0
VERTEX
  8
0
 10
20145.032152
 20
32534.008328
 42
-0.018549
  0
VERTEX
  8
0
 10
20211.600293
 20
32510.457204
 42
-0.019231
  0
VERTEX
  8
0
 10
20272.001082
 20
32483.802094
 42
-0.018747
  0
VERTEX
  8
0
 10
20330.703355
 20
32452.374369
 42
-0.018715
  0
VERTEX
  8
0
 10
20386.984425
 20
32416.580444
 42
-0.019004
  0
VERTEX
  8
0
 10
20440.135136
 20
32376.851077
 42
-0.034248
  0
VERTEX
  8
0
 10
20529.237897
 20
32294.115274
 42
-0.034434
  0
VERTEX
  8
0
 10
20606.038134
 20
32200.132223
 42
-0.034389
  0
VERTEX
  8
0
 10
20669.300474
 20
32096.375085
 42
-0.033961
  0
VERTEX
  8
0
 10
20718.042621
 20
31984.500000
 42
-0.018564
  0
VERTEX
  8
0
 10
20737.281349
 20
31923.574421
 42
-0.018368
  0
VERTEX
  8
0
 10
20752.024110
 20
31861.175087
 42
-0.018167
  0
VERTEX
  8
0
 10
20762.281569
 20
31797.186336
 42
-0.017245
  0
VERTEX
  8
0
 10
20768.085766
 20
31731.500000
 42
-0.011714
  0
VERTEX
  8
0
 10
20768.756418
 20
31709.314659
 42
-0.004166
  0
VERTEX
  8
0
 10
20768.707576
 20
31677.590866
 42
-0.004081
  0
VERTEX
  8
0
 10
20768.140583
 20
31646.153727
 42
-0.013539
  0
VERTEX
  8
0
 10
20767.039289
 20
31625.500000
 42
-0.021589
  0
VERTEX
  8
0
 10
20756.262592
 20
31538.695865
 42
-0.024189
  0
VERTEX
  8
0
 10
20738.292073
 20
31456.426261
 42
-0.024492
  0
VERTEX
  8
0
 10
20712.703213
 20
31377.197440
 42
-0.023310
  0
VERTEX
  8
0
 10
20679.119567
 20
31299.500000
 42
-0.082454
  0
VERTEX
  8
0
 10
20510.881230
 20
31063.408443
 42
-0.082420
  0
VERTEX
  8
0
 10
20275.352188
 20
30894.313763
 42
-0.082424
  0
VERTEX
  8
0
 10
19997.837294
 20
30810.374715
 42
-0.082473
  0
VERTEX
  8
0
 10
19708.145422
 20
30820.613928
 42
-0.049090
  0
VERTEX
  8
0
 10
19542.667347
 20
30871.440627
 42
-0.049012
  0
VERTEX
  8
0
 10
19390.178309
 20
30953.571378
 42
-0.048997
  0
VERTEX
  8
0
 10
19256.550165
 20
31063.839155
 42
-0.048998
  0
VERTEX
  8
0
 10
19146.933219
 20
31198.000000
 42
-0.033229
  0
VERTEX
  8
0
 10
19088.130968
 20
31300.532913
 42
-0.033624
  0
VERTEX
  8
0
 10
19043.692235
 20
31409.556196
 42
-0.033546
  0
VERTEX
  8
0
 10
19014.185275
 20
31523.798739
 42
-0.032738
  0
VERTEX
  8
0
 10
18999.916162
 20
31641.897455
 42
-0.012320
  0
VERTEX
  8
0
 10
18999.172005
 20
31666.571581
 42
-0.004612
  0
VERTEX
  8
0
 10
18999.300497
 20
31701.199293
 42
-0.004554
  0
VERTEX
  8
0
 10
19000.058224
 20
31735.570491
 42
-0.013684
  0
VERTEX
  8
0
 10
19001.430809
 20
31759.000000
 42
-0.042641
  0
VERTEX
  8
0
 10
19028.244321
 20
31914.168402
 42
-0.044189
  0
VERTEX
  8
0
 10
19080.816729
 20
32060.613341
 42
-0.044402
  0
VERTEX
  8
0
 10
19158.018332
 20
32194.910152
 42
-0.043913
  0
VERTEX
  8
0
 10
19257.973470
 20
32314.004959
 42
-0.036277
  0
VERTEX
  8
0
 10
19355.940355
 20
32398.596026
 42
-0.036588
  0
VERTEX
  8
0
 10
19464.836289
 20
32467.872648
 42
-0.036610
  0
VERTEX
  8
0
 10
19582.604462
 20
32520.501751
 42
-0.036413
  0
VERTEX
  8
0
 10
19707.000000
 20
32555.503416
 42
-0.008334
  0
VERTEX
  8
0
 10
19738.800164
 20
32561.448585
 42
-0.010307
  0
VERTEX
  8
0
 10
19768.608609
 20
32565.878703
 42
-0.009470
  0
VERTEX
  8
0
 10
19800.539522
 20
32569.340306
 42
-0.005497
  0
VERTEX
  8
0
 10
19839.000000
 20
32572.348370
 42
-0.016444
  0
VERTEX
  8
0
 10
19855.197364
 20
32572.902108
 42
-0.002339
  0
VERTEX
  8
0
 10
19888.476420
 20
32572.789321
 42
-0.002603
  0
VERTEX
  8
0
 10
19921.808249
 20
32572.346887
 42
-0.012148
  0
SEQEND
  0
POLYLINE
  8
0
 66
1
 70
1
  0
VERTEX
  8
0
 10
4116.500000
 20
28126.386573
 42
0.010834
  0
VERTEX
  8
0
 10
4091.596472
 20
28123.359837
 42
0.014959
  0
VERTEX
  8
0
 10
4069.412312
 20
28119.494040
 42
0.015698
  0
VERTEX
  8
0
 10
4048.370164
 20
28114.481978
 42
0.014152
  0
VERTEX
  8
0
 10
4026.935613
 20
28108.003182
 42
0.027674
  0
VERTEX
  8
0
 10
3987.477573
 20
28092.372783
 42
0.029287
  0
VERTEX
  8
0
 10
3950.753768
 20
28072.734983
 42
0.029152
  0
VERTEX
  8
0
 10
3916.424881
 20
28048.849009
 42
0.026897
  0
VERTEX
  8
0
 10
3884.124642
 20
28020.521267
 42
0.023389
  0
VERTEX
  8
0
 10
3858.509858
 20
27993.040976
 42
0.025735
  0
VERTEX
  8
0
 10
3836.430094
 20
27964.119696
 42
0.025789
  0
VERTEX
  8
0
 10
3817.477996
 20
27933.140223
 42
0.023692
  0
VERTEX
  8
0
 10
3801.224485
 20
27899.500000
 42
0.051358
  0
VERTEX
  8
0
 10
3778.703147
 20
27826.715980
 42
0.051417
  0
VERTEX
  8
0
 10
3771.500566
 20
27750.897897
 42
0.051270
  0
VERTEX
  8
0
 10
3779.919506
 20
27675.004745
 42
0.050490
  0
VERTEX
  8
0
 10
3803.613194
 20
27602.000000
 42
0.034330
  0
VERTEX
  8
0
 10
3826.418600
 20
27558.551108
 42
0.032843
  0
VERTEX
  8
0
 10
3855.260235
 20
27517.949913
 42
0.032737
  0
VERTEX
  8
0
 10
3889.272480
 20
27481.349456
 42
0.033574
  0
VERTEX
  8
0
 10
3927.500000
 20
27449.833376
 42
0.020346
  0
VERTEX
  8
0
 10
3950.274138
 20
27434.858551
 42
0.017231
  0
VERTEX
  8
0
 10
3975.468609
 20
27420.881027
 42
0.017238
  0
VERTEX
  8
0
 10
4001.553015
 20
27408.678104
 42
0.020420
  0
VERTEX
  8
0
 10
4027.000000
 20
27399.033801
 42
0.013285
  0
VERTEX
  8
0
 10
4044.296177
 20
27393.780597
 42
0.011511
  0
VERTEX
  8
0
 10
4062.690673
 20
27389.176117
 42
0.011248
  0
VERTEX
  8
0
 10
4081.739285
 20
27385.319497
 42
0.011146
  0
VERTEX
  8
0
 10
4101.000000
 20
27382.310454
 42
0.024902
  0
VERTEX
  8
0
 10
4118.843425
 20
27380.828035
 42
0.008364
  0
VERTEX
  8
0
 10
4144.984064
 20
27380.400138
 42
0.008417
  0
VERTEX
  8
0
 10
4171.213141
 20
27380.851127
 42
0.023674
  0
VERTEX
  8
0
 10
4189.500000
 20
27382.342305
 42
0.039417
  0
VERTEX
  8
0
 10
4251.044598
 20
27395.299060
 42
0.041285
  0
VERTEX
  8
0
 10
4308.805776
 20
27417.623699
 42
0.041668
  0
VERTEX
  8
0
 10
4361.634796
 20
27448.906233
 42
0.041736
  0
VERTEX
  8
0
 10
4408.514948
 20
27488.500000
 42
0.027823
  0
VERTEX
  8
0
 10
4438.056312
 20
27521.483217
 42
0.030116
  0
VERTEX
  8
0
 10
4462.920331
 20
27556.714920
 42
0.030189
  0
VERTEX
  8
0
 10
4483.320597
 20
27594.596985
 42
0.028243
  0
VERTEX
  8
0
 10
4499.523030
 20
27635.500000
 42
0.034676
  0
VERTEX
  8
0
 10
4512.842564
 20
27687.368925
 42
0.036061
  0
VERTEX
  8
0
 10
4518.641986
 20
27739.903842
 42
0.036119
  0
VERTEX
  8
0
 10
4516.829472
 20
27792.648136
 42
0.035024
  0
VERTEX
  8
0
 10
4507.462917
 20
27845.141175
 42
0.044318
  0
VERTEX
  8
0
 10
4485.915592
 20
27907.002745
 42
0.043983
  0
VERTEX
  8
0
 10
4453.759948
 20
27964.266016
 42
0.043889
  0
VERTEX
  8
0
 10
4412.009313
 20
28015.132391
 42
0.043727
  0
VERTEX
  8
0
 10
4361.972961
 20
28058.000000
 42
0.031206
  0
VERTEX
  8
0
 10
4323.181124
 20
28082.244853
 42
0.031318
  0
VERTEX
  8
0
 10
4281.718574
 20
28101.441004
 42
0.030826
  0
VERTEX
  8
0
 10
4237.550675
 20
28115.557285
 42
0.028251
  0
VERTEX
  8
0
 10
4190.679304
 20
28124.631161
 42
0.024655
  0
VERTEX
  8
0
 10
4178.845903
 20
28125.644673
 42
0.003120
  0
VERTEX
  8
0
 10
4153.221260
 20
28126.411085
 42
0.002943
  0
VERTEX
  8
0
 10
4127.513180
 20
28126.868093
 42
0.027799
  0
SEQEND
  0
POLYLINE
  8
0
 66
1
 70
1
  0
VERTEX
  8
0
 10
4167.500000
 20
27948.956157
 42
-0.042616
  0
VERTEX
  8
0
 10
4200.554205
 20
27942.295379
 42
-0.043749
  0
VERTEX
  8
0
 10
4231.697636
 20
27930.163238
 42
-0.043572
  0
VERTEX
  8
0
 10
4260.367363
 20
27912.742917
 42
-0.041584
  0
VERTEX
  8
0
 10
4286.071444
 20
27890.370288
 42
-0.040903
  0
VERTEX
  8
0
 10
4307.598735
 20
27864.271392
 42
-0.044323
  0
VERTEX
  8
0
 10
4323.943799
 20
27835.681421
 42
-0.044044
  0
VERTEX
  8
0
 10
4335.072582
 20
27804.492612
 42
-0.039456
  0
VERTEX
  8
0
 10
4341.083129
 20
27770.662880
 42
-0.042541
  0
VERTEX
  8
0
 10
4341.437918
 20
27740.933666
 42
-0.037475
  0
VERTEX
  8
0
 10
4336.862903
 20
27710.250097
 42
-0.037423
  0
VERTEX
  8
0
 10
4327.748641
 20
27680.548470
 42
-0.042105
  0
VERTEX
  8
0
 10
4314.578327
 20
27653.744623
 42
-0.034233
  0
VERTEX
  8
0
 10
4297.911771
 20
27629.863391
 42
-0.036757
  0
VERTEX
  8
0
 10
4278.502753
 20
27609.080647
 42
-0.036931
  0
VERTEX
  8
0
 10
4256.348746
 20
27591.447605
 42
-0.035226
  0
VERTEX
  8
0
 10
4231.500000
 20
27576.954877
 42
-0.030521
  0
VERTEX
  8
0
 10
4209.327400
 20
27567.670308
 42
-0.031872
  0
VERTEX
  8
0
 10
4186.504815
 20
27561.309415
 42
-0.031676
  0
VERTEX
  8
0
 10
4162.927211
 20
27557.872290
 42
-0.029382
  0
VERTEX
  8
0
 10
4138.500000
 20
27557.318169
 42
-0.023746
  0
VERTEX
  8
0
 10
4116.318048
 20
27559.175793
 42
-0.029467
  0
VERTEX
  8
0
 10
4095.982370
 20
27563.085699
 42
-0.029744
  0
VERTEX
  8
0
 10
4076.404468
 20
27569.321188
 42
-0.024997
  0
VERTEX
  8
0
 10
4056.500000
 20
27578.157318
 42
-0.059694
  0
VERTEX
  8
0
 10
4017.395276
 20
27604.171779
 42
-0.060276
  0
VERTEX
  8
0
 10
3985.686965
 20
27638.612022
 42
-0.060035
  0
VERTEX
  8
0
 10
3963.007401
 20
27679.755311
 42
-0.058368
  0
VERTEX
  8
0
 10
3950.481997
 20
27725.500000
 42
-0.026119
  0
VERTEX
  8
0
 10
3949.298118
 20
27737.488521
 42
-0.011713
  0
VERTEX
  8
0
 10
3948.937296
 20
27753.323378
 42
-0.011732
  0
VERTEX
  8
0
 10
3949.320663
 20
27769.224193
 42
-0.024965
  0
VERTEX
  8
0
 10
3950.517895
 20
27781.465905
 42
-0.079802
  0
VERTEX
  8
0
 10
3969.720442
 20
27842.105558
 42
-0.081127
  0
VERTEX
  8
0
 10
4006.874414
 20
27893.294895
 42
-0.081232
  0
VERTEX
  8
0
 10
4058.337136
 20
27929.952851
 42
-0.080303
  0
VERTEX
  8
0
 10
4119.000000
 20
27948.490833
 42
-0.022086
  0
VERTEX
  8
0
 10
4129.329287
 20
27949.445383
 42
-0.009598
  0
VERTEX
  8
0
 10
4143.114524
 20
27949.842359
 42
-0.009617
  0
VERTEX
  8
0
 10
4156.955409
 20
27949.708942
 42
-0.021202
  0
SEQEND
  0
POLYLINE
  8
0
 66
1
 70
1
  0
VERTEX
  8
0
 10
7264.500000
 20
28126.386573
 42
0.011716
  0
VERTEX
  8
0
 10
7238.738253
 20
28123.209400
 42
0.015218
  0
VERTEX
  8
0
 10
7215.324355
 20
28119.031616
 42
0.015928
  0
VERTEX
  8
0
 10
7193.117532
 20
28113.624057
 42
0.015307
  0
VERTEX
  8
0
 10
7171.000000
 20
28106.750172
 42
0.057840
  0
VERTEX
  8
0
 10
7093.419746
 20
28069.514701
 42
0.057840
  0
VERTEX
  8
0
 10
7026.431013
 20
28015.499426
 42
0.057817
  0
VERTEX
  8
0
 10
6973.572834
 20
27947.553687
 42
0.057703
  0
VERTEX
  8
0
 10
6937.634183
 20
27869.266746
 42
0.053866
  0
VERTEX
  8
0
 10
6921.129891
 20
27790.856420
 42
0.053924
  0
VERTEX
  8
0
 10
6921.763792
 20
27710.759082
 42
0.053762
  0
VERTEX
  8
0
 10
6939.532830
 20
27632.430664
 42
0.052923
  0
VERTEX
  8
0
 10
6973.650721
 20
27559.248041
 42
0.040513
  0
VERTEX
  8
0
 10
7006.741538
 20
27513.186902
 42
0.037853
  0
VERTEX
  8
0
 10
7047.531284
 20
27471.923634
 42
0.037757
  0
VERTEX
  8
0
 10
7094.187583
 20
27437.184443
 42
0.039813
  0
VERTEX
  8
0
 10
7144.743124
 20
27410.545275
 42
0.022268
  0
VERTEX
  8
0
 10
7178.711986
 20
27397.726572
 42
0.025290
  0
VERTEX
  8
0
 10
7212.286481
 20
27388.588149
 42
0.025254
  0
VERTEX
  8
0
 10
7246.654075
 20
27382.876757
 42
0.022086
  0
VERTEX
  8
0
 10
7283.000000
 20
27380.327674
 42
0.008842
  0
VERTEX
  8
0
 10
7301.650452
 20
27380.175276
 42
0.012845
  0
VERTEX
  8
0
 10
7318.097295
 20
27380.754474
 42
0.013257
  0
VERTEX
  8
0
 10
7334.090137
 20
27382.155875
 42
0.010404
  0
VERTEX
  8
0
 10
7351.341197
 20
27384.494152
 42
0.060776
  0
VERTEX
  8
0
 10
7437.720833
 20
27409.046284
 42
0.060372
  0
VERTEX
  8
0
 10
7515.875026
 20
27453.683664
 42
0.060336
  0
VERTEX
  8
0
 10
7581.143932
 20
27515.725747
 42
0.060569
  0
VERTEX
  8
0
 10
7629.616546
 20
27591.479474
 42
0.056907
  0
VERTEX
  8
0
 10
7657.632688
 20
27672.077017
 42
0.057402
  0
VERTEX
  8
0
 10
7666.648597
 20
27756.677220
 42
0.057370
  0
VERTEX
  8
0
 10
7656.194586
 20
27841.154273
 42
0.056727
  0
VERTEX
  8
0
 10
7626.809473
 20
27921.388306
 42
0.058117
  0
VERTEX
  8
0
 10
7579.857652
 20
27992.972976
 42
0.057393
  0
VERTEX
  8
0
 10
7517.514688
 20
28052.170678
 42
0.057382
  0
VERTEX
  8
0
 10
7443.335077
 20
28095.656284
 42
0.058051
  0
VERTEX
  8
0
 10
7361.500000
 20
28120.936273
 42
0.008323
  0
VERTEX
  8
0
 10
7345.333608
 20
28123.661397
 42
0.015833
  0
VERTEX
  8
0
 10
7332.238717
 20
28125.222948
 42
0.014008
  0
VERTEX
  8
0
 10
7318.066213
 20
28126.060254
 42
0.005134
  0
VERTEX
  8
0
 10
7298.000000
 20
28126.476303
 42
0.001383
  0
VERTEX
  8
0
 10
7286.408373
 20
28126.565540
 42
0.001903
  0
VERTEX
  8
0
 10
7275.990625
 20
28126.577281
 42
0.001208
  0
VERTEX
  8
0
 10
7267.233541
 20
28126.532668
 42
0.022946
  0
SEQEND
  0
POLYLINE
  8
0
 66
1
 70
1
  0
VERTEX
  8
0
 10
7318.344137
 20
27948.499486
 42
-0.061675
  0
VERTEX
  8
0
 10
7365.519325
 20
27936.275627
 42
-0.062420
  0
VERTEX
  8
0
 10
7408.080859
 20
27912.946009
 42
-0.062415
  0
VERTEX
  8
0
 10
7443.571751
 20
27879.832503
 42
-0.061646
  0
VERTEX
  8
0
 10
7469.966717
 20
27838.854429
 42
-0.092537
  0
VERTEX
  8
0
 10
7488.934752
 20
27768.835213
 42
-0.093487
  0
VERTEX
  8
0
 10
7481.255351
 20
27696.955235
 42
-0.093254
  0
VERTEX
  8
0
 10
7447.882508
 20
27632.669234
 42
-0.091535
  0
VERTEX
  8
0
 10
7393.244052
 20
27584.414871
 42
-0.055592
  0
VERTEX
  8
0
 10
7355.426783
 20
27567.080132
 42
-0.053196
  0
VERTEX
  8
0
 10
7314.153414
 20
27558.177610
 42
-0.052993
  0
VERTEX
  8
0
 10
7271.779068
 20
27558.166432
 42
-0.054300
  0
VERTEX
  8
0
 10
7230.710537
 20
27567.096764
 42
-0.065088
  0
VERTEX
  8
0
 10
7184.804788
 20
27589.419246
 42
-0.065264
  0
VERTEX
  8
0
 10
7146.227017
 20
27622.775378
 42
-0.065133
  0
VERTEX
  8
0
 10
7117.488713
 20
27665.014135
 42
-0.064379
  0
VERTEX
  8
0
 10
7100.443723
 20
27713.388745
 42
-0.054822
  0
VERTEX
  8
0
 10
7096.289060
 20
27754.525929
 42
-0.052674
  0
VERTEX
  8
0
 10
7101.061570
 20
27796.159804
 42
-0.052507
  0
VERTEX
  8
0
 10
7114.454808
 20
27836.000451
 42
-0.053761
  0
VERTEX
  8
0
 10
7135.773483
 20
27871.837997
 42
-0.020733
  0
VERTEX
  8
0
 10
7142.725878
 20
27880.339032
 42
-0.011238
  0
VERTEX
  8
0
 10
7151.928347
 20
27890.228024
 42
-0.011237
  0
VERTEX
  8
0
 10
7161.577854
 20
27899.705312
 42
-0.020493
  0
VERTEX
  8
0
 10
7169.928788
 20
27906.925999
 42
-0.033074
  0
VERTEX
  8
0
 10
7191.935158
 20
27922.170733
 42
-0.033435
  0
VERTEX
  8
0
 10
7215.681956
 20
27934.319166
 42
-0.033626
  0
VERTEX
  8
0
 10
7240.700640
 20
27943.135374
 42
-0.034344
  0
VERTEX
  8
0
 10
7266.500000
 20
27948.443328
 42
-0.021665
  0
VERTEX
  8
0
 10
7278.046324
 20
27949.496053
 42
-0.011629
  0
VERTEX
  8
0
 10
7292.352135
 20
27949.844340
 42
-0.011628
  0
VERTEX
  8
0
 10
7306.689331
 20
27949.526417
 42
-0.021233
  0
SEQEND
  0
POLYLINE
  8
0
 66
1
 70
1
  0
VERTEX
  8
0
 10
11194.812526
 20
28126.009024
 42
0.070468
  0
VERTEX
  8
0
 10
11089.458858
 20
28100.634938
 42
0.072457
  0
VERTEX
  8
0
 10
10996.391090
 20
28047.136322
 42
0.072650
  0
VERTEX
  8
0
 10
10922.651018
 20
27969.455846
 42
0.071438
  0
VERTEX
  8
0
 10
10873.703039
 20
27873.500000
 42
0.030674
  0
VERTEX
  8
0
 10
10862.082715
 20
27831.140404
 42
0.029444
  0
VERTEX
  8
0
 10
10855.536559
 20
27787.094241
 42
0.029304
  0
VERTEX
  8
0
 10
10854.191022
 20
27742.373616
 42
0.029690
  0
VERTEX
  8
0
 10
10858.100490
 20
27698.000000
 42
0.050608
  0
VERTEX
  8
0
 10
10876.288854
 20
27626.280951
 42
0.049560
  0
VERTEX
  8
0
 10
10908.600773
 20
27559.139648
 42
0.049533
  0
VERTEX
  8
0
 10
10953.512606
 20
27499.637445
 42
0.050441
  0
VERTEX
  8
0
 10
11009.000000
 20
27450.532362
 42
0.030692
  0
VERTEX
  8
0
 10
11048.870027
 20
27425.408344
 42
0.032080
  0
VERTEX
  8
0
 10
11090.944170
 20
27405.765352
 42
0.031737
  0
VERTEX
  8
0
 10
11135.610819
 20
27391.496760
 42
0.028743
  0
VERTEX
  8
0
 10
11183.224795
 20
27382.424639
 42
0.022751
  0
VERTEX
  8
0
 10
11204.873611
 20
27380.573206
 42
0.012889
  0
VERTEX
  8
0
 10
11231.192990
 20
27380.203611
 42
0.012844
  0
VERTEX
  8
0
 10
11257.821993
 20
27381.200564
 42
0.020419
  0
VERTEX
  8
0
 10
11280.500000
 20
27383.566243
 42
0.032854
  0
VERTEX
  8
0
 10
11329.457000
 20
27394.024489
 42
0.033457
  0
VERTEX
  8
0
 10
11376.315979
 20
27410.760239
 42
0.033374
  0
VERTEX
  8
0
 10
11420.631074
 20
27433.642507
 42
0.032340
  0
VERTEX
  8
0
 10
11462.000000
 20
27462.434697
 42
0.018955
  0
VERTEX
  8
0
 10
11475.338752
 20
27473.913413
 42
0.009239
  0
VERTEX
  8
0
 10
11491.512462
 20
27489.501768
 42
0.009238
  0
VERTEX
  8
0
 10
11507.095692
 20
27505.673334
 42
0.018999
  0
VERTEX
  8
0
 10
11518.559701
 20
27519.000000
 42
0.029537
  0
VERTEX
  8
0
 10
11545.392396
 20
27557.118884
 42
0.030502
  0
VERTEX
  8
0
 10
11567.231062
 20
27597.737860
 42
0.030763
  0
VERTEX
  8
0
 10
11583.806669
 20
27640.370208
 42
0.031234
  0
VERTEX
  8
0
 10
11594.927482
 20
27684.500000
 42
0.008650
  0
VERTEX
  8
0
 10
11597.552785
 20
27700.063140
 42
0.014334
  0
VERTEX
  8
0
 10
11599.162018
 20
27713.281400
 42
0.012897
  0
VERTEX
  8
0
 10
11600.111961
 20
27727.505068
 42
0.005560
  0
VERTEX
  8
0
 10
11600.677671
 20
27746.500000
 42
0.007420
  0
VERTEX
  8
0
 10
11600.755745
 20
27766.976971
 42
0.013974
  0
VERTEX
  8
0
 10
11600.111653
 20
27783.494983
 42
0.015030
  0
VERTEX
  8
0
 10
11598.590859
 20
27799.127886
 42
0.010328
  0
VERTEX
  8
0
 10
11595.969829
 20
27816.745689
 42
0.048342
  0
VERTEX
  8
0
 10
11577.438016
 20
27885.045286
 42
0.047409
  0
VERTEX
  8
0
 10
11546.049736
 20
27948.990961
 42
0.047327
  0
VERTEX
  8
0
 10
11503.118017
 20
28005.979099
 42
0.047825
  0
VERTEX
  8
0
 10
11450.374024
 20
28053.657473
 42
0.032057
  0
VERTEX
  8
0
 10
11410.549723
 20
28079.484054
 42
0.032240
  0
VERTEX
  8
0
 10
11367.824502
 20
28099.953258
 42
0.031812
  0
VERTEX
  8
0
 10
11322.270046
 20
28114.984853
 42
0.029468
  0
VERTEX
  8
0
 10
11274.000000
 20
28124.578872
 42
0.025148
  0
VERTEX
  8
0
 10
11260.181602
 20
28125.784078
 42
0.004664
  0
VERTEX
  8
0
 10
11234.672061
 20
28126.482843
 42
0.004754
  0
VERTEX
  8
0
 10
11209.132800
 20
28126.701221
 42
0.023675
  0
SEQEND
  0
POLYLINE
  8
0
 66
1
 70
1
  0
VERTEX
  8
0
 10
11253.198784
 20
27948.508149
 42
-0.027943
  0
VERTEX
  8
0
 10
11275.601260
 20
27944.266578
 42
-0.029449
  0
VERTEX
  8
0
 10
11296.991861
 20
27937.605772
 42
-0.029492
  0
VERTEX
  8
0
 10
11317.423433
 20
27928.488413
 42
-0.028198
  0
VERTEX
  8
0
 10
11336.960728
 20
27916.907725
 42
-0.023165
  0
VERTEX
  8
0
 10
11352.679258
 20
27905.258932
 42
-0.025601
  0
VERTEX
  8
0
 10
11366.712287
 20
27892.566381
 42
-0.025519
  0
VERTEX
  8
0
 10
11379.413164
 20
27878.467952
 42
-0.022725
  0
VERTEX
  8
0
 10
11391.142815
 20
27862.609028
 42
-0.036434
  0
VERTEX
  8
0
 10
11405.459245
 20
27837.520512
 42
-0.038179
  0
VERTEX
  8
0
 10
11415.726322
 20
27811.001773
 42
-0.037938
  0
VERTEX
  8
0
 10
11421.890487
 20
27783.073317
 42
-0.035070
  0
VERTEX
  8
0
 10
11423.981680
 20
27753.784382
 42
-0.045187
  0
VERTEX
  8
0
 10
11420.697638
 20
27717.043818
 42
-0.048048
  0
VERTEX
  8
0
 10
11410.868620
 20
27682.271717
 42
-0.047592
  0
VERTEX
  8
0
 10
11394.476556
 20
27649.729407
 42
-0.042806
  0
VERTEX
  8
0
 10
11371.707835
 20
27619.609341
 42
-0.045042
  0
VERTEX
  8
0
 10
11350.500973
 20
27599.935036
 42
-0.036105
  0
VERTEX
  8
0
 10
11324.537076
 20
27582.710979
 42
-0.035950
  0
VERTEX
  8
0
 10
11296.225706
 20
27569.324398
 42
-0.043417
  0
VERTEX
  8
0
 10
11268.000000
 20
27561.115267
 42
-0.051840
  0
VERTEX
  8
0
 10
11224.583447
 20
27557.080575
 42
-0.055354
  0
VERTEX
  8
0
 10
11182.246454
 20
27562.250862
 42
-0.055524
  0
VERTEX
  8
0
 10
11142.187075
 20
27576.558949
 42
-0.052731
  0
VERTEX
  8
0
 10
11105.500000
 20
27599.526541
 42
-0.019965
  0
VERTEX
  8
0
 10
11097.834507
 20
27606.044090
 42
-0.009674
  0
VERTEX
  8
0
 10
11088.540269
 20
27614.947203
 42
-0.009645
  0
VERTEX
  8
0
 10
11079.666631
 20
27624.130463
 42
-0.021713
  0
VERTEX
  8
0
 10
11073.389177
 20
27631.500000
 42
-0.069097
  0
VERTEX
  8
0
 10
11045.496659
 20
27679.749663
 42
-0.070737
  0
VERTEX
  8
0
 10
11032.088864
 20
27733.389774
 42
-0.071009
  0
VERTEX
  8
0
 10
11034.186789
 20
27788.458892
 42
-0.070497
  0
VERTEX
  8
0
 10
11051.597206
 20
27840.887904
 42
-0.046146
  0
VERTEX
  8
0
 10
11070.940140
 20
27872.183178
 42
-0.047011
  0
VERTEX
  8
0
 10
11095.587583
 20
27899.188289
 42
-0.046870
  0
VERTEX
  8
0
 10
11124.919909
 20
27921.182344
 42
-0.045322
  0
VERTEX
  8
0
 10
11158.158021
 20
27937.614343
 42
-0.035205
  0
VERTEX
  8
0
 10
11180.205492
 20
27944.390315
 42
-0.028425
  0
VERTEX
  8
0
 10
11204.623288
 20
27948.605889
 42
-0.028228
  0
VERTEX
  8
0
 10
11229.567862
 20
27950.046391
 42
-0.033135
  0
SEQEND
  0
POLYLINE
  8
0
 66
1
 70
1
  0
VERTEX
  8
0
 10
14341.000000
 20
28125.909951
 42
0.017784
  0
VERTEX
  8
0
 10
14314.992105
 20
28122.384221
 42
0.016304
  0
VERTEX
  8
0
 10
14288.528235
 20
28116.939490
 42
0.016415
  0
VERTEX
  8
0
 10
14262.674894
 20
28109.830488
 42
0.018787
  0
VERTEX
  8
0
 10
14238.500000
 20
28101.313212
 42
0.025339
  0
VERTEX
  8
0
 10
14203.381160
 20
28085.335328
 42
0.026478
  0
VERTEX
  8
0
 10
14170.588422
 20
28066.095665
 42
0.026352
  0
VERTEX
  8
0
 10
14139.870903
 20
28043.405065
 42
0.024587
  0
VERTEX
  8
0
 10
14110.957983
 20
28017.106790
 42
0.017583
  0
VERTEX
  8
0
 10
14089.574501
 20
27994.079138
 42
0.022083
  0
VERTEX
  8
0
 10
14071.513234
 20
27971.238319
 42
0.022269
  0
VERTEX
  8
0
 10
14055.657006
 20
27947.056726
 42
0.018412
  0
VERTEX
  8
0
 10
14040.909822
 20
27920.000000
 42
0.021907
  0
VERTEX
  8
0
 10
14027.043076
 20
27888.815139
 42
0.023592
  0
VERTEX
  8
0
 10
14016.335339
 20
27857.289343
 42
0.023316
  0
VERTEX
  8
0
 10
14008.545369
 20
27824.554579
 42
0.020401
  0
VERTEX
  8
0
 10
14003.419427
 20
27789.745689
 42
0.021124
  0
VERTEX
  8
0
 10
14002.313556
 20
27772.263178
 42
0.008326
  0
VERTEX
  8
0
 10
14002.210380
 20
27748.143965
 42
0.008295
  0
VERTEX
  8
0
 10
14002.906696
 20
27724.110807
 42
0.022011
  0
VERTEX
  8
0
 10
14004.443423
 20
27707.000000
 42
0.032692
  0
VERTEX
  8
0
 10
14014.762996
 20
27655.814742
 42
0.034514
  0
VERTEX
  8
0
 10
14031.538995
 20
27607.360509
 42
0.034564
  0
VERTEX
  8
0
 10
14054.794403
 20
27561.738253
 42
0.032987
  0
VERTEX
  8
0
 10
14084.440299
 20
27519.000000
 42
0.018964
  0
VERTEX
  8
0
 10
14095.801707
 20
27505.790729
 42
0.009053
  0
VERTEX
  8
0
 10
14111.339013
 20
27489.650300
 42
0.009047
  0
VERTEX
  8
0
 10
14127.420661
 20
27474.111360
 42
0.019335
  0
VERTEX
  8
0
 10
14140.500000
 20
27462.835661
 42
0.033662
  0
VERTEX
  8
0
 10
14184.627409
 20
27432.288069
 42
0.036086
  0
VERTEX
  8
0
 10
14231.469213
 20
27408.725094
 42
0.035774
  0
VERTEX
  8
0
 10
14281.589260
 20
27391.981509
 42
0.031974
  0
VERTEX
  8
0
 10
14335.500000
 20
27381.782706
 42
0.026259
  0
VERTEX
  8
0
 10
14351.088502
 20
27380.681312
 42
0.006121
  0
VERTEX
  8
0
 10
14377.324078
 20
27380.529458
 42
0.006183
  0
VERTEX
  8
0
 10
14403.590534
 20
27381.023852
 42
0.025211
  0
VERTEX
  8
0
 10
14419.500000
 20
27382.324905
 42
0.037934
  0
VERTEX
  8
0
 10
14481.742795
 20
27395.451063
 42
0.041934
  0
VERTEX
  8
0
 10
14539.145609
 20
27417.550066
 42
0.042442
  0
VERTEX
  8
0
 10
14591.457757
 20
27448.634034
 42
0.040722
  0
VERTEX
  8
0
 10
14638.554080
 20
27488.494608
 42
0.007992
  0
VERTEX
  8
0
 10
14650.185109
 20
27500.464678
 42
0.011446
  0
VERTEX
  8
0
 10
14660.077315
 20
27511.470538
 42
0.011844
  0
VERTEX
  8
0
 10
14669.194894
 20
27522.617627
 42
0.009560
  0
VERTEX
  8
0
 10
14678.467638
 20
27535.000000
 42
0.031450
  0
VERTEX
  8
0
 10
14704.060732
 20
27575.751274
 42
0.032845
  0
VERTEX
  8
0
 10
14723.928190
 20
27618.817580
 42
0.032343
  0
VERTEX
  8
0
 10
14738.227374
 20
27664.733946
 42
0.028664
  0
VERTEX
  8
0
 10
14747.188360
 20
27714.000000
 42
0.025362
  0
VERTEX
  8
0
 10
14748.217438
 20
27728.288521
 42
0.005239
  0
VERTEX
  8
0
 10
14748.487530
 20
27753.518695
 42
0.005232
  0
VERTEX
  8
0
 10
14748.229231
 20
27778.746737
 42
0.025480
  0
VERTEX
  8
0
 10
14747.206222
 20
27793.000000
 42
0.038158
  0
VERTEX
  8
0
 10
14734.264050
 20
27857.215953
 42
0.043253
  0
VERTEX
  8
0
 10
14712.043029
 20
27915.964487
 42
0.043738
  0
VERTEX
  8
0
 10
14680.304757
 20
27969.458642
 42
0.040666
  0
VERTEX
  8
0
 10
14639.039090
 20
28018.036533
 42
0.039869
  0
VERTEX
  8
0
 10
14592.664141
 20
28057.545629
 42
0.041674
  0
VERTEX
  8
0
 10
14541.260967
 20
28088.542190
 42
0.041378
  0
VERTEX
  8
0
 10
14485.082706
 20
28110.760678
 42
0.038214
  0
VERTEX
  8
0
 10
14424.500000
 20
28124.150562
 42
0.023896
  0
VERTEX
  8
0
 10
14408.597448
 20
28125.639339
 42
0.006124
  0
VERTEX
  8
0
 10
14382.771613
 20
28126.500048
 42
0.006121
  0
VERTEX
  8
0
 10
14356.934489
 20
28126.728072
 42
0.023945
  0
SEQEND
  0
POLYLINE
  8
0
 66
1
 70
1
  0
VERTEX
  8
0
 10
14401.423595
 20
27948.489070
 42
-0.068458
  0
VERTEX
  8
0
 10
14452.245171
 20
27934.585132
 42
-0.067397
  0
VERTEX
  8
0
 10
14497.721995
 20
27907.427373
 42
-0.067272
  0
VERTEX
  8
0
 10
14534.408184
 20
27869.100018
 42
-0.067767
  0
VERTEX
  8
0
 10
14559.495341
 20
27822.500000
 42
-0.064325
  0
VERTEX
  8
0
 10
14570.940450
 20
27773.631503
 42
-0.064285
  0
VERTEX
  8
0
 10
14569.594670
 20
27723.448173
 42
-0.064020
  0
VERTEX
  8
0
 10
14555.522149
 20
27675.069220
 42
-0.062876
  0
VERTEX
  8
0
 10
14529.610963
 20
27631.500000
 42
-0.020655
  0
VERTEX
  8
0
 10
14523.819195
 20
27624.671243
 42
-0.008622
  0
VERTEX
  8
0
 10
14515.482207
 20
27615.934060
 42
-0.008680
  0
VERTEX
  8
0
 10
14506.724366
 20
27607.369693
 42
-0.017673
  0
VERTEX
  8
0
 10
14499.500000
 20
27601.013887
 42
-0.025696
  0
VERTEX
  8
0
 10
14485.984246
 20
27591.059542
 42
-0.019493
  0
VERTEX
  8
0
 10
14470.233811
 20
27581.522877
 42
-0.019539
  0
VERTEX
  8
0
 10
14453.844390
 20
27573.271935
 42
-0.026388
  0
VERTEX
  8
0
 10
14438.402712
 20
27567.201667
 42
-0.069039
  0
VERTEX
  8
0
 10
14384.596047
 20
27557.191910
 42
-0.069642
  0
VERTEX
  8
0
 10
14330.262818
 20
27562.258914
 42
-0.069706
  0
VERTEX
  8
0
 10
14279.451600
 20
27582.038899
 42
-0.069378
  0
VERTEX
  8
0
 10
14235.940963
 20
27615.044247
 42
-0.085900
  0
VERTEX
  8
0
 10
14197.795269
 20
27669.399166
 42
-0.084803
  0
VERTEX
  8
0
 10
14179.918731
 20
27733.655541
 42
-0.084868
  0
VERTEX
  8
0
 10
14184.393696
 20
27800.159363
 42
-0.086216
  0
VERTEX
  8
0
 10
14210.730405
 20
27861.000000
 42
-0.053761
  0
VERTEX
  8
0
 10
14238.464372
 20
27894.743804
 42
-0.056960
  0
VERTEX
  8
0
 10
14272.261921
 20
27921.062655
 42
-0.056202
  0
VERTEX
  8
0
 10
14311.547144
 20
27939.344162
 42
-0.049993
  0
VERTEX
  8
0
 10
14355.500000
 20
27949.328068
 42
-0.028810
  0
VERTEX
  8
0
 10
14363.731958
 20
27949.870952
 42
-0.006629
  0
VERTEX
  8
0
 10
14377.654480
 20
27949.801204
 42
-0.007049
  0
VERTEX
  8
0
 10
14391.779500
 20
27949.343879
 42
-0.020973
  0
SEQEND
  0
POLYLINE
  8
0
 66
1
 70
1
  0
VERTEX
  8
0
 10
18281.500000
 20
28126.386573
 42
0.018607
  0
VERTEX
  8
0
 10
18243.602782
 20
28121.181725
 42
0.024025
  0
VERTEX
  8
0
 10
18209.345393
 20
28113.458587
 42
0.024818
  0
VERTEX
  8
0
 10
18176.908782
 20
28102.730895
 42
0.022325
  0
VERTEX
  8
0
 10
18144.500000
 20
28088.503332
 42
0.054449
  0
VERTEX
  8
0
 10
18076.472319
 20
28045.177149
 42
0.054030
  0
VERTEX
  8
0
 10
18019.205317
 20
27988.087202
 42
0.054052
  0
VERTEX
  8
0
 10
17975.517441
 20
27920.076670
 42
0.054576
  0
VERTEX
  8
0
 10
17947.591023
 20
27844.500000
 42
0.013629
  0
VERTEX
  8
0
 10
17942.485815
 20
27821.415389
 42
0.017735
  0
VERTEX
  8
0
 10
17939.145157
 20
27800.025314
 42
0.017403
  0
VERTEX
  8
0
 10
17937.287116
 20
27778.130465
 42
0.012366
  0
VERTEX
  8
0
 10
17936.668094
 20
27753.500000
 42
0.026620
  0
VERTEX
  8
0
 10
17938.919200
 20
27710.930429
 42
0.029205
  0
VERTEX
  8
0
 10
17945.685219
 20
27670.159305
 42
0.029287
  0
VERTEX
  8
0
 10
17957.133380
 20
27630.556269
 42
0.027075
  0
VERTEX
  8
0
 10
17973.383454
 20
27591.479474
 42
0.019832
  0
VERTEX
  8
0
 10
17987.945633
 20
27564.038888
 42
0.021748
  0
VERTEX
  8
0
 10
18004.227110
 20
27538.695442
 42
0.021679
  0
VERTEX
  8
0
 10
18022.698603
 20
27514.790658
 42
0.019449
  0
VERTEX
  8
0
 10
18043.823541
 20
27491.660667
 42
0.040476
  0
VERTEX
  8
0
 10
18091.636269
 20
27450.491547
 42
0.042878
  0
VERTEX
  8
0
 10
18144.580968
 20
27418.447324
 42
0.042657
  0
VERTEX
  8
0
 10
18202.472728
 20
27395.773289
 42
0.039264
  0
VERTEX
  8
0
 10
18265.000000
 20
27382.475504
 42
0.022305
  0
VERTEX
  8
0
 10
18286.989153
 20
27380.569574
 42
0.013293
  0
VERTEX
  8
0
 10
18313.262221
 20
27380.168301
 42
0.013222
  0
VERTEX
  8
0
 10
18339.882362
 20
27381.173828
 42
0.019850
  0
VERTEX
  8
0
 10
18363.000000
 20
27383.584233
 42
0.054516
  0
VERTEX
  8
0
 10
18441.952620
 20
27403.955429
 42
0.054529
  0
VERTEX
  8
0
 10
18514.629761
 20
27440.908179
 42
0.054575
  0
VERTEX
  8
0
 10
18577.546290
 20
27492.664079
 42
0.054791
  0
VERTEX
  8
0
 10
18627.680353
 20
27556.743081
 42
0.015272
  0
VERTEX
  8
0
 10
18636.060426
 20
27571.248086
 42
0.008838
  0
VERTEX
  8
0
 10
18645.284771
 20
27589.155273
 42
0.008848
  0
VERTEX
  8
0
 10
18653.778279
 20
27607.182617
 42
0.016884
  0
VERTEX
  8
0
 10
18659.848933
 20
27622.000000
 42
0.043531
  0
VERTEX
  8
0
 10
18677.729277
 20
27687.095805
 42
0.045270
  0
VERTEX
  8
0
 10
18683.756051
 20
27753.448128
 42
0.045251
  0
VERTEX
  8
0
 10
18677.743244
 20
27819.826610
 42
0.043425
  0
VERTEX
  8
0
 10
18659.876181
 20
27885.000000
 42
0.020381
  0
VERTEX
  8
0
 10
18650.964410
 20
27906.368169
 42
0.013998
  0
VERTEX
  8
0
 10
18639.214721
 20
27929.854109
 42
0.013941
  0
VERTEX
  8
0
 10
18626.080497
 20
27952.806711
 42
0.019278
  0
VERTEX
  8
0
 10
18612.956335
 20
27972.570744
 42
0.018357
  0
VERTEX
  8
0
 10
18598.366784
 20
27991.313225
 42
0.014963
  0
VERTEX
  8
0
 10
18581.444168
 20
28010.296278
 42
0.015027
  0
VERTEX
  8
0
 10
18563.515747
 20
28028.129848
 42
0.019154
  0
VERTEX
  8
0
 10
18545.900090
 20
28043.406037
 42
0.032321
  0
VERTEX
  8
0
 10
18502.642496
 20
28073.734255
 42
0.035747
  0
VERTEX
  8
0
 10
18457.228126
 20
28097.111680
 42
0.035503
  0
VERTEX
  8
0
 10
18408.664527
 20
28113.905817
 42
0.031066
  0
VERTEX
  8
0
 10
18356.000000
 20
28124.573481
 42
0.025000
  0
VERTEX
  8
0
 10
18343.924879
 20
28125.635839
 42
0.003358
  0
VERTEX
  8
0
 10
18318.429530
 20
28126.427674
 42
0.003201
  0
VERTEX
  8
0
 10
18292.873653
 20
28126.885923
 42
0.027708
  0
SEQEND
  0
POLYLINE
  8
0
 66
1
 70
1
  0
VERTEX
  8
0
 10
18342.847790
 20
27947.616386
 42
-0.035642
  0
VERTEX
  8
0
 10
18374.046326
 20
27939.460802
 42
-0.040463
  0
VERTEX
  8
0
 10
18402.416194
 20
27927.203684
 42
-0.040939
  0
VERTEX
  8
0
 10
18428.160144
 20
27910.683038
 42
-0.038125
  0
VERTEX
  8
0
 10
18451.534187
 20
27889.824700
 42
-0.041703
  0
VERTEX
  8
0
 10
18473.206821
 20
27863.168347
 42
-0.044769
  0
VERTEX
  8
0
 10
18489.578032
 20
27833.887213
 42
-0.044511
  0
VERTEX
  8
0
 10
18500.547550
 20
27802.003763
 42
-0.040343
  0
VERTEX
  8
0
 10
18506.159981
 20
27767.610354
 42
-0.050988
  0
VERTEX
  8
0
 10
18505.392166
 20
27730.653040
 42
-0.047565
  0
VERTEX
  8
0
 10
18497.218894
 20
27693.707596
 42
-0.047203
  0
VERTEX
  8
0
 10
18482.124995
 20
27658.703532
 42
-0.048529
  0
VERTEX
  8
0
 10
18460.849267
 20
27627.500000
 42
-0.070045
  0
VERTEX
  8
0
 10
18420.035818
 20
27590.567487
 42
-0.070846
  0
VERTEX
  8
0
 10
18370.763784
 20
27566.510359
 42
-0.070653
  0
VERTEX
  8
0
 10
18316.612131
 20
27557.121345
 42
-0.069052
  0
VERTEX
  8
0
 10
18261.542565
 20
27563.052009
 42
-0.071327
  0
VERTEX
  8
0
 10
18211.182883
 20
27583.610228
 42
-0.069523
  0
VERTEX
  8
0
 10
18168.135335
 20
27617.631839
 42
-0.069378
  0
VERTEX
  8
0
 10
18135.989537
 20
27662.222095
 42
-0.070522
  0
VERTEX
  8
0
 10
18117.487358
 20
27713.661350
 42
-0.064627
  0
VERTEX
  8
0
 10
18113.707379
 20
27763.701435
 42
-0.064075
  0
VERTEX
  8
0
 10
18122.799496
 20
27813.201603
 42
-0.063944
  0
VERTEX
  8
0
 10
18144.153995
 20
27858.875870
 42
-0.063893
  0
VERTEX
  8
0
 10
18176.360443
 20
27897.686553
 42
-0.038717
  0
VERTEX
  8
0
 10
18199.754114
 20
27916.339356
 42
-0.038581
  0
VERTEX
  8
0
 10
18225.770301
 20
27931.186921
 42
-0.038212
  0
VERTEX
  8
0
 10
18254.004139
 20
27941.978592
 42
-0.036447
  0
VERTEX
  8
0
 10
18284.000000
 20
27948.555380
 42
-0.030449
  0
VERTEX
  8
0
 10
18295.798362
 20
27949.526209
 42
-0.009294
  0
VERTEX
  8
0
 10
18313.715960
 20
27949.573389
 42
-0.009164
  0
VERTEX
  8
0
 10
18331.549941
 20
27948.961741
 42
-0.032967
  0
SEQEND
  0
POLYLINE
  8
0
 66
1
 70
1
  0
VERTEX
  8
0
 10
21430.500000
 20
28126.416513
 42
-0.006040
  0
VERTEX
  8
0
 10
21428.721058
 20
28126.197980
 42
-0.000910
  0
VERTEX
  8
0
 10
21425.150000
 20
28125.809597
 42
-0.001021
  0
VERTEX
  8
0
 10
21420.931439
 20
28125.367270
 42
-0.000882
  0
VERTEX
  8
0
 10
21416.500000
 20
28124.919666
 42
0.016355
  0
VERTEX
  8
0
 10
21398.641365
 20
28122.555667
 42
0.012744
  0
VERTEX
  8
0
 10
21379.411633
 20
28118.861381
 42
0.012376
  0
VERTEX
  8
0
 10
21359.730252
 20
28114.044234
 42
0.012744
  0
VERTEX
  8
0
 10
21340.504357
 20
28108.301240
 42
0.038878
  0
VERTEX
  8
0
 10
21288.731455
 20
28086.808954
 42
0.037648
  0
VERTEX
  8
0
 10
21240.319558
 20
28057.362938
 42
0.037538
  0
VERTEX
  8
0
 10
21196.737819
 20
28020.895558
 42
0.038129
  0
VERTEX
  8
0
 10
21159.345037
 20
27978.500000
 42
0.042415
  0
VERTEX
  8
0
 10
21125.910040
 20
27925.380637
 42
0.042032
  0
VERTEX
  8
0
 10
21101.800749
 20
27867.222802
 42
0.042090
  0
VERTEX
  8
0
 10
21087.782960
 20
27805.931285
 42
0.042792
  0
VERTEX
  8
0
 10
21084.334674
 20
27743.500000
 42
0.005556
  0
VERTEX
  8
0
 10
21084.961906
 20
27728.382699
 42
0.011206
  0
VERTEX
  8
0
 10
21085.855411
 20
27716.490344
 42
0.011399
  0
VERTEX
  8
0
 10
21087.269808
 20
27704.780144
 42
0.005967
  0
VERTEX
  8
0
 10
21089.535721
 20
27690.272170
 42
0.065678
  0
VERTEX
  8
0
 10
21117.727680
 20
27598.496835
 42
0.064657
  0
VERTEX
  8
0
 10
21168.860672
 20
27516.636543
 42
0.064580
  0
VERTEX
  8
0
 10
21239.270682
 20
27450.469318
 42
0.065238
  0
VERTEX
  8
0
 10
21324.000000
 20
27404.722208
 42
0.013778
  0
VERTEX
  8
0
 10
21346.036977
 20
27396.995629
 42
0.016281
  0
VERTEX
  8
0
 10
21367.280536
 20
27390.953327
 42
0.015940
  0
VERTEX
  8
0
 10
21389.253798
 20
27386.208393
 42
0.012255
  0
VERTEX
  8
0
 10
21413.500000
 20
27382.387770
 42
0.020876
  0
VERTEX
  8
0
 10
21428.081795
 20
27381.071323
 42
0.006976
  0
VERTEX
  8
0
 10
21449.486236
 20
27380.336055
 42
0.007067
  0
VERTEX
  8
0
 10
21471.069450
 20
27380.201106
 42
0.018674
  0
VERTEX
  8
0
 10
21486.500000
 20
27380.899409
 42
0.052698
  0
VERTEX
  8
0
 10
21566.386017
 20
27396.086365
 42
0.054331
  0
VERTEX
  8
0
 10
21640.464686
 20
27427.556649
 42
0.054453
  0
VERTEX
  8
0
 10
21705.882417
 20
27474.167470
 42
0.053385
  0
VERTEX
  8
0
 10
21760.182490
 20
27534.084968
 42
0.036502
  0
VERTEX
  8
0
 10
21788.671074
 20
27579.868691
 42
0.036458
  0
VERTEX
  8
0
 10
21810.211772
 20
27629.326977
 42
0.036354
  0
VERTEX
  8
0
 10
21824.389239
 20
27681.527827
 42
0.035841
  0
VERTEX
  8
0
 10
21830.942538
 20
27735.481447
 42
0.045194
  0
VERTEX
  8
0
 10
21828.179156
 20
27802.666902
 42
0.045225
  0
VERTEX
  8
0
 10
21813.388794
 20
27868.246658
 42
0.045138
  0
VERTEX
  8
0
 10
21787.012355
 20
27930.213657
 42
0.044662
  0
VERTEX
  8
0
 10
21749.865465
 20
27986.677167
 42
0.019390
  0
VERTEX
  8
0
 10
21738.105294
 20
28000.360859
 42
0.008783
  0
VERTEX
  8
0
 10
21721.715458
 20
28017.389539
 42
0.008758
  0
VERTEX
  8
0
 10
21704.822412
 20
28033.751560
 42
0.020506
  0
VERTEX
  8
0
 10
21691.500000
 20
28045.223668
 42
0.032363
  0
VERTEX
  8
0
 10
21648.873575
 20
28074.712617
 42
0.035053
  0
VERTEX
  8
0
 10
21603.889116
 20
28097.586994
 42
0.034777
  0
VERTEX
  8
0
 10
21555.824386
 20
28114.094261
 42
0.030897
  0
VERTEX
  8
0
 10
21504.000000
 20
28124.573481
 42
0.024952
  0
VERTEX
  8
0
 10
21491.946554
 20
28125.635087
 42
0.003221
  0
VERTEX
  8
0
 10
21466.062118
 20
28126.451033
 42
0.002587
  0
VERTEX
  8
0
 10
21439.804048
 20
28126.973517
 42
0.037275
  0
SEQEND
  0
POLYLINE
  8
0
 66
1
 70
1
  0
VERTEX
  8
0
 10
21483.198784
 20
27948.508149
 42
-0.039603
  0
VERTEX
  8
0
 10
21514.980801
 20
27941.720281
 42
-0.042247
  0
VERTEX
  8
0
 10
21544.584502
 20
27930.100865
 42
-0.042236
  0
VERTEX
  8
0
 10
21571.820656
 20
27913.667598
 42
-0.039543
  0
VERTEX
  8
0
 10
21596.559878
 20
27892.559878
 42
-0.038573
  0
VERTEX
  8
0
 10
21617.411298
 20
27868.216718
 42
-0.041518
  0
VERTEX
  8
0
 10
21633.708559
 20
27841.527303
 42
-0.041453
  0
VERTEX
  8
0
 10
21645.392400
 20
27812.473179
 42
-0.038221
  0
VERTEX
  8
0
 10
21652.511802
 20
27781.091383
 42
-0.024906
  0
VERTEX
  8
0
 10
21653.652912
 20
27769.349857
 42
-0.011656
  0
VERTEX
  8
0
 10
21654.015973
 20
27754.077226
 42
-0.011674
  0
VERTEX
  8
0
 10
21653.664043
 20
27738.705701
 42
-0.023311
  0
VERTEX
  8
0
 10
21652.536645
 20
27726.598574
 42
-0.039733
  0
VERTEX
  8
0
 10
21645.583600
 20
27695.342151
 42
-0.041258
  0
VERTEX
  8
0
 10
21633.832635
 20
27665.988041
 42
-0.041194
  0
VERTEX
  8
0
 10
21617.401779
 20
27638.921524
 42
-0.039363
  0
VERTEX
  8
0
 10
21596.528155
 20
27614.469776
 42
-0.061320
  0
VERTEX
  8
0
 10
21558.293406
 20
27584.611051
 42
-0.062706
  0
VERTEX
  8
0
 10
21514.238092
 20
27565.186553
 42
-0.062423
  0
VERTEX
  8
0
 10
21466.559814
 20
27557.230935
 42
-0.059823
  0
VERTEX
  8
0
 10
21417.675466
 20
27561.093538
 42
-0.063705
  0
VERTEX
  8
0
 10
21372.548741
 20
27576.328719
 42
-0.061147
  0
VERTEX
  8
0
 10
21332.020923
 20
27602.591094
 42
-0.060837
  0
VERTEX
  8
0
 10
21298.873351
 20
27638.019050
 42
-0.061851
  0
VERTEX
  8
0
 10
21275.443063
 20
27680.194665
 42
-0.064985
  0
VERTEX
  8
0
 10
21262.685305
 20
27729.386841
 42
-0.065036
  0
VERTEX
  8
0
 10
21262.986175
 20
27780.191985
 42
-0.064918
  0
VERTEX
  8
0
 10
21276.336896
 20
27829.296810
 42
-0.064338
  0
VERTEX
  8
0
 10
21301.858730
 20
27873.500000
 42
-0.021915
  0
VERTEX
  8
0
 10
21307.830523
 20
27880.648684
 42
-0.008147
  0
VERTEX
  8
0
 10
21316.818862
 20
27890.180619
 42
-0.008218
  0
VERTEX
  8
0
 10
21326.189448
 20
27899.487955
 42
-0.019783
  0
VERTEX
  8
0
 10
21333.500000
 20
27905.978026
 42
-0.035782
  0
VERTEX
  8
0
 10
21355.182253
 20
27921.291520
 42
-0.033324
  0
VERTEX
  8
0
 10
21379.335621
 20
27933.766842
 42
-0.033297
  0
VERTEX
  8
0
 10
21404.952544
 20
27942.931560
 42
-0.035582
  0
VERTEX
  8
0
 10
21431.000000
 20
27948.370957
 42
-0.021158
  0
VERTEX
  8
0
 10
21442.785533
 20
27949.463342
 42
-0.011872
  0
VERTEX
  8
0
 10
21457.166371
 20
27949.842674
 42
-0.011876
  0
VERTEX
  8
0
 10
21471.517043
 20
27949.539517
 42
-0.021598
  0
SEQEND
  0
POLYLINE
  8
0
 66
1
 70
1
  0
VERTEX
  8
0
 10
5698.500000
 20
26710.378802
 42
0.035007
  0
VERTEX
  8
0
 10
5642.742359
 20
26702.773257
 42
0.036697
  0
VERTEX
  8
0
 10
5589.490229
 20
26687.522954
 42
0.037052
  0
VERTEX
  8
0
 10
5539.510273
 20
26664.821767
 42
0.037203
  0
VERTEX
  8
0
 10
5493.500000
 20
26635.018874
 42
0.066821
  0
VERTEX
  8
0
 10
5422.108672
 20
26564.025475
 42
0.067686
  0
VERTEX
  8
0
 10
5372.335561
 20
26477.010732
 42
0.067697
  0
VERTEX
  8
0
 10
5347.613268
 20
26379.877616
 42
0.066881
  0
VERTEX
  8
0
 10
5349.578009
 20
26279.254376
 42
0.073242
  0
VERTEX
  8
0
 10
5381.520947
 20
26175.738383
 42
0.072759
  0
VERTEX
  8
0
 10
5442.000143
 20
26085.566155
 42
0.072800
  0
VERTEX
  8
0
 10
5525.739871
 20
26016.537832
 42
0.073460
  0
VERTEX
  8
0
 10
5625.500000
 20
25974.666039
 42
0.012778
  0
VERTEX
  8
0
 10
5649.694593
 20
25969.123863
 42
0.020518
  0
VERTEX
  8
0
 10
5670.595478
 20
25965.780968
 42
0.019408
  0
VERTEX
  8
0
 10
5692.508216
 20
25964.051642
 42
0.010022
  0
VERTEX
  8
0
 10
5720.000000
 20
25963.504449
 42
0.003926
  0
VERTEX
  8
0
 10
5741.425064
 20
25963.675719
 42
0.015681
  0
VERTEX
  8
0
 10
5754.537281
 20
25964.295144
 42
0.017509
  0
VERTEX
  8
0
 10
5766.880714
 20
25965.703150
 42
0.005784
  0
VERTEX
  8
0
 10
5784.896510
 20
25968.613503
 42
0.079005
  0
VERTEX
  8
0
 10
5893.354151
 20
26005.691695
 42
0.077278
  0
VERTEX
  8
0
 10
5985.892141
 20
26074.783670
 42
0.077127
  0
VERTEX
  8
0
 10
6053.223083
 20
26168.846867
 42
0.078225
  0
VERTEX
  8
0
 10
6088.470975
 20
26278.441018
 42
0.024734
  0
VERTEX
  8
0
 10
6092.372072
 20
26315.251682
 42
0.024393
  0
VERTEX
  8
0
 10
6092.645364
 20
26352.439708
 42
0.024477
  0
VERTEX
  8
0
 10
6089.300662
 20
26389.349696
 42
0.025332
  0
VERTEX
  8
0
 10
6082.382328
 20
26425.328887
 42
0.026776
  0
VERTEX
  8
0
 10
6070.537446
 20
26464.427378
 42
0.027539
  0
VERTEX
  8
0
 10
6054.674207
 20
26501.660219
 42
0.027366
  0
VERTEX
  8
0
 10
6034.709268
 20
26537.140437
 42
0.025721
  0
VERTEX
  8
0
 10
6010.603336
 20
26571.000000
 42
0.019693
  0
VERTEX
  8
0
 10
5999.047305
 20
26584.458081
 42
0.009128
  0
VERTEX
  8
0
 10
5983.050194
 20
26601.050194
 42
0.009128
  0
VERTEX
  8
0
 10
5966.458081
 20
26617.047305
 42
0.019693
  0
VERTEX
  8
0
 10
5953.000000
 20
26628.603336
 42
0.034561
  0
VERTEX
  8
0
 10
5908.258042
 20
26659.280624
 42
0.035945
  0
VERTEX
  8
0
 10
5860.284811
 20
26683.053488
 42
0.036045
  0
VERTEX
  8
0
 10
5809.530534
 20
26699.656796
 42
0.035172
  0
VERTEX
  8
0
 10
5756.500000
 20
26708.966591
 42
0.016116
  0
VERTEX
  8
0
 10
5745.574503
 20
26709.746247
 42
0.003667
  0
VERTEX
  8
0
 10
5727.021888
 20
26710.334135
 42
0.003491
  0
VERTEX
  8
0
 10
5708.519436
 20
26710.655410
 42
0.018993
  0
SEQEND
  0
POLYLINE
  8
0
 66
1
 70
1
  0
VERTEX
  8
0
 10
5746.148154
 20
26531.435510
 42
-0.057380
  0
VERTEX
  8
0
 10
5789.499911
 20
26520.217316
 42
-0.057072
  0
VERTEX
  8
0
 10
5829.252748
 20
26499.426913
 42
-0.056955
  0
VERTEX
  8
0
 10
5863.346253
 20
26470.141664
 42
-0.056702
  0
VERTEX
  8
0
 10
5890.011843
 20
26433.878501
 42
-0.053330
  0
VERTEX
  8
0
 10
5906.354784
 20
26396.705278
 42
-0.051956
  0
VERTEX
  8
0
 10
5914.647081
 20
26356.587787
 42
-0.051822
  0
VERTEX
  8
0
 10
5914.501710
 20
26315.524245
 42
-0.052500
  0
VERTEX
  8
0
 10
5905.899102
 20
26275.554728
 42
-0.078334
  0
VERTEX
  8
0
 10
5877.913607
 20
26220.901695
 42
-0.078468
  0
VERTEX
  8
0
 10
5834.486246
 20
26177.544932
 42
-0.078483
  0
VERTEX
  8
0
 10
5779.820140
 20
26149.685365
 42
-0.078408
  0
VERTEX
  8
0
 10
5719.210586
 20
26140.017329
 42
-0.049884
  0
VERTEX
  8
0
 10
5680.963890
 20
26143.777591
 42
-0.049162
  0
VERTEX
  8
0
 10
5644.022793
 20
26155.040322
 42
-0.049009
  0
VERTEX
  8
0
 10
5609.886942
 20
26173.340856
 42
-0.048941
  0
VERTEX
  8
0
 10
5579.948320
 20
26197.942729
 42
-0.099542
  0
VERTEX
  8
0
 10
5537.056528
 20
26262.462062
 42
-0.099810
  0
VERTEX
  8
0
 10
5522.490501
 20
26338.483133
 42
-0.099744
  0
VERTEX
  8
0
 10
5538.519199
 20
26414.249388
 42
-0.099275
  0
VERTEX
  8
0
 10
5582.651203
 20
26478.040651
 42
-0.037737
  0
VERTEX
  8
0
 10
5606.435442
 20
26497.760424
 42
-0.039861
  0
VERTEX
  8
0
 10
5632.498134
 20
26513.281386
 42
-0.039792
  0
VERTEX
  8
0
 10
5660.736925
 20
26524.491617
 42
-0.037341
  0
VERTEX
  8
0
 10
5691.000000
 20
26531.377066
 42
-0.025941
  0
VERTEX
  8
0
 10
5702.633678
 20
26532.511371
 42
-0.011067
  0
VERTEX
  8
0
 10
5718.273432
 20
26532.874159
 42
-0.011111
  0
VERTEX
  8
0
 10
5734.035607
 20
26532.540575
 42
-0.023805
  0
SEQEND
  0
POLYLINE
  8
0
 66
1
 70
1
  0
VERTEX
  8
0
 10
12776.192831
 20
26709.900514
 42
0.037208
  0
VERTEX
  8
0
 10
12720.189357
 20
26701.651924
 42
0.037754
  0
VERTEX
  8
0
 10
12666.308720
 20
26685.215236
 42
0.037717
  0
VERTEX
  8
0
 10
12615.463782
 20
26660.844550
 42
0.036978
  0
VERTEX
  8
0
 10
12568.500000
 20
26628.970419
 42
0.019459
  0
VERTEX
  8
0
 10
12555.381343
 20
26617.714601
 42
0.008058
  0
VERTEX
  8
0
 10
12538.501677
 20
26601.537465
 42
0.007998
  0
VERTEX
  8
0
 10
12522.264942
 20
26584.944120
 42
0.021275
  0
VERTEX
  8
0
 10
12511.386678
 20
26572.440513
 42
0.035878
  0
VERTEX
  8
0
 10
12478.873666
 20
26525.092121
 42
0.038115
  0
VERTEX
  8
0
 10
12454.198904
 20
26474.504323
 42
0.038216
  0
VERTEX
  8
0
 10
12437.540383
 20
26420.883540
 42
0.036460
  0
VERTEX
  8
0
 10
12428.907132
 20
26364.500000
 42
0.017343
  0
VERTEX
  8
0
 10
12428.207267
 20
26348.735943
 42
0.007582
  0
VERTEX
  8
0
 10
12428.321936
 20
26327.804519
 42
0.007494
  0
VERTEX
  8
0
 10
12429.058529
 20
26307.139550
 42
0.020165
  0
VERTEX
  8
0
 10
12430.393554
 20
26292.500000
 42
0.032256
  0
VERTEX
  8
0
 10
12441.014900
 20
26238.936780
 42
0.035959
  0
VERTEX
  8
0
 10
12458.183695
 20
26189.159334
 42
0.036201
  0
VERTEX
  8
0
 10
12482.186450
 20
26142.645484
 42
0.033557
  0
VERTEX
  8
0
 10
12513.199379
 20
26098.821329
 42
0.016908
  0
VERTEX
  8
0
 10
12523.431437
 20
26087.078509
 42
0.008303
  0
VERTEX
  8
0
 10
12537.194671
 20
26072.804301
 42
0.008302
  0
VERTEX
  8
0
 10
12551.415270
 20
26059.003651
 42
0.017018
  0
VERTEX
  8
0
 10
12563.092614
 20
26048.766444
 42
0.033509
  0
VERTEX
  8
0
 10
12606.566097
 20
26017.812213
 42
0.035904
  0
VERTEX
  8
0
 10
12652.821903
 20
25993.732026
 42
0.035565
  0
VERTEX
  8
0
 10
12702.452820
 20
25976.337304
 42
0.031683
  0
VERTEX
  8
0
 10
12756.000000
 20
25965.334425
 42
0.027228
  0
VERTEX
  8
0
 10
12771.935654
 20
25963.978664
 42
0.006053
  0
VERTEX
  8
0
 10
12799.289379
 20
25963.477375
 42
0.006121
  0
VERTEX
  8
0
 10
12826.680989
 20
25963.642403
 42
0.026082
  0
VERTEX
  8
0
 10
12843.000000
 20
25964.793468
 42
0.039198
  0
VERTEX
  8
0
 10
12905.846018
 20
25977.593585
 42
0.041995
  0
VERTEX
  8
0
 10
12964.428715
 20
25999.860049
 42
0.042465
  0
VERTEX
  8
0
 10
13017.890047
 20
26031.330725
 42
0.041934
  0
VERTEX
  8
0
 10
13065.509285
 20
26071.500000
 42
0.062176
  0
VERTEX
  8
0
 10
13123.367637
 20
26145.735322
 42
0.063164
  0
VERTEX
  8
0
 10
13160.830717
 20
26231.532429
 42
0.063207
  0
VERTEX
  8
0
 10
13175.671442
 20
26323.912104
 42
0.062408
  0
VERTEX
  8
0
 10
13167.075031
 20
26417.485054
 42
0.029473
  0
VERTEX
  8
0
 10
13155.360571
 20
26458.972808
 42
0.029179
  0
VERTEX
  8
0
 10
13138.816975
 20
26498.938843
 42
0.028824
  0
VERTEX
  8
0
 10
13117.513180
 20
26537.164665
 42
0.027226
  0
VERTEX
  8
0
 10
13091.578147
 20
26573.453445
 42
0.019619
  0
VERTEX
  8
0
 10
13082.218928
 20
26584.250490
 42
0.006463
  0
VERTEX
  8
0
 10
13067.646588
 20
26599.389064
 42
0.006490
  0
VERTEX
  8
0
 10
13052.656680
 20
26614.175000
 42
0.019008
  0
VERTEX
  8
0
 10
13041.820656
 20
26623.824770
 42
0.046684
  0
VERTEX
  8
0
 10
12982.219205
 20
26664.272646
 42
0.047430
  0
VERTEX
  8
0
 10
12916.456752
 20
26692.711097
 42
0.047746
  0
VERTEX
  8
0
 10
12846.935968
 20
26708.107667
 42
0.048634
  0
SEQEND
  0
POLYLINE
  8
0
 66
1
 70
1
  0
VERTEX
  8
0
 10
12829.148154
 20
26531.435510
 42
-0.034273
  0
VERTEX
  8
0
 10
12855.143723
 20
26525.973459
 42
-0.033737
  0
VERTEX
  8
0
 10
12880.291448
 20
26516.990815
 42
-0.033636
  0
VERTEX
  8
0
 10
12904.074295
 20
26504.676711
 42
-0.033600
  0
VERTEX
  8
0
 10
12926.000000
 20
26489.280978
 42
-0.019819
  0
VERTEX
  8
0
 10
12933.371843
 20
26482.828490
 42
-0.009244
  0
VERTEX
  8
0
 10
12942.426969
 20
26473.922200
 42
-0.009210
  0
VERTEX
  8
0
 10
12951.085694
 20
26464.753099
 42
-0.021439
  0
VERTEX
  8
0
 10
12957.139147
 20
26457.500000
 42
-0.056953
  0
VERTEX
  8
0
 10
12980.919638
 20
26417.722887
 42
-0.058352
  0
VERTEX
  8
0
 10
12994.875382
 20
26373.926503
 42
-0.058577
  0
VERTEX
  8
0
 10
12998.302637
 20
26328.246440
 42
-0.058215
  0
VERTEX
  8
0
 10
12991.060307
 20
26282.917160
 42
-0.065843
  0
VERTEX
  8
0
 10
12971.106316
 20
26236.529183
 42
-0.064117
  0
VERTEX
  8
0
 10
12939.633805
 20
26196.457951
 42
-0.064207
  0
VERTEX
  8
0
 10
12899.082542
 20
26165.712812
 42
-0.066370
  0
VERTEX
  8
0
 10
12852.500000
 20
26146.677414
 42
-0.045141
  0
VERTEX
  8
0
 10
12816.849758
 20
26140.735183
 42
-0.045288
  0
VERTEX
  8
0
 10
12780.751489
 20
26141.297385
 42
-0.045539
  0
VERTEX
  8
0
 10
12745.531805
 20
26148.330576
 42
-0.046733
  0
VERTEX
  8
0
 10
12712.487461
 20
26161.586994
 42
-0.093403
  0
VERTEX
  8
0
 10
12654.535975
 20
26206.672951
 42
-0.094023
  0
VERTEX
  8
0
 10
12617.132282
 20
26269.662006
 42
-0.094075
  0
VERTEX
  8
0
 10
12605.410783
 20
26341.943599
 42
-0.093624
  0
VERTEX
  8
0
 10
12620.954198
 20
26413.624334
 42
-0.037619
  0
VERTEX
  8
0
 10
12633.871579
 20
26438.714814
 42
-0.035598
  0
VERTEX
  8
0
 10
12650.616987
 20
26462.081192
 42
-0.035493
  0
VERTEX
  8
0
 10
12670.561835
 20
26482.901227
 42
-0.036868
  0
VERTEX
  8
0
 10
12693.012296
 20
26500.404620
 42
-0.029058
  0
VERTEX
  8
0
 10
12711.550156
 20
26511.276329
 42
-0.026690
  0
VERTEX
  8
0
 10
12731.748197
 20
26520.270463
 42
-0.026644
  0
VERTEX
  8
0
 10
12752.827424
 20
26527.076066
 42
-0.028686
  0
VERTEX
  8
0
 10
12774.000000
 20
26531.404606
 42
-0.025010
  0
VERTEX
  8
0
 10
12785.750009
 20
26532.515871
 42
-0.010932
  0
VERTEX
  8
0
 10
12801.405651
 20
26532.866970
 42
-0.010955
  0
VERTEX
  8
0
 10
12817.130046
 20
26532.531219
 42
-0.023835
  0
SEQEND
  0
POLYLINE
  8
0
 66
1
 70
1
  0
VERTEX
  8
0
 10
19866.000000
 20
26710.420746
 42
0.005238
  0
VERTEX
  8
0
 10
19843.252378
 20
26708.251883
 42
0.011170
  0
VERTEX
  8
0
 10
19825.734742
 20
26705.999568
 42
0.013057
  0
VERTEX
  8
0
 10
19810.178722
 20
26703.227881
 42
0.010815
  0
VERTEX
  8
0
 10
19793.772170
 20
26699.488956
 42
0.054411
  0
VERTEX
  8
0
 10
19718.021979
 20
26671.458880
 42
0.053940
  0
VERTEX
  8
0
 10
19649.861623
 20
26627.683731
 42
0.054012
  0
VERTEX
  8
0
 10
19592.720653
 20
26570.405918
 42
0.054852
  0
VERTEX
  8
0
 10
19549.511684
 20
26502.500000
 42
0.021510
  0
VERTEX
  8
0
 10
19535.765102
 20
26471.221649
 42
0.023088
  0
VERTEX
  8
0
 10
19525.113722
 20
26439.599773
 42
0.023026
  0
VERTEX
  8
0
 10
19517.400516
 20
26407.051720
 42
0.021156
  0
VERTEX
  8
0
 10
19512.451198
 20
26373.000000
 42
0.020080
  0
VERTEX
  8
0
 10
19511.339619
 20
26355.058226
 42
0.008377
  0
VERTEX
  8
0
 10
19511.219157
 20
26330.808597
 42
0.008279
  0
VERTEX
  8
0
 10
19511.899376
 20
26306.816078
 42
0.022922
  0
VERTEX
  8
0
 10
19513.429432
 20
26290.000000
 42
0.032003
  0
VERTEX
  8
0
 10
19523.924705
 20
26238.373198
 42
0.034676
  0
VERTEX
  8
0
 10
19540.731581
 20
26189.917523
 42
0.034789
  0
VERTEX
  8
0
 10
19564.015203
 20
26144.389911
 42
0.032642
  0
VERTEX
  8
0
 10
19593.835661
 20
26101.500000
 42
0.019198
  0
VERTEX
  8
0
 10
19604.821572
 20
26088.749701
 42
0.008508
  0
VERTEX
  8
0
 10
19620.234068
 20
26072.746831
 42
0.008480
  0
VERTEX
  8
0
 10
19636.101833
 20
26057.353792
 42
0.020337
  0
VERTEX
  8
0
 10
19648.500000
 20
26046.641333
 42
0.029554
  0
VERTEX
  8
0
 10
19688.952860
 20
26018.197469
 42
0.032327
  0
VERTEX
  8
0
 10
19731.316586
 20
25995.649819
 42
0.032696
  0
VERTEX
  8
0
 10
19775.779671
 20
25978.959212
 42
0.031697
  0
VERTEX
  8
0
 10
19822.500000
 20
25968.002108
 42
0.010323
  0
VERTEX
  8
0
 10
19840.540533
 20
25965.343004
 42
0.014955
  0
VERTEX
  8
0
 10
19856.571710
 20
25963.802704
 42
0.014107
  0
VERTEX
  8
0
 10
19873.349448
 20
25963.170426
 42
0.007885
  0
VERTEX
  8
0
 10
19893.780407
 20
25963.299430
 42
0.006284
  0
VERTEX
  8
0
 10
19911.328252
 20
25963.907750
 42
0.012293
  0
VERTEX
  8
0
 10
19925.280155
 20
25964.911294
 42
0.013252
  0
VERTEX
  8
0
 10
19938.462643
 20
25966.539527
 42
0.008781
  0
VERTEX
  8
0
 10
19953.500000
 20
25969.073704
 42
0.076595
  0
VERTEX
  8
0
 10
20060.453561
 20
26006.595833
 42
0.076084
  0
VERTEX
  8
0
 10
20151.425963
 20
26074.637300
 42
0.076109
  0
VERTEX
  8
0
 10
20217.859437
 20
26166.751531
 42
0.076723
  0
VERTEX
  8
0
 10
20253.460378
 20
26274.272170
 42
0.008708
  0
VERTEX
  8
0
 10
20255.902008
 20
26290.517161
 42
0.013552
  0
VERTEX
  8
0
 10
20257.381341
 20
26304.599526
 42
0.012828
  0
VERTEX
  8
0
 10
20258.144400
 20
26319.286786
 42
0.006815
  0
VERTEX
  8
0
 10
20258.374294
 20
26337.500000
 42
0.008274
  0
VERTEX
  8
0
 10
20258.045174
 20
26356.244602
 42
0.013584
  0
VERTEX
  8
0
 10
20257.073596
 20
26372.081935
 42
0.013977
  0
VERTEX
  8
0
 10
20255.268692
 20
26387.519271
 42
0.009460
  0
VERTEX
  8
0
 10
20252.389148
 20
26405.000000
 42
0.055249
  0
VERTEX
  8
0
 10
20228.846306
 20
26483.160998
 42
0.054743
  0
VERTEX
  8
0
 10
20188.706361
 20
26554.531032
 42
0.054716
  0
VERTEX
  8
0
 10
20134.014136
 20
26615.518933
 42
0.055093
  0
VERTEX
  8
0
 10
20067.513156
 20
26663.031630
 42
0.024747
  0
VERTEX
  8
0
 10
20034.153702
 20
26679.593213
 42
0.025207
  0
VERTEX
  8
0
 10
19999.522606
 20
26692.665000
 42
0.025022
  0
VERTEX
  8
0
 10
19963.505370
 20
26702.265189
 42
0.023599
  0
VERTEX
  8
0
 10
19926.000000
 20
26708.443534
 42
0.016029
  0
VERTEX
  8
0
 10
19913.599785
 20
26709.487881
 42
0.004756
  0
VERTEX
  8
0
 10
19894.586297
 20
26710.295567
 42
0.004215
  0
VERTEX
  8
0
 10
19875.793390
 20
26710.756300
 42
0.025171
  0
SEQEND
  0
POLYLINE
  8
0
 66
1
 70
1
  0
VERTEX
  8
0
 10
19918.500000
 20
26530.617720
 42
-0.076624
  0
VERTEX
  8
0
 10
19977.274036
 20
26510.176358
 42
-0.079582
  0
VERTEX
  8
0
 10
20026.307955
 20
26473.171541
 42
-0.079493
  0
VERTEX
  8
0
 10
20061.371691
 20
26422.662275
 42
-0.076209
  0
VERTEX
  8
0
 10
20079.569374
 20
26363.000000
 42
-0.028685
  0
VERTEX
  8
0
 10
20080.662737
 20
26350.401602
 42
-0.011007
  0
VERTEX
  8
0
 10
20080.789375
 20
26332.816700
 42
-0.010871
  0
VERTEX
  8
0
 10
20080.151912
 20
26315.385042
 42
-0.032140
  0
VERTEX
  8
0
 10
20078.688025
 20
26303.500000
 42
-0.034677
  0
VERTEX
  8
0
 10
20070.784381
 20
26273.320861
 42
-0.038610
  0
VERTEX
  8
0
 10
20058.991814
 20
26245.633320
 42
-0.039094
  0
VERTEX
  8
0
 10
20043.234752
 20
26220.386987
 42
-0.037336
  0
VERTEX
  8
0
 10
20023.517432
 20
26197.482568
 42
-0.097277
  0
VERTEX
  8
0
 10
19960.935031
 20
26155.448278
 42
-0.096894
  0
VERTEX
  8
0
 10
19887.014186
 20
26140.130625
 42
-0.096874
  0
VERTEX
  8
0
 10
19812.757823
 20
26153.796749
 42
-0.097192
  0
VERTEX
  8
0
 10
19749.219422
 20
26194.426427
 42
-0.055963
  0
VERTEX
  8
0
 10
19720.450376
 20
26228.840793
 42
-0.057129
  0
VERTEX
  8
0
 10
19700.263006
 20
26268.548732
 42
-0.057322
  0
VERTEX
  8
0
 10
19689.633687
 20
26311.668386
 42
-0.057058
  0
VERTEX
  8
0
 10
19689.047599
 20
26356.144045
 42
-0.067426
  0
VERTEX
  8
0
 10
19701.444427
 20
26407.816005
 42
-0.067725
  0
VERTEX
  8
0
 10
19727.131057
 20
26454.242416
 42
-0.067791
  0
VERTEX
  8
0
 10
19764.262286
 20
26492.080152
 42
-0.067782
  0
VERTEX
  8
0
 10
19810.162317
 20
26518.610530
 42
-0.016838
  0
VERTEX
  8
0
 10
19820.777807
 20
26522.546440
 42
-0.012440
  0
VERTEX
  8
0
 10
19832.759997
 20
26526.207131
 42
-0.012617
  0
VERTEX
  8
0
 10
19844.543786
 20
26529.170808
 42
-0.021729
  0
VERTEX
  8
0
 10
19854.500000
 20
26530.959001
 42
0.001490
  0
VERTEX
  8
0
 10
19858.056456
 20
26531.450178
 42
0.001963
  0
VERTEX
  8
0
 10
19861.296875
 20
26531.920535
 42
0.001419
  0
VERTEX
  8
0
 10
19864.010036
 20
26532.333116
 42
0.018963
  0
VERTEX
  8
0
 10
19865.000000
 20
26532.525222
 42
-0.063486
  0
VERTEX
  8
0
 10
19870.717461
 20
26533.114999
 42
-0.002907
  0
VERTEX
  8
0
 10
19890.370659
 20
26532.528656
 42
-0.004330
  0
VERTEX
  8
0
 10
19909.474525
 20
26531.681834
 42
-0.032212
  0
SEQEND
  0
POLYLINE
  8
0
 66
1
 70
1
  0
VERTEX
  8
0
 10
7145.000000
 20
25607.958205
 42
0.023904
  0
VERTEX
  8
0
 10
7109.317633
 20
25603.167696
 42
0.023510
  0
VERTEX
  8
0
 10
7074.053794
 20
25594.975315
 42
0.023502
  0
VERTEX
  8
0
 10
7039.702403
 20
25583.504852
 42
0.023845
  0
VERTEX
  8
0
 10
7006.749269
 20
25568.909238
 42
0.056991
  0
VERTEX
  8
0
 10
6936.180529
 20
25522.826925
 42
0.056536
  0
VERTEX
  8
0
 10
6877.623811
 20
25461.891782
 42
0.056607
  0
VERTEX
  8
0
 10
6834.263307
 20
25389.465582
 42
0.057412
  0
VERTEX
  8
0
 10
6808.501547
 20
25309.500000
 42
0.007848
  0
VERTEX
  8
0
 10
6804.787157
 20
25289.233764
 42
0.017844
  0
VERTEX
  8
0
 10
6802.771059
 20
25273.799380
 42
0.016983
  0
VERTEX
  8
0
 10
6801.806457
 20
25257.806705
 42
0.006489
  0
VERTEX
  8
0
 10
6801.509717
 20
25235.500000
 42
0.004709
  0
VERTEX
  8
0
 10
6801.697618
 20
25214.839145
 42
0.014725
  0
VERTEX
  8
0
 10
6802.363864
 20
25200.958218
 42
0.016225
  0
VERTEX
  8
0
 10
6803.807642
 20
25187.868651
 42
0.006755
  0
VERTEX
  8
0
 10
6806.566275
 20
25170.307385
 42
0.049765
  0
VERTEX
  8
0
 10
6825.626165
 20
25101.108212
 42
0.048187
  0
VERTEX
  8
0
 10
6858.131346
 20
25036.239296
 42
0.048101
  0
VERTEX
  8
0
 10
6902.517981
 20
24978.685902
 42
0.049205
  0
VERTEX
  8
0
 10
6956.774116
 20
24931.158042
 42
0.030867
  0
VERTEX
  8
0
 10
6996.771338
 20
24906.118277
 42
0.031831
  0
VERTEX
  8
0
 10
7039.147312
 20
24886.478811
 42
0.031554
  0
VERTEX
  8
0
 10
7084.026949
 20
24872.238108
 42
0.029233
  0
VERTEX
  8
0
 10
7131.500000
 20
24863.318456
 42
0.023327
  0
VERTEX
  8
0
 10
7149.492918
 20
24861.864556
 42
0.008594
  0
VERTEX
  8
0
 10
7174.963827
 20
24861.436733
 42
0.008600
  0
VERTEX
  8
0
 10
7200.447481
 20
24861.885122
 42
0.023164
  0
VERTEX
  8
0
 10
7218.500000
 20
24863.352647
 42
0.039176
  0
VERTEX
  8
0
 10
7281.085664
 20
24876.414217
 42
0.042388
  0
VERTEX
  8
0
 10
7339.166433
 20
24898.860380
 42
0.042762
  0
VERTEX
  8
0
 10
7392.184129
 20
24930.567376
 42
0.041279
  0
VERTEX
  8
0
 10
7439.713583
 20
24971.170050
 42
0.040893
  0
VERTEX
  8
0
 10
7480.953521
 20
25020.173396
 42
0.043639
  0
VERTEX
  8
0
 10
7512.666948
 20
25074.222636
 42
0.043288
  0
VERTEX
  8
0
 10
7534.715818
 20
25133.360245
 42
0.039030
  0
VERTEX
  8
0
 10
7547.206423
 20
25197.500000
 42
0.023069
  0
VERTEX
  8
0
 10
7548.279454
 20
25213.212875
 42
0.007205
  0
VERTEX
  8
0
 10
7548.460095
 20
25236.840488
 42
0.007296
  0
VERTEX
  8
0
 10
7547.952683
 20
25260.595967
 42
0.021087
  0
VERTEX
  8
0
 10
7546.668651
 20
25277.000000
 42
0.039231
  0
VERTEX
  8
0
 10
7534.398437
 20
25337.936288
 42
0.041291
  0
VERTEX
  8
0
 10
7512.893216
 20
25395.128736
 42
0.041541
  0
VERTEX
  8
0
 10
7482.425590
 20
25447.701995
 42
0.040704
  0
VERTEX
  8
0
 10
7443.500000
 20
25494.901151
 42
0.040972
  0
VERTEX
  8
0
 10
7394.897063
 20
25537.349723
 42
0.044095
  0
VERTEX
  8
0
 10
7341.152871
 20
25570.143924
 42
0.043815
  0
VERTEX
  8
0
 10
7282.173759
 20
25593.167355
 42
0.039498
  0
VERTEX
  8
0
 10
7218.000000
 20
25606.553698
 42
0.020889
  0
VERTEX
  8
0
 10
7203.779677
 20
25607.764195
 42
0.005978
  0
VERTEX
  8
0
 10
7181.660059
 20
25608.454382
 42
0.006013
  0
VERTEX
  8
0
 10
7159.493058
 20
25608.614249
 42
0.020213
  0
SEQEND
  0
POLYLINE
  8
0
 66
1
 70
1
  0
VERTEX
  8
0
 10
7207.000000
 20
25428.923833
 42
-0.037918
  0
VERTEX
  8
0
 10
7236.891327
 20
25421.534692
 42
-0.039445
  0
VERTEX
  8
0
 10
7264.914541
 20
25409.785930
 42
-0.039505
  0
VERTEX
  8
0
 10
7290.707183
 20
25393.801157
 42
-0.038271
  0
VERTEX
  8
0
 10
7313.959446
 20
25373.803797
 42
-0.089325
  0
VERTEX
  8
0
 10
7353.885465
 20
25316.168533
 42
-0.090080
  0
VERTEX
  8
0
 10
7371.045144
 20
25248.395462
 42
-0.090025
  0
VERTEX
  8
0
 10
7363.279020
 20
25178.881901
 42
-0.089079
  0
VERTEX
  8
0
 10
7331.579613
 20
25116.247221
 42
-0.089360
  0
VERTEX
  8
0
 10
7280.892841
 20
25069.372513
 42
-0.088455
  0
VERTEX
  8
0
 10
7216.858610
 20
25042.927464
 42
-0.088451
  0
VERTEX
  8
0
 10
7147.628283
 20
25040.243085
 42
-0.089343
  0
VERTEX
  8
0
 10
7082.000000
 20
25061.693409
 42
-0.054048
  0
VERTEX
  8
0
 10
7046.602940
 20
25086.019337
 42
-0.054680
  0
VERTEX
  8
0
 10
7017.395573
 20
25117.280299
 42
-0.054751
  0
VERTEX
  8
0
 10
6995.689781
 20
25154.089016
 42
-0.054460
  0
VERTEX
  8
0
 10
6982.443184
 20
25194.796761
 42
-0.040920
  0
VERTEX
  8
0
 10
6978.516349
 20
25226.303923
 42
-0.039946
  0
VERTEX
  8
0
 10
6979.721207
 20
25258.289460
 42
-0.040077
  0
VERTEX
  8
0
 10
6985.985346
 20
25289.574866
 42
-0.041813
  0
VERTEX
  8
0
 10
6997.104775
 20
25319.000000
 42
-0.080404
  0
VERTEX
  8
0
 10
7033.228733
 20
25371.201659
 42
-0.080814
  0
VERTEX
  8
0
 10
7083.918302
 20
25409.235557
 42
-0.081049
  0
VERTEX
  8
0
 10
7143.914380
 20
25429.163500
 42
-0.081552
  0
SEQEND
  0
POLYLINE
  8
0
 66
1
 70
1
  0
VERTEX
  8
0
 10
14228.000000
 20
25607.940507
 42
0.034885
  0
VERTEX
  8
0
 10
14173.744262
 20
25599.347750
 42
0.036000
  0
VERTEX
  8
0
 10
14121.796003
 20
25583.347708
 42
0.036260
  0
VERTEX
  8
0
 10
14073.026467
 20
25560.194880
 42
0.036531
  0
VERTEX
  8
0
 10
14028.241395
 20
25530.289599
 42
0.049334
  0
VERTEX
  8
0
 10
13974.323433
 20
25479.005260
 42
0.050172
  0
VERTEX
  8
0
 10
13931.839948
 20
25418.424673
 42
0.049881
  0
VERTEX
  8
0
 10
13902.078793
 20
25350.256060
 42
0.047674
  0
VERTEX
  8
0
 10
13885.842102
 20
25276.500000
 42
0.025402
  0
VERTEX
  8
0
 10
13884.675092
 20
25260.001366
 42
0.006346
  0
VERTEX
  8
0
 10
13884.482346
 20
25232.975811
 42
0.006341
  0
VERTEX
  8
0
 10
13884.975251
 20
25205.957235
 42
0.025483
  0
VERTEX
  8
0
 10
13886.325768
 20
25189.500000
 42
0.046662
  0
VERTEX
  8
0
 10
13903.103688
 20
25116.559926
 42
0.049473
  0
VERTEX
  8
0
 10
13932.908618
 20
25049.496685
 42
0.049825
  0
VERTEX
  8
0
 10
13975.079875
 20
24990.004860
 42
0.048635
  0
VERTEX
  8
0
 10
14028.500000
 20
24939.496450
 42
0.042685
  0
VERTEX
  8
0
 10
14082.352894
 20
24904.606687
 42
0.043369
  0
VERTEX
  8
0
 10
14141.068871
 20
24879.582664
 42
0.043327
  0
VERTEX
  8
0
 10
14203.276030
 20
24865.043936
 42
0.042431
  0
VERTEX
  8
0
 10
14267.500000
 20
24861.302931
 42
0.026623
  0
VERTEX
  8
0
 10
14309.963885
 20
24864.701323
 42
0.029169
  0
VERTEX
  8
0
 10
14350.527988
 20
24872.562077
 42
0.029230
  0
VERTEX
  8
0
 10
14389.824973
 20
24885.071075
 42
0.026966
  0
VERTEX
  8
0
 10
14428.500000
 20
24902.367368
 42
0.017239
  0
VERTEX
  8
0
 10
14454.653735
 20
24916.960111
 42
0.022050
  0
VERTEX
  8
0
 10
14477.611331
 20
24932.248539
 42
0.021868
  0
VERTEX
  8
0
 10
14499.283157
 20
24949.606659
 42
0.016504
  0
VERTEX
  8
0
 10
14521.563528
 20
24970.448682
 42
0.024037
  0
VERTEX
  8
0
 10
14548.439178
 20
25000.020380
 42
0.027166
  0
VERTEX
  8
0
 10
14571.201203
 20
25030.894739
 42
0.027365
  0
VERTEX
  8
0
 10
14590.343433
 20
25063.847667
 42
0.025107
  0
VERTEX
  8
0
 10
14606.384337
 20
25099.639313
 42
0.017368
  0
VERTEX
  8
0
 10
14614.638916
 20
25123.244742
 42
0.016488
  0
VERTEX
  8
0
 10
14621.393830
 20
25147.776681
 42
0.016321
  0
VERTEX
  8
0
 10
14626.578684
 20
25172.955727
 42
0.016165
  0
VERTEX
  8
0
 10
14630.129280
 20
25198.500000
 42
0.020705
  0
VERTEX
  8
0
 10
14631.147784
 20
25214.298259
 42
0.007348
  0
VERTEX
  8
0
 10
14631.335331
 20
25236.946304
 42
0.007359
  0
VERTEX
  8
0
 10
14630.856290
 20
25259.611730
 42
0.020424
  0
VERTEX
  8
0
 10
14629.635374
 20
25275.500000
 42
0.040743
  0
VERTEX
  8
0
 10
14616.708444
 20
25339.606996
 42
0.043506
  0
VERTEX
  8
0
 10
14593.730933
 20
25399.312264
 42
0.043729
  0
VERTEX
  8
0
 10
14560.896257
 20
25453.873574
 42
0.042002
  0
VERTEX
  8
0
 10
14518.671698
 20
25502.692417
 42
0.040213
  0
VERTEX
  8
0
 10
14471.543898
 20
25541.856116
 42
0.041971
  0
VERTEX
  8
0
 10
14419.399325
 20
25572.344866
 42
0.041587
  0
VERTEX
  8
0
 10
14362.443379
 20
25593.918079
 42
0.038082
  0
VERTEX
  8
0
 10
14301.000000
 20
25606.553698
 42
0.020902
  0
VERTEX
  8
0
 10
14286.730407
 20
25607.768017
 42
0.006025
  0
VERTEX
  8
0
 10
14264.595757
 20
25608.455412
 42
0.006044
  0
VERTEX
  8
0
 10
14242.431249
 20
25608.608506
 42
0.020540
  0
SEQEND
  0
POLYLINE
  8
0
 66
1
 70
1
  0
VERTEX
  8
0
 10
14273.500000
 20
25430.945211
 42
-0.040622
  0
VERTEX
  8
0
 10
14307.119247
 20
25425.272287
 42
-0.043620
  0
VERTEX
  8
0
 10
14338.552596
 20
25414.310348
 42
-0.043938
  0
VERTEX
  8
0
 10
14367.407272
 20
25398.149333
 42
-0.042415
  0
VERTEX
  8
0
 10
14393.363091
 20
25377.024339
 42
-0.035325
  0
VERTEX
  8
0
 10
14413.770121
 20
25354.323980
 42
-0.039278
  0
VERTEX
  8
0
 10
14429.990877
 20
25329.733025
 42
-0.039104
  0
VERTEX
  8
0
 10
14442.222892
 20
25302.808155
 42
-0.034440
  0
VERTEX
  8
0
 10
14450.733225
 20
25273.146097
 42
-0.011461
  0
VERTEX
  8
0
 10
14452.274884
 20
25265.026309
 42
-0.023498
  0
VERTEX
  8
0
 10
14453.035465
 20
25258.595357
 42
-0.015211
  0
VERTEX
  8
0
 10
14453.358870
 20
25250.577635
 42
-0.002474
  0
VERTEX
  8
0
 10
14453.435943
 20
25235.000000
 42
-0.002474
  0
VERTEX
  8
0
 10
14453.358870
 20
25219.422365
 42
-0.015211
  0
VERTEX
  8
0
 10
14453.035465
 20
25211.404643
 42
-0.023498
  0
VERTEX
  8
0
 10
14452.274884
 20
25204.973691
 42
-0.011461
  0
VERTEX
  8
0
 10
14450.733225
 20
25196.853903
 42
-0.013498
  0
VERTEX
  8
0
 10
14447.567532
 20
25183.778922
 42
-0.016882
  0
VERTEX
  8
0
 10
14443.898587
 20
25171.846553
 42
-0.017119
  0
VERTEX
  8
0
 10
14439.479812
 20
25160.327709
 42
-0.014601
  0
VERTEX
  8
0
 10
14434.059176
 20
25148.500000
 42
-0.017939
  0
VERTEX
  8
0
 10
14425.496185
 20
25132.630247
 42
-0.024950
  0
VERTEX
  8
0
 10
14416.640649
 20
25119.130639
 42
-0.024854
  0
VERTEX
  8
0
 10
14406.456807
 20
25106.541251
 42
-0.017599
  0
VERTEX
  8
0
 10
14393.866215
 20
25093.427560
 42
-0.089570
  0
VERTEX
  8
0
 10
14336.448868
 20
25054.826207
 42
-0.089240
  0
VERTEX
  8
0
 10
14269.082194
 20
25038.681598
 42
-0.089002
  0
VERTEX
  8
0
 10
14200.160239
 20
25047.015135
 42
-0.088487
  0
VERTEX
  8
0
 10
14138.279676
 20
25078.790077
 42
-0.052153
  0
VERTEX
  8
0
 10
14109.177415
 20
25106.180534
 42
-0.051022
  0
VERTEX
  8
0
 10
14086.129213
 20
25139.190925
 42
-0.050827
  0
VERTEX
  8
0
 10
14070.172048
 20
25176.310407
 42
-0.050949
  0
VERTEX
  8
0
 10
14062.047599
 20
25215.855955
 42
-0.051542
  0
VERTEX
  8
0
 10
14062.132646
 20
25254.918382
 42
-0.049813
  0
VERTEX
  8
0
 10
14070.165204
 20
25293.606554
 42
-0.049598
  0
VERTEX
  8
0
 10
14085.738485
 20
25330.097214
 42
-0.050173
  0
VERTEX
  8
0
 10
14108.143524
 20
25362.654248
 42
-0.050149
  0
VERTEX
  8
0
 10
14135.218621
 20
25388.780963
 42
-0.047556
  0
VERTEX
  8
0
 10
14167.417462
 20
25409.524914
 42
-0.047498
  0
VERTEX
  8
0
 10
14202.996172
 20
25423.832650
 42
-0.049754
  0
VERTEX
  8
0
 10
14240.085657
 20
25430.888881
 42
-0.007316
  0
VERTEX
  8
0
 10
14249.409019
 20
25431.579556
 42
-0.014408
  0
VERTEX
  8
0
 10
14256.835908
 20
25431.806143
 42
-0.014469
  0
VERTEX
  8
0
 10
14264.243330
 20
25431.604246
 42
-0.007446
  0
SEQEND
  0
POLYLINE
  8
0
 66
1
 70
1
  0
VERTEX
  8
0
 10
21316.000000
 20
25608.311498
 42
0.008549
  0
VERTEX
  8
0
 10
21304.587824
 20
25607.255050
 42
0.006022
  0
VERTEX
  8
0
 10
21291.794674
 20
25605.693625
 42
0.006063
  0
VERTEX
  8
0
 10
21279.220357
 20
25603.849504
 42
0.009600
  0
VERTEX
  8
0
 10
21268.500000
 20
25601.932558
 42
0.074184
  0
VERTEX
  8
0
 10
21163.322462
 20
25564.224992
 42
0.075155
  0
VERTEX
  8
0
 10
21074.254679
 20
25497.582264
 42
0.075140
  0
VERTEX
  8
0
 10
21008.850631
 20
25407.577659
 42
0.074108
  0
VERTEX
  8
0
 10
20972.579640
 20
25301.843300
 42
0.024393
  0
VERTEX
  8
0
 10
20968.205545
 20
25269.331792
 42
0.021241
  0
VERTEX
  8
0
 10
20966.746353
 20
25235.005927
 42
0.021239
  0
VERTEX
  8
0
 10
20968.204951
 20
25200.677107
 42
0.024378
  0
VERTEX
  8
0
 10
20972.578452
 20
25168.156700
 42
0.033064
  0
VERTEX
  8
0
 10
20985.180074
 20
25118.501266
 42
0.034378
  0
VERTEX
  8
0
 10
21004.094070
 20
25071.605991
 42
0.034350
  0
VERTEX
  8
0
 10
21029.272213
 20
25027.710041
 42
0.032896
  0
VERTEX
  8
0
 10
21060.556396
 20
24987.000000
 42
0.043943
  0
VERTEX
  8
0
 10
21106.157822
 20
24943.485434
 42
0.042177
  0
VERTEX
  8
0
 10
21159.264263
 20
24907.939168
 42
0.042113
  0
VERTEX
  8
0
 10
21217.666016
 20
24881.762504
 42
0.043505
  0
VERTEX
  8
0
 10
21279.000000
 20
24866.085720
 42
0.006096
  0
VERTEX
  8
0
 10
21292.897988
 20
24863.969701
 42
0.011805
  0
VERTEX
  8
0
 10
21304.062545
 20
24862.676776
 42
0.011206
  0
VERTEX
  8
0
 10
21315.646034
 20
24861.873074
 42
0.004932
  0
VERTEX
  8
0
 10
21331.000000
 20
24861.304764
 42
0.068105
  0
VERTEX
  8
0
 10
21431.934022
 20
24872.336736
 42
0.068575
  0
VERTEX
  8
0
 10
21525.938834
 20
24910.079979
 42
0.068459
  0
VERTEX
  8
0
 10
21606.364426
 20
24971.913277
 42
0.067491
  0
VERTEX
  8
0
 10
21667.557573
 20
25053.440845
 42
0.040663
  0
VERTEX
  8
0
 10
21692.077352
 20
25107.214740
 42
0.039445
  0
VERTEX
  8
0
 10
21707.869518
 20
25164.794246
 42
0.039436
  0
VERTEX
  8
0
 10
21714.425748
 20
25224.152822
 42
0.040600
  0
VERTEX
  8
0
 10
21711.471123
 20
25283.218944
 42
0.033947
  0
VERTEX
  8
0
 10
21701.303516
 20
25333.634871
 42
0.034601
  0
VERTEX
  8
0
 10
21684.451549
 20
25381.880293
 42
0.034395
  0
VERTEX
  8
0
 10
21660.995685
 20
25427.604098
 42
0.032699
  0
VERTEX
  8
0
 10
21631.134545
 20
25470.500000
 42
0.018879
  0
VERTEX
  8
0
 10
21619.763863
 20
25483.695503
 42
0.009576
  0
VERTEX
  8
0
 10
21604.529559
 20
25499.464369
 42
0.009578
  0
VERTEX
  8
0
 10
21588.598250
 20
25514.738203
 42
0.017716
  0
VERTEX
  8
0
 10
21575.000000
 20
25526.420357
 42
0.036210
  0
VERTEX
  8
0
 10
21528.395085
 20
25558.436982
 42
0.038378
  0
VERTEX
  8
0
 10
21478.532147
 20
25582.697629
 42
0.038143
  0
VERTEX
  8
0
 10
21425.261230
 20
25599.167954
 42
0.034907
  0
VERTEX
  8
0
 10
21368.500000
 20
25607.968565
 42
0.014872
  0
VERTEX
  8
0
 10
21357.996824
 20
25608.539375
 42
0.004505
  0
VERTEX
  8
0
 10
21342.037613
 20
25608.787426
 42
0.004446
  0
VERTEX
  8
0
 10
21326.134770
 20
25608.749905
 42
0.015991
  0
SEQEND
  0
POLYLINE
  8
0
 66
1
 70
1
  0
VERTEX
  8
0
 10
21356.000000
 20
25430.991151
 42
-0.043468
  0
VERTEX
  8
0
 10
21391.551495
 20
25424.782061
 42
-0.045644
  0
VERTEX
  8
0
 10
21424.889645
 20
25412.574461
 42
-0.045934
  0
VERTEX
  8
0
 10
21455.272663
 20
25394.607294
 42
-0.045156
  0
VERTEX
  8
0
 10
21482.053786
 20
25371.302910
 42
-0.023520
  0
VERTEX
  8
0
 10
21495.529789
 20
25355.857890
 42
-0.026104
  0
VERTEX
  8
0
 10
21507.002767
 20
25339.725630
 42
-0.026438
  0
VERTEX
  8
0
 10
21516.607978
 20
25322.679283
 42
-0.025450
  0
VERTEX
  8
0
 10
21524.495808
 20
25304.500000
 42
-0.065782
  0
VERTEX
  8
0
 10
21536.146905
 20
25254.084012
 42
-0.065516
  0
VERTEX
  8
0
 10
21534.328124
 20
25202.300037
 42
-0.065743
  0
VERTEX
  8
0
 10
21519.198135
 20
25152.908035
 42
-0.067056
  0
VERTEX
  8
0
 10
21491.834680
 20
25109.500000
 42
-0.048420
  0
VERTEX
  8
0
 10
21463.444710
 20
25081.545829
 42
-0.051472
  0
VERTEX
  8
0
 10
21430.754111
 20
25060.219171
 42
-0.051225
  0
VERTEX
  8
0
 10
21394.250237
 20
25045.941665
 42
-0.047125
  0
VERTEX
  8
0
 10
21354.563539
 20
25038.871960
 42
-0.035515
  0
VERTEX
  8
0
 10
21329.679988
 20
25038.595540
 42
-0.032591
  0
VERTEX
  8
0
 10
21304.268816
 20
25041.789904
 42
-0.032187
  0
VERTEX
  8
0
 10
21279.168720
 20
25048.321123
 42
-0.032556
  0
VERTEX
  8
0
 10
21255.213042
 20
25058.000667
 42
-0.058765
  0
VERTEX
  8
0
 10
21216.048182
 20
25082.910287
 42
-0.059581
  0
VERTEX
  8
0
 10
21183.956627
 20
25116.145231
 42
-0.059324
  0
VERTEX
  8
0
 10
21160.497013
 20
25156.150633
 42
-0.057357
  0
VERTEX
  8
0
 10
21146.757544
 20
25201.000000
 42
-0.013655
  0
VERTEX
  8
0
 10
21145.665450
 20
25207.972213
 42
-0.016417
  0
VERTEX
  8
0
 10
21145.034419
 20
25214.578230
 42
-0.011973
  0
VERTEX
  8
0
 10
21144.722379
 20
25222.687864
 42
-0.003628
  0
VERTEX
  8
0
 10
21144.633035
 20
25235.000000
 42
-0.003628
  0
VERTEX
  8
0
 10
21144.722379
 20
25247.312136
 42
-0.011973
  0
VERTEX
  8
0
 10
21145.034419
 20
25255.421770
 42
-0.016417
  0
VERTEX
  8
0
 10
21145.665450
 20
25262.027787
 42
-0.013655
  0
VERTEX
  8
0
 10
21146.757544
 20
25269.000000
 42
-0.084618
  0
VERTEX
  8
0
 10
21170.195336
 20
25332.907470
 42
-0.086802
  0
VERTEX
  8
0
 10
21213.331580
 20
25384.799584
 42
-0.086738
  0
VERTEX
  8
0
 10
21271.551852
 20
25418.995296
 42
-0.084332
  0
VERTEX
  8
0
 10
21338.500000
 20
25431.853928
 42
-0.013344
  0
VERTEX
  8
0
 10
21341.576372
 20
25431.837948
 42
-0.004345
  0
VERTEX
  8
0
 10
21346.115625
 20
25431.653686
 42
-0.004327
  0
VERTEX
  8
0
 10
21351.157136
 20
25431.361373
 42
-0.004864
  0
SEQEND
  0
POLYLINE
  8
0
 66
1
 70
1
  0
VERTEX
  8
0
 10
5679.036017
 20
24722.979276
 42
0.040754
  0
VERTEX
  8
0
 10
5525.633606
 20
24702.704250
 42
0.042798
  0
VERTEX
  8
0
 10
5380.143539
 20
24657.951673
 42
0.042801
  0
VERTEX
  8
0
 10
5244.406668
 20
24589.085934
 42
0.040772
  0
VERTEX
  8
0
 10
5120.000000
 20
24497.123675
 42
0.011661
  0
VERTEX
  8
0
 10
5103.168978
 20
24481.712897
 42
0.004516
  0
VERTEX
  8
0
 10
5080.551701
 20
24459.617433
 42
0.004515
  0
VERTEX
  8
0
 10
5058.340889
 20
24437.120907
 42
0.011686
  0
VERTEX
  8
0
 10
5042.858371
 20
24420.388078
 42
0.025419
  0
VERTEX
  8
0
 10
4982.740581
 20
24344.880433
 42
0.026482
  0
VERTEX
  8
0
 10
4931.475070
 20
24264.657287
 42
0.026539
  0
VERTEX
  8
0
 10
4889.072115
 20
24179.631382
 42
0.025771
  0
VERTEX
  8
0
 10
4855.449624
 20
24089.765537
 42
0.013519
  0
VERTEX
  8
0
 10
4843.006983
 20
24046.405356
 42
0.012342
  0
VERTEX
  8
0
 10
4832.508160
 20
24001.103523
 42
0.012336
  0
VERTEX
  8
0
 10
4824.252934
 20
23955.316344
 42
0.013471
  0
VERTEX
  8
0
 10
4818.541070
 20
23910.500000
 42
0.012309
  0
VERTEX
  8
0
 10
4815.322252
 20
23867.782545
 42
0.011205
  0
VERTEX
  8
0
 10
4814.076686
 20
23823.597955
 42
0.011225
  0
VERTEX
  8
0
 10
4814.812360
 20
23779.489213
 42
0.012485
  0
VERTEX
  8
0
 10
4817.539497
 20
23737.000000
 42
0.048587
  0
VERTEX
  8
0
 10
4849.639149
 20
23566.568515
 42
0.047961
  0
VERTEX
  8
0
 10
4914.103553
 20
23404.751682
 42
0.047947
  0
VERTEX
  8
0
 10
5008.238754
 20
23258.138693
 42
0.048500
  0
VERTEX
  8
0
 10
5128.252129
 20
23132.756024
 42
0.054548
  0
VERTEX
  8
0
 10
5291.406903
 20
23020.809125
 42
0.054785
  0
VERTEX
  8
0
 10
5474.677376
 20
22946.988838
 42
0.054794
  0
VERTEX
  8
0
 10
5669.577322
 20
22914.741036
 42
0.054601
  0
VERTEX
  8
0
 10
5867.067754
 20
22925.534653
 42
0.018463
  0
VERTEX
  8
0
 10
5932.655246
 20
22938.871822
 42
0.018723
  0
VERTEX
  8
0
 10
5996.770036
 20
22956.960143
 42
0.018674
  0
VERTEX
  8
0
 10
6059.514927
 20
22979.846921
 42
0.018139
  0
VERTEX
  8
0
 10
6121.000000
 20
23007.554040
 42
0.058866
  0
VERTEX
  8
0
 10
6298.587273
 20
23123.206392
 42
0.058767
  0
VERTEX
  8
0
 10
6444.448230
 20
23277.116219
 42
0.058756
  0
VERTEX
  8
0
 10
6550.522099
 20
23460.764945
 42
0.058803
  0
VERTEX
  8
0
 10
6610.933529
 20
23664.000000
 42
0.005685
  0
VERTEX
  8
0
 10
6614.550764
 20
23686.401815
 42
0.006514
  0
VERTEX
  8
0
 10
6617.484192
 20
23707.887566
 42
0.006214
  0
VERTEX
  8
0
 10
6619.963932
 20
23730.291573
 42
0.004397
  0
VERTEX
  8
0
 10
6622.213741
 20
23755.500000
 42
0.017013
  0
VERTEX
  8
0
 10
6623.248265
 20
23777.878541
 42
0.003091
  0
VERTEX
  8
0
 10
6623.497158
 20
23819.430576
 42
0.003017
  0
VERTEX
  8
0
 10
6623.238527
 20
23860.969680
 42
0.018220
  0
VERTEX
  8
0
 10
6622.189280
 20
23882.500000
 42
0.002281
  0
VERTEX
  8
0
 10
6620.678021
 20
23899.304102
 42
0.003012
  0
VERTEX
  8
0
 10
6619.138775
 20
23914.602271
 42
0.003311
  0
VERTEX
  8
0
 10
6617.564474
 20
23928.484233
 42
0.004487
  0
VERTEX
  8
0
 10
6615.947044
 20
23941.000000
 42
0.036398
  0
VERTEX
  8
0
 10
6587.966417
 20
24072.111070
 42
0.037138
  0
VERTEX
  8
0
 10
6541.397575
 20
24196.866393
 42
0.037085
  0
VERTEX
  8
0
 10
6476.812003
 20
24313.520511
 42
0.036077
  0
VERTEX
  8
0
 10
6395.164536
 20
24420.500000
 42
0.012080
  0
VERTEX
  8
0
 10
6380.347266
 20
24436.463376
 42
0.003689
  0
VERTEX
  8
0
 10
6357.183393
 20
24459.891897
 42
0.003665
  0
VERTEX
  8
0
 10
6333.724955
 20
24482.930532
 42
0.012550
  0
VERTEX
  8
0
 10
6318.000000
 20
24497.402856
 42
0.022152
  0
VERTEX
  8
0
 10
6252.611751
 20
24549.692355
 42
0.022797
  0
VERTEX
  8
0
 10
6183.460263
 20
24595.460255
 42
0.022886
  0
VERTEX
  8
0
 10
6110.696384
 20
24634.581424
 42
0.022733
  0
VERTEX
  8
0
 10
6034.500000
 20
24666.984263
 42
0.018238
  0
VERTEX
  8
0
 10
5972.195412
 20
24687.642142
 42
0.018492
  0
VERTEX
  8
0
 10
5908.835344
 20
24703.598420
 42
0.018253
  0
VERTEX
  8
0
 10
5843.681105
 20
24714.998912
 42
0.016769
  0
VERTEX
  8
0
 10
5776.000000
 20
24722.007512
 42
0.011341
  0
VERTEX
  8
0
 10
5756.574655
 20
24722.920561
 42
0.003566
  0
VERTEX
  8
0
 10
5727.483485
 20
24723.419641
 42
0.003562
  0
VERTEX
  8
0
 10
5698.401175
 20
24723.503918
 42
0.011430
  0
SEQEND
  0
POLYLINE
  8
0
 66
1
 70
1
  0
VERTEX
  8
0
 10
5755.500000
 20
24702.985562
 42
-0.024840
  0
VERTEX
  8
0
 10
5848.257255
 20
24694.157723
 42
-0.026128
  0
VERTEX
  8
0
 10
5938.104928
 20
24676.243919
 42
-0.026268
  0
VERTEX
  8
0
 10
6025.143068
 20
24649.170283
 42
-0.025715
  0
VERTEX
  8
0
 10
6109.500000
 20
24612.955361
 42
-0.026348
  0
VERTEX
  8
0
 10
6191.067336
 20
24567.371097
 42
-0.026494
  0
VERTEX
  8
0
 10
6267.232198
 20
24513.537791
 42
-0.026411
  0
VERTEX
  8
0
 10
6337.498331
 20
24451.777749
 42
-0.025811
  0
VERTEX
  8
0
 10
6401.433855
 20
24382.500000
 42
-0.027335
  0
VERTEX
  8
0
 10
6456.256959
 20
24308.720599
 42
-0.026189
  0
VERTEX
  8
0
 10
6503.557537
 20
24228.365144
 42
-0.026000
  0
VERTEX
  8
0
 10
6542.511604
 20
24142.903181
 42
-0.026000
  0
VERTEX
  8
0
 10
6572.385455
 20
24053.859522
 42
-0.012776
  0
VERTEX
  8
0
 10
6582.697048
 20
24012.818923
 42
-0.012337
  0
VERTEX
  8
0
 10
6591.031937
 20
23970.825499
 42
-0.011975
  0
VERTEX
  8
0
 10
6597.496508
 20
23927.259950
 42
-0.010512
  0
VERTEX
  8
0
 10
6602.196032
 20
23881.500000
 42
-0.017086
  0
VERTEX
  8
0
 10
6603.249337
 20
23859.177037
 42
-0.003250
  0
VERTEX
  8
0
 10
6603.513086
 20
23818.490201
 42
-0.003248
  0
VERTEX
  8
0
 10
6603.248104
 20
23777.804126
 42
-0.017112
  0
VERTEX
  8
0
 10
6602.193910
 20
23755.500000
 42
-0.021543
  0
VERTEX
  8
0
 10
6591.327144
 20
23668.688390
 42
-0.024074
  0
VERTEX
  8
0
 10
6573.280168
 20
23586.341060
 42
-0.024389
  0
VERTEX
  8
0
 10
6547.657750
 20
23507.077352
 42
-0.023353
  0
VERTEX
  8
0
 10
6514.113553
 20
23429.500000
 42
-0.052255
  0
VERTEX
  8
0
 10
6416.259667
 20
23273.153774
 42
-0.052217
  0
VERTEX
  8
0
 10
6288.097288
 20
23140.448547
 42
-0.052236
  0
VERTEX
  8
0
 10
6135.271678
 20
23037.214640
 42
-0.052372
  0
VERTEX
  8
0
 10
5964.500000
 20
22968.000799
 42
-0.037934
  0
VERTEX
  8
0
 10
5832.343229
 20
22940.579680
 42
-0.038265
  0
VERTEX
  8
0
 10
5697.946989
 20
22933.549481
 42
-0.038234
  0
VERTEX
  8
0
 10
5563.945631
 20
22947.083902
 42
-0.037739
  0
VERTEX
  8
0
 10
5432.964629
 20
22980.882639
 42
-0.016308
  0
VERTEX
  8
0
 10
5379.992032
 20
23000.857418
 42
-0.016295
  0
VERTEX
  8
0
 10
5328.419657
 20
23024.247442
 42
-0.016181
  0
VERTEX
  8
0
 10
5278.129865
 20
23051.119115
 42
-0.015552
  0
VERTEX
  8
0
 10
5229.000000
 20
23081.525369
 42
-0.019329
  0
VERTEX
  8
0
 10
5174.885580
 20
23120.481959
 42
-0.018750
  0
VERTEX
  8
0
 10
5123.370791
 20
23163.881203
 42
-0.018761
  0
VERTEX
  8
0
 10
5075.282166
 20
23210.990717
 42
-0.019411
  0
VERTEX
  8
0
 10
5031.427541
 20
23261.057832
 42
-0.054796
  0
VERTEX
  8
0
 10
4926.417399
 20
23424.510526
 42
-0.055031
  0
VERTEX
  8
0
 10
4859.601827
 20
23606.639398
 42
-0.055030
  0
VERTEX
  8
0
 10
4834.123326
 20
23798.960211
 42
-0.054791
  0
VERTEX
  8
0
 10
4851.142297
 20
23992.500000
 42
-0.043446
  0
VERTEX
  8
0
 10
4893.856671
 20
24138.827264
 42
-0.043127
  0
VERTEX
  8
0
 10
4961.293447
 20
24275.953408
 42
-0.043108
  0
VERTEX
  8
0
 10
5051.287183
 20
24399.533326
 42
-0.043324
  0
VERTEX
  8
0
 10
5161.000000
 20
24505.625489
 42
-0.035726
  0
VERTEX
  8
0
 10
5264.696399
 20
24578.194598
 42
-0.035874
  0
VERTEX
  8
0
 10
5377.527756
 20
24635.150306
 42
-0.035821
  0
VERTEX
  8
0
 10
5497.506604
 20
24675.462214
 42
-0.035387
  0
VERTEX
  8
0
 10
5622.500000
 20
24698.437921
 42
-0.009540
  0
VERTEX
  8
0
 10
5656.007276
 20
24701.528051
 42
-0.009676
  0
VERTEX
  8
0
 10
5689.450025
 20
24703.319998
 42
-0.009754
  0
VERTEX
  8
0
 10
5722.667693
 20
24703.807394
 42
-0.010095
  0
SEQEND
  0
POLYLINE
  8
0
 66
1
 70
1
  0
VERTEX
  8
0
 10
12762.500000
 20
24723.001855
 42
0.032553
  0
VERTEX
  8
0
 10
12638.846620
 20
24708.742480
 42
0.034023
  0
VERTEX
  8
0
 10
12519.949363
 20
24678.647000
 42
0.034203
  0
VERTEX
  8
0
 10
12406.808983
 20
24632.890314
 42
0.033656
  0
VERTEX
  8
0
 10
12300.323923
 20
24571.923829
 42
0.011200
  0
VERTEX
  8
0
 10
12262.757638
 20
24545.686684
 42
0.014057
  0
VERTEX
  8
0
 10
12229.209892
 20
24519.640505
 42
0.013833
  0
VERTEX
  8
0
 10
12196.747830
 20
24491.400534
 42
0.010282
  0
VERTEX
  8
0
 10
12162.443244
 20
24458.521477
 42
0.006452
  0
VERTEX
  8
0
 10
12137.582609
 20
24433.044088
 42
0.010563
  0
VERTEX
  8
0
 10
12117.267103
 20
24410.755401
 42
0.010927
  0
VERTEX
  8
0
 10
12098.401155
 20
24388.180592
 42
0.007578
  0
VERTEX
  8
0
 10
12078.032828
 20
24361.889035
 42
0.034528
  0
VERTEX
  8
0
 10
12010.083291
 20
24257.023355
 42
0.034508
  0
VERTEX
  8
0
 10
11957.197391
 20
24143.785325
 42
0.034546
  0
VERTEX
  8
0
 10
11920.436929
 20
24024.472944
 42
0.034777
  0
VERTEX
  8
0
 10
11900.555804
 20
23901.500000
 42
0.011779
  0
VERTEX
  8
0
 10
11897.798458
 20
23860.530946
 42
0.010903
  0
VERTEX
  8
0
 10
11896.878298
 20
23818.406463
 42
0.010914
  0
VERTEX
  8
0
 10
11897.795347
 20
23776.328695
 42
0.011873
  0
VERTEX
  8
0
 10
11900.549831
 20
23735.500000
 42
0.039778
  0
VERTEX
  8
0
 10
11924.882481
 20
23594.274429
 42
0.039871
  0
VERTEX
  8
0
 10
11971.261201
 20
23458.798762
 42
0.039735
  0
VERTEX
  8
0
 10
12038.737273
 20
23331.977356
 42
0.038931
  0
VERTEX
  8
0
 10
12125.835839
 20
23216.500000
 42
0.011958
  0
VERTEX
  8
0
 10
12140.070845
 20
23201.156923
 42
0.003484
  0
VERTEX
  8
0
 10
12162.709623
 20
23178.219069
 42
0.003443
  0
VERTEX
  8
0
 10
12185.597007
 20
23155.663025
 42
0.012721
  0
VERTEX
  8
0
 10
12200.500000
 20
23141.896442
 42
0.021142
  0
VERTEX
  8
0
 10
12265.177888
 20
23089.800911
 42
0.022556
  0
VERTEX
  8
0
 10
12332.679988
 20
23044.537993
 42
0.022691
  0
VERTEX
  8
0
 10
12403.598110
 20
23005.776660
 42
0.021964
  0
VERTEX
  8
0
 10
12478.500000
 20
22973.141090
 42
0.027247
  0
VERTEX
  8
0
 10
12570.201879
 20
22943.512804
 42
0.026605
  0
VERTEX
  8
0
 10
12665.311243
 20
22923.754654
 42
0.026595
  0
VERTEX
  8
0
 10
12762.019542
 20
22914.202530
 42
0.027172
  0
VERTEX
  8
0
 10
12858.500000
 20
22915.076032
 42
0.038266
  0
VERTEX
  8
0
 10
12996.276621
 20
22934.474741
 42
0.038415
  0
VERTEX
  8
0
 10
13129.303251
 20
22974.630684
 42
0.038439
  0
VERTEX
  8
0
 10
13254.544010
 20
23034.634905
 42
0.038419
  0
VERTEX
  8
0
 10
13369.146178
 20
23113.112029
 42
0.013707
  0
VERTEX
  8
0
 10
13404.461584
 20
23143.139567
 42
0.012393
  0
VERTEX
  8
0
 10
13439.314544
 20
23176.056970
 42
0.012345
  0
VERTEX
  8
0
 10
13472.638625
 20
23210.805322
 42
0.013295
  0
VERTEX
  8
0
 10
13503.368279
 20
23246.326346
 42
0.037397
  0
VERTEX
  8
0
 10
13578.479550
 20
23353.370582
 42
0.036050
  0
VERTEX
  8
0
 10
13637.846530
 20
23471.695831
 42
0.036021
  0
VERTEX
  8
0
 10
13679.642089
 20
23597.418715
 42
0.037195
  0
VERTEX
  8
0
 10
13702.409133
 20
23726.500000
 42
0.004588
  0
VERTEX
  8
0
 10
13704.559267
 20
23750.049351
 42
0.009417
  0
VERTEX
  8
0
 10
13705.726339
 20
23768.537741
 42
0.008217
  0
VERTEX
  8
0
 10
13706.283022
 20
23788.575550
 42
0.002719
  0
VERTEX
  8
0
 10
13706.456745
 20
23818.000000
 42
0.003096
  0
VERTEX
  8
0
 10
13706.280111
 20
23848.851642
 42
0.008747
  0
VERTEX
  8
0
 10
13705.646484
 20
23870.390078
 42
0.009979
  0
VERTEX
  8
0
 10
13704.315613
 20
23890.265544
 42
0.005191
  0
VERTEX
  8
0
 10
13701.903807
 20
23915.000000
 42
0.038478
  0
VERTEX
  8
0
 10
13676.108405
 20
24053.221890
 42
0.039086
  0
VERTEX
  8
0
 10
13629.522292
 20
24185.107845
 42
0.038963
  0
VERTEX
  8
0
 10
13562.813146
 20
24308.515244
 42
0.037729
  0
VERTEX
  8
0
 10
13477.122163
 20
24421.500000
 42
0.011481
  0
VERTEX
  8
0
 10
13462.639475
 20
24437.131855
 42
0.003991
  0
VERTEX
  8
0
 10
13441.077879
 20
24459.006087
 42
0.003996
  0
VERTEX
  8
0
 10
13419.154813
 20
24480.547637
 42
0.011367
  0
VERTEX
  8
0
 10
13403.427785
 20
24495.078760
 42
0.038668
  0
VERTEX
  8
0
 10
13289.097766
 20
24581.249319
 42
0.039165
  0
VERTEX
  8
0
 10
13163.335087
 20
24648.374543
 42
0.039344
  0
VERTEX
  8
0
 10
13029.210885
 20
24694.816508
 42
0.039815
  0
VERTEX
  8
0
 10
12890.000000
 20
24719.445079
 42
0.009804
  0
VERTEX
  8
0
 10
12859.006332
 20
24721.802310
 42
0.007104
  0
VERTEX
  8
0
 10
12824.415052
 20
24723.259319
 42
0.007187
  0
VERTEX
  8
0
 10
12790.694677
 20
24723.715103
 42
0.012218
  0
SEQEND
  0
POLYLINE
  8
0
 66
1
 70
1
  0
VERTEX
  8
0
 10
12838.500000
 20
24702.991369
 42
-0.011856
  0
VERTEX
  8
0
 10
12883.883499
 20
24699.870307
 42
-0.012325
  0
VERTEX
  8
0
 10
12928.482064
 20
24694.627369
 42
-0.012516
  0
VERTEX
  8
0
 10
12972.089163
 20
24687.289998
 42
-0.013201
  0
VERTEX
  8
0
 10
13014.500000
 20
24677.889339
 42
-0.043468
  0
VERTEX
  8
0
 10
13161.948956
 20
24627.151505
 42
-0.044094
  0
VERTEX
  8
0
 10
13297.658729
 20
24551.876675
 42
-0.044090
  0
VERTEX
  8
0
 10
13418.078367
 20
24453.963382
 42
-0.043441
  0
VERTEX
  8
0
 10
13520.122773
 20
24336.000000
 42
-0.033040
  0
VERTEX
  8
0
 10
13580.525441
 20
24239.716975
 42
-0.032125
  0
VERTEX
  8
0
 10
13628.354900
 20
24135.427514
 42
-0.032097
  0
VERTEX
  8
0
 10
13662.466428
 20
24025.776938
 42
-0.032843
  0
VERTEX
  8
0
 10
13681.944011
 20
23913.500000
 42
-0.003959
  0
VERTEX
  8
0
 10
13684.056677
 20
23892.052620
 42
-0.007902
  0
VERTEX
  8
0
 10
13685.325104
 20
23875.050624
 42
-0.007359
  0
VERTEX
  8
0
 10
13686.107275
 20
23857.263110
 42
-0.002981
  0
VERTEX
  8
0
 10
13686.671826
 20
23833.000000
 42
-0.010349
  0
VERTEX
  8
0
 10
13686.533021
 20
23792.122732
 42
-0.011763
  0
VERTEX
  8
0
 10
13684.668689
 20
23752.999503
 42
-0.011886
  0
VERTEX
  8
0
 10
13680.991794
 20
23714.375728
 42
-0.011037
  0
VERTEX
  8
0
 10
13675.412540
 20
23675.000000
 42
-0.051350
  0
VERTEX
  8
0
 10
13627.909940
 20
23500.264722
 42
-0.051242
  0
VERTEX
  8
0
 10
13545.772643
 20
23338.744513
 42
-0.051255
  0
VERTEX
  8
0
 10
13432.526225
 20
23197.337218
 42
-0.051425
  0
VERTEX
  8
0
 10
13293.000000
 20
23082.097457
 42
-0.007204
  0
VERTEX
  8
0
 10
13267.816081
 20
23065.841787
 42
-0.009294
  0
VERTEX
  8
0
 10
13244.206951
 20
23051.683507
 42
-0.009149
  0
VERTEX
  8
0
 10
13219.788795
 20
23038.238617
 42
-0.006635
  0
VERTEX
  8
0
 10
13192.140651
 20
23024.133591
 42
-0.036635
  0
VERTEX
  8
0
 10
13073.520548
 20
22976.033592
 42
-0.036300
  0
VERTEX
  8
0
 10
12948.787836
 20
22945.584929
 42
-0.036291
  0
VERTEX
  8
0
 10
12820.929809
 20
22933.490741
 42
-0.036571
  0
VERTEX
  8
0
 10
12693.000000
 20
22940.065486
 42
-0.046900
  0
VERTEX
  8
0
 10
12529.617854
 20
22976.290141
 42
-0.047447
  0
VERTEX
  8
0
 10
12376.519166
 20
23042.239370
 42
-0.047390
  0
VERTEX
  8
0
 10
12238.434449
 20
23135.954919
 42
-0.046560
  0
VERTEX
  8
0
 10
12119.566145
 20
23254.500000
 42
-0.011756
  0
VERTEX
  8
0
 10
12100.427032
 20
23278.648076
 42
-0.007742
  0
VERTEX
  8
0
 10
12079.507836
 20
23307.267035
 42
-0.007730
  0
VERTEX
  8
0
 10
12059.418937
 20
23336.614645
 42
-0.011445
  0
VERTEX
  8
0
 10
12042.806359
 20
23363.000000
 42
-0.027352
  0
VERTEX
  8
0
 10
11997.242758
 20
23449.601669
 42
-0.027561
  0
VERTEX
  8
0
 10
11961.534361
 20
23540.442796
 42
-0.027588
  0
VERTEX
  8
0
 10
11936.063935
 20
23634.572441
 42
-0.027531
  0
VERTEX
  8
0
 10
11921.090571
 20
23731.000000
 42
-0.005353
  0
VERTEX
  8
0
 10
11919.106542
 20
23753.411329
 42
-0.007719
  0
VERTEX
  8
0
 10
11917.870349
 20
23773.274994
 42
-0.007371
  0
VERTEX
  8
0
 10
11917.212473
 20
23793.842960
 42
-0.004308
  0
VERTEX
  8
0
 10
11917.000000
 20
23818.500000
 42
-0.004308
  0
VERTEX
  8
0
 10
11917.212473
 20
23843.157040
 42
-0.007371
  0
VERTEX
  8
0
 10
11917.870349
 20
23863.725006
 42
-0.007719
  0
VERTEX
  8
0
 10
11919.106542
 20
23883.588671
 42
-0.005353
  0
VERTEX
  8
0
 10
11921.090571
 20
23906.000000
 42
-0.041967
  0
VERTEX
  8
0
 10
11948.138222
 20
24052.239840
 42
-0.042152
  0
VERTEX
  8
0
 10
11999.201696
 20
24191.685006
 42
-0.042121
  0
VERTEX
  8
0
 10
12072.971591
 20
24320.685286
 42
-0.041773
  0
VERTEX
  8
0
 10
12167.500000
 20
24435.883820
 42
-0.030245
  0
VERTEX
  8
0
 10
12244.860192
 20
24506.473750
 42
-0.029520
  0
VERTEX
  8
0
 10
12330.778064
 20
24567.833910
 42
-0.029510
  0
VERTEX
  8
0
 10
12423.355129
 20
24618.667532
 42
-0.030174
  0
VERTEX
  8
0
 10
12520.599243
 20
24657.825881
 42
-0.022827
  0
VERTEX
  8
0
 10
12598.535129
 20
24679.970174
 42
-0.022519
  0
VERTEX
  8
0
 10
12678.517888
 20
24695.034258
 42
-0.022662
  0
VERTEX
  8
0
 10
12759.017619
 20
24702.770960
 42
-0.023867
  0
SEQEND
  0
POLYLINE
  8
0
 66
1
 70
1
  0
VERTEX
  8
0
 10
19845.575970
 20
24722.926261
 42
0.034216
  0
VERTEX
  8
0
 10
19720.857338
 20
24708.688212
 42
0.034541
  0
VERTEX
  8
0
 10
19599.650233
 20
24677.593295
 42
0.034589
  0
VERTEX
  8
0
 10
19484.038570
 20
24630.160666
 42
0.034530
  0
VERTEX
  8
0
 10
19376.000000
 20
24567.218990
 42
0.038071
  0
VERTEX
  8
0
 10
19268.466411
 20
24481.559794
 42
0.038179
  0
VERTEX
  8
0
 10
19175.274335
 20
24380.662245
 42
0.038093
  0
VERTEX
  8
0
 10
19098.323084
 20
24266.537273
 42
0.037526
  0
VERTEX
  8
0
 10
19039.139475
 20
24141.500000
 42
0.016628
  0
VERTEX
  8
0
 10
19020.506112
 20
24087.768952
 42
0.015664
  0
VERTEX
  8
0
 10
19005.074733
 20
24031.844253
 42
0.015632
  0
VERTEX
  8
0
 10
18993.145975
 20
23974.941900
 42
0.016378
  0
VERTEX
  8
0
 10
18985.009283
 20
23918.280758
 42
0.014604
  0
VERTEX
  8
0
 10
18981.047597
 20
23869.277008
 42
0.012921
  0
VERTEX
  8
0
 10
18979.735474
 20
23818.080009
 42
0.012955
  0
VERTEX
  8
0
 10
18981.069272
 20
23767.037614
 42
0.014927
  0
VERTEX
  8
0
 10
18985.052682
 20
23718.500000
 42
0.032285
  0
VERTEX
  8
0
 10
19005.701807
 20
23602.580628
 42
0.032537
  0
VERTEX
  8
0
 10
19041.066654
 20
23490.593657
 42
0.032502
  0
VERTEX
  8
0
 10
19090.705305
 20
23384.027181
 42
0.032058
  0
VERTEX
  8
0
 10
19153.937937
 20
23284.279095
 42
0.016419
  0
VERTEX
  8
0
 10
19187.262628
 20
23241.510536
 42
0.014899
  0
VERTEX
  8
0
 10
19224.383326
 20
23199.573496
 42
0.014799
  0
VERTEX
  8
0
 10
19264.213820
 20
23159.626941
 42
0.015598
  0
VERTEX
  8
0
 10
19305.664169
 20
23122.825146
 42
0.023632
  0
VERTEX
  8
0
 10
19372.859398
 20
23071.995465
 42
0.023250
  0
VERTEX
  8
0
 10
19444.908566
 20
23027.437284
 42
0.023244
  0
VERTEX
  8
0
 10
19520.802849
 20
22989.750587
 42
0.023589
  0
VERTEX
  8
0
 10
19599.500000
 20
22959.475628
 42
0.039665
  0
VERTEX
  8
0
 10
19739.434484
 20
22925.113893
 42
0.039822
  0
VERTEX
  8
0
 10
19882.853064
 20
22913.341241
 42
0.039852
  0
VERTEX
  8
0
 10
20026.219718
 20
22924.454445
 42
0.039858
  0
VERTEX
  8
0
 10
20166.000000
 20
22958.172155
 42
0.025738
  0
VERTEX
  8
0
 10
20253.560636
 20
22991.916002
 42
0.026040
  0
VERTEX
  8
0
 10
20336.840643
 20
23034.363009
 42
0.025937
  0
VERTEX
  8
0
 10
20415.563562
 20
23085.412626
 42
0.025084
  0
VERTEX
  8
0
 10
20489.500000
 20
23144.875252
 42
0.010376
  0
VERTEX
  8
0
 10
20504.376387
 20
23158.684900
 42
0.004147
  0
VERTEX
  8
0
 10
20524.195622
 20
23178.184652
 42
0.004151
  0
VERTEX
  8
0
 10
20543.708882
 20
23198.031342
 42
0.010242
  0
VERTEX
  8
0
 10
20557.601770
 20
23213.000000
 42
0.015817
  0
VERTEX
  8
0
 10
20597.001288
 20
23260.155671
 42
0.016331
  0
VERTEX
  8
0
 10
20632.905032
 20
23309.219327
 42
0.016514
  0
VERTEX
  8
0
 10
20665.151405
 20
23359.967940
 42
0.017085
  0
VERTEX
  8
0
 10
20693.593323
 20
23412.171850
 42
0.067719
  0
VERTEX
  8
0
 10
20772.918637
 20
23644.169752
 42
0.068060
  0
VERTEX
  8
0
 10
20787.184853
 20
23888.522092
 42
0.068037
  0
VERTEX
  8
0
 10
20735.317681
 20
24127.804969
 42
0.067598
  0
VERTEX
  8
0
 10
20621.069445
 20
24344.963035
 42
0.017225
  0
VERTEX
  8
0
 10
20585.168999
 20
24391.821884
 42
0.016105
  0
VERTEX
  8
0
 10
20545.343289
 20
24437.192566
 42
0.016080
  0
VERTEX
  8
0
 10
20502.611078
 20
24479.978622
 42
0.017024
  0
VERTEX
  8
0
 10
20458.000000
 20
24519.091842
 42
0.025574
  0
VERTEX
  8
0
 10
20383.917672
 20
24573.635186
 42
0.025361
  0
VERTEX
  8
0
 10
20304.452764
 20
24620.494126
 42
0.025353
  0
VERTEX
  8
0
 10
20220.625202
 20
24659.080415
 42
0.025516
  0
VERTEX
  8
0
 10
20133.500000
 20
24688.891277
 42
0.020472
  0
VERTEX
  8
0
 10
20062.971439
 20
24705.980010
 42
0.019781
  0
VERTEX
  8
0
 10
19990.470363
 20
24717.473386
 42
0.019837
  0
VERTEX
  8
0
 10
19917.502342
 20
24723.175912
 42
0.020900
  0
SEQEND
  0
POLYLINE
  8
0
 66
1
 70
1
  0
VERTEX
  8
0
 10
19921.500000
 20
24702.979907
 42
-0.032541
  0
VERTEX
  8
0
 10
20040.746080
 20
24689.713213
 42
-0.033602
  0
VERTEX
  8
0
 10
20155.958687
 20
24661.147500
 42
-0.033763
  0
VERTEX
  8
0
 10
20265.793134
 20
24617.568564
 42
-0.033555
  0
VERTEX
  8
0
 10
20369.000000
 20
24559.526197
 42
-0.062005
  0
VERTEX
  8
0
 10
20535.953798
 20
24417.975047
 42
-0.061947
  0
VERTEX
  8
0
 10
20663.167660
 20
24239.769002
 42
-0.061969
  0
VERTEX
  8
0
 10
20742.819164
 20
24035.892526
 42
-0.062131
  0
VERTEX
  8
0
 10
20769.990438
 20
23818.896608
 42
-0.036345
  0
VERTEX
  8
0
 10
20760.791462
 20
23691.697184
 42
-0.036026
  0
VERTEX
  8
0
 10
20733.268621
 20
23566.784861
 42
-0.035985
  0
VERTEX
  8
0
 10
20688.060358
 20
23446.980757
 42
-0.036073
  0
VERTEX
  8
0
 10
20626.172890
 20
23335.000000
 42
-0.028512
  0
VERTEX
  8
0
 10
20567.253336
 20
23254.867010
 42
-0.028040
  0
VERTEX
  8
0
 10
20499.290088
 20
23181.485236
 42
-0.028052
  0
VERTEX
  8
0
 10
20423.574035
 20
23116.199326
 42
-0.028598
  0
VERTEX
  8
0
 10
20341.494409
 20
23060.251216
 42
-0.049314
  0
VERTEX
  8
0
 10
20182.837413
 20
22985.061074
 42
-0.049666
  0
VERTEX
  8
0
 10
20012.904866
 20
22942.616462
 42
-0.049715
  0
VERTEX
  8
0
 10
19838.096031
 20
22934.540197
 42
-0.049606
  0
VERTEX
  8
0
 10
19665.000000
 20
22961.110410
 42
-0.029377
  0
VERTEX
  8
0
 10
19564.300529
 20
22993.387215
 42
-0.030097
  0
VERTEX
  8
0
 10
19468.916622
 20
23037.027731
 42
-0.030014
  0
VERTEX
  8
0
 10
19379.218755
 20
23091.933176
 42
-0.028860
  0
VERTEX
  8
0
 10
19295.500000
 20
23157.851168
 42
-0.012522
  0
VERTEX
  8
0
 10
19272.370342
 20
23179.387526
 42
-0.007947
  0
VERTEX
  8
0
 10
19246.472489
 20
23205.560281
 42
-0.007914
  0
VERTEX
  8
0
 10
19221.191341
 20
23232.785062
 42
-0.011618
  0
VERTEX
  8
0
 10
19199.914698
 20
23257.572215
 42
-0.057895
  0
VERTEX
  8
0
 10
19089.602772
 20
23429.507298
 42
-0.057840
  0
VERTEX
  8
0
 10
19021.604718
 20
23622.207384
 42
-0.057848
  0
VERTEX
  8
0
 10
18999.558216
 20
23825.335576
 42
-0.057939
  0
VERTEX
  8
0
 10
19024.654230
 20
24028.000000
 42
-0.060714
  0
VERTEX
  8
0
 10
19100.255758
 20
24228.712035
 42
-0.060925
  0
VERTEX
  8
0
 10
19221.784351
 20
24405.131740
 42
-0.060861
  0
VERTEX
  8
0
 10
19382.381896
 20
24547.216903
 42
-0.060352
  0
VERTEX
  8
0
 10
19572.901746
 20
24646.932980
 42
-0.025714
  0
VERTEX
  8
0
 10
19657.308345
 20
24673.990203
 42
-0.024850
  0
VERTEX
  8
0
 10
19745.010789
 20
24692.601098
 42
-0.024937
  0
VERTEX
  8
0
 10
19833.811019
 20
24702.368332
 42
-0.026363
  0
SEQEND
  0
POLYLINE
  8
0
 66
1
 70
1
  0
VERTEX
  8
0
 10
4123.500000
 20
19863.945105
 42
0.082607
  0
VERTEX
  8
0
 10
4004.540891
 20
19836.995535
 42
0.081947
  0
VERTEX
  8
0
 10
3900.344479
 20
19772.946586
 42
0.081997
  0
VERTEX
  8
0
 10
3822.296305
 20
19678.858472
 42
0.082851
  0
VERTEX
  8
0
 10
3778.981561
 20
19565.004597
 42
0.054310
  0
VERTEX
  8
0
 10
3771.633895
 20
19483.306401
 42
0.055129
  0
VERTEX
  8
0
 10
3782.130275
 20
19402.368734
 42
0.055071
  0
VERTEX
  8
0
 10
3810.076869
 20
19325.604513
 42
0.053978
  0
VERTEX
  8
0
 10
3854.253392
 20
19256.229707
 42
0.017499
  0
VERTEX
  8
0
 10
3865.322900
 20
19243.347803
 42
0.009001
  0
VERTEX
  8
0
 10
3880.023884
 20
19227.969024
 42
0.008998
  0
VERTEX
  8
0
 10
3895.218482
 20
19213.178253
 42
0.018085
  0
VERTEX
  8
0
 10
3907.822546
 20
19202.173237
 42
0.041626
  0
VERTEX
  8
0
 10
3961.352719
 20
19165.676763
 42
0.042614
  0
VERTEX
  8
0
 10
4019.780566
 20
19138.879117
 42
0.042895
  0
VERTEX
  8
0
 10
4081.533779
 20
19122.510579
 42
0.043369
  0
VERTEX
  8
0
 10
4144.945323
 20
19117.000000
 42
0.064689
  0
VERTEX
  8
0
 10
4239.916618
 20
19129.338822
 42
0.064083
  0
VERTEX
  8
0
 10
4328.908466
 20
19165.543969
 42
0.064119
  0
VERTEX
  8
0
 10
4405.790856
 20
19223.078255
 42
0.064894
  0
VERTEX
  8
0
 10
4465.232052
 20
19298.000000
 42
0.042702
  0
VERTEX
  8
0
 10
4493.522566
 20
19355.718720
 42
0.042893
  0
VERTEX
  8
0
 10
4511.546196
 20
19417.318731
 42
0.042984
  0
VERTEX
  8
0
 10
4518.768863
 20
19480.965565
 42
0.043272
  0
VERTEX
  8
0
 10
4514.974270
 20
19544.764968
 42
0.075946
  0
VERTEX
  8
0
 10
4481.792619
 20
19652.991033
 42
0.076076
  0
VERTEX
  8
0
 10
4417.823796
 20
19746.302101
 42
0.076064
  0
VERTEX
  8
0
 10
4328.865940
 20
19816.222405
 42
0.075886
  0
VERTEX
  8
0
 10
4223.000000
 20
19856.412351
 42
0.011609
  0
VERTEX
  8
0
 10
4209.695440
 20
19858.945223
 42
0.008909
  0
VERTEX
  8
0
 10
4195.058230
 20
19861.113872
 42
0.008677
  0
VERTEX
  8
0
 10
4179.877618
 20
19862.820012
 42
0.009178
  0
VERTEX
  8
0
 10
4164.928514
 20
19863.961508
 42
0.003243
  0
VERTEX
  8
0
 10
4152.396633
 20
19864.605822
 42
0.011320
  0
VERTEX
  8
0
 10
4144.301325
 20
19864.785919
 42
0.011232
  0
VERTEX
  8
0
 10
4136.174680
 20
19864.600119
 42
0.003155
  0
SEQEND
  0
POLYLINE
  8
0
 66
1
 70
1
  0
VERTEX
  8
0
 10
4169.500000
 20
19685.887973
 42
-0.072570
  0
VERTEX
  8
0
 10
4222.488137
 20
19671.662799
 42
-0.070304
  0
VERTEX
  8
0
 10
4269.838370
 20
19642.792308
 42
-0.070148
  0
VERTEX
  8
0
 10
4307.421300
 20
19601.864171
 42
-0.071701
  0
VERTEX
  8
0
 10
4331.887144
 20
19552.432388
 42
-0.047587
  0
VERTEX
  8
0
 10
4340.298322
 20
19515.052833
 42
-0.048951
  0
VERTEX
  8
0
 10
4341.376353
 20
19477.116104
 42
-0.049119
  0
VERTEX
  8
0
 10
4335.066065
 20
19439.812571
 42
-0.048571
  0
VERTEX
  8
0
 10
4321.588542
 20
19404.308258
 42
-0.080582
  0
VERTEX
  8
0
 10
4283.956882
 20
19351.672076
 42
-0.083101
  0
VERTEX
  8
0
 10
4231.974527
 20
19314.287835
 42
-0.083107
  0
VERTEX
  8
0
 10
4170.655909
 20
19295.867715
 42
-0.080609
  0
VERTEX
  8
0
 10
4106.000000
 20
19298.123722
 42
-0.073519
  0
VERTEX
  8
0
 10
4053.813462
 20
19316.732285
 42
-0.070451
  0
VERTEX
  8
0
 10
4008.391479
 20
19349.847815
 42
-0.070369
  0
VERTEX
  8
0
 10
3973.906727
 20
19394.312641
 42
-0.073053
  0
VERTEX
  8
0
 10
3953.644395
 20
19446.046281
 42
-0.026777
  0
VERTEX
  8
0
 10
3950.646894
 20
19463.107772
 42
-0.019302
  0
VERTEX
  8
0
 10
3949.067821
 20
19482.375198
 42
-0.019364
  0
VERTEX
  8
0
 10
3948.982238
 20
19501.603608
 42
-0.027939
  0
VERTEX
  8
0
 10
3950.512716
 20
19518.537241
 42
-0.051926
  0
VERTEX
  8
0
 10
3960.862926
 20
19559.112765
 42
-0.053318
  0
VERTEX
  8
0
 10
3979.290445
 20
19596.301394
 42
-0.053339
  0
VERTEX
  8
0
 10
4005.157564
 20
19628.740008
 42
-0.052043
  0
VERTEX
  8
0
 10
4037.500000
 20
19655.274131
 42
-0.044470
  0
VERTEX
  8
0
 10
4067.680927
 20
19671.535088
 42
-0.044383
  0
VERTEX
  8
0
 10
4100.281325
 20
19682.215683
 42
-0.044030
  0
VERTEX
  8
0
 10
4134.503596
 20
19687.034552
 42
-0.042345
  0
SEQEND
  0
POLYLINE
  8
0
 66
1
 70
1
  0
VERTEX
  8
0
 10
7270.842444
 20
19863.978704
 42
0.059083
  0
VERTEX
  8
0
 10
7183.647553
 20
19848.149658
 42
0.059394
  0
VERTEX
  8
0
 10
7102.738446
 20
19812.380441
 42
0.059314
  0
VERTEX
  8
0
 10
7032.411450
 20
19758.539870
 42
0.058629
  0
VERTEX
  8
0
 10
6976.376903
 20
19689.500000
 42
0.045401
  0
VERTEX
  8
0
 10
6946.701217
 20
19631.643187
 42
0.043710
  0
VERTEX
  8
0
 10
6927.501991
 20
19568.646708
 42
0.043559
  0
VERTEX
  8
0
 10
6919.500169
 20
19503.056667
 42
0.044400
  0
VERTEX
  8
0
 10
6923.070426
 20
19437.500000
 42
0.059483
  0
VERTEX
  8
0
 10
6945.924482
 20
19352.267059
 42
0.059205
  0
VERTEX
  8
0
 10
6988.225651
 20
19274.664064
 42
0.059192
  0
VERTEX
  8
0
 10
7047.544477
 20
19209.120786
 42
0.059409
  0
VERTEX
  8
0
 10
7120.500000
 20
19159.392949
 42
0.059873
  0
VERTEX
  8
0
 10
7204.665083
 20
19127.712860
 42
0.060627
  0
VERTEX
  8
0
 10
7293.579303
 20
19117.055493
 42
0.060581
  0
VERTEX
  8
0
 10
7382.516122
 20
19128.034654
 42
0.059614
  0
VERTEX
  8
0
 10
7466.746920
 20
19160.021158
 42
0.017904
  0
VERTEX
  8
0
 10
7490.371854
 20
19173.479518
 42
0.019172
  0
VERTEX
  8
0
 10
7512.425583
 20
19188.308431
 42
0.018965
  0
VERTEX
  8
0
 10
7533.492146
 20
19204.937705
 42
0.016748
  0
VERTEX
  8
0
 10
7554.158676
 20
19223.794497
 42
0.043528
  0
VERTEX
  8
0
 10
7596.785887
 20
19273.321806
 42
0.044457
  0
VERTEX
  8
0
 10
7629.855463
 20
19329.145830
 42
0.044086
  0
VERTEX
  8
0
 10
7652.754925
 20
19390.385526
 42
0.041392
  0
VERTEX
  8
0
 10
7665.168653
 20
19456.000000
 42
0.020124
  0
VERTEX
  8
0
 10
7666.161556
 20
19471.492486
 42
0.007841
  0
VERTEX
  8
0
 10
7666.334940
 20
19492.956552
 42
0.007881
  0
VERTEX
  8
0
 10
7665.830762
 20
19514.531204
 42
0.018832
  0
VERTEX
  8
0
 10
7664.602185
 20
19530.500000
 42
0.040366
  0
VERTEX
  8
0
 10
7652.135559
 20
19593.575173
 42
0.042772
  0
VERTEX
  8
0
 10
7629.843973
 20
19652.562828
 42
0.043003
  0
VERTEX
  8
0
 10
7597.972172
 20
19706.616814
 42
0.041696
  0
VERTEX
  8
0
 10
7557.026705
 20
19755.026705
 42
0.042085
  0
VERTEX
  8
0
 10
7508.395594
 20
19796.094545
 42
0.042991
  0
VERTEX
  8
0
 10
7453.906714
 20
19828.110656
 42
0.042944
  0
VERTEX
  8
0
 10
7394.687353
 20
19850.365014
 42
0.041802
  0
VERTEX
  8
0
 10
7332.000000
 20
19862.426121
 42
0.012095
  0
VERTEX
  8
0
 10
7317.529591
 20
19863.620232
 42
0.008191
  0
VERTEX
  8
0
 10
7300.997590
 20
19864.311066
 42
0.008236
  0
VERTEX
  8
0
 10
7284.665656
 20
19864.456583
 42
0.013499
  0
SEQEND
  0
POLYLINE
  8
0
 66
1
 70
1
  0
VERTEX
  8
0
 10
7317.000000
 20
19685.886335
 42
-0.019556
  0
VERTEX
  8
0
 10
7330.574312
 20
19683.854361
 42
-0.019146
  0
VERTEX
  8
0
 10
7344.045935
 20
19680.757094
 42
-0.018774
  0
VERTEX
  8
0
 10
7357.494534
 20
19676.570223
 42
-0.017186
  0
VERTEX
  8
0
 10
7371.000000
 20
19671.273987
 42
-0.023504
  0
VERTEX
  8
0
 10
7388.702889
 20
19662.611043
 42
-0.027012
  0
VERTEX
  8
0
 10
7404.681310
 20
19652.679917
 42
-0.026606
  0
VERTEX
  8
0
 10
7419.697232
 20
19640.946047
 42
-0.021587
  0
VERTEX
  8
0
 10
7434.515363
 20
19626.871135
 42
-0.026087
  0
VERTEX
  8
0
 10
7449.261850
 20
19609.914123
 42
-0.029805
  0
VERTEX
  8
0
 10
7461.469158
 20
19592.224214
 42
-0.029905
  0
VERTEX
  8
0
 10
7471.453106
 20
19573.262519
 42
-0.026606
  0
VERTEX
  8
0
 10
7479.545710
 20
19552.500000
 42
-0.083301
  0
VERTEX
  8
0
 10
7489.447034
 20
19487.964975
 42
-0.083369
  0
VERTEX
  8
0
 10
7477.739978
 20
19423.751200
 42
-0.083508
  0
VERTEX
  8
0
 10
7445.731067
 20
19366.969492
 42
-0.083970
  0
VERTEX
  8
0
 10
7396.960895
 20
19323.908646
 42
-0.083864
  0
VERTEX
  8
0
 10
7336.122222
 20
19299.012693
 42
-0.084182
  0
VERTEX
  8
0
 10
7270.564246
 20
19295.527102
 42
-0.084179
  0
VERTEX
  8
0
 10
7207.520019
 20
19313.847924
 42
-0.083851
  0
VERTEX
  8
0
 10
7153.942729
 20
19351.942729
 42
-0.091173
  0
VERTEX
  8
0
 10
7113.359564
 20
19410.812726
 42
-0.092156
  0
VERTEX
  8
0
 10
7096.569490
 20
19480.046318
 42
-0.091960
  0
VERTEX
  8
0
 10
7105.769141
 20
19550.812096
 42
-0.090321
  0
VERTEX
  8
0
 10
7139.740606
 20
19614.069921
 42
-0.019994
  0
VERTEX
  8
0
 10
7146.167227
 20
19621.502094
 42
-0.009125
  0
VERTEX
  8
0
 10
7155.114072
 20
19630.706641
 42
-0.009078
  0
VERTEX
  8
0
 10
7164.313732
 20
19639.506462
 42
-0.021971
  0
VERTEX
  8
0
 10
7171.500000
 20
19645.572850
 42
-0.046639
  0
VERTEX
  8
0
 10
7204.421179
 20
19666.394387
 42
-0.050155
  0
VERTEX
  8
0
 10
7239.854876
 20
19680.158782
 42
-0.049866
  0
VERTEX
  8
0
 10
7277.505174
 20
19686.646516
 42
-0.045149
  0
SEQEND
  0
POLYLINE
  8
0
 66
1
 70
1
  0
VERTEX
  8
0
 10
11206.000000
 20
19863.922544
 42
0.065814
  0
VERTEX
  8
0
 10
11110.109482
 20
19845.557650
 42
0.065660
  0
VERTEX
  8
0
 10
11022.202685
 20
19802.898621
 42
0.065590
  0
VERTEX
  8
0
 10
10948.283941
 20
19738.857313
 42
0.065431
  0
VERTEX
  8
0
 10
10893.403361
 20
19657.807147
 42
0.026909
  0
VERTEX
  8
0
 10
10877.075908
 20
19620.315142
 42
0.028171
  0
VERTEX
  8
0
 10
10865.152255
 20
19581.849773
 42
0.028071
  0
VERTEX
  8
0
 10
10857.595430
 20
19542.157986
 42
0.026312
  0
VERTEX
  8
0
 10
10854.320738
 20
19501.000000
 42
0.024034
  0
VERTEX
  8
0
 10
10855.130930
 20
19462.921975
 42
0.025522
  0
VERTEX
  8
0
 10
10859.613320
 20
19425.862013
 42
0.025741
  0
VERTEX
  8
0
 10
10867.797844
 20
19389.748275
 42
0.025395
  0
VERTEX
  8
0
 10
10879.679262
 20
19354.500000
 42
0.054507
  0
VERTEX
  8
0
 10
10918.158547
 20
19281.446882
 42
0.055399
  0
VERTEX
  8
0
 10
10971.335431
 20
19218.872912
 42
0.055423
  0
VERTEX
  8
0
 10
11036.929863
 20
19169.524683
 42
0.054647
  0
VERTEX
  8
0
 10
11112.065690
 20
19135.513447
 42
0.018749
  0
VERTEX
  8
0
 10
11140.604282
 20
19127.356884
 42
0.021628
  0
VERTEX
  8
0
 10
11168.351760
 20
19121.800221
 42
0.021326
  0
VERTEX
  8
0
 10
11196.812454
 20
19118.606461
 42
0.017314
  0
VERTEX
  8
0
 10
11227.500000
 20
19117.547984
 42
0.012685
  0
VERTEX
  8
0
 10
11252.369323
 20
19118.182673
 42
0.017104
  0
VERTEX
  8
0
 10
11274.797339
 20
19120.095677
 42
0.017567
  0
VERTEX
  8
0
 10
11296.558045
 20
19123.483041
 42
0.014655
  0
VERTEX
  8
0
 10
11319.397453
 20
19128.563110
 42
0.048932
  0
VERTEX
  8
0
 10
11387.747327
 20
19153.199976
 42
0.048544
  0
VERTEX
  8
0
 10
11450.202258
 20
19190.701420
 42
0.048586
  0
VERTEX
  8
0
 10
11504.206824
 20
19239.506159
 42
0.049194
  0
VERTEX
  8
0
 10
11547.526192
 20
19297.624606
 42
0.028867
  0
VERTEX
  8
0
 10
11567.467527
 20
19335.511100
 42
0.028381
  0
VERTEX
  8
0
 10
11583.039259
 20
19375.654412
 42
0.028367
  0
VERTEX
  8
0
 10
11593.971228
 20
19417.323514
 42
0.028768
  0
VERTEX
  8
0
 10
11600.053504
 20
19459.767567
 42
0.019089
  0
VERTEX
  8
0
 10
11600.820855
 20
19476.208632
 42
0.006893
  0
VERTEX
  8
0
 10
11600.696379
 20
19499.604827
 42
0.006683
  0
VERTEX
  8
0
 10
11599.946184
 20
19522.699182
 42
0.023503
  0
VERTEX
  8
0
 10
11598.568169
 20
19537.500000
 42
0.025505
  0
VERTEX
  8
0
 10
11590.092953
 20
19581.371093
 42
0.029123
  0
VERTEX
  8
0
 10
11577.458683
 20
19622.205185
 42
0.029522
  0
VERTEX
  8
0
 10
11560.344034
 20
19660.807299
 42
0.027673
  0
VERTEX
  8
0
 10
11538.468326
 20
19698.000000
 42
0.049026
  0
VERTEX
  8
0
 10
11492.239163
 20
19754.588591
 42
0.048994
  0
VERTEX
  8
0
 10
11435.867879
 20
19801.107282
 42
0.049066
  0
VERTEX
  8
0
 10
11371.605172
 20
19835.712385
 42
0.049466
  0
VERTEX
  8
0
 10
11302.004597
 20
19857.018439
 42
0.007949
  0
VERTEX
  8
0
 10
11288.289880
 20
19859.546868
 42
0.009977
  0
VERTEX
  8
0
 10
11275.501902
 20
19861.433333
 42
0.009687
  0
VERTEX
  8
0
 10
11262.345627
 20
19862.848260
 42
0.006815
  0
VERTEX
  8
0
 10
11247.500000
 20
19863.950830
 42
0.003474
  0
VERTEX
  8
0
 10
11235.243043
 20
19864.607902
 42
0.011823
  0
VERTEX
  8
0
 10
11227.248641
 20
19864.791519
 42
0.011306
  0
VERTEX
  8
0
 10
11219.076537
 20
19864.601130
 42
0.002971
  0
SEQEND
  0
POLYLINE
  8
0
 66
1
 70
1
  0
VERTEX
  8
0
 10
11255.500000
 20
19685.401774
 42
-0.071223
  0
VERTEX
  8
0
 10
11307.149919
 20
19670.748645
 42
-0.069126
  0
VERTEX
  8
0
 10
11353.196133
 20
19642.092799
 42
-0.068865
  0
VERTEX
  8
0
 10
11389.830361
 20
19601.856595
 42
-0.069774
  0
VERTEX
  8
0
 10
11413.965299
 20
19553.355526
 42
-0.018018
  0
VERTEX
  8
0
 10
11418.593537
 20
19537.638880
 42
-0.022702
  0
VERTEX
  8
0
 10
11421.680060
 20
19522.790881
 42
-0.022543
  0
VERTEX
  8
0
 10
11423.422389
 20
19507.638147
 42
-0.017353
  0
VERTEX
  8
0
 10
11424.000000
 20
19491.000000
 42
-0.025732
  0
VERTEX
  8
0
 10
11422.805021
 20
19467.795620
 42
-0.030926
  0
VERTEX
  8
0
 10
11419.221997
 20
19446.242927
 42
-0.031178
  0
VERTEX
  8
0
 10
11413.040057
 20
19425.443985
 42
-0.026929
  0
VERTEX
  8
0
 10
11404.059176
 20
19404.500000
 42
-0.017511
  0
VERTEX
  8
0
 10
11395.937357
 20
19389.417031
 42
-0.022508
  0
VERTEX
  8
0
 10
11387.385052
 20
19376.190447
 42
-0.022731
  0
VERTEX
  8
0
 10
11377.750947
 20
19363.890298
 42
-0.018467
  0
VERTEX
  8
0
 10
11366.374038
 20
19351.600115
 42
-0.078486
  0
VERTEX
  8
0
 10
11317.357845
 20
19315.832687
 42
-0.077940
  0
VERTEX
  8
0
 10
11259.587655
 20
19296.805491
 42
-0.077861
  0
VERTEX
  8
0
 10
11198.714071
 20
19296.367345
 42
-0.078086
  0
VERTEX
  8
0
 10
11140.688565
 20
19314.575587
 42
-0.049140
  0
VERTEX
  8
0
 10
11107.573643
 20
19335.250474
 42
-0.049480
  0
VERTEX
  8
0
 10
11079.213741
 20
19361.947345
 42
-0.049631
  0
VERTEX
  8
0
 10
11056.724989
 20
19393.612906
 42
-0.050061
  0
VERTEX
  8
0
 10
11040.993437
 20
19429.000000
 42
-0.098197
  0
VERTEX
  8
0
 10
11031.598041
 20
19505.304778
 42
-0.098718
  0
VERTEX
  8
0
 10
11052.071089
 20
19579.264485
 42
-0.098763
  0
VERTEX
  8
0
 10
11099.331827
 20
19639.691675
 42
-0.098382
  0
VERTEX
  8
0
 10
11166.220555
 20
19677.461925
 42
-0.027832
  0
VERTEX
  8
0
 10
11188.096874
 20
19683.334379
 42
-0.029486
  0
VERTEX
  8
0
 10
11210.073009
 20
19686.603016
 42
-0.029250
  0
VERTEX
  8
0
 10
11232.443719
 20
19687.279193
 42
-0.026498
  0
SEQEND
  0
POLYLINE
  8
0
 66
1
 70
1
  0
VERTEX
  8
0
 10
14360.500000
 20
19864.394672
 42
0.014613
  0
VERTEX
  8
0
 10
14332.571697
 20
19861.947380
 42
0.016817
  0
VERTEX
  8
0
 10
14306.121957
 20
19857.942871
 42
0.017346
  0
VERTEX
  8
0
 10
14280.757048
 20
19852.308635
 42
0.017840
  0
VERTEX
  8
0
 10
14256.083545
 20
19844.974123
 42
0.041313
  0
VERTEX
  8
0
 10
14199.756767
 20
19820.680075
 42
0.041196
  0
VERTEX
  8
0
 10
14148.133923
 20
19787.436565
 42
0.041178
  0
VERTEX
  8
0
 10
14102.639419
 20
19746.163908
 42
0.041198
  0
VERTEX
  8
0
 10
14064.531674
 20
19698.000000
 42
0.027673
  0
VERTEX
  8
0
 10
14042.655966
 20
19660.807299
 42
0.029522
  0
VERTEX
  8
0
 10
14025.541317
 20
19622.205185
 42
0.029123
  0
VERTEX
  8
0
 10
14012.907047
 20
19581.371093
 42
0.025505
  0
VERTEX
  8
0
 10
14004.431831
 20
19537.500000
 42
0.023503
  0
VERTEX
  8
0
 10
14003.053816
 20
19522.699182
 42
0.006683
  0
VERTEX
  8
0
 10
14002.303621
 20
19499.604827
 42
0.006893
  0
VERTEX
  8
0
 10
14002.179145
 20
19476.208632
 42
0.019089
  0
VERTEX
  8
0
 10
14002.946496
 20
19459.767567
 42
0.032965
  0
VERTEX
  8
0
 10
14010.299753
 20
19411.349850
 42
0.032287
  0
VERTEX
  8
0
 10
14023.984000
 20
19363.971529
 42
0.032350
  0
VERTEX
  8
0
 10
14043.621382
 20
19318.839980
 42
0.033410
  0
VERTEX
  8
0
 10
14068.733540
 20
19277.124606
 42
0.019447
  0
VERTEX
  8
0
 10
14084.096080
 20
19256.813711
 42
0.015872
  0
VERTEX
  8
0
 10
14102.030907
 20
19236.290512
 42
0.015937
  0
VERTEX
  8
0
 10
14121.131260
 20
19217.052529
 42
0.020247
  0
VERTEX
  8
0
 10
14140.000000
 20
19200.615625
 42
0.034754
  0
VERTEX
  8
0
 10
14184.883568
 20
19169.468418
 42
0.036605
  0
VERTEX
  8
0
 10
14232.898048
 20
19145.440028
 42
0.036444
  0
VERTEX
  8
0
 10
14284.103380
 20
19128.586594
 42
0.033835
  0
VERTEX
  8
0
 10
14338.500000
 20
19118.830391
 42
0.014053
  0
VERTEX
  8
0
 10
14344.821838
 20
19118.312642
 42
0.004466
  0
VERTEX
  8
0
 10
14354.265185
 20
19117.890444
 42
0.004404
  0
VERTEX
  8
0
 10
14364.932037
 20
19117.603021
 42
0.004533
  0
VERTEX
  8
0
 10
14375.500000
 20
19117.507212
 42
0.004533
  0
VERTEX
  8
0
 10
14386.067963
 20
19117.603021
 42
0.004404
  0
VERTEX
  8
0
 10
14396.734815
 20
19117.890444
 42
0.004466
  0
VERTEX
  8
0
 10
14406.178162
 20
19118.312642
 42
0.014053
  0
VERTEX
  8
0
 10
14412.500000
 20
19118.830391
 42
0.055575
  0
VERTEX
  8
0
 10
14498.506160
 20
19138.140508
 42
0.058795
  0
VERTEX
  8
0
 10
14576.410463
 20
19175.709949
 42
0.059031
  0
VERTEX
  8
0
 10
14643.170865
 20
19230.220439
 42
0.056822
  0
VERTEX
  8
0
 10
14696.326400
 20
19299.476165
 42
0.027424
  0
VERTEX
  8
0
 10
14714.836756
 20
19334.493555
 42
0.027157
  0
VERTEX
  8
0
 10
14729.470565
 20
19371.438984
 42
0.026661
  0
VERTEX
  8
0
 10
14740.237138
 20
19410.413883
 42
0.024366
  0
VERTEX
  8
0
 10
14747.183710
 20
19451.500000
 42
0.024237
  0
VERTEX
  8
0
 10
14748.327183
 20
19467.738313
 42
0.007056
  0
VERTEX
  8
0
 10
14748.520973
 20
19492.817390
 42
0.007105
  0
VERTEX
  8
0
 10
14748.003428
 20
19517.945929
 42
0.023276
  0
VERTEX
  8
0
 10
14746.653844
 20
19534.500000
 42
0.048205
  0
VERTEX
  8
0
 10
14729.518902
 20
19609.633468
 42
0.051221
  0
VERTEX
  8
0
 10
14698.529619
 20
19678.487589
 42
0.051440
  0
VERTEX
  8
0
 10
14654.331978
 20
19739.354021
 42
0.049402
  0
VERTEX
  8
0
 10
14598.086759
 20
19790.837662
 42
0.035101
  0
VERTEX
  8
0
 10
14555.665248
 20
19818.168176
 42
0.034065
  0
VERTEX
  8
0
 10
14509.419769
 20
19839.604625
 42
0.033906
  0
VERTEX
  8
0
 10
14460.473480
 20
19854.647150
 42
0.034024
  0
VERTEX
  8
0
 10
14410.000000
 20
19862.914747
 42
0.011613
  0
VERTEX
  8
0
 10
14399.131179
 20
19863.688968
 42
0.004500
  0
VERTEX
  8
0
 10
14384.048735
 20
19864.275798
 42
0.004187
  0
VERTEX
  8
0
 10
14369.306881
 20
19864.593025
 42
0.017832
  0
SEQEND
  0
POLYLINE
  8
0
 66
1
 70
1
  0
VERTEX
  8
0
 10
14392.580316
 20
19686.552469
 42
-0.053958
  0
VERTEX
  8
0
 10
14425.764614
 20
19681.076579
 42
-0.043663
  0
VERTEX
  8
0
 10
14459.583471
 20
19668.400218
 42
-0.043169
  0
VERTEX
  8
0
 10
14491.099470
 20
19649.842139
 42
-0.049407
  0
VERTEX
  8
0
 10
14517.441586
 20
19626.868687
 42
-0.036007
  0
VERTEX
  8
0
 10
14536.664934
 20
19603.236539
 42
-0.038755
  0
VERTEX
  8
0
 10
14551.778352
 20
19577.643634
 42
-0.038363
  0
VERTEX
  8
0
 10
14562.881864
 20
19549.784922
 42
-0.033941
  0
VERTEX
  8
0
 10
14570.148818
 20
19519.395944
 42
-0.034711
  0
VERTEX
  8
0
 10
14571.345299
 20
19507.159685
 42
-0.010746
  0
VERTEX
  8
0
 10
14571.467220
 20
19488.647578
 42
-0.010932
  0
VERTEX
  8
0
 10
14570.781082
 20
19469.994377
 42
-0.030523
  0
VERTEX
  8
0
 10
14569.218742
 20
19457.000000
 42
-0.028380
  0
VERTEX
  8
0
 10
14563.780679
 20
19434.528257
 42
-0.028484
  0
VERTEX
  8
0
 10
14555.837937
 20
19412.845130
 42
-0.028536
  0
VERTEX
  8
0
 10
14545.498361
 20
19392.242956
 42
-0.028728
  0
VERTEX
  8
0
 10
14532.900933
 20
19373.000000
 42
-0.026143
  0
VERTEX
  8
0
 10
14525.425174
 20
19363.930211
 42
-0.010345
  0
VERTEX
  8
0
 10
14514.263654
 20
19352.241190
 42
-0.010325
  0
VERTEX
  8
0
 10
14502.650195
 20
19341.044250
 42
-0.026770
  0
VERTEX
  8
0
 10
14493.708085
 20
19333.619322
 42
-0.030201
  0
VERTEX
  8
0
 10
14473.625301
 20
19320.488841
 42
-0.029877
  0
VERTEX
  8
0
 10
14452.036065
 20
19309.821130
 42
-0.029692
  0
VERTEX
  8
0
 10
14429.195829
 20
19301.746058
 42
-0.028990
  0
VERTEX
  8
0
 10
14405.377626
 20
19296.357330
 42
-0.028571
  0
VERTEX
  8
0
 10
14392.465649
 20
19294.965123
 42
-0.012572
  0
VERTEX
  8
0
 10
14375.280073
 20
19294.533001
 42
-0.012543
  0
VERTEX
  8
0
 10
14358.157704
 20
19294.962672
 42
-0.029802
  0
VERTEX
  8
0
 10
14345.500000
 20
19296.357580
 42
-0.023194
  0
VERTEX
  8
0
 10
14324.214869
 20
19301.021881
 42
-0.026314
  0
VERTEX
  8
0
 10
14304.350797
 20
19307.488406
 42
-0.026829
  0
VERTEX
  8
0
 10
14285.619613
 20
19315.875254
 42
-0.026141
  0
VERTEX
  8
0
 10
14267.725321
 20
19326.285288
 42
-0.026475
  0
VERTEX
  8
0
 10
14252.006685
 20
19337.796626
 42
-0.024114
  0
VERTEX
  8
0
 10
14237.071804
 20
19351.249954
 42
-0.023991
  0
VERTEX
  8
0
 10
14223.424802
 20
19366.155507
 42
-0.025489
  0
VERTEX
  8
0
 10
14211.559260
 20
19382.012296
 42
-0.022649
  0
VERTEX
  8
0
 10
14205.457950
 20
19392.050262
 42
-0.011813
  0
VERTEX
  8
0
 10
14198.731571
 20
19405.058083
 42
-0.011812
  0
VERTEX
  8
0
 10
14192.638254
 20
19418.344727
 42
-0.023057
  0
VERTEX
  8
0
 10
14188.530749
 20
19429.248770
 42
-0.033201
  0
VERTEX
  8
0
 10
14182.221400
 20
19454.189904
 42
-0.031988
  0
VERTEX
  8
0
 10
14179.169264
 20
19480.059592
 42
-0.031903
  0
VERTEX
  8
0
 10
14179.438309
 20
19506.176581
 42
-0.032601
  0
VERTEX
  8
0
 10
14183.037769
 20
19531.855526
 42
-0.067707
  0
VERTEX
  8
0
 10
14199.857702
 20
19579.457730
 42
-0.064066
  0
VERTEX
  8
0
 10
14229.021821
 20
19621.830296
 42
-0.063965
  0
VERTEX
  8
0
 10
14268.011563
 20
19655.497070
 42
-0.067088
  0
VERTEX
  8
0
 10
14313.643200
 20
19677.569798
 42
-0.024190
  0
VERTEX
  8
0
 10
14329.559585
 20
19681.943781
 42
-0.017852
  0
VERTEX
  8
0
 10
14347.525331
 20
19685.289510
 42
-0.018145
  0
VERTEX
  8
0
 10
14364.934033
 20
19687.249806
 42
-0.034665
  0
VERTEX
  8
0
 10
14379.000000
 20
19687.341833
 42
0.000898
  0
VERTEX
  8
0
 10
14381.332702
 20
19687.199443
 42
0.000277
  0
VERTEX
  8
0
 10
14384.845468
 20
19686.993305
 42
0.000277
  0
VERTEX
  8
0
 10
14388.773834
 20
19686.767154
 42
0.000305
  0
SEQEND
  0
POLYLINE
  8
0
 66
1
 70
1
  0
VERTEX
  8
0
 10
18289.000000
 20
19863.966557
 42
0.065355
  0
VERTEX
  8
0
 10
18193.000416
 20
19845.649423
 42
0.065435
  0
VERTEX
  8
0
 10
18105.023770
 20
19803.179469
 42
0.065549
  0
VERTEX
  8
0
 10
18031.137744
 20
19739.500050
 42
0.065988
  0
VERTEX
  8
0
 10
17976.446569
 20
19659.000000
 42
0.040535
  0
VERTEX
  8
0
 10
17953.103110
 20
19601.219297
 42
0.041858
  0
VERTEX
  8
0
 10
17939.693869
 20
19541.044710
 42
0.041927
  0
VERTEX
  8
0
 10
17936.507665
 20
19479.570222
 42
0.040946
  0
VERTEX
  8
0
 10
17943.557687
 20
19417.924594
 42
0.045656
  0
VERTEX
  8
0
 10
17962.728131
 20
19352.964152
 42
0.045464
  0
VERTEX
  8
0
 10
17993.389727
 20
19292.464450
 42
0.045411
  0
VERTEX
  8
0
 10
18034.520004
 20
19238.438940
 42
0.045324
  0
VERTEX
  8
0
 10
18084.751573
 20
19192.688136
 42
0.061806
  0
VERTEX
  8
0
 10
18163.691404
 20
19146.995460
 42
0.061149
  0
VERTEX
  8
0
 10
18251.688779
 20
19121.776588
 42
0.061158
  0
VERTEX
  8
0
 10
18343.161789
 20
19118.592379
 42
0.061855
  0
VERTEX
  8
0
 10
18432.320117
 20
19137.681468
 42
0.021379
  0
VERTEX
  8
0
 10
18462.059975
 20
19149.464281
 42
0.021180
  0
VERTEX
  8
0
 10
18490.780166
 20
19163.777064
 42
0.021083
  0
VERTEX
  8
0
 10
18518.313218
 20
19180.538370
 42
0.020725
  0
VERTEX
  8
0
 10
18544.500000
 20
19199.649479
 42
0.020778
  0
VERTEX
  8
0
 10
18557.462311
 20
19210.868746
 42
0.008426
  0
VERTEX
  8
0
 10
18574.205200
 20
19227.163772
 42
0.008460
  0
VERTEX
  8
0
 10
18590.474207
 20
19244.104248
 42
0.019516
  0
VERTEX
  8
0
 10
18601.970419
 20
19257.500000
 42
0.014045
  0
VERTEX
  8
0
 10
18614.892491
 20
19274.779123
 42
0.013826
  0
VERTEX
  8
0
 10
18626.894594
 20
19292.845713
 42
0.013920
  0
VERTEX
  8
0
 10
18637.799702
 20
19311.419787
 42
0.014754
  0
VERTEX
  8
0
 10
18647.433558
 20
19330.219926
 42
0.034712
  0
VERTEX
  8
0
 10
18666.406536
 20
19378.470731
 42
0.034572
  0
VERTEX
  8
0
 10
18678.552154
 20
19428.947101
 42
0.034646
  0
VERTEX
  8
0
 10
18683.608562
 20
19480.510102
 42
0.035201
  0
VERTEX
  8
0
 10
18681.450517
 20
19532.000000
 42
0.066656
  0
VERTEX
  8
0
 10
18657.143663
 20
19629.063393
 42
0.067170
  0
VERTEX
  8
0
 10
18608.194334
 20
19716.035443
 42
0.067170
  0
VERTEX
  8
0
 10
18537.942093
 20
19786.921442
 42
0.066655
  0
VERTEX
  8
0
 10
18451.238607
 20
19836.868483
 42
0.021934
  0
VERTEX
  8
0
 10
18422.536989
 20
19847.204524
 42
0.020481
  0
VERTEX
  8
0
 10
18392.380632
 20
19855.254112
 42
0.020270
  0
VERTEX
  8
0
 10
18361.342332
 20
19860.881539
 42
0.020367
  0
VERTEX
  8
0
 10
18330.000000
 20
19863.965959
 42
0.003194
  0
VERTEX
  8
0
 10
18317.495270
 20
19864.603980
 42
0.011144
  0
VERTEX
  8
0
 10
18309.416721
 20
19864.784183
 42
0.011228
  0
VERTEX
  8
0
 10
18301.368455
 20
19864.603541
 42
0.003279
  0
SEQEND
  0
POLYLINE
  8
0
 66
1
 70
1
  0
VERTEX
  8
0
 10
18334.000000
 20
19685.886335
 42
-0.069132
  0
VERTEX
  8
0
 10
18382.962344
 20
19673.513124
 42
-0.064908
  0
VERTEX
  8
0
 10
18427.856280
 20
19648.093666
 42
-0.064587
  0
VERTEX
  8
0
 10
18464.922494
 20
19611.875031
 42
-0.067191
  0
VERTEX
  8
0
 10
18490.940090
 20
19567.853185
 42
-0.036974
  0
VERTEX
  8
0
 10
18500.567566
 20
19539.345878
 42
-0.038325
  0
VERTEX
  8
0
 10
18505.748559
 20
19510.071421
 42
-0.038396
  0
VERTEX
  8
0
 10
18506.395489
 20
19480.399579
 42
-0.037396
  0
VERTEX
  8
0
 10
18502.522511
 20
19450.708942
 42
-0.050205
  0
VERTEX
  8
0
 10
18490.792715
 20
19413.424025
 42
-0.050205
  0
VERTEX
  8
0
 10
18471.867053
 20
19379.224954
 42
-0.049821
  0
VERTEX
  8
0
 10
18446.349993
 20
19349.255911
 42
-0.047965
  0
VERTEX
  8
0
 10
18415.103095
 20
19324.498071
 42
-0.023062
  0
VERTEX
  8
0
 10
18405.877204
 20
19319.116297
 42
-0.011312
  0
VERTEX
  8
0
 10
18393.683009
 20
19313.084789
 42
-0.011316
  0
VERTEX
  8
0
 10
18381.068090
 20
19307.540637
 42
-0.020374
  0
VERTEX
  8
0
 10
18370.458481
 20
19303.659317
 42
-0.080927
  0
VERTEX
  8
0
 10
18307.809766
 20
19294.289404
 42
-0.080515
  0
VERTEX
  8
0
 10
18245.309078
 20
19305.257844
 42
-0.080721
  0
VERTEX
  8
0
 10
18189.604144
 20
19335.364905
 42
-0.081950
  0
VERTEX
  8
0
 10
18146.633416
 20
19381.428955
 42
-0.062583
  0
VERTEX
  8
0
 10
18124.505769
 20
19425.852383
 42
-0.063228
  0
VERTEX
  8
0
 10
18114.155125
 20
19474.214717
 42
-0.063201
  0
VERTEX
  8
0
 10
18116.216756
 20
19523.647900
 42
-0.062435
  0
VERTEX
  8
0
 10
18130.547865
 20
19571.216469
 42
-0.044194
  0
VERTEX
  8
0
 10
18146.479142
 20
19599.990059
 42
-0.042043
  0
VERTEX
  8
0
 10
18167.457605
 20
19626.037145
 42
-0.041857
  0
VERTEX
  8
0
 10
18192.597721
 20
19648.313091
 42
-0.042925
  0
VERTEX
  8
0
 10
18220.894635
 20
19665.881030
 42
-0.034750
  0
VERTEX
  8
0
 10
18247.978520
 20
19677.342632
 42
-0.038970
  0
VERTEX
  8
0
 10
18275.379321
 20
19684.425756
 42
-0.038535
  0
VERTEX
  8
0
 10
18303.817240
 20
19687.222523
 42
-0.032632
  0
SEQEND
  0
POLYLINE
  8
0
 66
1
 70
1
  0
VERTEX
  8
0
 10
21436.383637
 20
19864.013075
 42
0.047977
  0
VERTEX
  8
0
 10
21364.084076
 20
19852.534458
 42
0.048842
  0
VERTEX
  8
0
 10
21295.752189
 20
19827.518846
 42
0.048892
  0
VERTEX
  8
0
 10
21233.632620
 20
19789.752989
 42
0.048273
  0
VERTEX
  8
0
 10
21179.737487
 20
19740.500000
 42
0.060596
  0
VERTEX
  8
0
 10
21128.546480
 20
19667.700944
 42
0.059869
  0
VERTEX
  8
0
 10
21096.048077
 20
19584.461292
 42
0.059789
  0
VERTEX
  8
0
 10
21084.167400
 20
19495.787779
 42
0.060134
  0
VERTEX
  8
0
 10
21093.647629
 20
19407.000000
 42
0.069807
  0
VERTEX
  8
0
 10
21130.691520
 20
19310.313240
 42
0.069448
  0
VERTEX
  8
0
 10
21192.960733
 20
19227.364044
 42
0.069460
  0
VERTEX
  8
0
 10
21275.551872
 20
19164.645364
 42
0.069869
  0
VERTEX
  8
0
 10
21372.000000
 20
19127.095180
 42
0.013099
  0
VERTEX
  8
0
 10
21393.656522
 20
19122.579529
 42
0.017196
  0
VERTEX
  8
0
 10
21413.642323
 20
19119.661491
 42
0.016643
  0
VERTEX
  8
0
 10
21434.292177
 20
19118.061884
 42
0.011119
  0
VERTEX
  8
0
 10
21458.000000
 20
19117.545243
 42
0.020190
  0
VERTEX
  8
0
 10
21493.297798
 20
19118.986996
 42
0.024604
  0
VERTEX
  8
0
 10
21526.084171
 20
19123.286603
 42
0.024792
  0
VERTEX
  8
0
 10
21558.079975
 20
19130.750142
 42
0.021070
  0
VERTEX
  8
0
 10
21591.000000
 20
19141.691483
 42
0.026472
  0
VERTEX
  8
0
 10
21626.934405
 20
19157.564192
 42
0.026989
  0
VERTEX
  8
0
 10
21660.750988
 20
19177.053987
 42
0.026840
  0
VERTEX
  8
0
 10
21692.443754
 20
19200.184609
 42
0.025545
  0
VERTEX
  8
0
 10
21722.029479
 20
19226.940770
 42
0.018499
  0
VERTEX
  8
0
 10
21743.005054
 20
19249.569401
 42
0.021444
  0
VERTEX
  8
0
 10
21761.188180
 20
19272.632591
 42
0.021500
  0
VERTEX
  8
0
 10
21777.289590
 20
19297.114752
 42
0.018782
  0
VERTEX
  8
0
 10
21792.019062
 20
19324.000000
 42
0.063524
  0
VERTEX
  8
0
 10
21823.305470
 20
19413.363965
 42
0.063828
  0
VERTEX
  8
0
 10
21831.086313
 20
19507.573418
 42
0.063755
  0
VERTEX
  8
0
 10
21814.852149
 20
19600.794931
 42
0.063128
  0
VERTEX
  8
0
 10
21775.632896
 20
19687.256919
 42
0.044154
  0
VERTEX
  8
0
 10
21736.681597
 20
19739.552409
 42
0.043930
  0
VERTEX
  8
0
 10
21689.091841
 20
19784.293615
 42
0.043790
  0
VERTEX
  8
0
 10
21634.263340
 20
19820.155069
 42
0.043282
  0
VERTEX
  8
0
 10
21573.817423
 20
19846.082019
 42
0.025436
  0
VERTEX
  8
0
 10
21540.996587
 20
19855.088514
 42
0.021809
  0
VERTEX
  8
0
 10
21505.703694
 20
19861.268530
 42
0.021862
  0
VERTEX
  8
0
 10
21470.108724
 20
19864.337991
 42
0.025974
  0
SEQEND
  0
POLYLINE
  8
0
 66
1
 70
1
  0
VERTEX
  8
0
 10
21485.500000
 20
19685.384802
 42
-0.054310
  0
VERTEX
  8
0
 10
21525.619548
 20
19675.385527
 42
-0.053340
  0
VERTEX
  8
0
 10
21562.906051
 20
19656.942018
 42
-0.053039
  0
VERTEX
  8
0
 10
21595.631960
 20
19630.912890
 42
-0.052507
  0
VERTEX
  8
0
 10
21622.274131
 20
19598.500000
 42
-0.028530
  0
VERTEX
  8
0
 10
21632.903815
 20
19580.191708
 42
-0.026786
  0
VERTEX
  8
0
 10
21641.629718
 20
19560.409403
 42
-0.026675
  0
VERTEX
  8
0
 10
21648.223197
 20
19539.721100
 42
-0.027695
  0
VERTEX
  8
0
 10
21652.479375
 20
19518.704760
 42
-0.027907
  0
VERTEX
  8
0
 10
21653.985920
 20
19501.753149
 42
-0.018954
  0
VERTEX
  8
0
 10
21653.887819
 20
19482.374548
 42
-0.018921
  0
VERTEX
  8
0
 10
21652.318717
 20
19462.998088
 42
-0.027210
  0
VERTEX
  8
0
 10
21649.355605
 20
19446.046281
 42
-0.057366
  0
VERTEX
  8
0
 10
21634.772210
 20
19405.088302
 42
-0.055150
  0
VERTEX
  8
0
 10
21611.114064
 20
19367.921609
 42
-0.055043
  0
VERTEX
  8
0
 10
21579.853331
 20
19336.762041
 42
-0.056690
  0
VERTEX
  8
0
 10
21542.839496
 20
19313.528114
 42
-0.048049
  0
VERTEX
  8
0
 10
21507.336320
 20
19300.517634
 42
-0.048594
  0
VERTEX
  8
0
 10
21470.137160
 20
19294.585966
 42
-0.048446
  0
VERTEX
  8
0
 10
21432.386984
 20
19295.938082
 42
-0.047178
  0
VERTEX
  8
0
 10
21395.251530
 20
19304.511953
 42
-0.072554
  0
VERTEX
  8
0
 10
21345.117320
 20
19329.729544
 42
-0.072026
  0
VERTEX
  8
0
 10
21304.134336
 20
19368.270783
 42
-0.071791
  0
VERTEX
  8
0
 10
21275.664573
 20
19416.977525
 42
-0.071321
  0
VERTEX
  8
0
 10
21262.047599
 20
19471.855955
 42
-0.090418
  0
VERTEX
  8
0
 10
21267.543191
 20
19540.811902
 42
-0.088891
  0
VERTEX
  8
0
 10
21297.002728
 20
19603.846749
 42
-0.088643
  0
VERTEX
  8
0
 10
21346.606289
 20
19652.865212
 42
-0.089264
  0
VERTEX
  8
0
 10
21410.000000
 20
19681.524457
 42
-0.024408
  0
VERTEX
  8
0
 10
21428.433729
 20
19685.217462
 42
-0.024462
  0
VERTEX
  8
0
 10
21447.125940
 20
19687.092954
 42
-0.024166
  0
VERTEX
  8
0
 10
21466.130816
 20
19687.145484
 42
-0.022551
  0
SEQEND
  0
POLYLINE
  8
0
 66
1
 70
1
  0
VERTEX
  8
0
 10
5701.500000
 20
18448.338550
 42
0.025826
  0
VERTEX
  8
0
 10
5657.067602
 20
18443.352063
 42
0.028920
  0
VERTEX
  8
0
 10
5615.065146
 20
18433.905557
 42
0.029395
  0
VERTEX
  8
0
 10
5575.048740
 20
18419.848348
 42
0.028556
  0
VERTEX
  8
0
 10
5536.555008
 20
18401.078193
 42
0.081410
  0
VERTEX
  8
0
 10
5441.580177
 20
18325.330115
 42
0.081750
  0
VERTEX
  8
0
 10
5375.918500
 20
18223.326349
 42
0.081748
  0
VERTEX
  8
0
 10
5346.413558
 20
18105.656237
 42
0.081401
  0
VERTEX
  8
0
 10
5356.110033
 20
17984.555245
 42
0.041115
  0
VERTEX
  8
0
 10
5375.491560
 20
17926.944413
 42
0.040619
  0
VERTEX
  8
0
 10
5404.101769
 20
17873.034086
 42
0.040656
  0
VERTEX
  8
0
 10
5441.022485
 20
17824.504095
 42
0.041360
  0
VERTEX
  8
0
 10
5485.114118
 20
17782.890767
 42
0.036413
  0
VERTEX
  8
0
 10
5530.422249
 20
17751.825786
 42
0.036418
  0
VERTEX
  8
0
 10
5579.755716
 20
17727.664137
 42
0.036468
  0
VERTEX
  8
0
 10
5632.005327
 20
17710.943582
 42
0.036741
  0
VERTEX
  8
0
 10
5686.000000
 20
17702.043625
 42
0.017152
  0
VERTEX
  8
0
 10
5700.976519
 20
17701.209878
 42
0.006956
  0
VERTEX
  8
0
 10
5721.416029
 20
17701.058589
 42
0.006935
  0
VERTEX
  8
0
 10
5741.792458
 20
17701.473912
 42
0.017791
  0
VERTEX
  8
0
 10
5756.500000
 20
17702.502574
 42
0.029564
  0
VERTEX
  8
0
 10
5802.759928
 20
17710.182502
 42
0.031103
  0
VERTEX
  8
0
 10
5846.994004
 20
17723.181048
 42
0.031237
  0
VERTEX
  8
0
 10
5889.098412
 20
17741.503555
 42
0.030384
  0
VERTEX
  8
0
 10
5929.000000
 20
17765.078856
 42
0.023921
  0
VERTEX
  8
0
 10
5955.123174
 20
17784.619652
 42
0.021000
  0
VERTEX
  8
0
 10
5980.467325
 20
17807.394937
 42
0.021013
  0
VERTEX
  8
0
 10
6003.794291
 20
17832.198993
 42
0.024044
  0
VERTEX
  8
0
 10
6023.870235
 20
17857.821329
 42
0.049129
  0
VERTEX
  8
0
 10
6060.505161
 20
17922.049573
 42
0.049628
  0
VERTEX
  8
0
 10
6083.756197
 20
17991.976256
 42
0.049469
  0
VERTEX
  8
0
 10
6092.822065
 20
18065.326313
 42
0.048192
  0
VERTEX
  8
0
 10
6087.444027
 20
18139.692431
 42
0.025083
  0
VERTEX
  8
0
 10
6080.516715
 20
18170.867038
 42
0.020844
  0
VERTEX
  8
0
 10
6070.136696
 20
18203.216321
 42
0.020736
  0
VERTEX
  8
0
 10
6057.024898
 20
18234.786668
 42
0.023974
  0
VERTEX
  8
0
 10
6041.898136
 20
18263.627555
 42
0.027531
  0
VERTEX
  8
0
 10
6020.190770
 20
18296.327918
 42
0.025607
  0
VERTEX
  8
0
 10
5994.523800
 20
18327.282442
 42
0.025453
  0
VERTEX
  8
0
 10
5965.656815
 20
18355.635452
 42
0.026361
  0
VERTEX
  8
0
 10
5934.380862
 20
18380.557426
 42
0.027883
  0
VERTEX
  8
0
 10
5903.536410
 20
18400.082837
 42
0.024188
  0
VERTEX
  8
0
 10
5869.237654
 20
18417.086153
 42
0.024085
  0
VERTEX
  8
0
 10
5833.288629
 20
18430.769886
 42
0.026944
  0
VERTEX
  8
0
 10
5797.500000
 20
18440.354550
 42
0.016479
  0
VERTEX
  8
0
 10
5773.430397
 20
18444.606327
 42
0.014729
  0
VERTEX
  8
0
 10
5748.214712
 20
18447.453351
 42
0.015078
  0
VERTEX
  8
0
 10
5723.633151
 20
18448.753025
 42
0.020700
  0
SEQEND
  0
POLYLINE
  8
0
 66
1
 70
1
  0
VERTEX
  8
0
 10
5745.423595
 20
18269.489070
 42
-0.042349
  0
VERTEX
  8
0
 10
5777.227988
 20
18262.544026
 42
-0.042457
  0
VERTEX
  8
0
 10
5807.379198
 20
18250.343553
 42
-0.042226
  0
VERTEX
  8
0
 10
5835.185053
 20
18233.151191
 42
-0.040942
  0
VERTEX
  8
0
 10
5860.018486
 20
18211.370288
 42
-0.026452
  0
VERTEX
  8
0
 10
5875.269750
 20
18193.842560
 42
-0.030303
  0
VERTEX
  8
0
 10
5887.852880
 20
18175.551359
 42
-0.030442
  0
VERTEX
  8
0
 10
5898.086021
 20
18155.949328
 42
-0.027167
  0
VERTEX
  8
0
 10
5906.305395
 20
18134.500000
 42
-0.084218
  0
VERTEX
  8
0
 10
5915.630273
 20
18070.000611
 42
-0.083701
  0
VERTEX
  8
0
 10
5903.201875
 20
18005.887062
 42
-0.083459
  0
VERTEX
  8
0
 10
5870.389540
 20
17949.240491
 42
-0.083059
  0
VERTEX
  8
0
 10
5820.813218
 20
17906.324906
 42
-0.060641
  0
VERTEX
  8
0
 10
5778.931920
 20
17887.287458
 42
-0.058496
  0
VERTEX
  8
0
 10
5733.190609
 20
17878.554753
 42
-0.058522
  0
VERTEX
  8
0
 10
5686.689642
 20
17880.654472
 42
-0.060802
  0
VERTEX
  8
0
 10
5642.571728
 20
17893.507536
 42
-0.100086
  0
VERTEX
  8
0
 10
5577.230858
 20
17938.637695
 42
-0.101778
  0
VERTEX
  8
0
 10
5535.025725
 20
18005.363836
 42
-0.102056
  0
VERTEX
  8
0
 10
5522.650918
 20
18083.173661
 42
-0.101193
  0
VERTEX
  8
0
 10
5542.000667
 20
18159.786958
 42
-0.025560
  0
VERTEX
  8
0
 10
5552.243509
 20
18178.527512
 42
-0.027745
  0
VERTEX
  8
0
 10
5564.092547
 20
18195.597607
 42
-0.027707
  0
VERTEX
  8
0
 10
5577.774528
 20
18211.271194
 42
-0.025348
  0
VERTEX
  8
0
 10
5593.500000
 20
18225.834680
 42
-0.036908
  0
VERTEX
  8
0
 10
5615.923369
 20
18241.930642
 42
-0.034833
  0
VERTEX
  8
0
 10
5640.896081
 20
18254.905236
 42
-0.034651
  0
VERTEX
  8
0
 10
5667.564588
 20
18264.346477
 42
-0.035600
  0
VERTEX
  8
0
 10
5695.042384
 20
18269.911069
 42
-0.025364
  0
VERTEX
  8
0
 10
5705.154633
 20
18270.700652
 42
-0.008896
  0
VERTEX
  8
0
 10
5719.729342
 20
18270.837887
 42
-0.009032
  0
VERTEX
  8
0
 10
5734.487572
 20
18270.447590
 42
-0.021464
  0
SEQEND
  0
POLYLINE
  8
0
 66
1
 70
1
  0
VERTEX
  8
0
 10
12777.447812
 20
18448.011470
 42
0.034246
  0
VERTEX
  8
0
 10
12726.535146
 20
18440.915152
 42
0.033216
  0
VERTEX
  8
0
 10
12676.531094
 20
18426.894917
 42
0.033529
  0
VERTEX
  8
0
 10
12629.290133
 20
18406.541713
 42
0.036582
  0
VERTEX
  8
0
 10
12586.619138
 20
18380.557426
 42
0.018803
  0
VERTEX
  8
0
 10
12566.309621
 20
18364.869671
 42
0.014609
  0
VERTEX
  8
0
 10
12545.400229
 20
18346.362750
 42
0.014796
  0
VERTEX
  8
0
 10
12526.019695
 20
18327.062304
 42
0.022137
  0
VERTEX
  8
0
 10
12510.380838
 20
18309.000000
 42
0.033452
  0
VERTEX
  8
0
 10
12479.917833
 20
18264.707234
 42
0.035742
  0
VERTEX
  8
0
 10
12456.381123
 20
18217.691067
 42
0.035653
  0
VERTEX
  8
0
 10
12439.733830
 20
18167.691575
 42
0.032949
  0
VERTEX
  8
0
 10
12429.820607
 20
18114.500000
 42
0.024172
  0
VERTEX
  8
0
 10
12428.789078
 20
18099.797310
 42
0.005343
  0
VERTEX
  8
0
 10
12428.510542
 20
18074.530723
 42
0.005264
  0
VERTEX
  8
0
 10
12428.767732
 20
18049.293939
 42
0.025476
  0
VERTEX
  8
0
 10
12429.793778
 20
18035.000000
 42
0.038274
  0
VERTEX
  8
0
 10
12442.714766
 20
17970.966149
 42
0.042906
  0
VERTEX
  8
0
 10
12464.943283
 20
17912.157309
 42
0.043479
  0
VERTEX
  8
0
 10
12496.571348
 20
17858.673576
 42
0.041335
  0
VERTEX
  8
0
 10
12537.456971
 20
17810.482333
 42
0.042840
  0
VERTEX
  8
0
 10
12587.703452
 20
17768.247959
 42
0.044135
  0
VERTEX
  8
0
 10
12643.933232
 20
17735.668282
 42
0.044094
  0
VERTEX
  8
0
 10
12705.058454
 20
17713.439531
 42
0.042600
  0
VERTEX
  8
0
 10
12769.845659
 20
17701.950525
 42
0.020627
  0
VERTEX
  8
0
 10
12786.044078
 20
17701.154351
 42
0.006716
  0
VERTEX
  8
0
 10
12809.997713
 20
17701.287747
 42
0.006584
  0
VERTEX
  8
0
 10
12833.782125
 20
17702.053110
 42
0.023258
  0
VERTEX
  8
0
 10
12849.000000
 20
17703.454717
 42
0.045885
  0
VERTEX
  8
0
 10
12921.603105
 20
17720.458604
 42
0.049291
  0
VERTEX
  8
0
 10
12988.063561
 20
17750.159132
 42
0.049675
  0
VERTEX
  8
0
 10
13046.984576
 20
17792.048941
 42
0.047989
  0
VERTEX
  8
0
 10
13097.242711
 20
17845.183228
 42
0.055098
  0
VERTEX
  8
0
 10
13139.826528
 20
17914.390618
 42
0.054430
  0
VERTEX
  8
0
 10
13166.479282
 20
17991.507931
 42
0.054393
  0
VERTEX
  8
0
 10
13175.874585
 20
18072.610978
 42
0.054869
  0
VERTEX
  8
0
 10
13167.506493
 20
18153.585639
 42
0.025450
  0
VERTEX
  8
0
 10
13158.000144
 20
18188.824818
 42
0.023705
  0
VERTEX
  8
0
 10
13144.771404
 20
18223.780615
 42
0.023784
  0
VERTEX
  8
0
 10
13128.346346
 20
18257.205435
 42
0.026098
  0
VERTEX
  8
0
 10
13109.275348
 20
18287.862646
 42
0.022766
  0
VERTEX
  8
0
 10
13089.834750
 20
18313.213802
 42
0.020178
  0
VERTEX
  8
0
 10
13067.405247
 20
18337.774581
 42
0.020228
  0
VERTEX
  8
0
 10
13043.135580
 20
18360.380589
 42
0.023237
  0
VERTEX
  8
0
 10
13018.178671
 20
18379.870235
 42
0.032882
  0
VERTEX
  8
0
 10
12977.024693
 20
18405.147171
 42
0.032119
  0
VERTEX
  8
0
 10
12932.594339
 20
18425.033370
 42
0.032064
  0
VERTEX
  8
0
 10
12885.905782
 20
18439.093983
 42
0.032505
  0
VERTEX
  8
0
 10
12838.014805
 20
18446.991026
 42
0.014162
  0
VERTEX
  8
0
 10
12824.852314
 20
18447.915455
 42
0.006237
  0
VERTEX
  8
0
 10
12807.403295
 20
18448.427218
 42
0.006199
  0
VERTEX
  8
0
 10
12790.081038
 20
18448.504266
 42
0.015520
  0
SEQEND
  0
POLYLINE
  8
0
 66
1
 70
1
  0
VERTEX
  8
0
 10
12825.026234
 20
18269.952543
 42
-0.053898
  0
VERTEX
  8
0
 10
12867.340220
 20
18260.014629
 42
-0.055325
  0
VERTEX
  8
0
 10
12906.156071
 20
18241.316564
 42
-0.055292
  0
VERTEX
  8
0
 10
12939.946846
 20
18214.550072
 42
-0.053715
  0
VERTEX
  8
0
 10
12967.422084
 20
18180.786958
 42
-0.055009
  0
VERTEX
  8
0
 10
12985.845389
 20
18144.141773
 42
-0.052333
  0
VERTEX
  8
0
 10
12996.219830
 20
18103.742415
 42
-0.052082
  0
VERTEX
  8
0
 10
12998.009420
 20
18061.881320
 42
-0.053397
  0
VERTEX
  8
0
 10
12991.060307
 20
18020.917160
 42
-0.081651
  0
VERTEX
  8
0
 10
12964.311298
 20
17963.753738
 42
-0.080772
  0
VERTEX
  8
0
 10
12920.588431
 20
17917.917538
 42
-0.080721
  0
VERTEX
  8
0
 10
12864.569342
 20
17888.274437
 42
-0.081400
  0
VERTEX
  8
0
 10
12802.210586
 20
17878.008205
 42
-0.047311
  0
VERTEX
  8
0
 10
12764.847365
 20
17881.524148
 42
-0.048109
  0
VERTEX
  8
0
 10
12729.029629
 20
17891.999282
 42
-0.048057
  0
VERTEX
  8
0
 10
12695.839024
 20
17909.139951
 42
-0.047003
  0
VERTEX
  8
0
 10
12666.262824
 20
17932.412525
 42
-0.076033
  0
VERTEX
  8
0
 10
12630.044687
 20
17979.233198
 42
-0.075762
  0
VERTEX
  8
0
 10
12609.422467
 20
18034.795558
 42
-0.075696
  0
VERTEX
  8
0
 10
12606.277156
 20
18094.021834
 42
-0.075697
  0
VERTEX
  8
0
 10
12620.901829
 20
18151.500000
 42
-0.038248
  0
VERTEX
  8
0
 10
12634.067767
 20
18176.993463
 42
-0.036270
  0
VERTEX
  8
0
 10
12651.173071
 20
18200.667864
 42
-0.036123
  0
VERTEX
  8
0
 10
12671.596270
 20
18221.712859
 42
-0.037204
  0
VERTEX
  8
0
 10
12694.645571
 20
18239.373800
 42
-0.029296
  0
VERTEX
  8
0
 10
12713.779592
 20
18250.350946
 42
-0.027779
  0
VERTEX
  8
0
 10
12734.402566
 20
18259.234425
 42
-0.027642
  0
VERTEX
  8
0
 10
12755.988569
 20
18265.815442
 42
-0.028302
  0
VERTEX
  8
0
 10
12778.000000
 20
18269.913300
 42
-0.024626
  0
VERTEX
  8
0
 10
12787.166442
 20
18270.631858
 42
-0.007038
  0
VERTEX
  8
0
 10
12801.430068
 20
18270.844559
 42
-0.007077
  0
VERTEX
  8
0
 10
12815.716318
 20
18270.654260
 42
-0.023883
  0
SEQEND
  0
POLYLINE
  8
0
 66
1
 70
1
  0
VERTEX
  8
0
 10
19860.500000
 20
18448.004176
 42
0.037103
  0
VERTEX
  8
0
 10
19803.695240
 20
18439.703158
 42
0.037865
  0
VERTEX
  8
0
 10
19749.139568
 20
18423.127238
 42
0.037921
  0
VERTEX
  8
0
 10
19697.782096
 20
18398.541817
 42
0.037452
  0
VERTEX
  8
0
 10
19650.500000
 20
18366.392005
 42
0.020953
  0
VERTEX
  8
0
 10
19637.686883
 20
18355.291207
 42
0.007802
  0
VERTEX
  8
0
 10
19620.602697
 20
18338.678021
 42
0.007823
  0
VERTEX
  8
0
 10
19604.012157
 20
18321.504202
 42
0.020393
  0
VERTEX
  8
0
 10
19592.796174
 20
18308.500000
 42
0.032769
  0
VERTEX
  8
0
 10
19563.195306
 20
18265.730447
 42
0.035240
  0
VERTEX
  8
0
 10
19540.230438
 20
18220.458093
 42
0.034956
  0
VERTEX
  8
0
 10
19523.704744
 20
18172.070261
 42
0.031235
  0
VERTEX
  8
0
 10
19513.324365
 20
18120.000000
 42
0.025524
  0
VERTEX
  8
0
 10
19511.804822
 20
18101.797790
 42
0.008057
  0
VERTEX
  8
0
 10
19511.364352
 20
18074.506127
 42
0.008059
  0
VERTEX
  8
0
 10
19511.803614
 20
18047.212609
 42
0.025494
  0
VERTEX
  8
0
 10
19513.322175
 20
18029.000000
 42
0.018005
  0
VERTEX
  8
0
 10
19518.643188
 20
17998.033768
 42
0.020282
  0
VERTEX
  8
0
 10
19526.018002
 20
17968.753270
 42
0.020665
  0
VERTEX
  8
0
 10
19535.595828
 20
17940.664304
 42
0.020254
  0
VERTEX
  8
0
 10
19547.516993
 20
17913.269421
 42
0.018541
  0
VERTEX
  8
0
 10
19562.957641
 20
17884.183114
 42
0.022958
  0
VERTEX
  8
0
 10
19579.529022
 20
17858.387001
 42
0.023071
  0
VERTEX
  8
0
 10
19598.323438
 20
17834.322798
 42
0.019054
  0
VERTEX
  8
0
 10
19620.446306
 20
17810.446306
 42
0.018606
  0
VERTEX
  8
0
 10
19643.478306
 20
17789.067458
 42
0.021887
  0
VERTEX
  8
0
 10
19666.860237
 20
17770.648662
 42
0.021850
  0
VERTEX
  8
0
 10
19691.797436
 20
17754.319174
 42
0.018429
  0
VERTEX
  8
0
 10
19719.500000
 20
17739.213471
 42
0.028854
  0
VERTEX
  8
0
 10
19758.559757
 20
17722.483915
 42
0.029710
  0
VERTEX
  8
0
 10
19798.910420
 20
17710.549325
 42
0.029483
  0
VERTEX
  8
0
 10
19840.685248
 20
17703.411827
 42
0.027494
  0
VERTEX
  8
0
 10
19884.000000
 20
17701.014123
 42
0.017314
  0
VERTEX
  8
0
 10
19915.780853
 20
17702.104651
 42
0.022294
  0
VERTEX
  8
0
 10
19944.813671
 20
17705.414242
 42
0.022504
  0
VERTEX
  8
0
 10
19973.214730
 20
17711.262682
 42
0.018213
  0
VERTEX
  8
0
 10
20003.085881
 20
17719.998181
 42
0.067939
  0
VERTEX
  8
0
 10
20093.470562
 20
17764.396793
 42
0.067651
  0
VERTEX
  8
0
 10
20168.795446
 20
17831.449471
 42
0.067659
  0
VERTEX
  8
0
 10
20223.483086
 20
17916.166848
 42
0.067983
  0
VERTEX
  8
0
 10
20253.460378
 20
18012.272170
 42
0.008708
  0
VERTEX
  8
0
 10
20255.902008
 20
18028.517161
 42
0.013552
  0
VERTEX
  8
0
 10
20257.381341
 20
18042.599526
 42
0.012828
  0
VERTEX
  8
0
 10
20258.144400
 20
18057.286786
 42
0.006815
  0
VERTEX
  8
0
 10
20258.374294
 20
18075.500000
 42
0.027565
  0
VERTEX
  8
0
 10
20255.896880
 20
18119.594464
 42
0.030527
  0
VERTEX
  8
0
 10
20248.580068
 20
18161.644587
 42
0.030524
  0
VERTEX
  8
0
 10
20236.196489
 20
18202.494410
 42
0.027549
  0
VERTEX
  8
0
 10
20218.569441
 20
18243.000000
 42
0.063244
  0
VERTEX
  8
0
 10
20166.345022
 20
18320.685251
 42
0.062837
  0
VERTEX
  8
0
 10
20096.257836
 20
18383.043028
 42
0.062811
  0
VERTEX
  8
0
 10
20012.849219
 20
18426.058014
 42
0.063095
  0
VERTEX
  8
0
 10
19921.500000
 20
18446.932927
 42
0.013854
  0
VERTEX
  8
0
 10
19908.046494
 20
18447.888808
 42
0.006417
  0
VERTEX
  8
0
 10
19890.527393
 20
18448.421426
 42
0.006370
  0
VERTEX
  8
0
 10
19873.195364
 20
18448.504970
 42
0.015755
  0
SEQEND
  0
POLYLINE
  8
0
 66
1
 70
1
  0
VERTEX
  8
0
 10
19911.215618
 20
18269.452569
 42
-0.039623
  0
VERTEX
  8
0
 10
19942.620859
 20
18262.578458
 42
-0.041765
  0
VERTEX
  8
0
 10
19971.975360
 20
18250.916021
 42
-0.041704
  0
VERTEX
  8
0
 10
19999.021512
 20
18234.518816
 42
-0.039276
  0
VERTEX
  8
0
 10
20023.559878
 20
18213.559878
 42
-0.039033
  0
VERTEX
  8
0
 10
20044.482637
 20
18189.087924
 42
-0.041930
  0
VERTEX
  8
0
 10
20060.792629
 20
18162.217099
 42
-0.041698
  0
VERTEX
  8
0
 10
20072.461663
 20
18132.863294
 42
-0.037794
  0
VERTEX
  8
0
 10
20079.569374
 20
18101.000000
 42
-0.028686
  0
VERTEX
  8
0
 10
20080.662634
 20
18088.402472
 42
-0.011006
  0
VERTEX
  8
0
 10
20080.789212
 20
18070.818193
 42
-0.010875
  0
VERTEX
  8
0
 10
20080.151494
 20
18053.383765
 42
-0.032047
  0
VERTEX
  8
0
 10
20078.687650
 20
18041.482301
 42
-0.055222
  0
VERTEX
  8
0
 10
20064.717264
 20
17995.800277
 42
-0.060069
  0
VERTEX
  8
0
 10
20041.358934
 20
17955.668651
 42
-0.060702
  0
VERTEX
  8
0
 10
20009.379035
 20
17922.579950
 42
-0.058449
  0
VERTEX
  8
0
 10
19970.000000
 20
17897.648267
 42
-0.014276
  0
VERTEX
  8
0
 10
19956.453020
 20
17891.613121
 42
-0.019991
  0
VERTEX
  8
0
 10
19944.010673
 20
17887.063177
 42
-0.019632
  0
VERTEX
  8
0
 10
19931.071784
 20
17883.463572
 42
-0.013066
  0
VERTEX
  8
0
 10
19916.000000
 20
17880.314904
 42
-0.034211
  0
VERTEX
  8
0
 10
19902.746746
 20
17878.832018
 42
-0.012508
  0
VERTEX
  8
0
 10
19883.871775
 20
17878.491933
 42
-0.012614
  0
VERTEX
  8
0
 10
19864.861319
 20
17879.104777
 42
-0.031058
  0
VERTEX
  8
0
 10
19851.000000
 20
17880.769836
 42
-0.057476
  0
VERTEX
  8
0
 10
19806.327788
 20
17894.416079
 42
-0.058657
  0
VERTEX
  8
0
 10
19766.265667
 20
17917.807248
 42
-0.058932
  0
VERTEX
  8
0
 10
19732.888347
 20
17949.746412
 42
-0.059034
  0
VERTEX
  8
0
 10
19707.905351
 20
17988.573277
 42
-0.048585
  0
VERTEX
  8
0
 10
19694.645555
 20
18024.153350
 42
-0.048646
  0
VERTEX
  8
0
 10
19688.508030
 20
18061.608150
 42
-0.048527
  0
VERTEX
  8
0
 10
19689.716483
 20
18099.629570
 42
-0.047865
  0
VERTEX
  8
0
 10
19698.220762
 20
18136.887904
 42
-0.070718
  0
VERTEX
  8
0
 10
19722.336488
 20
18185.408009
 42
-0.068800
  0
VERTEX
  8
0
 10
19759.207156
 20
18225.800342
 42
-0.068837
  0
VERTEX
  8
0
 10
19805.634118
 20
18254.656495
 42
-0.070927
  0
VERTEX
  8
0
 10
19857.683527
 20
18269.456431
 42
-0.022602
  0
VERTEX
  8
0
 10
19869.481249
 20
18270.523699
 42
-0.011274
  0
VERTEX
  8
0
 10
19884.477305
 20
18270.860788
 42
-0.011272
  0
VERTEX
  8
0
 10
19899.461402
 20
18270.521849
 42
-0.022784
  0
SEQEND
  0
POLYLINE
  8
0
 66
1
 70
1
  0
VERTEX
  8
0
 10
7145.500000
 20
17345.972204
 42
0.044643
  0
VERTEX
  8
0
 10
7076.090115
 20
17333.513904
 42
0.046515
  0
VERTEX
  8
0
 10
7010.990076
 20
17309.025976
 42
0.046771
  0
VERTEX
  8
0
 10
6951.854811
 20
17273.076565
 42
0.046141
  0
VERTEX
  8
0
 10
6900.138417
 20
17226.616336
 42
0.038905
  0
VERTEX
  8
0
 10
6864.171173
 20
17181.114697
 42
0.039327
  0
VERTEX
  8
0
 10
6835.832297
 20
17130.748852
 42
0.038983
  0
VERTEX
  8
0
 10
6815.527424
 20
17076.137910
 42
0.036847
  0
VERTEX
  8
0
 10
6803.476766
 20
17018.000000
 42
0.019462
  0
VERTEX
  8
0
 10
6802.069703
 20
17002.716145
 42
0.007924
  0
VERTEX
  8
0
 10
6801.296275
 20
16981.843677
 42
0.007973
  0
VERTEX
  8
0
 10
6801.185679
 20
16960.759174
 42
0.017458
  0
VERTEX
  8
0
 10
6801.921781
 20
16944.632281
 42
0.079151
  0
VERTEX
  8
0
 10
6830.223464
 20
16828.224511
 42
0.080156
  0
VERTEX
  8
0
 10
6893.226094
 20
16726.934682
 42
0.080406
  0
VERTEX
  8
0
 10
6984.688757
 20
16650.843033
 42
0.080367
  0
VERTEX
  8
0
 10
7095.500000
 20
16607.472818
 42
0.026283
  0
VERTEX
  8
0
 10
7133.690382
 20
16601.305042
 42
0.025302
  0
VERTEX
  8
0
 10
7172.806740
 20
16599.074099
 42
0.025336
  0
VERTEX
  8
0
 10
7211.894669
 20
16600.806133
 42
0.026535
  0
VERTEX
  8
0
 10
7250.000000
 20
16606.487285
 42
0.051947
  0
VERTEX
  8
0
 10
7322.900725
 20
16629.426747
 42
0.051075
  0
VERTEX
  8
0
 10
7389.953586
 20
16666.996726
 42
0.051116
  0
VERTEX
  8
0
 10
7447.951155
 20
16717.345999
 42
0.052202
  0
VERTEX
  8
0
 10
7494.068713
 20
16778.083862
 42
0.026636
  0
VERTEX
  8
0
 10
7513.831455
 20
16814.970763
 42
0.028267
  0
VERTEX
  8
0
 10
7529.127196
 20
16853.037363
 42
0.027950
  0
VERTEX
  8
0
 10
7540.168693
 20
16892.984992
 42
0.024872
  0
VERTEX
  8
0
 10
7547.206423
 20
16935.500000
 42
0.023069
  0
VERTEX
  8
0
 10
7548.279454
 20
16951.212875
 42
0.007205
  0
VERTEX
  8
0
 10
7548.460095
 20
16974.840488
 42
0.007296
  0
VERTEX
  8
0
 10
7547.952683
 20
16998.595967
 42
0.021087
  0
VERTEX
  8
0
 10
7546.668651
 20
17015.000000
 42
0.039512
  0
VERTEX
  8
0
 10
7534.276482
 20
17076.363855
 42
0.041707
  0
VERTEX
  8
0
 10
7512.526496
 20
17133.865947
 42
0.041881
  0
VERTEX
  8
0
 10
7481.634158
 20
17186.749038
 42
0.040518
  0
VERTEX
  8
0
 10
7442.052591
 20
17234.376563
 42
0.041615
  0
VERTEX
  8
0
 10
7393.864057
 20
17276.066858
 42
0.043299
  0
VERTEX
  8
0
 10
7340.046589
 20
17308.583010
 42
0.043089
  0
VERTEX
  8
0
 10
7281.184347
 20
17331.469587
 42
0.040426
  0
VERTEX
  8
0
 10
7218.000000
 20
17344.534143
 42
0.020106
  0
VERTEX
  8
0
 10
7203.746672
 20
17345.718183
 42
0.005710
  0
VERTEX
  8
0
 10
7181.516162
 20
17346.413182
 42
0.005638
  0
VERTEX
  8
0
 10
7159.338711
 20
17346.602940
 42
0.021416
  0
SEQEND
  0
POLYLINE
  8
0
 66
1
 70
1
  0
VERTEX
  8
0
 10
7189.604783
 20
17168.963537
 42
-0.042629
  0
VERTEX
  8
0
 10
7224.563900
 20
17163.127624
 42
-0.045162
  0
VERTEX
  8
0
 10
7257.326702
 20
17151.505766
 42
-0.045528
  0
VERTEX
  8
0
 10
7287.237572
 20
17134.295019
 42
-0.044737
  0
VERTEX
  8
0
 10
7313.730115
 20
17111.865228
 42
-0.016350
  0
VERTEX
  8
0
 10
7325.634878
 20
17098.987035
 42
-0.022495
  0
VERTEX
  8
0
 10
7335.402615
 20
17086.618912
 42
-0.023128
  0
VERTEX
  8
0
 10
7343.812940
 20
17073.704145
 42
-0.018929
  0
VERTEX
  8
0
 10
7351.614143
 20
17059.188018
 42
-0.062553
  0
VERTEX
  8
0
 10
7367.199775
 20
17013.735466
 42
-0.060972
  0
VERTEX
  8
0
 10
7371.246823
 20
16965.437202
 42
-0.060982
  0
VERTEX
  8
0
 10
7363.525742
 20
16917.595853
 42
-0.062612
  0
VERTEX
  8
0
 10
7344.517598
 20
16873.486367
 42
-0.092535
  0
VERTEX
  8
0
 10
7296.979395
 20
16818.899516
 42
-0.092554
  0
VERTEX
  8
0
 10
7232.952897
 20
16785.143736
 42
-0.092698
  0
VERTEX
  8
0
 10
7161.146419
 20
16776.796149
 42
-0.093172
  0
VERTEX
  8
0
 10
7091.315169
 20
16794.995203
 42
-0.057659
  0
VERTEX
  8
0
 10
7052.697757
 20
16818.988645
 42
-0.057817
  0
VERTEX
  8
0
 10
7020.619106
 20
16851.146989
 42
-0.057871
  0
VERTEX
  8
0
 10
6996.780043
 20
16889.765593
 42
-0.057974
  0
VERTEX
  8
0
 10
6982.443184
 20
16932.796761
 42
-0.087415
  0
VERTEX
  8
0
 10
6980.300121
 20
17001.023596
 42
-0.087606
  0
VERTEX
  8
0
 10
7001.611045
 20
17065.818696
 42
-0.087535
  0
VERTEX
  8
0
 10
7043.843225
 20
17119.439105
 42
-0.087089
  0
VERTEX
  8
0
 10
7101.943912
 20
17155.485242
 42
-0.022246
  0
VERTEX
  8
0
 10
7118.434834
 20
17161.264313
 42
-0.023129
  0
VERTEX
  8
0
 10
7135.162872
 20
17165.470385
 42
-0.022017
  0
VERTEX
  8
0
 10
7152.942470
 20
17168.267732
 42
-0.016750
  0
VERTEX
  8
0
 10
7172.604783
 20
17169.815018
 42
-0.020089
  0
VERTEX
  8
0
 10
7174.954050
 20
17169.826439
 42
-0.003683
  0
VERTEX
  8
0
 10
7179.291755
 20
17169.641200
 42
-0.003954
  0
VERTEX
  8
0
 10
7184.366827
 20
17169.346756
 42
-0.003586
  0
SEQEND
  0
POLYLINE
  8
0
 66
1
 70
1
  0
VERTEX
  8
0
 10
14228.500000
 20
17345.903157
 42
0.081566
  0
VERTEX
  8
0
 10
14109.487768
 20
17316.237266
 42
0.082405
  0
VERTEX
  8
0
 10
14006.684163
 20
17250.125500
 42
0.082451
  0
VERTEX
  8
0
 10
13930.786702
 20
17154.390237
 42
0.081784
  0
VERTEX
  8
0
 10
13889.632232
 20
17039.000000
 42
0.008752
  0
VERTEX
  8
0
 10
13886.896595
 20
17022.248983
 42
0.017148
  0
VERTEX
  8
0
 10
13885.411967
 20
17008.817448
 42
0.014593
  0
VERTEX
  8
0
 10
13884.720479
 20
16993.992324
 42
0.004708
  0
VERTEX
  8
0
 10
13884.544345
 20
16972.000000
 42
0.005715
  0
VERTEX
  8
0
 10
13884.838216
 20
16949.108630
 42
0.016349
  0
VERTEX
  8
0
 10
13885.744217
 20
16933.220175
 42
0.018233
  0
VERTEX
  8
0
 10
13887.622706
 20
16918.404415
 42
0.008689
  0
VERTEX
  8
0
 10
13891.061859
 20
16899.500000
 42
0.056871
  0
VERTEX
  8
0
 10
13917.143083
 20
16818.345590
 42
0.057448
  0
VERTEX
  8
0
 10
13960.772592
 20
16745.451679
 42
0.057431
  0
VERTEX
  8
0
 10
14019.856621
 20
16684.378526
 42
0.056775
  0
VERTEX
  8
0
 10
14091.500000
 20
16638.073715
 42
0.029332
  0
VERTEX
  8
0
 10
14133.965877
 20
16620.033749
 42
0.031752
  0
VERTEX
  8
0
 10
14177.152619
 20
16607.634827
 42
0.031688
  0
VERTEX
  8
0
 10
14221.642044
 20
16600.786056
 42
0.028976
  0
VERTEX
  8
0
 10
14268.000000
 20
16599.327519
 42
0.026202
  0
VERTEX
  8
0
 10
14309.796506
 20
16602.631059
 42
0.029162
  0
VERTEX
  8
0
 10
14349.524647
 20
16610.254000
 42
0.029043
  0
VERTEX
  8
0
 10
14388.238313
 20
16622.482448
 42
0.025579
  0
VERTEX
  8
0
 10
14427.000000
 20
16639.568210
 42
0.041842
  0
VERTEX
  8
0
 10
14478.770486
 20
16671.305473
 42
0.040713
  0
VERTEX
  8
0
 10
14525.046580
 20
16711.482553
 42
0.040656
  0
VERTEX
  8
0
 10
14564.259679
 20
16758.687597
 42
0.041457
  0
VERTEX
  8
0
 10
14595.030613
 20
16811.320009
 42
0.021882
  0
VERTEX
  8
0
 10
14607.665089
 20
16841.002521
 42
0.021329
  0
VERTEX
  8
0
 10
14617.776936
 20
16871.927998
 42
0.021162
  0
VERTEX
  8
0
 10
14625.285694
 20
16903.846242
 42
0.020740
  0
VERTEX
  8
0
 10
14630.129280
 20
16936.500000
 42
0.020705
  0
VERTEX
  8
0
 10
14631.147784
 20
16952.298259
 42
0.007348
  0
VERTEX
  8
0
 10
14631.335331
 20
16974.946304
 42
0.007359
  0
VERTEX
  8
0
 10
14630.856290
 20
16997.611730
 42
0.020424
  0
VERTEX
  8
0
 10
14629.635374
 20
17013.500000
 42
0.050567
  0
VERTEX
  8
0
 10
14612.305982
 20
17091.513798
 42
0.053255
  0
VERTEX
  8
0
 10
14579.850004
 20
17163.028462
 42
0.053384
  0
VERTEX
  8
0
 10
14533.105662
 20
17225.926890
 42
0.051272
  0
VERTEX
  8
0
 10
14473.518157
 20
17278.459389
 42
0.031759
  0
VERTEX
  8
0
 10
14436.203754
 20
17301.677573
 42
0.029256
  0
VERTEX
  8
0
 10
14395.231676
 20
17320.697496
 42
0.029221
  0
VERTEX
  8
0
 10
14352.266998
 20
17334.825555
 42
0.031483
  0
VERTEX
  8
0
 10
14309.000000
 20
17343.430606
 42
0.013746
  0
VERTEX
  8
0
 10
14289.016744
 20
17345.554493
 42
0.011923
  0
VERTEX
  8
0
 10
14267.975066
 20
17346.703466
 42
0.012107
  0
VERTEX
  8
0
 10
14247.316341
 20
17346.837579
 42
0.015950
  0
SEQEND
  0
POLYLINE
  8
0
 66
1
 70
1
  0
VERTEX
  8
0
 10
14272.604783
 20
17168.963537
 42
-0.041146
  0
VERTEX
  8
0
 10
14306.572652
 20
17163.396450
 42
-0.044369
  0
VERTEX
  8
0
 10
14338.286054
 20
17152.414151
 42
-0.044546
  0
VERTEX
  8
0
 10
14367.454734
 20
17136.056790
 42
-0.042115
  0
VERTEX
  8
0
 10
14393.860105
 20
17114.515363
 42
-0.035896
  0
VERTEX
  8
0
 10
14413.989141
 20
17092.047837
 42
-0.038982
  0
VERTEX
  8
0
 10
14430.091562
 20
17067.516850
 42
-0.038722
  0
VERTEX
  8
0
 10
14442.276698
 20
17040.631966
 42
-0.034528
  0
VERTEX
  8
0
 10
14450.726931
 20
17011.146097
 42
-0.011393
  0
VERTEX
  8
0
 10
14452.258343
 20
17003.065312
 42
-0.023138
  0
VERTEX
  8
0
 10
14453.021064
 20
16996.644719
 42
-0.015229
  0
VERTEX
  8
0
 10
14453.351676
 20
16988.685527
 42
-0.002588
  0
VERTEX
  8
0
 10
14453.441009
 20
16973.500000
 42
-0.006693
  0
VERTEX
  8
0
 10
14453.213816
 20
16955.581730
 42
-0.023169
  0
VERTEX
  8
0
 10
14452.374993
 20
16944.014918
 42
-0.027008
  0
VERTEX
  8
0
 10
14450.542311
 20
16933.510303
 42
-0.011755
  0
VERTEX
  8
0
 10
14447.033256
 20
16919.781339
 42
-0.030341
  0
VERTEX
  8
0
 10
14438.928964
 20
16896.456935
 42
-0.033103
  0
VERTEX
  8
0
 10
14428.254740
 20
16874.980222
 42
-0.032699
  0
VERTEX
  8
0
 10
14414.710045
 20
16854.873354
 42
-0.028245
  0
VERTEX
  8
0
 10
14398.024057
 20
16835.642475
 42
-0.069742
  0
VERTEX
  8
0
 10
14354.707202
 20
16801.996218
 42
-0.070885
  0
VERTEX
  8
0
 10
14304.042809
 20
16781.783177
 42
-0.070675
  0
VERTEX
  8
0
 10
14249.613550
 20
16776.489095
 42
-0.068671
  0
VERTEX
  8
0
 10
14195.296761
 20
16786.445021
 42
-0.024387
  0
VERTEX
  8
0
 10
14183.506181
 20
16790.979851
 42
-0.012757
  0
VERTEX
  8
0
 10
14169.281367
 20
16797.701841
 42
-0.012752
  0
VERTEX
  8
0
 10
14155.485110
 20
16805.104346
 42
-0.025582
  0
VERTEX
  8
0
 10
14145.072426
 20
16811.765652
 42
-0.029416
  0
VERTEX
  8
0
 10
14125.668092
 20
16827.427991
 42
-0.030725
  0
VERTEX
  8
0
 10
14108.533901
 20
16845.046520
 42
-0.031017
  0
VERTEX
  8
0
 10
14093.832673
 20
16864.464754
 42
-0.031277
  0
VERTEX
  8
0
 10
14081.691487
 20
16885.500000
 42
-0.090545
  0
VERTEX
  8
0
 10
14062.156598
 20
16953.346890
 42
-0.090455
  0
VERTEX
  8
0
 10
14067.848067
 20
17023.744531
 42
-0.090479
  0
VERTEX
  8
0
 10
14098.023867
 20
17087.583741
 42
-0.090656
  0
VERTEX
  8
0
 10
14148.783305
 20
17136.602373
 42
-0.034919
  0
VERTEX
  8
0
 10
14173.153790
 20
17150.469526
 42
-0.036443
  0
VERTEX
  8
0
 10
14198.877900
 20
17160.585120
 42
-0.035732
  0
VERTEX
  8
0
 10
14226.266240
 20
17167.008713
 42
-0.031079
  0
VERTEX
  8
0
 10
14255.604783
 20
17169.857656
 42
-0.018428
  0
VERTEX
  8
0
 10
14257.953855
 20
17169.852514
 42
-0.003376
  0
VERTEX
  8
0
 10
14262.291755
 20
17169.653725
 42
-0.003625
  0
VERTEX
  8
0
 10
14267.366827
 20
17169.349885
 42
-0.003289
  0
SEQEND
  0
POLYLINE
  8
0
 66
1
 70
1
  0
VERTEX
  8
0
 10
21311.000000
 20
17345.871459
 42
0.059059
  0
VERTEX
  8
0
 10
21224.365826
 20
17328.419790
 42
0.059181
  0
VERTEX
  8
0
 10
21144.277038
 20
17291.204976
 42
0.059125
  0
VERTEX
  8
0
 10
21075.069760
 20
17236.225967
 42
0.058742
  0
VERTEX
  8
0
 10
21020.478542
 20
17166.465469
 42
0.024005
  0
VERTEX
  8
0
 10
21004.513613
 20
17137.148725
 42
0.022228
  0
VERTEX
  8
0
 10
20990.980104
 20
17105.685471
 42
0.022102
  0
VERTEX
  8
0
 10
20980.221691
 20
17072.954541
 42
0.023026
  0
VERTEX
  8
0
 10
20972.562242
 20
17039.843300
 42
0.024140
  0
VERTEX
  8
0
 10
20968.199293
 20
17007.235432
 42
0.021218
  0
VERTEX
  8
0
 10
20966.746514
 20
16972.918670
 42
0.021240
  0
VERTEX
  8
0
 10
20968.207402
 20
16938.642473
 42
0.024345
  0
VERTEX
  8
0
 10
20972.578452
 20
16906.156700
 42
0.016749
  0
VERTEX
  8
0
 10
20978.509902
 20
16879.115043
 42
0.019105
  0
VERTEX
  8
0
 10
20986.025777
 20
16853.708983
 42
0.019137
  0
VERTEX
  8
0
 10
20995.446944
 20
16828.987474
 42
0.016915
  0
VERTEX
  8
0
 10
21007.094626
 20
16804.000000
 42
0.017792
  0
VERTEX
  8
0
 10
21021.848190
 20
16777.349704
 42
0.021469
  0
VERTEX
  8
0
 10
21037.624362
 20
16753.484888
 42
0.021529
  0
VERTEX
  8
0
 10
21055.349850
 20
16731.115812
 42
0.018073
  0
VERTEX
  8
0
 10
21075.959851
 20
16708.960910
 42
0.040663
  0
VERTEX
  8
0
 10
21124.505821
 20
16667.730990
 42
0.043724
  0
VERTEX
  8
0
 10
21177.966969
 20
16636.017216
 42
0.043204
  0
VERTEX
  8
0
 10
21236.715742
 20
16613.792162
 42
0.037985
  0
VERTEX
  8
0
 10
21301.000000
 20
16600.802773
 42
0.025992
  0
VERTEX
  8
0
 10
21316.723975
 20
16599.677070
 42
0.006454
  0
VERTEX
  8
0
 10
21342.543441
 20
16599.506955
 42
0.006522
  0
VERTEX
  8
0
 10
21368.405803
 20
16600.007774
 42
0.024801
  0
VERTEX
  8
0
 10
21384.500000
 20
16601.330433
 42
0.032006
  0
VERTEX
  8
0
 10
21437.840746
 20
16611.897920
 42
0.035671
  0
VERTEX
  8
0
 10
21487.435598
 20
16628.934247
 42
0.035931
  0
VERTEX
  8
0
 10
21533.791167
 20
16652.716455
 42
0.033413
  0
VERTEX
  8
0
 10
21577.464812
 20
16683.413867
 42
0.019016
  0
VERTEX
  8
0
 10
21590.175137
 20
16694.505308
 42
0.008977
  0
VERTEX
  8
0
 10
21605.756057
 20
16709.718882
 42
0.008991
  0
VERTEX
  8
0
 10
21620.897039
 20
16725.604908
 42
0.017573
  0
VERTEX
  8
0
 10
21632.273124
 20
16738.886716
 42
0.070401
  0
VERTEX
  8
0
 10
21686.400664
 20
16830.729337
 42
0.071566
  0
VERTEX
  8
0
 10
21712.535976
 20
16933.471744
 42
0.071688
  0
VERTEX
  8
0
 10
21708.627910
 20
17039.260080
 42
0.071027
  0
VERTEX
  8
0
 10
21675.034357
 20
17140.000000
 42
0.064097
  0
VERTEX
  8
0
 10
21621.149939
 20
17220.181757
 42
0.065275
  0
VERTEX
  8
0
 10
21549.012071
 20
17283.541939
 42
0.065103
  0
VERTEX
  8
0
 10
21462.796148
 20
17326.291839
 42
0.063188
  0
VERTEX
  8
0
 10
21367.604783
 20
17345.993668
 42
0.013059
  0
VERTEX
  8
0
 10
21355.009239
 20
17346.646253
 42
0.006952
  0
VERTEX
  8
0
 10
21339.400355
 20
17346.829578
 42
0.006951
  0
VERTEX
  8
0
 10
21323.747788
 20
17346.578167
 42
0.012710
  0
SEQEND
  0
POLYLINE
  8
0
 66
1
 70
1
  0
VERTEX
  8
0
 10
21354.779221
 20
17168.982137
 42
-0.021822
  0
VERTEX
  8
0
 10
21373.588610
 20
17166.718429
 42
-0.024466
  0
VERTEX
  8
0
 10
21391.413934
 20
17162.875623
 42
-0.024603
  0
VERTEX
  8
0
 10
21408.690093
 20
17157.333041
 42
-0.022571
  0
VERTEX
  8
0
 10
21425.854429
 20
17149.979177
 42
-0.048456
  0
VERTEX
  8
0
 10
21458.754132
 20
17129.955005
 42
-0.048915
  0
VERTEX
  8
0
 10
21487.071028
 20
17104.029535
 42
-0.049036
  0
VERTEX
  8
0
 10
21509.752775
 20
17073.162162
 42
-0.049189
  0
VERTEX
  8
0
 10
21525.961836
 20
17038.500000
 42
-0.051509
  0
VERTEX
  8
0
 10
21535.228179
 20
17000.000079
 42
-0.049803
  0
VERTEX
  8
0
 10
21536.579245
 20
16959.972618
 42
-0.049859
  0
VERTEX
  8
0
 10
21529.991330
 20
16920.511005
 42
-0.051872
  0
VERTEX
  8
0
 10
21515.762826
 20
16883.685462
 42
-0.041047
  0
VERTEX
  8
0
 10
21498.922019
 20
16856.487111
 42
-0.040327
  0
VERTEX
  8
0
 10
21477.773899
 20
16832.231641
 42
-0.040267
  0
VERTEX
  8
0
 10
21452.973228
 20
16811.652932
 42
-0.040651
  0
VERTEX
  8
0
 10
21425.270494
 20
16795.388662
 42
-0.020683
  0
VERTEX
  8
0
 10
21415.398244
 20
16791.118252
 42
-0.011271
  0
VERTEX
  8
0
 10
21402.967240
 20
16786.659849
 42
-0.011253
  0
VERTEX
  8
0
 10
21390.232275
 20
16782.730004
 42
-0.019031
  0
VERTEX
  8
0
 10
21379.383842
 20
16780.089535
 42
-0.064723
  0
VERTEX
  8
0
 10
21330.164958
 20
16776.567771
 42
-0.062908
  0
VERTEX
  8
0
 10
21281.180122
 20
16785.657951
 42
-0.062726
  0
VERTEX
  8
0
 10
21235.868902
 20
16806.681711
 42
-0.063664
  0
VERTEX
  8
0
 10
21197.438128
 20
16838.198224
 42
-0.075196
  0
VERTEX
  8
0
 10
21164.272719
 20
16885.989634
 42
-0.074258
  0
VERTEX
  8
0
 10
21146.545125
 20
16941.655422
 42
-0.074193
  0
VERTEX
  8
0
 10
21145.846370
 20
17000.115356
 42
-0.074857
  0
VERTEX
  8
0
 10
21162.267741
 20
17056.041875
 42
-0.029102
  0
VERTEX
  8
0
 10
21172.201187
 20
17074.521690
 42
-0.025612
  0
VERTEX
  8
0
 10
21184.611851
 20
17092.560819
 42
-0.025689
  0
VERTEX
  8
0
 10
21198.755940
 20
17109.177287
 42
-0.029826
  0
VERTEX
  8
0
 10
21213.879126
 20
17123.396464
 42
-0.038713
  0
VERTEX
  8
0
 10
21238.633476
 20
17140.978424
 42
-0.037307
  0
VERTEX
  8
0
 10
21266.102421
 20
17154.780393
 42
-0.037615
  0
VERTEX
  8
0
 10
21295.081942
 20
17164.250255
 42
-0.040980
  0
VERTEX
  8
0
 10
21324.333936
 20
17168.932848
 42
-0.003316
  0
VERTEX
  8
0
 10
21334.102066
 20
17169.619546
 42
-0.015484
  0
VERTEX
  8
0
 10
21339.740579
 20
17169.803344
 42
-0.015852
  0
VERTEX
  8
0
 10
21345.321191
 20
17169.635411
 42
-0.003588
  0
SEQEND
  0
POLYLINE
  8
0
 66
1
 70
1
  0
VERTEX
  8
0
 10
5681.936358
 20
16461.030799
 42
0.033069
  0
VERTEX
  8
0
 10
5557.341032
 20
16446.979818
 42
0.034406
  0
VERTEX
  8
0
 10
5437.368735
 20
16416.703737
 42
0.034533
  0
VERTEX
  8
0
 10
5323.089493
 20
16370.392492
 42
0.033849
  0
VERTEX
  8
0
 10
5215.469899
 20
16308.525937
 42
0.011658
  0
VERTEX
  8
0
 10
5179.294849
 20
16283.095897
 42
0.013031
  0
VERTEX
  8
0
 10
5145.691280
 20
16256.903157
 42
0.012908
  0
VERTEX
  8
0
 10
5113.219378
 20
16228.767861
 42
0.011015
  0
VERTEX
  8
0
 10
5080.440573
 20
16197.500000
 42
0.006899
  0
VERTEX
  8
0
 10
5055.706907
 20
16172.153258
 42
0.010611
  0
VERTEX
  8
0
 10
5035.082244
 20
16149.480801
 42
0.010839
  0
VERTEX
  8
0
 10
5015.758388
 20
16126.315740
 42
0.007651
  0
VERTEX
  8
0
 10
4995.021283
 20
16099.500000
 42
0.031913
  0
VERTEX
  8
0
 10
4930.828633
 20
16001.339659
 42
0.032543
  0
VERTEX
  8
0
 10
4880.115930
 20
15896.432543
 42
0.032529
  0
VERTEX
  8
0
 10
4843.425823
 20
15785.785592
 42
0.031820
  0
VERTEX
  8
0
 10
4821.070829
 20
15670.500000
 42
0.015272
  0
VERTEX
  8
0
 10
4816.185662
 20
15620.488813
 42
0.013639
  0
VERTEX
  8
0
 10
4814.122117
 20
15568.348008
 42
0.013547
  0
VERTEX
  8
0
 10
4814.900760
 20
15515.783708
 42
0.014482
  0
VERTEX
  8
0
 10
4818.541070
 20
15464.500000
 42
0.034657
  0
VERTEX
  8
0
 10
4839.101362
 20
15344.083229
 42
0.033792
  0
VERTEX
  8
0
 10
4876.208931
 20
15226.607603
 42
0.033734
  0
VERTEX
  8
0
 10
4928.878305
 20
15115.008324
 42
0.034262
  0
VERTEX
  8
0
 10
4995.837164
 20
15012.112468
 42
0.008485
  0
VERTEX
  8
0
 10
5015.552800
 20
14986.832854
 42
0.009761
  0
VERTEX
  8
0
 10
5035.235868
 20
14963.410033
 42
0.009529
  0
VERTEX
  8
0
 10
5056.230721
 20
14940.298126
 42
0.007407
  0
VERTEX
  8
0
 10
5079.908243
 20
14915.943752
 42
0.019873
  0
VERTEX
  8
0
 10
5135.606033
 20
14864.580403
 42
0.021336
  0
VERTEX
  8
0
 10
5193.942427
 20
14819.068559
 42
0.021382
  0
VERTEX
  8
0
 10
5255.825720
 20
14778.780364
 42
0.020145
  0
VERTEX
  8
0
 10
5322.144746
 20
14743.059899
 42
0.015801
  0
VERTEX
  8
0
 10
5375.107762
 20
14719.269599
 42
0.015998
  0
VERTEX
  8
0
 10
5429.250914
 20
14698.977451
 42
0.016041
  0
VERTEX
  8
0
 10
5484.438274
 20
14682.237356
 42
0.016090
  0
VERTEX
  8
0
 10
5540.529686
 20
14669.088798
 42
0.027253
  0
VERTEX
  8
0
 10
5638.707171
 20
14654.894194
 42
0.027323
  0
VERTEX
  8
0
 10
5737.761408
 20
14651.479471
 42
0.027368
  0
VERTEX
  8
0
 10
5836.441221
 20
14658.883956
 42
0.027550
  0
VERTEX
  8
0
 10
5933.500000
 20
14677.017555
 42
0.027124
  0
VERTEX
  8
0
 10
6028.206771
 20
14705.694574
 42
0.027405
  0
VERTEX
  8
0
 10
6118.917481
 20
14744.373367
 42
0.027389
  0
VERTEX
  8
0
 10
6204.905526
 20
14792.767053
 42
0.027015
  0
VERTEX
  8
0
 10
6285.500000
 20
14850.474103
 42
0.006086
  0
VERTEX
  8
0
 10
6304.884705
 20
14866.394468
 42
0.008590
  0
VERTEX
  8
0
 10
6321.733212
 20
14881.080724
 42
0.008154
  0
VERTEX
  8
0
 10
6338.711697
 20
14896.911324
 42
0.004758
  0
VERTEX
  8
0
 10
6358.570988
 20
14916.410538
 42
0.006595
  0
VERTEX
  8
0
 10
6383.225687
 20
14941.743008
 42
0.010270
  0
VERTEX
  8
0
 10
6403.724502
 20
14964.278343
 42
0.010639
  0
VERTEX
  8
0
 10
6422.750185
 20
14987.037148
 42
0.007845
  0
VERTEX
  8
0
 10
6442.871460
 20
15012.999276
 42
0.031530
  0
VERTEX
  8
0
 10
6505.979684
 20
15109.197860
 42
0.031889
  0
VERTEX
  8
0
 10
6556.225695
 20
15212.213758
 42
0.031854
  0
VERTEX
  8
0
 10
6593.009923
 20
15320.895171
 42
0.031305
  0
VERTEX
  8
0
 10
6615.947044
 20
15434.000000
 42
0.007633
  0
VERTEX
  8
0
 10
6619.693520
 20
15464.499012
 42
0.011346
  0
VERTEX
  8
0
 10
6621.958020
 20
15491.307410
 42
0.010338
  0
VERTEX
  8
0
 10
6623.130387
 20
15519.953802
 42
0.005057
  0
VERTEX
  8
0
 10
6623.500000
 20
15556.500000
 42
0.005040
  0
VERTEX
  8
0
 10
6623.131957
 20
15593.011820
 42
0.010338
  0
VERTEX
  8
0
 10
6621.963979
 20
15621.598637
 42
0.011323
  0
VERTEX
  8
0
 10
6619.703694
 20
15648.394103
 42
0.007530
  0
VERTEX
  8
0
 10
6615.955569
 20
15679.000000
 42
0.042556
  0
VERTEX
  8
0
 10
6581.867254
 20
15830.036761
 42
0.042780
  0
VERTEX
  8
0
 10
6522.740647
 20
15972.843636
 42
0.042785
  0
VERTEX
  8
0
 10
6440.181233
 20
16103.489362
 42
0.042588
  0
VERTEX
  8
0
 10
6336.474665
 20
16218.395733
 42
0.040077
  0
VERTEX
  8
0
 10
6223.641774
 20
16308.035987
 42
0.039991
  0
VERTEX
  8
0
 10
6097.873809
 20
16378.599835
 42
0.039934
  0
VERTEX
  8
0
 10
5962.300002
 20
16428.323838
 42
0.039718
  0
VERTEX
  8
0
 10
5820.299336
 20
16455.974181
 42
0.011239
  0
VERTEX
  8
0
 10
5787.308523
 20
16458.966100
 42
0.007859
  0
VERTEX
  8
0
 10
5750.015659
 20
16460.916327
 42
0.007914
  0
VERTEX
  8
0
 10
5713.246402
 20
16461.677614
 42
0.012765
  0
SEQEND
  0
POLYLINE
  8
0
 66
1
 70
1
  0
VERTEX
  8
0
 10
5754.000000
 20
16440.990881
 42
-0.033000
  0
VERTEX
  8
0
 10
5875.971768
 20
16427.567474
 42
-0.034623
  0
VERTEX
  8
0
 10
5993.123801
 20
16398.301010
 42
-0.034731
  0
VERTEX
  8
0
 10
6104.781113
 20
16353.255290
 42
-0.033652
  0
VERTEX
  8
0
 10
6210.367390
 20
16292.776622
 42
-0.011813
  0
VERTEX
  8
0
 10
6246.716662
 20
16267.313316
 42
-0.013461
  0
VERTEX
  8
0
 10
6280.239562
 20
16241.209046
 42
-0.013318
  0
VERTEX
  8
0
 10
6312.615764
 20
16213.088329
 42
-0.011100
  0
VERTEX
  8
0
 10
6345.522818
 20
16181.559955
 42
-0.025817
  0
VERTEX
  8
0
 10
6407.990748
 20
16112.172706
 42
-0.026701
  0
VERTEX
  8
0
 10
6462.227589
 20
16037.465271
 42
-0.026655
  0
VERTEX
  8
0
 10
6508.276184
 20
15957.275871
 42
-0.025531
  0
VERTEX
  8
0
 10
6546.264976
 20
15871.500000
 42
-0.018415
  0
VERTEX
  8
0
 10
6566.799247
 20
15811.363042
 42
-0.018457
  0
VERTEX
  8
0
 10
6582.835225
 20
15749.923925
 42
-0.018085
  0
VERTEX
  8
0
 10
6594.565015
 20
15686.271780
 42
-0.016156
  0
VERTEX
  8
0
 10
6602.193910
 20
15619.500000
 42
-0.017112
  0
VERTEX
  8
0
 10
6603.248104
 20
15597.195874
 42
-0.003248
  0
VERTEX
  8
0
 10
6603.513086
 20
15556.509799
 42
-0.003250
  0
VERTEX
  8
0
 10
6603.249337
 20
15515.822963
 42
-0.017086
  0
VERTEX
  8
0
 10
6602.196032
 20
15493.500000
 42
-0.010522
  0
VERTEX
  8
0
 10
6597.453962
 20
15447.335540
 42
-0.012221
  0
VERTEX
  8
0
 10
6590.950776
 20
15403.670304
 42
-0.012545
  0
VERTEX
  8
0
 10
6582.501261
 20
15361.418339
 42
-0.012420
  0
VERTEX
  8
0
 10
6571.918093
 20
15319.500000
 42
-0.028135
  0
VERTEX
  8
0
 10
6539.205830
 20
15223.494360
 42
-0.028822
  0
VERTEX
  8
0
 10
6496.144453
 20
15132.564034
 42
-0.028711
  0
VERTEX
  8
0
 10
6442.737814
 20
15046.867833
 42
-0.027452
  0
VERTEX
  8
0
 10
6379.117517
 20
14966.500000
 42
-0.011553
  0
VERTEX
  8
0
 10
6364.009524
 20
14950.204456
 42
-0.004631
  0
VERTEX
  8
0
 10
6342.625643
 20
14928.586984
 42
-0.004639
  0
VERTEX
  8
0
 10
6320.802524
 20
14907.328592
 42
-0.011281
  0
VERTEX
  8
0
 10
6304.215107
 20
14892.169053
 42
-0.025684
  0
VERTEX
  8
0
 10
6229.022818
 20
14833.020609
 42
-0.026673
  0
VERTEX
  8
0
 10
6149.077493
 20
14782.693292
 42
-0.026858
  0
VERTEX
  8
0
 10
6064.772225
 20
14741.468135
 42
-0.026872
  0
VERTEX
  8
0
 10
5976.547859
 20
14709.525896
 42
-0.025931
  0
VERTEX
  8
0
 10
5885.230520
 20
14687.005173
 42
-0.026656
  0
VERTEX
  8
0
 10
5792.909150
 20
14674.310754
 42
-0.026666
  0
VERTEX
  8
0
 10
5699.792771
 20
14671.513956
 42
-0.025991
  0
VERTEX
  8
0
 10
5606.099007
 20
14678.578944
 42
-0.032181
  0
VERTEX
  8
0
 10
5494.782657
 20
14700.168799
 42
-0.032185
  0
VERTEX
  8
0
 10
5387.162610
 20
14735.863944
 42
-0.032142
  0
VERTEX
  8
0
 10
5284.878366
 20
14785.130485
 42
-0.031901
  0
VERTEX
  8
0
 10
5189.481821
 20
14847.211275
 42
-0.015149
  0
VERTEX
  8
0
 10
5148.868792
 20
14879.452459
 42
-0.014434
  0
VERTEX
  8
0
 10
5109.605057
 20
14914.600720
 42
-0.014463
  0
VERTEX
  8
0
 10
5072.516829
 20
14951.877817
 42
-0.015381
  0
VERTEX
  8
0
 10
5038.425032
 20
14990.500000
 42
-0.051412
  0
VERTEX
  8
0
 10
4936.803795
 20
15142.378803
 42
-0.051586
  0
VERTEX
  8
0
 10
4868.443792
 20
15311.627322
 42
-0.051663
  0
VERTEX
  8
0
 10
4836.249026
 20
15491.044620
 42
-0.051874
  0
VERTEX
  8
0
 10
4841.588680
 20
15673.000000
 42
-0.046759
  0
VERTEX
  8
0
 10
4878.995555
 20
15835.361463
 42
-0.047188
  0
VERTEX
  8
0
 10
4945.845022
 20
15987.420211
 42
-0.047178
  0
VERTEX
  8
0
 10
5040.034025
 20
16124.275355
 42
-0.046702
  0
VERTEX
  8
0
 10
5158.500000
 20
16241.559420
 42
-0.025866
  0
VERTEX
  8
0
 10
5229.698906
 20
16294.054827
 42
-0.024856
  0
VERTEX
  8
0
 10
5306.867218
 20
16339.674652
 42
-0.024833
  0
VERTEX
  8
0
 10
5388.256672
 20
16377.450230
 42
-0.025698
  0
VERTEX
  8
0
 10
5472.077771
 20
16406.489648
 42
-0.020127
  0
VERTEX
  8
0
 10
5541.738348
 20
16423.675053
 42
-0.019965
  0
VERTEX
  8
0
 10
5612.741899
 20
16435.257354
 42
-0.020117
  0
VERTEX
  8
0
 10
5683.894254
 20
16441.072284
 42
-0.021241
  0
SEQEND
  0
POLYLINE
  8
0
 66
1
 70
1
  0
VERTEX
  8
0
 10
12764.216469
 20
16460.923129
 42
0.026301
  0
VERTEX
  8
0
 10
12669.428679
 20
16451.929860
 42
0.026399
  0
VERTEX
  8
0
 10
12576.228364
 20
16433.040241
 42
0.026380
  0
VERTEX
  8
0
 10
12485.474737
 20
16404.418823
 42
0.026178
  0
VERTEX
  8
0
 10
12398.000000
 20
16366.337716
 42
0.010401
  0
VERTEX
  8
0
 10
12360.980470
 20
16346.888621
 42
0.011948
  0
VERTEX
  8
0
 10
12326.499729
 20
16326.758197
 42
0.011996
  0
VERTEX
  8
0
 10
12293.142820
 20
16305.078823
 42
0.010658
  0
VERTEX
  8
0
 10
12259.500000
 20
16280.978224
 42
0.007534
  0
VERTEX
  8
0
 10
12232.783425
 20
16260.328494
 42
0.010761
  0
VERTEX
  8
0
 10
12209.760451
 20
16241.148228
 42
0.010532
  0
VERTEX
  8
0
 10
12187.217106
 20
16220.680414
 42
0.006789
  0
VERTEX
  8
0
 10
12161.929582
 20
16196.070418
 42
0.006756
  0
VERTEX
  8
0
 10
12137.595965
 20
16171.070150
 42
0.010270
  0
VERTEX
  8
0
 10
12117.203978
 20
16148.639845
 42
0.010581
  0
VERTEX
  8
0
 10
12098.200763
 20
16125.900644
 42
0.007835
  0
VERTEX
  8
0
 10
12078.128540
 20
16100.000724
 42
0.034378
  0
VERTEX
  8
0
 10
12010.088930
 20
15994.987000
 42
0.034545
  0
VERTEX
  8
0
 10
11957.204546
 20
15881.806809
 42
0.034591
  0
VERTEX
  8
0
 10
11920.464371
 20
15762.569607
 42
0.034673
  0
VERTEX
  8
0
 10
11900.549831
 20
15639.500000
 42
0.011873
  0
VERTEX
  8
0
 10
11897.795347
 20
15598.671305
 42
0.010914
  0
VERTEX
  8
0
 10
11896.878298
 20
15556.593537
 42
0.010903
  0
VERTEX
  8
0
 10
11897.798458
 20
15514.469054
 42
0.011779
  0
VERTEX
  8
0
 10
11900.555804
 20
15473.500000
 42
0.034773
  0
VERTEX
  8
0
 10
11920.434383
 20
15350.537096
 42
0.034540
  0
VERTEX
  8
0
 10
11957.189457
 20
15231.230981
 42
0.034505
  0
VERTEX
  8
0
 10
12010.063463
 20
15118.005038
 42
0.034540
  0
VERTEX
  8
0
 10
12077.991076
 20
15013.166739
 42
0.007558
  0
VERTEX
  8
0
 10
12098.377741
 20
14986.849072
 42
0.010889
  0
VERTEX
  8
0
 10
12117.263122
 20
14964.243569
 42
0.010533
  0
VERTEX
  8
0
 10
12137.588076
 20
14941.931135
 42
0.006453
  0
VERTEX
  8
0
 10
12162.434297
 20
14916.450262
 42
0.010375
  0
VERTEX
  8
0
 10
12196.273199
 20
14884.006462
 42
0.013597
  0
VERTEX
  8
0
 10
12228.571205
 20
14855.883329
 42
0.013822
  0
VERTEX
  8
0
 10
12261.907755
 20
14829.926380
 42
0.011348
  0
VERTEX
  8
0
 10
12298.864234
 20
14804.028671
 42
0.045473
  0
VERTEX
  8
0
 10
12444.538110
 20
14724.889096
 42
0.045910
  0
VERTEX
  8
0
 10
12601.658411
 20
14673.688220
 42
0.045934
  0
VERTEX
  8
0
 10
12765.403839
 20
14652.037290
 42
0.045622
  0
VERTEX
  8
0
 10
12930.732804
 20
14660.563321
 42
0.036271
  0
VERTEX
  8
0
 10
13059.623910
 20
14688.739055
 42
0.036706
  0
VERTEX
  8
0
 10
13182.558073
 20
14735.166855
 42
0.036598
  0
VERTEX
  8
0
 10
13297.712897
 20
14799.224429
 42
0.035603
  0
VERTEX
  8
0
 10
13403.427785
 20
14879.921240
 42
0.011363
  0
VERTEX
  8
0
 10
13419.112713
 20
14894.413207
 42
0.003971
  0
VERTEX
  8
0
 10
13441.027062
 20
14915.943222
 42
0.003972
  0
VERTEX
  8
0
 10
13462.600462
 20
14937.822470
 42
0.011333
  0
VERTEX
  8
0
 10
13477.139867
 20
14953.500000
 42
0.015834
  0
VERTEX
  8
0
 10
13515.820338
 20
15000.041236
 42
0.016464
  0
VERTEX
  8
0
 10
13550.956422
 20
15048.350038
 42
0.016552
  0
VERTEX
  8
0
 10
13582.664057
 20
15098.610784
 42
0.016411
  0
VERTEX
  8
0
 10
13611.072828
 20
15151.000000
 42
0.022562
  0
VERTEX
  8
0
 10
13644.582809
 20
15226.250601
 42
0.022588
  0
VERTEX
  8
0
 10
13671.161548
 20
15304.186560
 42
0.022673
  0
VERTEX
  8
0
 10
13690.515197
 20
15383.907886
 42
0.023153
  0
VERTEX
  8
0
 10
13702.409133
 20
15464.500000
 42
0.004556
  0
VERTEX
  8
0
 10
13704.574410
 20
15488.198333
 42
0.009547
  0
VERTEX
  8
0
 10
13705.737894
 20
15506.668478
 42
0.008291
  0
VERTEX
  8
0
 10
13706.284169
 20
15526.722520
 42
0.002663
  0
VERTEX
  8
0
 10
13706.442754
 20
15556.500000
 42
0.005473
  0
VERTEX
  8
0
 10
13706.036109
 20
15593.648184
 42
0.011098
  0
VERTEX
  8
0
 10
13704.747980
 20
15622.847003
 42
0.011759
  0
VERTEX
  8
0
 10
13702.225934
 20
15650.856852
 42
0.007021
  0
VERTEX
  8
0
 10
13697.976674
 20
15684.040822
 42
0.052534
  0
VERTEX
  8
0
 10
13651.683270
 20
15868.123963
 42
0.052550
  0
VERTEX
  8
0
 10
13568.045721
 20
16038.497789
 42
0.052567
  0
VERTEX
  8
0
 10
13450.759586
 20
16187.642945
 42
0.052639
  0
VERTEX
  8
0
 10
13305.000000
 20
16308.974043
 42
0.039438
  0
VERTEX
  8
0
 10
13180.478200
 20
16378.654661
 42
0.039375
  0
VERTEX
  8
0
 10
13046.494229
 20
16427.961863
 42
0.039403
  0
VERTEX
  8
0
 10
12906.530196
 20
16455.628078
 42
0.039618
  0
SEQEND
  0
POLYLINE
  8
0
 66
1
 70
1
  0
VERTEX
  8
0
 10
12858.000000
 20
16439.986872
 42
-0.015905
  0
VERTEX
  8
0
 10
12917.182112
 20
16434.103436
 42
-0.016471
  0
VERTEX
  8
0
 10
12975.179006
 20
16424.515648
 42
-0.016569
  0
VERTEX
  8
0
 10
13032.085290
 20
16411.196880
 42
-0.016556
  0
VERTEX
  8
0
 10
13088.000000
 20
16394.135752
 42
-0.045587
  0
VERTEX
  8
0
 10
13235.264983
 20
16328.305111
 42
-0.045666
  0
VERTEX
  8
0
 10
13368.070269
 20
16236.910223
 42
-0.045657
  0
VERTEX
  8
0
 10
13482.102169
 20
16122.906804
 42
-0.045530
  0
VERTEX
  8
0
 10
13573.669126
 20
15990.000000
 42
-0.024254
  0
VERTEX
  8
0
 10
13611.644371
 20
15914.074695
 42
-0.023907
  0
VERTEX
  8
0
 10
13642.290125
 20
15834.467790
 42
-0.023929
  0
VERTEX
  8
0
 10
13665.172311
 20
15752.371264
 42
-0.024404
  0
VERTEX
  8
0
 10
13679.928288
 20
15669.000000
 42
-0.008542
  0
VERTEX
  8
0
 10
13683.439569
 20
15637.001241
 42
-0.009791
  0
VERTEX
  8
0
 10
13685.671553
 20
15606.324442
 42
-0.009665
  0
VERTEX
  8
0
 10
13686.720191
 20
15575.237810
 42
-0.007923
  0
VERTEX
  8
0
 10
13686.671826
 20
15542.000000
 42
-0.009852
  0
VERTEX
  8
0
 10
13685.116203
 20
15499.979899
 42
-0.012039
  0
VERTEX
  8
0
 10
13681.942803
 20
15460.782587
 42
-0.012270
  0
VERTEX
  8
0
 10
13676.951635
 20
15422.425981
 42
-0.011011
  0
VERTEX
  8
0
 10
13669.931712
 20
15382.943147
 42
-0.045533
  0
VERTEX
  8
0
 10
13623.804546
 20
15227.792612
 42
-0.045857
  0
VERTEX
  8
0
 10
13550.437889
 20
15083.943826
 42
-0.045836
  0
VERTEX
  8
0
 10
13452.044566
 20
14955.820184
 42
-0.045408
  0
VERTEX
  8
0
 10
13331.668290
 20
14847.323353
 42
-0.022986
  0
VERTEX
  8
0
 10
13266.150766
 20
14802.805272
 42
-0.022254
  0
VERTEX
  8
0
 10
13196.126971
 20
14763.971014
 42
-0.022261
  0
VERTEX
  8
0
 10
13122.950596
 20
14731.525536
 42
-0.023035
  0
VERTEX
  8
0
 10
13048.000000
 20
14706.123837
 42
-0.025865
  0
VERTEX
  8
0
 10
12957.565244
 20
14685.046154
 42
-0.026286
  0
VERTEX
  8
0
 10
12865.923434
 20
14673.558294
 42
-0.026249
  0
VERTEX
  8
0
 10
12773.457754
 20
14671.740114
 42
-0.025627
  0
VERTEX
  8
0
 10
12680.560219
 20
14679.568312
 42
-0.008286
  0
VERTEX
  8
0
 10
12658.867117
 20
14682.888712
 42
-0.005680
  0
VERTEX
  8
0
 10
12634.362155
 20
14687.343184
 42
-0.005658
  0
VERTEX
  8
0
 10
12609.796488
 20
14692.386612
 42
-0.007841
  0
VERTEX
  8
0
 10
12587.902577
 20
14697.501101
 42
-0.066876
  0
VERTEX
  8
0
 10
12367.860890
 20
14785.063055
 42
-0.067150
  0
VERTEX
  8
0
 10
12179.071769
 20
14927.504552
 42
-0.067155
  0
VERTEX
  8
0
 10
12034.790726
 20
15114.868901
 42
-0.066908
  0
VERTEX
  8
0
 10
11945.102915
 20
15334.000000
 42
-0.009791
  0
VERTEX
  8
0
 10
11937.133556
 20
15367.243093
 42
-0.009920
  0
VERTEX
  8
0
 10
11930.509506
 20
15400.628458
 42
-0.009860
  0
VERTEX
  8
0
 10
11925.179438
 20
15434.449686
 42
-0.009397
  0
VERTEX
  8
0
 10
11921.090571
 20
15469.000000
 42
-0.005353
  0
VERTEX
  8
0
 10
11919.106542
 20
15491.411329
 42
-0.007719
  0
VERTEX
  8
0
 10
11917.870349
 20
15511.274994
 42
-0.007371
  0
VERTEX
  8
0
 10
11917.212473
 20
15531.842960
 42
-0.004308
  0
VERTEX
  8
0
 10
11917.000000
 20
15556.500000
 42
-0.004303
  0
VERTEX
  8
0
 10
11917.211934
 20
15581.126247
 42
-0.007352
  0
VERTEX
  8
0
 10
11917.868053
 20
15601.676898
 42
-0.007689
  0
VERTEX
  8
0
 10
11919.101490
 20
15621.546394
 42
-0.005307
  0
VERTEX
  8
0
 10
11921.082251
 20
15644.000000
 42
-0.027683
  0
VERTEX
  8
0
 10
11936.020660
 20
15740.263807
 42
-0.027541
  0
VERTEX
  8
0
 10
11961.519851
 20
15834.456975
 42
-0.027500
  0
VERTEX
  8
0
 10
11997.262273
 20
15925.411875
 42
-0.027408
  0
VERTEX
  8
0
 10
12042.806359
 20
16012.000000
 42
-0.011445
  0
VERTEX
  8
0
 10
12059.418937
 20
16038.385355
 42
-0.007730
  0
VERTEX
  8
0
 10
12079.507836
 20
16067.732965
 42
-0.007742
  0
VERTEX
  8
0
 10
12100.427032
 20
16096.351924
 42
-0.011756
  0
VERTEX
  8
0
 10
12119.566145
 20
16120.500000
 42
-0.011755
  0
VERTEX
  8
0
 10
12146.878456
 20
16151.815921
 42
-0.011206
  0
VERTEX
  8
0
 10
12176.061410
 20
16182.328062
 42
-0.011242
  0
VERTEX
  8
0
 10
12206.480555
 20
16211.400611
 42
-0.012043
  0
VERTEX
  8
0
 10
12237.500000
 20
16238.398910
 42
-0.038115
  0
VERTEX
  8
0
 10
12346.735353
 20
16315.712428
 42
-0.037965
  0
VERTEX
  8
0
 10
12466.582027
 20
16375.663862
 42
-0.037886
  0
VERTEX
  8
0
 10
12594.362045
 20
16416.906528
 42
-0.037610
  0
VERTEX
  8
0
 10
12727.215258
 20
16438.521931
 42
-0.010612
  0
VERTEX
  8
0
 10
12758.733597
 20
16440.569746
 42
-0.008114
  0
VERTEX
  8
0
 10
12793.269752
 20
16441.517285
 42
-0.008165
  0
VERTEX
  8
0
 10
12827.483085
 20
16441.341783
 42
-0.011455
  0
SEQEND
  0
POLYLINE
  8
0
 66
1
 70
1
  0
VERTEX
  8
0
 10
19847.449121
 20
16460.930943
 42
0.040780
  0
VERTEX
  8
0
 10
19700.926945
 20
16442.723812
 42
0.040652
  0
VERTEX
  8
0
 10
19559.143824
 20
16400.968825
 42
0.040708
  0
VERTEX
  8
0
 10
19426.166580
 20
16336.891813
 42
0.041140
  0
VERTEX
  8
0
 10
19305.827743
 20
16252.311120
 42
0.011062
  0
VERTEX
  8
0
 10
19277.643904
 20
16227.741409
 42
0.009700
  0
VERTEX
  8
0
 10
19249.288050
 20
16200.870435
 42
0.009722
  0
VERTEX
  8
0
 10
19222.070659
 20
16172.993921
 42
0.011282
  0
VERTEX
  8
0
 10
19197.308738
 20
16145.403762
 42
0.035025
  0
VERTEX
  8
0
 10
19122.413547
 20
16044.568166
 42
0.034680
  0
VERTEX
  8
0
 10
19062.051471
 20
15933.941411
 42
0.034681
  0
VERTEX
  8
0
 10
19017.560582
 20
15816.034663
 42
0.035028
  0
VERTEX
  8
0
 10
18989.971738
 20
15693.500000
 42
0.008673
  0
VERTEX
  8
0
 10
18985.284212
 20
15658.750367
 42
0.010829
  0
VERTEX
  8
0
 10
18982.193215
 20
15626.339409
 42
0.010603
  0
VERTEX
  8
0
 10
18980.464757
 20
15593.268703
 42
0.007753
  0
VERTEX
  8
0
 10
18979.894571
 20
15556.500000
 42
0.007812
  0
VERTEX
  8
0
 10
18980.468820
 20
15519.746780
 42
0.010478
  0
VERTEX
  8
0
 10
18982.207333
 20
15486.473115
 42
0.010755
  0
VERTEX
  8
0
 10
18985.289881
 20
15454.007947
 42
0.009007
  0
VERTEX
  8
0
 10
18989.918870
 20
15419.719242
 42
0.027059
  0
VERTEX
  8
0
 10
19010.050376
 20
15323.528058
 42
0.027124
  0
VERTEX
  8
0
 10
19040.440486
 20
15230.152300
 42
0.027123
  0
VERTEX
  8
0
 10
19080.761319
 20
15140.613203
 42
0.027055
  0
VERTEX
  8
0
 10
19130.568576
 20
15055.887025
 42
0.049232
  0
VERTEX
  8
0
 10
19242.462786
 20
14918.623289
 42
0.049023
  0
VERTEX
  8
0
 10
19379.181205
 20
14805.665289
 42
0.049027
  0
VERTEX
  8
0
 10
19535.262201
 20
14721.493726
 42
0.049259
  0
VERTEX
  8
0
 10
19704.500000
 20
14669.482832
 42
0.022762
  0
VERTEX
  8
0
 10
19788.039837
 20
14656.497258
 42
0.023499
  0
VERTEX
  8
0
 10
19871.528725
 20
14651.339413
 42
0.023501
  0
VERTEX
  8
0
 10
19955.128478
 20
14654.039206
 42
0.022771
  0
VERTEX
  8
0
 10
20039.000000
 20
14664.561959
 42
0.032390
  0
VERTEX
  8
0
 10
20151.939676
 20
14691.614540
 42
0.032144
  0
VERTEX
  8
0
 10
20260.736683
 20
14733.079094
 42
0.032123
  0
VERTEX
  8
0
 10
20363.389916
 20
14788.178118
 42
0.032247
  0
VERTEX
  8
0
 10
20458.000000
 20
14855.908158
 42
0.012669
  0
VERTEX
  8
0
 10
20490.063252
 20
14883.529757
 42
0.011263
  0
VERTEX
  8
0
 10
20521.996740
 20
14913.818952
 42
0.011252
  0
VERTEX
  8
0
 10
20552.568109
 20
14945.549889
 42
0.012568
  0
VERTEX
  8
0
 10
20580.542509
 20
14977.500000
 42
0.060159
  0
VERTEX
  8
0
 10
20698.203527
 20
15159.524542
 42
0.060037
  0
VERTEX
  8
0
 10
20769.251889
 20
15364.448165
 42
0.060049
  0
VERTEX
  8
0
 10
20789.574540
 20
15580.346461
 42
0.060226
  0
VERTEX
  8
0
 10
20757.970620
 20
15794.665444
 42
0.037947
  0
VERTEX
  8
0
 10
20711.584531
 20
15924.732030
 42
0.038381
  0
VERTEX
  8
0
 10
20646.217898
 20
16045.775460
 42
0.038251
  0
VERTEX
  8
0
 10
20562.882458
 20
16155.775845
 42
0.037147
  0
VERTEX
  8
0
 10
20463.000000
 20
16252.964231
 42
0.012114
  0
VERTEX
  8
0
 10
20438.120287
 20
16272.806858
 42
0.008125
  0
VERTEX
  8
0
 10
20408.779177
 20
16294.324350
 42
0.008073
  0
VERTEX
  8
0
 10
20378.410417
 20
16315.117183
 42
0.011046
  0
VERTEX
  8
0
 10
20350.371230
 20
16332.779712
 42
0.036499
  0
VERTEX
  8
0
 10
20233.052688
 20
16391.942310
 42
0.036167
  0
VERTEX
  8
0
 10
20108.023251
 20
16433.626462
 42
0.036202
  0
VERTEX
  8
0
 10
19978.413165
 20
16456.827560
 42
0.036735
  0
SEQEND
  0
POLYLINE
  8
0
 66
1
 70
1
  0
VERTEX
  8
0
 10
19940.500000
 20
16439.992030
 42
-0.049417
  0
VERTEX
  8
0
 10
20114.731442
 20
16411.222227
 42
-0.049879
  0
VERTEX
  8
0
 10
20279.357086
 20
16348.866394
 42
-0.049964
  0
VERTEX
  8
0
 10
20428.122136
 20
16255.267288
 42
-0.049932
  0
VERTEX
  8
0
 10
20555.399294
 20
16134.000000
 42
-0.014477
  0
VERTEX
  8
0
 10
20590.780229
 20
16090.322654
 42
-0.016493
  0
VERTEX
  8
0
 10
20622.001239
 20
16046.488856
 42
-0.016480
  0
VERTEX
  8
0
 10
20650.285488
 20
16000.661711
 42
-0.014410
  0
VERTEX
  8
0
 10
20676.850476
 20
15951.000000
 42
-0.007107
  0
VERTEX
  8
0
 10
20690.867421
 20
15921.845720
 42
-0.009837
  0
VERTEX
  8
0
 10
20702.546413
 20
15895.285507
 42
-0.009917
  0
VERTEX
  8
0
 10
20713.099435
 20
15868.457109
 42
-0.007413
  0
VERTEX
  8
0
 10
20723.699855
 20
15838.500000
 42
-0.058209
  0
VERTEX
  8
0
 10
20766.109260
 20
15638.539437
 42
-0.058009
  0
VERTEX
  8
0
 10
20761.365487
 20
15433.949060
 42
-0.057969
  0
VERTEX
  8
0
 10
20709.736366
 20
15235.791339
 42
-0.057976
  0
VERTEX
  8
0
 10
20614.000000
 20
15054.785734
 42
-0.049344
  0
VERTEX
  8
0
 10
20501.808879
 20
14921.842131
 42
-0.049290
  0
VERTEX
  8
0
 10
20365.704448
 20
14813.403328
 42
-0.049247
  0
VERTEX
  8
0
 10
20210.890165
 20
14733.623936
 42
-0.049084
  0
VERTEX
  8
0
 10
20043.292484
 20
14685.552581
 42
-0.025772
  0
VERTEX
  8
0
 10
19954.849171
 20
14674.016272
 42
-0.025219
  0
VERTEX
  8
0
 10
19865.042992
 20
14671.524021
 42
-0.025176
  0
VERTEX
  8
0
 10
19775.288564
 20
14678.090044
 42
-0.025469
  0
VERTEX
  8
0
 10
19687.000000
 20
14693.636012
 42
-0.044619
  0
VERTEX
  8
0
 10
19537.189092
 20
14742.352727
 42
-0.044614
  0
VERTEX
  8
0
 10
19398.391501
 20
14816.876800
 42
-0.044576
  0
VERTEX
  8
0
 10
19274.908211
 20
14914.910433
 42
-0.044381
  0
VERTEX
  8
0
 10
19170.556340
 20
15033.412113
 42
-0.052568
  0
VERTEX
  8
0
 10
19077.971766
 20
15192.065755
 42
-0.052002
  0
VERTEX
  8
0
 10
19020.100224
 20
15367.110704
 42
-0.051974
  0
VERTEX
  8
0
 10
18999.570221
 20
15550.418111
 42
-0.052401
  0
VERTEX
  8
0
 10
19017.390133
 20
15733.500000
 42
-0.030240
  0
VERTEX
  8
0
 10
19045.206889
 20
15837.149776
 42
-0.030292
  0
VERTEX
  8
0
 10
19085.310971
 20
15936.626050
 42
-0.030300
  0
VERTEX
  8
0
 10
19137.128659
 20
16030.500731
 42
-0.030297
  0
VERTEX
  8
0
 10
19199.914698
 20
16117.427785
 42
-0.006191
  0
VERTEX
  8
0
 10
19213.783383
 20
16133.944025
 42
-0.007247
  0
VERTEX
  8
0
 10
19227.358945
 20
16149.256045
 42
-0.006888
  0
VERTEX
  8
0
 10
19241.946658
 20
16164.801393
 42
-0.004724
  0
VERTEX
  8
0
 10
19258.905210
 20
16182.052316
 42
-0.006852
  0
VERTEX
  8
0
 10
19283.447579
 20
16205.888102
 42
-0.010081
  0
VERTEX
  8
0
 10
19305.706468
 20
16226.087422
 42
-0.010401
  0
VERTEX
  8
0
 10
19328.219870
 20
16244.895391
 42
-0.008036
  0
VERTEX
  8
0
 10
19353.500000
 20
16264.478602
 42
-0.037088
  0
VERTEX
  8
0
 10
19465.389360
 20
16336.019111
 42
-0.037781
  0
VERTEX
  8
0
 10
19585.944618
 20
16389.741551
 42
-0.037649
  0
VERTEX
  8
0
 10
19713.620368
 20
16424.859928
 42
-0.036281
  0
VERTEX
  8
0
 10
19846.715258
 20
16440.993506
 42
-0.010776
  0
VERTEX
  8
0
 10
19865.837464
 20
16441.501309
 42
-0.003919
  0
VERTEX
  8
0
 10
19892.955045
 20
16441.424295
 42
-0.003961
  0
VERTEX
  8
0
 10
19920.311662
 20
16440.915428
 42
-0.009594
  0
SEQEND
  0
POLYLINE
  8
0
 66
1
 70
1
  0
VERTEX
  8
0
 10
4124.000000
 20
11601.380945
 42
0.005208
  0
VERTEX
  8
0
 10
4120.999841
 20
11601.131441
 42
0.001234
  0
VERTEX
  8
0
 10
4116.003125
 20
11600.651000
 42
0.001270
  0
VERTEX
  8
0
 10
4110.263281
 20
11600.070078
 42
0.001252
  0
VERTEX
  8
0
 10
4104.500000
 20
11599.457398
 42
0.076520
  0
VERTEX
  8
0
 10
3994.851702
 20
11570.152678
 42
0.076431
  0
VERTEX
  8
0
 10
3899.045106
 20
11509.220263
 42
0.076431
  0
VERTEX
  8
0
 10
3825.968880
 20
11422.319873
 42
0.076517
  0
VERTEX
  8
0
 10
3782.409392
 20
11317.513002
 42
0.026558
  0
VERTEX
  8
0
 10
3775.047340
 20
11278.827359
 42
0.026011
  0
VERTEX
  8
0
 10
3771.762049
 20
11239.309019
 42
0.026109
  0
VERTEX
  8
0
 10
3772.602382
 20
11199.813248
 42
0.027265
  0
VERTEX
  8
0
 10
3777.572542
 20
11161.195128
 42
0.057279
  0
VERTEX
  8
0
 10
3803.066650
 20
11077.879461
 42
0.058660
  0
VERTEX
  8
0
 10
3846.653829
 20
11003.242924
 42
0.058642
  0
VERTEX
  8
0
 10
3906.396964
 20
10940.749409
 42
0.057176
  0
VERTEX
  8
0
 10
3979.500000
 20
10893.217556
 42
0.022271
  0
VERTEX
  8
0
 10
4009.205035
 20
10880.031971
 42
0.022211
  0
VERTEX
  8
0
 10
4039.991581
 20
10869.527860
 42
0.021882
  0
VERTEX
  8
0
 10
4072.034298
 20
10861.664961
 42
0.020213
  0
VERTEX
  8
0
 10
4105.500000
 20
10856.385916
 42
0.019826
  0
VERTEX
  8
0
 10
4120.997343
 20
10855.199768
 42
0.007346
  0
VERTEX
  8
0
 10
4142.878808
 20
10854.717152
 42
0.007321
  0
VERTEX
  8
0
 10
4164.716394
 20
10854.876160
 42
0.020450
  0
VERTEX
  8
0
 10
4180.000000
 20
10855.837519
 42
0.039979
  0
VERTEX
  8
0
 10
4243.378464
 20
10867.608222
 42
0.042574
  0
VERTEX
  8
0
 10
4302.698212
 20
10889.170276
 42
0.042907
  0
VERTEX
  8
0
 10
4357.100809
 20
10920.282892
 42
0.041898
  0
VERTEX
  8
0
 10
4405.862476
 20
10960.446269
 42
0.071473
  0
VERTEX
  8
0
 10
4471.058240
 20
11045.263154
 42
0.072074
  0
VERTEX
  8
0
 10
4509.507959
 20
11144.767612
 42
0.072047
  0
VERTEX
  8
0
 10
4518.141278
 20
11251.127244
 42
0.071332
  0
VERTEX
  8
0
 10
4496.316433
 20
11355.950402
 42
0.022995
  0
VERTEX
  8
0
 10
4483.766853
 20
11386.164108
 42
0.021597
  0
VERTEX
  8
0
 10
4468.255009
 20
11415.753624
 42
0.021586
  0
VERTEX
  8
0
 10
4450.239684
 20
11443.909631
 42
0.022911
  0
VERTEX
  8
0
 10
4430.196371
 20
11469.832432
 42
0.015351
  0
VERTEX
  8
0
 10
4419.504539
 20
11481.667427
 42
0.007949
  0
VERTEX
  8
0
 10
4405.468693
 20
11495.819009
 42
0.007935
  0
VERTEX
  8
0
 10
4391.119953
 20
11509.395123
 42
0.016819
  0
VERTEX
  8
0
 10
4379.500000
 20
11519.347145
 42
0.034678
  0
VERTEX
  8
0
 10
4336.003537
 20
11549.442373
 42
0.035570
  0
VERTEX
  8
0
 10
4289.122895
 20
11572.952119
 42
0.035399
  0
VERTEX
  8
0
 10
4239.166270
 20
11589.671078
 42
0.033653
  0
VERTEX
  8
0
 10
4186.500000
 20
11599.521717
 42
0.017300
  0
VERTEX
  8
0
 10
4174.180106
 20
11600.546938
 42
0.004673
  0
VERTEX
  8
0
 10
4154.598669
 20
11601.312649
 42
0.004448
  0
VERTEX
  8
0
 10
4135.133351
 20
11601.718437
 42
0.021130
  0
SEQEND
  0
POLYLINE
  8
0
 66
1
 70
1
  0
VERTEX
  8
0
 10
4162.356398
 20
11423.968835
 42
-0.061208
  0
VERTEX
  8
0
 10
4211.039241
 20
11413.245447
 42
-0.063356
  0
VERTEX
  8
0
 10
4255.066537
 20
11391.123515
 42
-0.063602
  0
VERTEX
  8
0
 10
4292.011207
 20
11358.773562
 42
-0.062517
  0
VERTEX
  8
0
 10
4319.888170
 20
11318.000000
 42
-0.104759
  0
VERTEX
  8
0
 10
4341.375315
 20
11239.158768
 42
-0.105139
  0
VERTEX
  8
0
 10
4329.002293
 20
11158.487547
 42
-0.105035
  0
VERTEX
  8
0
 10
4284.858532
 20
11089.768545
 42
-0.104355
  0
VERTEX
  8
0
 10
4216.500000
 20
11044.734017
 42
-0.065227
  0
VERTEX
  8
0
 10
4168.680360
 20
11032.813149
 42
-0.062859
  0
VERTEX
  8
0
 10
4118.780788
 20
11033.387720
 42
-0.062582
  0
VERTEX
  8
0
 10
4070.389194
 20
11046.368157
 42
-0.063598
  0
VERTEX
  8
0
 10
4027.000000
 20
11070.872113
 42
-0.021413
  0
VERTEX
  8
0
 10
4019.161499
 20
11077.262059
 42
-0.009592
  0
VERTEX
  8
0
 10
4009.393046
 20
11086.288570
 42
-0.009613
  0
VERTEX
  8
0
 10
3999.924068
 20
11095.737759
 42
-0.020129
  0
VERTEX
  8
0
 10
3993.008865
 20
11103.512296
 42
-0.029154
  0
VERTEX
  8
0
 10
3980.654696
 20
11120.512620
 42
-0.025645
  0
VERTEX
  8
0
 10
3969.777135
 20
11139.561351
 42
-0.025691
  0
VERTEX
  8
0
 10
3960.926608
 20
11159.584084
 42
-0.029578
  0
VERTEX
  8
0
 10
3954.641477
 20
11179.500000
 42
-0.032034
  0
VERTEX
  8
0
 10
3950.281719
 20
11203.122469
 42
-0.029218
  0
VERTEX
  8
0
 10
3948.795317
 20
11227.849983
 42
-0.029279
  0
VERTEX
  8
0
 10
3950.201529
 20
11252.527445
 42
-0.032537
  0
VERTEX
  8
0
 10
3954.485277
 20
11276.000000
 42
-0.067464
  0
VERTEX
  8
0
 10
3973.990830
 20
11324.794631
 42
-0.067122
  0
VERTEX
  8
0
 10
4005.807951
 20
11366.730105
 42
-0.067134
  0
VERTEX
  8
0
 10
4047.590875
 20
11398.733737
 42
-0.067530
  0
VERTEX
  8
0
 10
4096.278070
 20
11418.446392
 42
-0.007968
  0
VERTEX
  8
0
 10
4102.035257
 20
11419.818216
 42
-0.005995
  0
VERTEX
  8
0
 10
4108.406683
 20
11421.149569
 42
-0.006063
  0
VERTEX
  8
0
 10
4114.429899
 20
11422.257288
 42
-0.013873
  0
VERTEX
  8
0
 10
4119.000000
 20
11422.910659
 42
0.000051
  0
VERTEX
  8
0
 10
4122.857080
 20
11423.353695
 42
0.000056
  0
VERTEX
  8
0
 10
4126.590625
 20
11423.783355
 42
0.000052
  0
VERTEX
  8
0
 10
4129.780003
 20
11424.151096
 42
0.000288
  0
VERTEX
  8
0
 10
4131.500000
 20
11424.350603
 42
-0.022982
  0
VERTEX
  8
0
 10
4137.406737
 20
11424.765333
 42
-0.009129
  0
VERTEX
  8
0
 10
4145.537111
 20
11424.813183
 42
-0.009037
  0
VERTEX
  8
0
 10
4154.294973
 20
11424.546468
 42
-0.011507
  0
SEQEND
  0
POLYLINE
  8
0
 66
1
 70
1
  0
VERTEX
  8
0
 10
7266.000000
 20
11600.972762
 42
0.082364
  0
VERTEX
  8
0
 10
7145.373600
 20
11571.221945
 42
0.083091
  0
VERTEX
  8
0
 10
7041.220039
 20
11504.173157
 42
0.083384
  0
VERTEX
  8
0
 10
6964.847083
 20
11407.106003
 42
0.083759
  0
VERTEX
  8
0
 10
6924.520369
 20
11290.564570
 42
0.007976
  0
VERTEX
  8
0
 10
6922.071941
 20
11274.370134
 42
0.013477
  0
VERTEX
  8
0
 10
6920.603973
 20
11260.722477
 42
0.012940
  0
VERTEX
  8
0
 10
6919.838122
 20
11246.637336
 42
0.006687
  0
VERTEX
  8
0
 10
6919.572376
 20
11229.000000
 42
0.013018
  0
VERTEX
  8
0
 10
6920.183161
 20
11203.913360
 42
0.017652
  0
VERTEX
  8
0
 10
6922.122389
 20
11181.334196
 42
0.017972
  0
VERTEX
  8
0
 10
6925.612986
 20
11159.271953
 42
0.014317
  0
VERTEX
  8
0
 10
6930.907389
 20
11135.760289
 42
0.032756
  0
VERTEX
  8
0
 10
6946.613637
 20
11087.658693
 42
0.034585
  0
VERTEX
  8
0
 10
6968.237407
 20
11042.921335
 42
0.034546
  0
VERTEX
  8
0
 10
6995.846632
 20
11001.547192
 42
0.032532
  0
VERTEX
  8
0
 10
7029.407841
 20
10963.478258
 42
0.032112
  0
VERTEX
  8
0
 10
7066.965622
 20
10930.603674
 42
0.034078
  0
VERTEX
  8
0
 10
7107.714338
 20
10903.516080
 42
0.033881
  0
VERTEX
  8
0
 10
7151.988928
 20
10882.084888
 42
0.031003
  0
VERTEX
  8
0
 10
7200.070866
 20
10866.093027
 42
0.029957
  0
VERTEX
  8
0
 10
7238.516529
 20
10858.331488
 42
0.026201
  0
VERTEX
  8
0
 10
7279.380158
 20
10854.770597
 42
0.026004
  0
VERTEX
  8
0
 10
7320.731370
 20
10855.492835
 42
0.028255
  0
VERTEX
  8
0
 10
7360.638602
 20
10860.546083
 42
0.041339
  0
VERTEX
  8
0
 10
7420.393539
 20
10876.767616
 42
0.041516
  0
VERTEX
  8
0
 10
7476.575897
 20
10902.581275
 42
0.041545
  0
VERTEX
  8
0
 10
7527.685527
 20
10937.301888
 42
0.041523
  0
VERTEX
  8
0
 10
7572.361547
 20
10980.000000
 42
0.038927
  0
VERTEX
  8
0
 10
7607.766032
 20
11026.842314
 42
0.039491
  0
VERTEX
  8
0
 10
7635.290619
 20
11078.388430
 42
0.039280
  0
VERTEX
  8
0
 10
7654.487108
 20
11133.888940
 42
0.037653
  0
VERTEX
  8
0
 10
7665.104702
 20
11192.500000
 42
0.019448
  0
VERTEX
  8
0
 10
7666.032790
 20
11206.747297
 42
0.006330
  0
VERTEX
  8
0
 10
7666.317489
 20
11227.835820
 42
0.006310
  0
VERTEX
  8
0
 10
7666.069369
 20
11248.898090
 42
0.019862
  0
VERTEX
  8
0
 10
7665.163928
 20
11263.000000
 42
0.034198
  0
VERTEX
  8
0
 10
7655.704127
 20
11317.388497
 42
0.036325
  0
VERTEX
  8
0
 10
7639.035612
 20
11368.857818
 42
0.036492
  0
VERTEX
  8
0
 10
7615.178304
 20
11417.160789
 42
0.035176
  0
VERTEX
  8
0
 10
7584.291121
 20
11462.111641
 42
0.018290
  0
VERTEX
  8
0
 10
7573.229368
 20
11475.008910
 42
0.008289
  0
VERTEX
  8
0
 10
7557.865011
 20
11491.106718
 42
0.008232
  0
VERTEX
  8
0
 10
7542.132244
 20
11506.536196
 42
0.020500
  0
VERTEX
  8
0
 10
7530.000000
 20
11517.138587
 42
0.033414
  0
VERTEX
  8
0
 10
7485.275387
 20
11548.424793
 42
0.036214
  0
VERTEX
  8
0
 10
7437.935281
 20
11572.544151
 42
0.036320
  0
VERTEX
  8
0
 10
7387.739831
 20
11589.524840
 42
0.034007
  0
VERTEX
  8
0
 10
7334.500000
 20
11599.521717
 42
0.017406
  0
VERTEX
  8
0
 10
7320.136636
 20
11600.713923
 42
0.006706
  0
VERTEX
  8
0
 10
7300.140890
 20
11601.405905
 42
0.006686
  0
VERTEX
  8
0
 10
7280.182063
 20
11601.561766
 42
0.017975
  0
SEQEND
  0
POLYLINE
  8
0
 66
1
 70
1
  0
VERTEX
  8
0
 10
7310.144045
 20
11423.981318
 42
-0.066071
  0
VERTEX
  8
0
 10
7363.394577
 20
11411.512926
 42
-0.069360
  0
VERTEX
  8
0
 10
7410.595834
 20
11385.699086
 42
-0.069752
  0
VERTEX
  8
0
 10
7448.725699
 20
11348.112080
 42
-0.068041
  0
VERTEX
  8
0
 10
7475.432981
 20
11301.186124
 42
-0.050128
  0
VERTEX
  8
0
 10
7486.335701
 20
11263.465829
 42
-0.050238
  0
VERTEX
  8
0
 10
7489.502868
 20
11224.358339
 42
-0.050098
  0
VERTEX
  8
0
 10
7484.805864
 20
11185.304086
 42
-0.049299
  0
VERTEX
  8
0
 10
7472.428009
 20
11147.742016
 42
-0.040812
  0
VERTEX
  8
0
 10
7458.154414
 20
11121.515995
 42
-0.037571
  0
VERTEX
  8
0
 10
7439.451814
 20
11097.172943
 42
-0.037433
  0
VERTEX
  8
0
 10
7417.239098
 20
11075.816293
 42
-0.039766
  0
VERTEX
  8
0
 10
7392.513633
 20
11058.482402
 42
-0.082894
  0
VERTEX
  8
0
 10
7332.817749
 20
11035.566290
 42
-0.081567
  0
VERTEX
  8
0
 10
7268.568964
 20
11033.101195
 42
-0.081627
  0
VERTEX
  8
0
 10
7206.945957
 20
11051.310411
 42
-0.083189
  0
VERTEX
  8
0
 10
7154.845217
 20
11088.207963
 42
-0.060870
  0
VERTEX
  8
0
 10
7124.424995
 20
11126.842145
 42
-0.063112
  0
VERTEX
  8
0
 10
7104.646093
 20
11171.209009
 42
-0.063087
  0
VERTEX
  8
0
 10
7096.554574
 20
11219.123737
 42
-0.060735
  0
VERTEX
  8
0
 10
7100.489590
 20
11268.186663
 42
-0.059069
  0
VERTEX
  8
0
 10
7114.663217
 20
11311.049572
 42
-0.057929
  0
VERTEX
  8
0
 10
7138.535235
 20
11349.717542
 42
-0.057703
  0
VERTEX
  8
0
 10
7170.740975
 20
11382.007494
 42
-0.057733
  0
VERTEX
  8
0
 10
7209.467985
 20
11406.076880
 42
-0.033947
  0
VERTEX
  8
0
 10
7233.533112
 20
11415.490758
 42
-0.032264
  0
VERTEX
  8
0
 10
7259.060794
 20
11421.751562
 42
-0.032529
  0
VERTEX
  8
0
 10
7284.962764
 20
11424.637682
 42
-0.036011
  0
SEQEND
  0
POLYLINE
  8
0
 66
1
 70
1
  0
VERTEX
  8
0
 10
11201.136114
 20
11600.897150
 42
0.042707
  0
VERTEX
  8
0
 10
11138.733529
 20
11591.008786
 42
0.042013
  0
VERTEX
  8
0
 10
11078.560154
 20
11570.633373
 42
0.042098
  0
VERTEX
  8
0
 10
11022.753589
 20
11540.535030
 42
0.043271
  0
VERTEX
  8
0
 10
10973.326000
 20
11501.756390
 42
0.045445
  0
VERTEX
  8
0
 10
10926.586397
 20
11449.342111
 42
0.047328
  0
VERTEX
  8
0
 10
10890.801591
 20
11390.023728
 42
0.047265
  0
VERTEX
  8
0
 10
10866.772536
 20
11324.959391
 42
0.045089
  0
VERTEX
  8
0
 10
10854.906641
 20
11255.500000
 42
0.017350
  0
VERTEX
  8
0
 10
10854.163223
 20
11238.761427
 42
0.009161
  0
VERTEX
  8
0
 10
10854.342776
 20
11217.964654
 42
0.009161
  0
VERTEX
  8
0
 10
10855.284197
 20
11197.185269
 42
0.017325
  0
VERTEX
  8
0
 10
10856.928681
 20
11180.500000
 42
0.033198
  0
VERTEX
  8
0
 10
10867.216755
 20
11129.553673
 42
0.034730
  0
VERTEX
  8
0
 10
10884.051398
 20
11081.205011
 42
0.034634
  0
VERTEX
  8
0
 10
10907.467669
 20
11035.530283
 42
0.032631
  0
VERTEX
  8
0
 10
10937.386678
 20
10992.559487
 42
0.021261
  0
VERTEX
  8
0
 10
10948.147397
 20
10980.190296
 42
0.007800
  0
VERTEX
  8
0
 10
10964.345253
 20
10963.621760
 42
0.007870
  0
VERTEX
  8
0
 10
10981.183269
 20
10947.445048
 42
0.019249
  0
VERTEX
  8
0
 10
10994.202448
 20
10936.228920
 42
0.050095
  0
VERTEX
  8
0
 10
11057.379290
 20
10895.508058
 42
0.050104
  0
VERTEX
  8
0
 10
11127.388947
 20
10868.168038
 42
0.050171
  0
VERTEX
  8
0
 10
11201.347794
 20
10855.326091
 42
0.050505
  0
VERTEX
  8
0
 10
11276.214231
 20
10857.517324
 42
0.006277
  0
VERTEX
  8
0
 10
11287.733526
 20
10859.172815
 42
0.009448
  0
VERTEX
  8
0
 10
11297.725791
 20
10860.931148
 42
0.008973
  0
VERTEX
  8
0
 10
11308.013453
 20
10863.134938
 42
0.004961
  0
VERTEX
  8
0
 10
11320.500000
 20
10866.175973
 42
0.037235
  0
VERTEX
  8
0
 10
11371.889355
 20
10883.391495
 42
0.035941
  0
VERTEX
  8
0
 10
11420.796241
 20
10908.206127
 42
0.036116
  0
VERTEX
  8
0
 10
11465.416473
 20
10939.631111
 42
0.038500
  0
VERTEX
  8
0
 10
11504.035390
 20
10976.539460
 42
0.036120
  0
VERTEX
  8
0
 10
11539.260333
 20
11022.032257
 42
0.038448
  0
VERTEX
  8
0
 10
11566.756931
 20
11071.212412
 42
0.038309
  0
VERTEX
  8
0
 10
11586.478336
 20
11124.190389
 42
0.035345
  0
VERTEX
  8
0
 10
11598.534743
 20
11181.000000
 42
0.022903
  0
VERTEX
  8
0
 10
11599.936422
 20
11196.083301
 42
0.006827
  0
VERTEX
  8
0
 10
11600.704426
 20
11219.199755
 42
0.007009
  0
VERTEX
  8
0
 10
11600.834103
 20
11242.613048
 42
0.018887
  0
VERTEX
  8
0
 10
11600.064932
 20
11259.232433
 42
0.069017
  0
VERTEX
  8
0
 10
11577.512894
 20
11359.222080
 42
0.068673
  0
VERTEX
  8
0
 10
11528.578627
 20
11449.485930
 42
0.068732
  0
VERTEX
  8
0
 10
11457.071537
 20
11523.059629
 42
0.069337
  0
VERTEX
  8
0
 10
11368.500000
 20
11574.237028
 42
0.028520
  0
VERTEX
  8
0
 10
11328.005035
 20
11588.038162
 42
0.028376
  0
VERTEX
  8
0
 10
11286.134126
 20
11597.168730
 42
0.028447
  0
VERTEX
  8
0
 10
11243.603052
 20
11601.482837
 42
0.029008
  0
SEQEND
  0
POLYLINE
  8
0
 66
1
 70
1
  0
VERTEX
  8
0
 10
11257.253101
 20
11422.513691
 42
-0.062216
  0
VERTEX
  8
0
 10
11302.844301
 20
11409.813420
 42
-0.060731
  0
VERTEX
  8
0
 10
11344.316734
 20
11386.218237
 42
-0.060414
  0
VERTEX
  8
0
 10
11379.089773
 20
11353.217082
 42
-0.060378
  0
VERTEX
  8
0
 10
11404.974943
 20
11312.854429
 42
-0.041863
  0
VERTEX
  8
0
 10
11416.379012
 20
11283.096098
 42
-0.040928
  0
VERTEX
  8
0
 10
11422.773291
 20
11251.628460
 42
-0.040663
  0
VERTEX
  8
0
 10
11423.980776
 20
11219.340737
 42
-0.040157
  0
VERTEX
  8
0
 10
11419.962231
 20
11187.144474
 42
-0.032761
  0
VERTEX
  8
0
 10
11413.775885
 20
11164.786473
 42
-0.029222
  0
VERTEX
  8
0
 10
11404.526250
 20
11142.529380
 42
-0.029121
  0
VERTEX
  8
0
 10
11392.705362
 20
11121.422177
 42
-0.031917
  0
VERTEX
  8
0
 10
11378.834680
 20
11102.500000
 42
-0.071474
  0
VERTEX
  8
0
 10
11336.246411
 20
11064.254657
 42
-0.073520
  0
VERTEX
  8
0
 10
11285.005935
 20
11039.991156
 42
-0.073383
  0
VERTEX
  8
0
 10
11228.850452
 20
11031.563639
 42
-0.070797
  0
VERTEX
  8
0
 10
11171.924472
 20
11039.521739
 42
-0.046240
  0
VERTEX
  8
0
 10
11140.315708
 20
11051.878768
 42
-0.043293
  0
VERTEX
  8
0
 10
11110.765237
 20
11070.062069
 42
-0.043147
  0
VERTEX
  8
0
 10
11084.693434
 20
11093.131983
 42
-0.045203
  0
VERTEX
  8
0
 10
11063.414837
 20
11120.000000
 42
-0.032298
  0
VERTEX
  8
0
 10
11049.998065
 20
11143.712226
 42
-0.035664
  0
VERTEX
  8
0
 10
11040.245908
 20
11168.197077
 42
-0.035634
  0
VERTEX
  8
0
 10
11034.066309
 20
11193.837705
 42
-0.032142
  0
VERTEX
  8
0
 10
11031.313619
 20
11221.000000
 42
-0.048748
  0
VERTEX
  8
0
 10
11033.682559
 20
11259.989454
 42
-0.050273
  0
VERTEX
  8
0
 10
11043.567470
 20
11297.363384
 42
-0.050278
  0
VERTEX
  8
0
 10
11060.711397
 20
11332.009777
 42
-0.048773
  0
VERTEX
  8
0
 10
11084.576222
 20
11362.922291
 42
-0.045826
  0
VERTEX
  8
0
 10
11110.681982
 20
11386.018073
 42
-0.043815
  0
VERTEX
  8
0
 10
11140.937869
 20
11404.366170
 42
-0.043691
  0
VERTEX
  8
0
 10
11174.015944
 20
11417.204795
 42
-0.044985
  0
VERTEX
  8
0
 10
11208.500000
 20
11423.943958
 42
-0.022660
  0
VERTEX
  8
0
 10
11218.858682
 20
11424.543086
 42
-0.010448
  0
VERTEX
  8
0
 10
11232.365568
 20
11424.429175
 42
-0.010471
  0
VERTEX
  8
0
 10
11246.092373
 20
11423.738550
 42
-0.019052
  0
SEQEND
  0
POLYLINE
  8
0
 66
1
 70
1
  0
VERTEX
  8
0
 10
14354.500000
 20
11601.402587
 42
0.012129
  0
VERTEX
  8
0
 10
14328.542798
 20
11598.755468
 42
0.015544
  0
VERTEX
  8
0
 10
14304.822478
 20
11595.001175
 42
0.016218
  0
VERTEX
  8
0
 10
14282.244423
 20
11589.940676
 42
0.015578
  0
VERTEX
  8
0
 10
14259.733254
 20
11583.368012
 42
0.073178
  0
VERTEX
  8
0
 10
14161.959585
 20
11534.764581
 42
0.073461
  0
VERTEX
  8
0
 10
14082.476744
 20
11460.110542
 42
0.073443
  0
VERTEX
  8
0
 10
14027.958010
 20
11365.645617
 42
0.073082
  0
VERTEX
  8
0
 10
14002.954551
 20
11259.294395
 42
0.018777
  0
VERTEX
  8
0
 10
14002.164946
 20
11242.668446
 42
0.007260
  0
VERTEX
  8
0
 10
14002.271354
 20
11219.590906
 42
0.007116
  0
VERTEX
  8
0
 10
14003.032329
 20
11196.789772
 42
0.022204
  0
VERTEX
  8
0
 10
14004.442907
 20
11181.500000
 42
0.053800
  0
VERTEX
  8
0
 10
14025.110689
 20
11098.445829
 42
0.056715
  0
VERTEX
  8
0
 10
14062.791136
 20
11023.282261
 42
0.057097
  0
VERTEX
  8
0
 10
14116.128320
 20
10958.929865
 42
0.055874
  0
VERTEX
  8
0
 10
14183.000000
 20
10907.774286
 42
0.061785
  0
VERTEX
  8
0
 10
14267.012940
 20
10870.460249
 42
0.061814
  0
VERTEX
  8
0
 10
14357.583026
 20
10854.811474
 42
0.061797
  0
VERTEX
  8
0
 10
14449.253343
 20
10861.774935
 42
0.061690
  0
VERTEX
  8
0
 10
14536.500000
 20
10890.927600
 42
0.033791
  0
VERTEX
  8
0
 10
14580.332265
 20
10915.633375
 42
0.033761
  0
VERTEX
  8
0
 10
14620.451035
 20
10946.025077
 42
0.033743
  0
VERTEX
  8
0
 10
14656.134583
 20
10981.556878
 42
0.033671
  0
VERTEX
  8
0
 10
14686.741759
 20
11021.589512
 42
0.016621
  0
VERTEX
  8
0
 10
14699.627520
 20
11042.503503
 42
0.016015
  0
VERTEX
  8
0
 10
14711.265089
 20
11064.483888
 42
0.016076
  0
VERTEX
  8
0
 10
14721.428645
 20
11087.075570
 42
0.017092
  0
VERTEX
  8
0
 10
14729.897415
 20
11109.821179
 42
0.030196
  0
VERTEX
  8
0
 10
14741.167566
 20
11151.870332
 42
0.028618
  0
VERTEX
  8
0
 10
14747.539884
 20
11195.731518
 42
0.028681
  0
VERTEX
  8
0
 10
14748.853425
 20
11239.933376
 42
0.030677
  0
VERTEX
  8
0
 10
14745.011542
 20
11283.000000
 42
0.049987
  0
VERTEX
  8
0
 10
14726.113234
 20
11356.950822
 42
0.051241
  0
VERTEX
  8
0
 10
14693.019927
 20
11425.027462
 42
0.051258
  0
VERTEX
  8
0
 10
14646.786065
 20
11484.932386
 42
0.050084
  0
VERTEX
  8
0
 10
14589.000000
 20
11534.700257
 42
0.032629
  0
VERTEX
  8
0
 10
14549.018455
 20
11558.975377
 42
0.031096
  0
VERTEX
  8
0
 10
14505.583255
 20
11578.281711
 42
0.031016
  0
VERTEX
  8
0
 10
14459.973021
 20
11592.094960
 42
0.032050
  0
VERTEX
  8
0
 10
14413.500000
 20
11599.975895
 42
0.016593
  0
VERTEX
  8
0
 10
14402.594984
 20
11600.748411
 42
0.003341
  0
VERTEX
  8
0
 10
14383.152816
 20
11601.348546
 42
0.002986
  0
VERTEX
  8
0
 10
14363.707432
 20
11601.702575
 42
0.022405
  0
SEQEND
  0
POLYLINE
  8
0
 66
1
 70
1
  0
VERTEX
  8
0
 10
14393.000000
 20
11423.927994
 42
-0.072100
  0
VERTEX
  8
0
 10
14448.359258
 20
11410.596934
 42
-0.072580
  0
VERTEX
  8
0
 10
14497.516705
 20
11382.112962
 42
-0.072652
  0
VERTEX
  8
0
 10
14536.445124
 20
11340.798603
 42
-0.072474
  0
VERTEX
  8
0
 10
14561.968351
 20
11290.041875
 42
-0.043912
  0
VERTEX
  8
0
 10
14569.755169
 20
11257.296852
 42
-0.042108
  0
VERTEX
  8
0
 10
14571.854173
 20
11223.226373
 42
-0.042300
  0
VERTEX
  8
0
 10
14568.218720
 20
11189.439650
 42
-0.045273
  0
VERTEX
  8
0
 10
14558.968324
 20
11157.537572
 42
-0.086663
  0
VERTEX
  8
0
 10
14523.155382
 20
11098.544295
 42
-0.088034
  0
VERTEX
  8
0
 10
14469.637491
 20
11055.558901
 42
-0.088243
  0
VERTEX
  8
0
 10
14404.713138
 20
11033.679796
 42
-0.087608
  0
VERTEX
  8
0
 10
14336.054609
 20
11035.448791
 42
-0.078702
  0
VERTEX
  8
0
 10
14278.867668
 20
11056.818234
 42
-0.078212
  0
VERTEX
  8
0
 10
14230.944549
 20
11094.847790
 42
-0.077975
  0
VERTEX
  8
0
 10
14196.908878
 20
11145.873299
 42
-0.077518
  0
VERTEX
  8
0
 10
14180.048998
 20
11204.973766
 42
-0.021896
  0
VERTEX
  8
0
 10
14179.274320
 20
11214.712048
 42
-0.008912
  0
VERTEX
  8
0
 10
14179.038016
 20
11228.005742
 42
-0.008911
  0
VERTEX
  8
0
 10
14179.275595
 20
11241.297237
 42
-0.021940
  0
VERTEX
  8
0
 10
14180.051334
 20
11251.026234
 42
-0.034119
  0
VERTEX
  8
0
 10
14185.374974
 20
11278.463110
 42
-0.034999
  0
VERTEX
  8
0
 10
14194.350308
 20
11304.680874
 42
-0.035120
  0
VERTEX
  8
0
 10
14206.859969
 20
11329.307092
 42
-0.034878
  0
VERTEX
  8
0
 10
14222.718809
 20
11352.000000
 42
-0.020537
  0
VERTEX
  8
0
 10
14229.725722
 20
11359.976973
 42
-0.010237
  0
VERTEX
  8
0
 10
14239.204701
 20
11369.515068
 42
-0.010228
  0
VERTEX
  8
0
 10
14249.027552
 20
11378.621686
 42
-0.021375
  0
VERTEX
  8
0
 10
14257.105140
 20
11385.212442
 42
-0.045449
  0
VERTEX
  8
0
 10
14287.990469
 20
11404.182423
 42
-0.045638
  0
VERTEX
  8
0
 10
14321.752764
 20
11417.229155
 42
-0.045837
  0
VERTEX
  8
0
 10
14357.178753
 20
11423.892889
 42
-0.046704
  0
SEQEND
  0
POLYLINE
  8
0
 66
1
 70
1
  0
VERTEX
  8
0
 10
18289.500000
 20
11601.406399
 42
0.004581
  0
VERTEX
  8
0
 10
18277.898108
 20
11600.408802
 42
0.005643
  0
VERTEX
  8
0
 10
18267.098137
 20
11599.257269
 42
0.005995
  0
VERTEX
  8
0
 10
18256.937438
 20
11597.934072
 42
0.006862
  0
VERTEX
  8
0
 10
18247.260289
 20
11596.419889
 42
0.077503
  0
VERTEX
  8
0
 10
18138.249678
 20
11559.854891
 42
0.077237
  0
VERTEX
  8
0
 10
18045.403579
 20
11491.803655
 42
0.077323
  0
VERTEX
  8
0
 10
17977.668022
 20
11398.862109
 42
0.077943
  0
VERTEX
  8
0
 10
17941.602309
 20
11289.986930
 42
0.007680
  0
VERTEX
  8
0
 10
17939.116308
 20
11273.420344
 42
0.013418
  0
VERTEX
  8
0
 10
17937.637484
 20
11259.620688
 42
0.013087
  0
VERTEX
  8
0
 10
17936.879320
 20
11245.528601
 42
0.006894
  0
VERTEX
  8
0
 10
17936.637622
 20
11228.000000
 42
0.006894
  0
VERTEX
  8
0
 10
17936.879320
 20
11210.471399
 42
0.013087
  0
VERTEX
  8
0
 10
17937.637484
 20
11196.379312
 42
0.013418
  0
VERTEX
  8
0
 10
17939.116308
 20
11182.579656
 42
0.007680
  0
VERTEX
  8
0
 10
17941.602309
 20
11166.013070
 42
0.077249
  0
VERTEX
  8
0
 10
17977.103035
 20
11058.345511
 42
0.076431
  0
VERTEX
  8
0
 10
18043.699171
 20
10966.091246
 42
0.076303
  0
VERTEX
  8
0
 10
18135.046887
 20
10897.984967
 42
0.076592
  0
VERTEX
  8
0
 10
18242.500000
 20
10860.522275
 42
0.023728
  0
VERTEX
  8
0
 10
18275.690154
 20
10856.009729
 42
0.021969
  0
VERTEX
  8
0
 10
18310.026119
 20
10854.506441
 42
0.021955
  0
VERTEX
  8
0
 10
18344.383689
 20
10856.021888
 42
0.023621
  0
VERTEX
  8
0
 10
18377.638602
 20
10860.546083
 42
0.037227
  0
VERTEX
  8
0
 10
18432.350027
 20
10874.917134
 42
0.038311
  0
VERTEX
  8
0
 10
18483.780097
 20
10897.140149
 42
0.038308
  0
VERTEX
  8
0
 10
18531.220593
 20
10926.951303
 42
0.037211
  0
VERTEX
  8
0
 10
18574.052968
 20
10963.916204
 42
0.040899
  0
VERTEX
  8
0
 10
18615.075712
 20
11012.358357
 42
0.043135
  0
VERTEX
  8
0
 10
18646.850272
 20
11066.010494
 42
0.042943
  0
VERTEX
  8
0
 10
18669.058838
 20
11124.543660
 42
0.039838
  0
VERTEX
  8
0
 10
18681.635374
 20
11187.500000
 42
0.020424
  0
VERTEX
  8
0
 10
18682.856290
 20
11203.388270
 42
0.007359
  0
VERTEX
  8
0
 10
18683.335331
 20
11226.053696
 42
0.007348
  0
VERTEX
  8
0
 10
18683.147784
 20
11248.701741
 42
0.020705
  0
VERTEX
  8
0
 10
18682.129280
 20
11264.500000
 42
0.034001
  0
VERTEX
  8
0
 10
18672.671787
 20
11318.379689
 42
0.036769
  0
VERTEX
  8
0
 10
18656.150019
 20
11369.042279
 42
0.036538
  0
VERTEX
  8
0
 10
18632.274179
 20
11417.016951
 42
0.032764
  0
VERTEX
  8
0
 10
18600.876210
 20
11462.878253
 42
0.023951
  0
VERTEX
  8
0
 10
18585.899927
 20
11480.171106
 42
0.014125
  0
VERTEX
  8
0
 10
18566.485911
 20
11499.412208
 42
0.013951
  0
VERTEX
  8
0
 10
18545.470237
 20
11518.022731
 42
0.019196
  0
VERTEX
  8
0
 10
18525.518157
 20
11533.459389
 42
0.032883
  0
VERTEX
  8
0
 10
18486.334906
 20
11557.718496
 42
0.031459
  0
VERTEX
  8
0
 10
18443.736835
 20
11577.034602
 42
0.031068
  0
VERTEX
  8
0
 10
18398.514720
 20
11591.058448
 42
0.030251
  0
VERTEX
  8
0
 10
18351.500000
 20
11599.521717
 42
0.017262
  0
VERTEX
  8
0
 10
18339.271650
 20
11600.540249
 42
0.004548
  0
VERTEX
  8
0
 10
18319.648943
 20
11601.315443
 42
0.004233
  0
VERTEX
  8
0
 10
18300.152999
 20
11601.742916
 42
0.022521
  0
SEQEND
  0
POLYLINE
  8
0
 66
1
 70
1
  0
VERTEX
  8
0
 10
18327.144045
 20
11423.981318
 42
-0.062372
  0
VERTEX
  8
0
 10
18377.737124
 20
11412.527682
 42
-0.065652
  0
VERTEX
  8
0
 10
18422.997752
 20
11389.060331
 42
-0.066029
  0
VERTEX
  8
0
 10
18460.417133
 20
11354.802832
 42
-0.064305
  0
VERTEX
  8
0
 10
18488.004797
 20
11311.684831
 42
-0.083590
  0
VERTEX
  8
0
 10
18505.545402
 20
11249.268350
 42
-0.083165
  0
VERTEX
  8
0
 10
18501.729920
 20
11184.433451
 42
-0.083006
  0
VERTEX
  8
0
 10
18476.976859
 20
11124.277140
 42
-0.082825
  0
VERTEX
  8
0
 10
18433.989923
 20
11075.390306
 42
-0.069837
  0
VERTEX
  8
0
 10
18388.039148
 20
11047.544988
 42
-0.068773
  0
VERTEX
  8
0
 10
18335.958056
 20
11033.241628
 42
-0.068558
  0
VERTEX
  8
0
 10
18281.801446
 20
11033.577585
 42
-0.068664
  0
VERTEX
  8
0
 10
18229.783531
 20
11048.547865
 42
-0.040729
  0
VERTEX
  8
0
 10
18203.537287
 20
11062.843517
 42
-0.037511
  0
VERTEX
  8
0
 10
18179.175364
 20
11081.562138
 42
-0.037392
  0
VERTEX
  8
0
 10
18157.808998
 20
11103.777726
 42
-0.039827
  0
VERTEX
  8
0
 10
18140.482402
 20
11128.486367
 42
-0.082876
  0
VERTEX
  8
0
 10
18117.441095
 20
11188.501806
 42
-0.082279
  0
VERTEX
  8
0
 10
18115.056647
 20
11252.902708
 42
-0.082241
  0
VERTEX
  8
0
 10
18133.571912
 20
11314.657134
 42
-0.082686
  0
VERTEX
  8
0
 10
18170.983472
 20
11367.016528
 42
-0.055139
  0
VERTEX
  8
0
 10
18204.506816
 20
11393.862201
 42
-0.053872
  0
VERTEX
  8
0
 10
18243.341810
 20
11412.978543
 42
-0.054285
  0
VERTEX
  8
0
 10
18285.071920
 20
11423.249044
 42
-0.057792
  0
SEQEND
  0
POLYLINE
  8
0
 66
1
 70
1
  0
VERTEX
  8
0
 10
21437.500000
 20
11601.405333
 42
0.016677
  0
VERTEX
  8
0
 10
21403.645752
 20
11597.674727
 42
0.020708
  0
VERTEX
  8
0
 10
21372.501840
 20
11591.862096
 42
0.021528
  0
VERTEX
  8
0
 10
21342.996355
 20
11583.728782
 42
0.021041
  0
VERTEX
  8
0
 10
21314.068840
 20
11573.034836
 42
0.023599
  0
VERTEX
  8
0
 10
21280.690166
 20
11557.183466
 42
0.025825
  0
VERTEX
  8
0
 10
21249.977503
 20
11538.681843
 42
0.025656
  0
VERTEX
  8
0
 10
21221.160393
 20
11516.995584
 42
0.022690
  0
VERTEX
  8
0
 10
21193.456521
 20
11491.607713
 42
0.016264
  0
VERTEX
  8
0
 10
21172.551396
 20
11469.216830
 42
0.021790
  0
VERTEX
  8
0
 10
21155.194616
 20
11447.532171
 42
0.022028
  0
VERTEX
  8
0
 10
21139.935326
 20
11424.611943
 42
0.017217
  0
VERTEX
  8
0
 10
21125.367368
 20
11398.500000
 42
0.021195
  0
VERTEX
  8
0
 10
21111.340660
 20
11368.082367
 42
0.023430
  0
VERTEX
  8
0
 10
21100.451240
 20
11337.574653
 42
0.022873
  0
VERTEX
  8
0
 10
21092.260858
 20
11305.532716
 42
0.018458
  0
VERTEX
  8
0
 10
21086.333555
 20
11270.500000
 42
0.024172
  0
VERTEX
  8
0
 10
21084.923849
 20
11253.422018
 42
0.008464
  0
VERTEX
  8
0
 10
21084.502670
 20
11228.787058
 42
0.008555
  0
VERTEX
  8
0
 10
21084.923336
 20
11203.961108
 42
0.021763
  0
VERTEX
  8
0
 10
21086.319436
 20
11186.000000
 42
0.039203
  0
VERTEX
  8
0
 10
21098.683746
 20
11124.835051
 42
0.041497
  0
VERTEX
  8
0
 10
21120.295597
 20
11067.552252
 42
0.041707
  0
VERTEX
  8
0
 10
21150.950051
 20
11014.881919
 42
0.040424
  0
VERTEX
  8
0
 10
21190.209735
 20
10967.435099
 42
0.039254
  0
VERTEX
  8
0
 10
21234.749553
 20
10928.349309
 42
0.039814
  0
VERTEX
  8
0
 10
21284.648977
 20
10896.910555
 42
0.039890
  0
VERTEX
  8
0
 10
21338.806238
 20
10873.828278
 42
0.039733
  0
VERTEX
  8
0
 10
21396.013070
 20
10859.602309
 42
0.007783
  0
VERTEX
  8
0
 10
21412.617317
 20
10857.114162
 42
0.013575
  0
VERTEX
  8
0
 10
21426.457040
 20
10855.641232
 42
0.013130
  0
VERTEX
  8
0
 10
21440.667645
 20
10854.892766
 42
0.006743
  0
VERTEX
  8
0
 10
21458.500000
 20
10854.663132
 42
0.008872
  0
VERTEX
  8
0
 10
21476.740108
 20
10854.997923
 42
0.012899
  0
VERTEX
  8
0
 10
21492.801936
 20
10855.993290
 42
0.013214
  0
VERTEX
  8
0
 10
21508.493005
 20
10857.791668
 42
0.010030
  0
VERTEX
  8
0
 10
21525.589083
 20
10860.561140
 42
0.048697
  0
VERTEX
  8
0
 10
21594.203612
 20
10880.141356
 42
0.047912
  0
VERTEX
  8
0
 10
21658.134596
 20
10912.700300
 42
0.047804
  0
VERTEX
  8
0
 10
21714.829112
 20
10956.913501
 42
0.048021
  0
VERTEX
  8
0
 10
21762.000000
 20
11011.027039
 42
0.028274
  0
VERTEX
  8
0
 10
21783.730008
 20
11045.346003
 42
0.027039
  0
VERTEX
  8
0
 10
21801.807109
 20
11082.402426
 42
0.026958
  0
VERTEX
  8
0
 10
21815.828301
 20
11121.308933
 42
0.027684
  0
VERTEX
  8
0
 10
21825.437758
 20
11161.156700
 42
0.023895
  0
VERTEX
  8
0
 10
21829.833222
 20
11193.885499
 42
0.021464
  0
VERTEX
  8
0
 10
21831.297705
 20
11228.081947
 42
0.021487
  0
VERTEX
  8
0
 10
21829.825105
 20
11262.237467
 42
0.024098
  0
VERTEX
  8
0
 10
21825.421548
 20
11294.843300
 42
0.036837
  0
VERTEX
  8
0
 10
21811.043502
 20
11349.759335
 42
0.038070
  0
VERTEX
  8
0
 10
21788.879386
 20
11401.343923
 42
0.038183
  0
VERTEX
  8
0
 10
21759.221843
 20
11448.833021
 42
0.037528
  0
VERTEX
  8
0
 10
21722.531182
 20
11491.554568
 42
0.005379
  0
VERTEX
  8
0
 10
21715.982828
 20
11497.973503
 42
0.004188
  0
VERTEX
  8
0
 10
21708.731347
 20
11504.814577
 42
0.004235
  0
VERTEX
  8
0
 10
21701.865320
 20
11511.076790
 42
0.010251
  0
VERTEX
  8
0
 10
21696.660637
 20
11515.554568
 42
0.036233
  0
VERTEX
  8
0
 10
21651.449359
 20
11547.662827
 42
0.036946
  0
VERTEX
  8
0
 10
21602.361613
 20
11572.673975
 42
0.036937
  0
VERTEX
  8
0
 10
21550.116471
 20
11590.192635
 42
0.036182
  0
VERTEX
  8
0
 10
21495.500000
 20
11599.982358
 42
0.016672
  0
VERTEX
  8
0
 10
21484.715519
 20
11600.756809
 42
0.003455
  0
VERTEX
  8
0
 10
21465.707776
 20
11601.354575
 42
0.003121
  0
VERTEX
  8
0
 10
21446.714570
 20
11601.701944
 42
0.022115
  0
SEQEND
  0
POLYLINE
  8
0
 66
1
 70
1
  0
VERTEX
  8
0
 10
21487.440638
 20
11422.519956
 42
-0.052489
  0
VERTEX
  8
0
 10
21527.259678
 20
11412.036770
 42
-0.052516
  0
VERTEX
  8
0
 10
21564.015539
 20
11393.493156
 42
-0.052393
  0
VERTEX
  8
0
 10
21596.176696
 20
11367.651497
 42
-0.051763
  0
VERTEX
  8
0
 10
21622.410884
 20
11335.591899
 42
-0.036578
  0
VERTEX
  8
0
 10
21636.208286
 20
11310.881391
 42
-0.037556
  0
VERTEX
  8
0
 10
21646.117738
 20
11284.637490
 42
-0.037182
  0
VERTEX
  8
0
 10
21652.064677
 20
11256.958036
 42
-0.034406
  0
VERTEX
  8
0
 10
21654.054039
 20
11227.969871
 42
-0.012702
  0
VERTEX
  8
0
 10
21653.702347
 20
11214.271332
 42
-0.017983
  0
VERTEX
  8
0
 10
21652.642205
 20
11202.121325
 42
-0.018599
  0
VERTEX
  8
0
 10
21650.748457
 20
11190.400855
 42
-0.015155
  0
VERTEX
  8
0
 10
21647.878642
 20
11178.015641
 42
-0.093381
  0
VERTEX
  8
0
 10
21616.609915
 20
11112.318368
 42
-0.093251
  0
VERTEX
  8
0
 10
21563.565763
 20
11062.466352
 42
-0.093188
  0
VERTEX
  8
0
 10
21495.998091
 20
11035.276493
 42
-0.093101
  0
VERTEX
  8
0
 10
21423.146117
 20
11034.469552
 42
-0.053466
  0
VERTEX
  8
0
 10
21383.957217
 20
11045.798820
 42
-0.051822
  0
VERTEX
  8
0
 10
21347.618491
 20
11065.265709
 42
-0.051785
  0
VERTEX
  8
0
 10
21316.036139
 20
11091.804191
 42
-0.053232
  0
VERTEX
  8
0
 10
21290.908646
 20
11124.039105
 42
-0.063109
  0
VERTEX
  8
0
 10
21270.151173
 20
11169.334491
 42
-0.063533
  0
VERTEX
  8
0
 10
21261.409499
 20
11218.272397
 42
-0.063636
  0
VERTEX
  8
0
 10
21265.239618
 20
11267.765416
 42
-0.063683
  0
VERTEX
  8
0
 10
21281.393222
 20
11314.691742
 42
-0.039091
  0
VERTEX
  8
0
 10
21297.853644
 20
11342.348230
 42
-0.041638
  0
VERTEX
  8
0
 10
21318.110526
 20
11366.484455
 42
-0.041697
  0
VERTEX
  8
0
 10
21342.058447
 20
11386.901918
 42
-0.039420
  0
VERTEX
  8
0
 10
21369.500000
 20
11403.494879
 42
-0.021518
  0
VERTEX
  8
0
 10
21386.419276
 20
11411.091453
 42
-0.023208
  0
VERTEX
  8
0
 10
21403.512430
 20
11416.995517
 42
-0.023295
  0
VERTEX
  8
0
 10
21421.018959
 20
11421.271975
 42
-0.022033
  0
VERTEX
  8
0
 10
21439.175491
 20
11423.996493
 42
-0.024222
  0
VERTEX
  8
0
 10
21449.160383
 20
11424.560775
 42
-0.009651
  0
VERTEX
  8
0
 10
21462.876892
 20
11424.406021
 42
-0.009734
  0
VERTEX
  8
0
 10
21476.762743
 20
11423.710448
 42
-0.020760
  0
SEQEND
  0
POLYLINE
  8
0
 66
1
 70
1
  0
VERTEX
  8
0
 10
5695.500000
 20
10185.011295
 42
0.031114
  0
VERTEX
  8
0
 10
5646.527417
 20
10178.495161
 42
0.032766
  0
VERTEX
  8
0
 10
5599.602581
 20
10166.012274
 42
0.032924
  0
VERTEX
  8
0
 10
5554.916959
 20
10147.574545
 42
0.032068
  0
VERTEX
  8
0
 10
5512.626042
 20
10123.289231
 42
0.011154
  0
VERTEX
  8
0
 10
5496.776155
 20
10112.265935
 42
0.014054
  0
VERTEX
  8
0
 10
5482.636955
 20
10101.335429
 42
0.013976
  0
VERTEX
  8
0
 10
5469.070838
 20
10089.576610
 42
0.010824
  0
VERTEX
  8
0
 10
5454.947826
 20
10076.052174
 42
0.018971
  0
VERTEX
  8
0
 10
5433.203468
 20
10052.592008
 42
0.022126
  0
VERTEX
  8
0
 10
5414.447502
 20
10028.686695
 42
0.022238
  0
VERTEX
  8
0
 10
5397.956121
 20
10003.325706
 42
0.019539
  0
VERTEX
  8
0
 10
5383.006106
 20
9975.500000
 42
0.045475
  0
VERTEX
  8
0
 10
5358.650938
 20
9911.390461
 42
0.046334
  0
VERTEX
  8
0
 10
5346.478927
 20
9844.335874
 42
0.046180
  0
VERTEX
  8
0
 10
5346.843109
 20
9775.977391
 42
0.044568
  0
VERTEX
  8
0
 10
5359.683850
 20
9708.000000
 42
0.043735
  0
VERTEX
  8
0
 10
5381.638496
 20
9650.231772
 42
0.041353
  0
VERTEX
  8
0
 10
5413.649597
 20
9596.003845
 42
0.041214
  0
VERTEX
  8
0
 10
5454.269284
 20
9547.611930
 42
0.042764
  0
VERTEX
  8
0
 10
5501.810744
 20
9507.190018
 42
0.032320
  0
VERTEX
  8
0
 10
5543.054731
 20
9481.644625
 42
0.032701
  0
VERTEX
  8
0
 10
5587.089381
 20
9461.739389
 42
0.032486
  0
VERTEX
  8
0
 10
5633.625549
 20
9447.638374
 42
0.030991
  0
VERTEX
  8
0
 10
5682.333609
 20
9439.412338
 42
0.021542
  0
VERTEX
  8
0
 10
5699.809094
 20
9438.322798
 42
0.007789
  0
VERTEX
  8
0
 10
5724.687734
 20
9438.232935
 42
0.007689
  0
VERTEX
  8
0
 10
5749.392499
 20
9438.908614
 42
0.023828
  0
VERTEX
  8
0
 10
5766.000000
 20
9440.413494
 42
0.017600
  0
VERTEX
  8
0
 10
5796.726798
 20
9445.789548
 42
0.020117
  0
VERTEX
  8
0
 10
5825.640875
 20
9453.130477
 42
0.020490
  0
VERTEX
  8
0
 10
5853.394599
 20
9462.631777
 42
0.019720
  0
VERTEX
  8
0
 10
5880.641622
 20
9474.482160
 42
0.018746
  0
VERTEX
  8
0
 10
5909.824539
 20
9489.941980
 42
0.023253
  0
VERTEX
  8
0
 10
5935.676440
 20
9506.554280
 42
0.023261
  0
VERTEX
  8
0
 10
5959.866268
 20
9525.490014
 42
0.018784
  0
VERTEX
  8
0
 10
5984.049002
 20
9547.939208
 42
0.059817
  0
VERTEX
  8
0
 10
6039.050957
 20
9618.009004
 42
0.060390
  0
VERTEX
  8
0
 10
6075.692571
 20
9698.888481
 42
0.060071
  0
VERTEX
  8
0
 10
6092.080002
 20
9786.578569
 42
0.058072
  0
VERTEX
  8
0
 10
6087.456389
 20
9876.692431
 42
0.014018
  0
VERTEX
  8
0
 10
6085.033869
 20
9888.937726
 42
0.007581
  0
VERTEX
  8
0
 10
6081.403878
 20
9903.867724
 42
0.007527
  0
VERTEX
  8
0
 10
6077.221540
 20
9919.055163
 42
0.011257
  0
VERTEX
  8
0
 10
6073.071624
 20
9932.177944
 42
0.071621
  0
VERTEX
  8
0
 10
6024.582956
 20
10027.211397
 42
0.071548
  0
VERTEX
  8
0
 10
5951.239843
 20
10104.742584
 42
0.071562
  0
VERTEX
  8
0
 10
5859.032246
 20
10158.449025
 42
0.071691
  0
VERTEX
  8
0
 10
5755.481635
 20
10183.943120
 42
0.013979
  0
VERTEX
  8
0
 10
5742.398229
 20
10184.864453
 42
0.006135
  0
VERTEX
  8
0
 10
5725.032625
 20
10185.386911
 42
0.006078
  0
VERTEX
  8
0
 10
5707.841552
 20
10185.484057
 42
0.015893
  0
SEQEND
  0
POLYLINE
  8
0
 66
1
 70
1
  0
VERTEX
  8
0
 10
5742.026234
 20
10006.952543
 42
-0.034348
  0
VERTEX
  8
0
 10
5769.393873
 20
10001.642175
 42
-0.034898
  0
VERTEX
  8
0
 10
5795.626922
 20
9992.653964
 42
-0.034971
  0
VERTEX
  8
0
 10
5820.304114
 20
9980.125774
 42
-0.034811
  0
VERTEX
  8
0
 10
5843.034187
 20
9964.263534
 42
-0.020953
  0
VERTEX
  8
0
 10
5850.912002
 20
9957.343305
 42
-0.010208
  0
VERTEX
  8
0
 10
5860.399901
 20
9947.899037
 42
-0.010212
  0
VERTEX
  8
0
 10
5869.509478
 20
9938.058896
 42
-0.020600
  0
VERTEX
  8
0
 10
5876.197079
 20
9929.877112
 42
-0.045424
  0
VERTEX
  8
0
 10
5894.765556
 20
9899.811949
 42
-0.044317
  0
VERTEX
  8
0
 10
5907.779852
 20
9866.642799
 42
-0.044584
  0
VERTEX
  8
0
 10
5914.686146
 20
9831.898974
 42
-0.047241
  0
VERTEX
  8
0
 10
5915.127332
 20
9797.159991
 42
-0.080409
  0
VERTEX
  8
0
 10
5899.492371
 20
9733.869040
 42
-0.083254
  0
VERTEX
  8
0
 10
5864.792609
 20
9679.587078
 42
-0.083318
  0
VERTEX
  8
0
 10
5814.312067
 20
9639.623434
 42
-0.080702
  0
VERTEX
  8
0
 10
5753.000000
 20
9617.774258
 42
-0.031011
  0
VERTEX
  8
0
 10
5739.248140
 20
9616.126227
 42
-0.012325
  0
VERTEX
  8
0
 10
5720.240532
 20
9615.505974
 42
-0.012249
  0
VERTEX
  8
0
 10
5701.326332
 20
9615.818563
 42
-0.033230
  0
VERTEX
  8
0
 10
5688.000000
 20
9617.256113
 42
-0.044445
  0
VERTEX
  8
0
 10
5651.267765
 20
9627.134900
 42
-0.047101
  0
VERTEX
  8
0
 10
5617.608262
 20
9643.215597
 42
-0.047623
  0
VERTEX
  8
0
 10
5587.876041
 20
9665.121940
 42
-0.047470
  0
VERTEX
  8
0
 10
5562.790077
 20
9692.279676
 42
-0.068392
  0
VERTEX
  8
0
 10
5536.179522
 20
9739.373994
 42
-0.069367
  0
VERTEX
  8
0
 10
5523.422940
 20
9791.674517
 42
-0.069343
  0
VERTEX
  8
0
 10
5525.454732
 20
9845.486136
 42
-0.068266
  0
VERTEX
  8
0
 10
5542.099576
 20
9897.000000
 42
-0.060534
  0
VERTEX
  8
0
 10
5567.826182
 20
9937.157788
 42
-0.061269
  0
VERTEX
  8
0
 10
5602.328700
 20
9969.801761
 42
-0.061123
  0
VERTEX
  8
0
 10
5643.793584
 20
9993.172580
 42
-0.059737
  0
VERTEX
  8
0
 10
5690.000000
 20
10006.051173
 42
-0.022733
  0
VERTEX
  8
0
 10
5701.462081
 20
10007.282667
 42
-0.011063
  0
VERTEX
  8
0
 10
5716.175053
 20
10007.863361
 42
-0.011044
  0
VERTEX
  8
0
 10
5730.821307
 20
10007.793586
 42
-0.024039
  0
SEQEND
  0
POLYLINE
  8
0
 66
1
 70
1
  0
VERTEX
  8
0
 10
12785.000000
 20
10185.409137
 42
0.013201
  0
VERTEX
  8
0
 10
12756.214497
 20
10182.720887
 42
0.017671
  0
VERTEX
  8
0
 10
12730.305246
 20
10178.676255
 42
0.018425
  0
VERTEX
  8
0
 10
12705.640098
 20
10172.977993
 42
0.016688
  0
VERTEX
  8
0
 10
12680.622077
 20
10165.314044
 42
0.028378
  0
VERTEX
  8
0
 10
12639.839512
 20
10148.675171
 42
0.030094
  0
VERTEX
  8
0
 10
12602.025337
 20
10127.806265
 42
0.030049
  0
VERTEX
  8
0
 10
12566.939298
 20
10102.517103
 42
0.028116
  0
VERTEX
  8
0
 10
12534.307583
 20
10072.671698
 42
0.040328
  0
VERTEX
  8
0
 10
12495.275081
 20
10025.679730
 42
0.041536
  0
VERTEX
  8
0
 10
12464.723202
 20
9973.475892
 42
0.041210
  0
VERTEX
  8
0
 10
12443.028307
 20
9916.547219
 42
0.038457
  0
VERTEX
  8
0
 10
12430.344978
 20
9855.500000
 42
0.023432
  0
VERTEX
  8
0
 10
12428.994856
 20
9838.892499
 42
0.006916
  0
VERTEX
  8
0
 10
12428.473118
 20
9813.360626
 42
0.006804
  0
VERTEX
  8
0
 10
12428.651349
 20
9787.926756
 42
0.025501
  0
VERTEX
  8
0
 10
12429.793778
 20
9772.000000
 42
0.031761
  0
VERTEX
  8
0
 10
12440.039361
 20
9717.582684
 42
0.036142
  0
VERTEX
  8
0
 10
12456.813650
 20
9667.276911
 42
0.036611
  0
VERTEX
  8
0
 10
12480.430337
 20
9620.470986
 42
0.034254
  0
VERTEX
  8
0
 10
12511.094753
 20
9576.500000
 42
0.049749
  0
VERTEX
  8
0
 10
12562.710134
 20
9523.995711
 42
0.050037
  0
VERTEX
  8
0
 10
12623.584618
 20
9482.836330
 42
0.049683
  0
VERTEX
  8
0
 10
12691.842011
 20
9454.358667
 42
0.047693
  0
VERTEX
  8
0
 10
12765.320040
 20
9439.413755
 42
0.021532
  0
VERTEX
  8
0
 10
12782.802263
 20
9438.323458
 42
0.007793
  0
VERTEX
  8
0
 10
12807.681831
 20
9438.232796
 42
0.007693
  0
VERTEX
  8
0
 10
12832.387088
 20
9438.908067
 42
0.023820
  0
VERTEX
  8
0
 10
12849.000000
 20
9440.413020
 42
0.046151
  0
VERTEX
  8
0
 10
12921.465219
 20
9457.396319
 42
0.049152
  0
VERTEX
  8
0
 10
12987.982287
 20
9487.154516
 42
0.049506
  0
VERTEX
  8
0
 10
13047.000375
 20
9529.094699
 42
0.048126
  0
VERTEX
  8
0
 10
13097.242711
 20
9582.183228
 42
0.055056
  0
VERTEX
  8
0
 10
13139.842716
 20
9651.404133
 42
0.054471
  0
VERTEX
  8
0
 10
13166.494998
 20
9728.499219
 42
0.054431
  0
VERTEX
  8
0
 10
13175.882033
 20
9809.584459
 42
0.054817
  0
VERTEX
  8
0
 10
13167.507177
 20
9890.585639
 42
0.026318
  0
VERTEX
  8
0
 10
13157.696253
 20
9926.712503
 42
0.024250
  0
VERTEX
  8
0
 10
13143.917130
 20
9962.633321
 42
0.024331
  0
VERTEX
  8
0
 10
13126.780584
 20
9996.925221
 42
0.026995
  0
VERTEX
  8
0
 10
13106.922782
 20
10028.176744
 42
0.018885
  0
VERTEX
  8
0
 10
13091.569173
 20
10048.049788
 42
0.015139
  0
VERTEX
  8
0
 10
13073.621384
 20
10068.273617
 42
0.015224
  0
VERTEX
  8
0
 10
13054.624479
 20
10087.226299
 42
0.020009
  0
VERTEX
  8
0
 10
13036.113284
 20
10103.259107
 42
0.034751
  0
VERTEX
  8
0
 10
12992.198639
 20
10133.580055
 42
0.035597
  0
VERTEX
  8
0
 10
12944.850461
 20
10157.254351
 42
0.035670
  0
VERTEX
  8
0
 10
12894.716642
 20
10173.933690
 42
0.035203
  0
VERTEX
  8
0
 10
12842.500000
 20
10183.408111
 42
0.013368
  0
VERTEX
  8
0
 10
12829.863008
 20
10184.451524
 42
0.005215
  0
VERTEX
  8
0
 10
12812.359037
 20
10185.243537
 42
0.004858
  0
VERTEX
  8
0
 10
12795.252508
 20
10185.672496
 42
0.020521
  0
SEQEND
  0
POLYLINE
  8
0
 66
1
 70
1
  0
VERTEX
  8
0
 10
12827.698784
 20
10006.466317
 42
-0.046682
  0
VERTEX
  8
0
 10
12863.233266
 20
9998.425625
 42
-0.047019
  0
VERTEX
  8
0
 10
12896.568967
 20
9983.945025
 42
-0.046844
  0
VERTEX
  8
0
 10
12926.722520
 20
9963.431542
 42
-0.045640
  0
VERTEX
  8
0
 10
12952.819491
 20
9937.500000
 42
-0.083984
  0
VERTEX
  8
0
 10
12985.709447
 20
9881.338351
 42
-0.083436
  0
VERTEX
  8
0
 10
12998.395031
 20
9817.354715
 42
-0.083421
  0
VERTEX
  8
0
 10
12989.471064
 20
9752.728880
 42
-0.083909
  0
VERTEX
  8
0
 10
12959.920042
 20
9694.712029
 42
-0.070433
  0
VERTEX
  8
0
 10
12920.571187
 20
9654.869207
 42
-0.071909
  0
VERTEX
  8
0
 10
12871.972153
 20
9627.848531
 42
-0.071775
  0
VERTEX
  8
0
 10
12817.627243
 20
9615.664111
 42
-0.069755
  0
VERTEX
  8
0
 10
12761.500000
 20
9619.150185
 42
-0.096813
  0
VERTEX
  8
0
 10
12693.565720
 20
9647.420135
 42
-0.094719
  0
VERTEX
  8
0
 10
12640.664998
 20
9699.360382
 42
-0.094312
  0
VERTEX
  8
0
 10
12610.493086
 20
9767.358220
 42
-0.095016
  0
VERTEX
  8
0
 10
12607.519259
 20
9841.500000
 42
-0.060667
  0
VERTEX
  8
0
 10
12619.824278
 20
9885.864663
 42
-0.058734
  0
VERTEX
  8
0
 10
12642.509136
 20
9926.507554
 42
-0.058564
  0
VERTEX
  8
0
 10
12674.094681
 20
9960.863606
 42
-0.059640
  0
VERTEX
  8
0
 10
12712.603982
 20
9986.717701
 42
-0.021500
  0
VERTEX
  8
0
 10
12726.708310
 20
9993.171241
 42
-0.018336
  0
VERTEX
  8
0
 10
12742.077523
 20
9998.772047
 42
-0.018572
  0
VERTEX
  8
0
 10
12757.560815
 20
10003.151563
 42
-0.024313
  0
VERTEX
  8
0
 10
12772.000000
 20
10005.926975
 42
0.000134
  0
VERTEX
  8
0
 10
12775.054707
 20
10006.362280
 42
0.000145
  0
VERTEX
  8
0
 10
12778.031250
 20
10006.788143
 42
0.000137
  0
VERTEX
  8
0
 10
12780.584159
 20
10007.154863
 42
0.000701
  0
VERTEX
  8
0
 10
12782.000000
 20
10007.360665
 42
-0.035300
  0
VERTEX
  8
0
 10
12789.402572
 20
10007.918211
 42
-0.006043
  0
VERTEX
  8
0
 10
12803.518951
 20
10007.812594
 42
-0.006886
  0
VERTEX
  8
0
 10
12817.892605
 20
10007.333206
 42
-0.020534
  0
SEQEND
  0
POLYLINE
  8
0
 66
1
 70
1
  0
VERTEX
  8
0
 10
19861.000000
 20
10184.990562
 42
0.027536
  0
VERTEX
  8
0
 10
19818.875628
 20
10179.740795
 42
0.027569
  0
VERTEX
  8
0
 10
19777.600515
 20
10169.894807
 42
0.027738
  0
VERTEX
  8
0
 10
19737.904993
 20
10155.640268
 42
0.028709
  0
VERTEX
  8
0
 10
19700.500000
 20
10137.218742
 42
0.013897
  0
VERTEX
  8
0
 10
19689.273109
 20
10130.445986
 42
0.006361
  0
VERTEX
  8
0
 10
19674.992077
 20
10121.021431
 42
0.006360
  0
VERTEX
  8
0
 10
19660.959034
 20
10111.239166
 42
0.013936
  0
VERTEX
  8
0
 10
19650.529584
 20
10103.321194
 42
0.014189
  0
VERTEX
  8
0
 10
19639.882969
 20
10094.251172
 42
0.007327
  0
VERTEX
  8
0
 10
19627.065910
 20
10082.343493
 42
0.007314
  0
VERTEX
  8
0
 10
19614.409909
 20
10069.875471
 42
0.012298
  0
VERTEX
  8
0
 10
19604.203824
 20
10059.000000
 42
0.013837
  0
VERTEX
  8
0
 10
19595.469992
 20
10048.660033
 42
0.007451
  0
VERTEX
  8
0
 10
19585.255589
 20
10035.466733
 42
0.007450
  0
VERTEX
  8
0
 10
19575.485435
 20
10022.038977
 42
0.014488
  0
VERTEX
  8
0
 10
19568.163698
 20
10010.988010
 42
0.025961
  0
VERTEX
  8
0
 10
19548.192961
 20
9974.798914
 42
0.027537
  0
VERTEX
  8
0
 10
19532.512026
 20
9937.427759
 42
0.027361
  0
VERTEX
  8
0
 10
19520.952069
 20
9898.335911
 42
0.024958
  0
VERTEX
  8
0
 10
19513.306128
 20
9857.000000
 42
0.025302
  0
VERTEX
  8
0
 10
19511.804581
 20
9838.819675
 42
0.007945
  0
VERTEX
  8
0
 10
19511.369674
 20
9811.508627
 42
0.007947
  0
VERTEX
  8
0
 10
19511.802894
 20
9784.194982
 42
0.025261
  0
VERTEX
  8
0
 10
19513.303070
 20
9766.000000
 42
0.032408
  0
VERTEX
  8
0
 10
19523.642217
 20
9714.350449
 42
0.034681
  0
VERTEX
  8
0
 10
19540.410541
 20
9665.664654
 42
0.034797
  0
VERTEX
  8
0
 10
19563.687079
 20
9619.908967
 42
0.033075
  0
VERTEX
  8
0
 10
19593.440299
 20
9577.000000
 42
0.019001
  0
VERTEX
  8
0
 10
19604.909574
 20
9563.667316
 42
0.009249
  0
VERTEX
  8
0
 10
19620.494704
 20
9547.494704
 42
0.009249
  0
VERTEX
  8
0
 10
19636.667316
 20
9531.909574
 42
0.019001
  0
VERTEX
  8
0
 10
19650.000000
 20
9520.440299
 42
0.029397
  0
VERTEX
  8
0
 10
19688.107381
 20
9493.599755
 42
0.030617
  0
VERTEX
  8
0
 10
19728.599555
 20
9471.812022
 42
0.030830
  0
VERTEX
  8
0
 10
19771.174442
 20
9455.260400
 42
0.030747
  0
VERTEX
  8
0
 10
19815.500000
 20
9444.052249
 42
0.008395
  0
VERTEX
  8
0
 10
19831.113001
 20
9441.381740
 42
0.015145
  0
VERTEX
  8
0
 10
19843.994445
 20
9439.798097
 42
0.013371
  0
VERTEX
  8
0
 10
19857.976176
 20
9438.883833
 42
0.005093
  0
VERTEX
  8
0
 10
19877.500000
 20
9438.329764
 42
0.011763
  0
VERTEX
  8
0
 10
19904.912076
 20
9438.476106
 42
0.019200
  0
VERTEX
  8
0
 10
19928.105511
 20
9440.038421
 42
0.020027
  0
VERTEX
  8
0
 10
19950.401073
 20
9443.310118
 42
0.014385
  0
VERTEX
  8
0
 10
19975.000000
 20
9448.669505
 42
0.074456
  0
VERTEX
  8
0
 10
20076.855935
 20
9490.767201
 42
0.074014
  0
VERTEX
  8
0
 10
20162.146991
 20
9560.920635
 42
0.074005
  0
VERTEX
  8
0
 10
20223.317807
 20
9652.881405
 42
0.074409
  0
VERTEX
  8
0
 10
20254.915279
 20
9758.500000
 42
0.046043
  0
VERTEX
  8
0
 10
20258.375184
 20
9827.465057
 42
0.046427
  0
VERTEX
  8
0
 10
20249.129062
 20
9895.700798
 42
0.046332
  0
VERTEX
  8
0
 10
20227.422370
 20
9961.188103
 42
0.045466
  0
VERTEX
  8
0
 10
20193.921144
 20
10022.000000
 42
0.025315
  0
VERTEX
  8
0
 10
20173.206703
 20
10049.531969
 42
0.022443
  0
VERTEX
  8
0
 10
20149.007221
 20
10076.007221
 42
0.022443
  0
VERTEX
  8
0
 10
20122.531969
 20
10100.206703
 42
0.025315
  0
VERTEX
  8
0
 10
20095.000000
 20
10120.921144
 42
0.029768
  0
VERTEX
  8
0
 10
20055.494038
 20
10144.328285
 42
0.030552
  0
VERTEX
  8
0
 10
20013.822530
 20
10162.652496
 42
0.030649
  0
VERTEX
  8
0
 10
19970.358251
 20
10175.713583
 42
0.030390
  0
VERTEX
  8
0
 10
19925.500000
 20
10183.408111
 42
0.013489
  0
VERTEX
  8
0
 10
19910.655122
 20
10184.630193
 42
0.007658
  0
VERTEX
  8
0
 10
19892.640217
 20
10185.348381
 42
0.007656
  0
VERTEX
  8
0
 10
19874.893644
 20
10185.511968
 42
0.015710
  0
SEQEND
  0
POLYLINE
  8
0
 66
1
 70
1
  0
VERTEX
  8
0
 10
19910.198784
 20
10006.508149
 42
-0.080733
  0
VERTEX
  8
0
 10
19971.243532
 20
9988.134263
 42
-0.081965
  0
VERTEX
  8
0
 10
20022.969623
 20
9951.436698
 42
-0.081780
  0
VERTEX
  8
0
 10
20060.248843
 20
9899.982337
 42
-0.079862
  0
VERTEX
  8
0
 10
20079.447819
 20
9838.871662
 42
-0.024384
  0
VERTEX
  8
0
 10
20080.607486
 20
9826.861426
 42
-0.011922
  0
VERTEX
  8
0
 10
20080.971451
 20
9811.479116
 42
-0.011921
  0
VERTEX
  8
0
 10
20080.602015
 20
9796.105743
 42
-0.024527
  0
VERTEX
  8
0
 10
20079.437627
 20
9784.128338
 42
-0.059683
  0
VERTEX
  8
0
 10
20066.711939
 20
9737.269609
 42
-0.061968
  0
VERTEX
  8
0
 10
20043.382807
 20
9695.384183
 42
-0.062173
  0
VERTEX
  8
0
 10
20010.582080
 20
9660.606163
 42
-0.060777
  0
VERTEX
  8
0
 10
19970.000000
 20
9634.648267
 42
-0.022438
  0
VERTEX
  8
0
 10
19950.559143
 20
9626.364929
 42
-0.028729
  0
VERTEX
  8
0
 10
19931.977008
 20
9620.607165
 42
-0.028823
  0
VERTEX
  8
0
 10
19912.907015
 20
9617.030482
 42
-0.022828
  0
VERTEX
  8
0
 10
19892.000000
 20
9615.309617
 42
-0.029500
  0
VERTEX
  8
0
 10
19867.569549
 20
9615.859495
 42
-0.031327
  0
VERTEX
  8
0
 10
19843.867424
 20
9619.299287
 42
-0.031466
  0
VERTEX
  8
0
 10
19820.877430
 20
9625.653653
 42
-0.030330
  0
VERTEX
  8
0
 10
19798.573277
 20
9634.905903
 42
-0.017761
  0
VERTEX
  8
0
 10
19784.551179
 20
9642.373950
 42
-0.022222
  0
VERTEX
  8
0
 10
19772.136173
 20
9650.319926
 42
-0.021883
  0
VERTEX
  8
0
 10
19760.323883
 20
9659.440835
 42
-0.016375
  0
VERTEX
  8
0
 10
19748.113823
 20
9670.456909
 42
-0.112198
  0
VERTEX
  8
0
 10
19700.436047
 20
9743.141208
 42
-0.112550
  0
VERTEX
  8
0
 10
19688.927084
 20
9829.206719
 42
-0.112158
  0
VERTEX
  8
0
 10
19715.865712
 20
9911.989911
 42
-0.110792
  0
VERTEX
  8
0
 10
19776.012296
 20
9975.440740
 42
-0.022614
  0
VERTEX
  8
0
 10
19786.002367
 20
9981.513903
 42
-0.011683
  0
VERTEX
  8
0
 10
19798.988960
 20
9988.235909
 42
-0.011679
  0
VERTEX
  8
0
 10
19812.229611
 20
9994.322995
 42
-0.023398
  0
VERTEX
  8
0
 10
19823.000000
 20
9998.386438
 42
-0.013790
  0
VERTEX
  8
0
 10
19831.770831
 20
10000.969420
 42
-0.009522
  0
VERTEX
  8
0
 10
19841.826287
 20
10003.427795
 42
-0.009522
  0
VERTEX
  8
0
 10
19851.967670
 20
10005.501414
 42
-0.013794
  0
VERTEX
  8
0
 10
19861.000000
 20
10006.913300
 42
-0.024841
  0
VERTEX
  8
0
 10
19870.996395
 20
10007.692596
 42
-0.009091
  0
VERTEX
  8
0
 10
19885.180655
 20
10007.833687
 42
-0.009198
  0
VERTEX
  8
0
 10
19899.520829
 20
10007.451718
 42
-0.021559
  0
SEQEND
  0
POLYLINE
  8
0
 66
1
 70
1
  0
VERTEX
  8
0
 10
7152.500000
 20
9083.408177
 42
-0.000741
  0
VERTEX
  8
0
 10
7150.256540
 20
9083.189568
 42
-0.000152
  0
VERTEX
  8
0
 10
7146.296875
 20
9082.810867
 42
-0.000160
  0
VERTEX
  8
0
 10
7141.696109
 20
9082.373752
 42
-0.000151
  0
VERTEX
  8
0
 10
7137.000000
 20
9081.930524
 42
0.039264
  0
VERTEX
  8
0
 10
7083.655382
 20
9072.647751
 42
0.036541
  0
VERTEX
  8
0
 10
7031.072471
 20
9054.998664
 42
0.036281
  0
VERTEX
  8
0
 10
6981.250095
 20
9029.727740
 42
0.037380
  0
VERTEX
  8
0
 10
6936.128197
 20
8997.741610
 42
0.014230
  0
VERTEX
  8
0
 10
6925.570825
 20
8988.484935
 42
0.006783
  0
VERTEX
  8
0
 10
6912.501950
 20
8976.016962
 42
0.006743
  0
VERTEX
  8
0
 10
6899.916824
 20
8963.342785
 42
0.016122
  0
VERTEX
  8
0
 10
6891.017942
 20
8953.521133
 42
0.038038
  0
VERTEX
  8
0
 10
6856.036745
 20
8905.327885
 42
0.039920
  0
VERTEX
  8
0
 10
6829.393987
 20
8853.140776
 42
0.039829
  0
VERTEX
  8
0
 10
6811.335720
 20
8797.270298
 42
0.037517
  0
VERTEX
  8
0
 10
6801.909990
 20
8738.112071
 42
0.018466
  0
VERTEX
  8
0
 10
6801.194602
 20
8722.596608
 42
0.007384
  0
VERTEX
  8
0
 10
6801.314164
 20
8701.323233
 42
0.007310
  0
VERTEX
  8
0
 10
6802.053022
 20
8680.226851
 42
0.020478
  0
VERTEX
  8
0
 10
6803.390620
 20
8665.500000
 42
0.015549
  0
VERTEX
  8
0
 10
6807.962805
 20
8637.633245
 42
0.018158
  0
VERTEX
  8
0
 10
6814.076633
 20
8611.525570
 42
0.018407
  0
VERTEX
  8
0
 10
6821.984809
 20
8586.243396
 42
0.016876
  0
VERTEX
  8
0
 10
6831.940178
 20
8560.856314
 42
0.053256
  0
VERTEX
  8
0
 10
6870.280602
 20
8492.932039
 42
0.052352
  0
VERTEX
  8
0
 10
6922.296645
 20
8434.207773
 42
0.052275
  0
VERTEX
  8
0
 10
6985.453883
 20
8387.494208
 42
0.052784
  0
VERTEX
  8
0
 10
7056.726315
 20
8355.073209
 42
0.017302
  0
VERTEX
  8
0
 10
7083.781878
 20
8347.092469
 42
0.020415
  0
VERTEX
  8
0
 10
7109.878569
 20
8341.491508
 42
0.020192
  0
VERTEX
  8
0
 10
7136.590166
 20
8337.993557
 42
0.016269
  0
VERTEX
  8
0
 10
7165.500000
 20
8336.335277
 42
0.008097
  0
VERTEX
  8
0
 10
7183.688687
 20
8336.179404
 42
0.012508
  0
VERTEX
  8
0
 10
7199.398435
 20
8336.692341
 42
0.013063
  0
VERTEX
  8
0
 10
7214.549179
 20
8337.964650
 42
0.010062
  0
VERTEX
  8
0
 10
7231.000000
 20
8340.115852
 42
0.059845
  0
VERTEX
  8
0
 10
7316.848527
 20
8363.847208
 42
0.059829
  0
VERTEX
  8
0
 10
7394.643152
 20
8407.235876
 42
0.059828
  0
VERTEX
  8
0
 10
7459.953855
 20
8467.810214
 42
0.059841
  0
VERTEX
  8
0
 10
7509.060663
 20
8542.121096
 42
0.021883
  0
VERTEX
  8
0
 10
7522.925520
 20
8573.114152
 42
0.023069
  0
VERTEX
  8
0
 10
7533.759600
 20
8604.665767
 42
0.022709
  0
VERTEX
  8
0
 10
7541.777497
 20
8637.540625
 42
0.019877
  0
VERTEX
  8
0
 10
7547.206423
 20
8672.500000
 42
0.023058
  0
VERTEX
  8
0
 10
7548.282437
 20
8688.251734
 42
0.007255
  0
VERTEX
  8
0
 10
7548.461620
 20
8711.871922
 42
0.007340
  0
VERTEX
  8
0
 10
7547.948702
 20
8735.610487
 42
0.021220
  0
VERTEX
  8
0
 10
7546.655917
 20
8752.000000
 42
0.034432
  0
VERTEX
  8
0
 10
7536.222341
 20
8806.255293
 42
0.036640
  0
VERTEX
  8
0
 10
7518.581922
 20
8857.410590
 42
0.036773
  0
VERTEX
  8
0
 10
7493.732730
 20
8905.277880
 42
0.035200
  0
VERTEX
  8
0
 10
7461.813055
 20
8949.733220
 42
0.015879
  0
VERTEX
  8
0
 10
7450.697120
 20
8962.284069
 42
0.008990
  0
VERTEX
  8
0
 10
7436.489609
 20
8976.802454
 42
0.008995
  0
VERTEX
  8
0
 10
7421.869734
 20
8990.704929
 42
0.016931
  0
VERTEX
  8
0
 10
7409.500000
 20
9001.302764
 42
0.034534
  0
VERTEX
  8
0
 10
7366.255000
 20
9031.239016
 42
0.034978
  0
VERTEX
  8
0
 10
7319.480639
 20
9054.795339
 42
0.034938
  0
VERTEX
  8
0
 10
7269.827181
 20
9071.623351
 42
0.034284
  0
VERTEX
  8
0
 10
7218.000000
 20
9081.503245
 42
0.018429
  0
VERTEX
  8
0
 10
7205.310932
 20
9082.558564
 42
0.004262
  0
VERTEX
  8
0
 10
7183.886026
 20
9083.364490
 42
0.003665
  0
VERTEX
  8
0
 10
7162.502485
 20
9083.829546
 42
0.028266
  0
SEQEND
  0
POLYLINE
  8
0
 66
1
 70
1
  0
VERTEX
  8
0
 10
7188.444073
 20
8905.977105
 42
-0.043336
  0
VERTEX
  8
0
 10
7223.668788
 20
8900.343467
 42
-0.045704
  0
VERTEX
  8
0
 10
7256.744051
 20
8888.771622
 42
-0.046027
  0
VERTEX
  8
0
 10
7286.960865
 20
8871.475113
 42
-0.045204
  0
VERTEX
  8
0
 10
7313.702083
 20
8848.849459
 42
-0.016040
  0
VERTEX
  8
0
 10
7325.508796
 20
8836.077566
 42
-0.022142
  0
VERTEX
  8
0
 10
7335.201465
 20
8823.838099
 42
-0.022838
  0
VERTEX
  8
0
 10
7343.544446
 20
8811.099787
 42
-0.018897
  0
VERTEX
  8
0
 10
7351.270526
 20
8796.835135
 42
-0.077957
  0
VERTEX
  8
0
 10
7369.287319
 20
8739.204940
 42
-0.077118
  0
VERTEX
  8
0
 10
7368.891701
 20
8678.602726
 42
-0.077096
  0
VERTEX
  8
0
 10
7350.148936
 20
8620.954905
 42
-0.077844
  0
VERTEX
  8
0
 10
7314.866074
 20
8571.907902
 42
-0.090786
  0
VERTEX
  8
0
 10
7256.594698
 20
8531.116895
 42
-0.091282
  0
VERTEX
  8
0
 10
7187.762591
 20
8513.716850
 42
-0.091239
  0
VERTEX
  8
0
 10
7117.219364
 20
8521.967540
 42
-0.090596
  0
VERTEX
  8
0
 10
7054.039105
 20
8554.787888
 42
-0.086167
  0
VERTEX
  8
0
 10
7009.379905
 20
8603.787786
 42
-0.084756
  0
VERTEX
  8
0
 10
6983.534926
 20
8665.247577
 42
-0.084755
  0
VERTEX
  8
0
 10
6979.546539
 20
8731.802138
 42
-0.086158
  0
VERTEX
  8
0
 10
6997.941929
 20
8795.500000
 42
-0.064789
  0
VERTEX
  8
0
 10
7026.021019
 20
8838.131386
 42
-0.064467
  0
VERTEX
  8
0
 10
7064.117261
 20
8872.238964
 42
-0.064780
  0
VERTEX
  8
0
 10
7109.462047
 20
8895.391150
 42
-0.066571
  0
VERTEX
  8
0
 10
7158.802478
 20
8905.894861
 42
-0.002279
  0
VERTEX
  8
0
 10
7168.816242
 20
8906.619588
 42
-0.016230
  0
VERTEX
  8
0
 10
7173.676360
 20
8906.790888
 42
-0.016353
  0
VERTEX
  8
0
 10
7178.524108
 20
8906.645757
 42
-0.002335
  0
SEQEND
  0
POLYLINE
  8
0
 66
1
 70
1
  0
VERTEX
  8
0
 10
14229.000000
 20
9082.885002
 42
0.051753
  0
VERTEX
  8
0
 10
14152.551342
 20
9068.741970
 42
0.051755
  0
VERTEX
  8
0
 10
14080.637358
 20
9039.201239
 42
0.051829
  0
VERTEX
  8
0
 10
14016.414501
 20
8995.569987
 42
0.052203
  0
VERTEX
  8
0
 10
13962.709148
 20
8939.758605
 42
0.034203
  0
VERTEX
  8
0
 10
13934.137530
 20
8897.405594
 42
0.034377
  0
VERTEX
  8
0
 10
13911.661021
 20
8851.622970
 42
0.034099
  0
VERTEX
  8
0
 10
13895.520025
 20
8802.829983
 42
0.032485
  0
VERTEX
  8
0
 10
13885.842102
 20
8751.500000
 42
0.025525
  0
VERTEX
  8
0
 10
13884.670527
 20
8734.878695
 42
0.006272
  0
VERTEX
  8
0
 10
13884.484542
 20
8707.476615
 42
0.006186
  0
VERTEX
  8
0
 10
13884.980396
 20
8680.127445
 42
0.026987
  0
VERTEX
  8
0
 10
13886.345796
 20
8664.000000
 42
0.023242
  0
VERTEX
  8
0
 10
13893.798016
 20
8624.155937
 42
0.025649
  0
VERTEX
  8
0
 10
13904.737528
 20
8586.490121
 42
0.026097
  0
VERTEX
  8
0
 10
13919.271501
 20
8550.739346
 42
0.025944
  0
VERTEX
  8
0
 10
13937.476099
 20
8516.624606
 42
0.050006
  0
VERTEX
  8
0
 10
13981.503539
 20
8457.736446
 42
0.049071
  0
VERTEX
  8
0
 10
14036.602551
 20
8408.346752
 42
0.049108
  0
VERTEX
  8
0
 10
14100.227462
 20
8370.672687
 42
0.050241
  0
VERTEX
  8
0
 10
14169.500000
 20
8346.473916
 42
0.011016
  0
VERTEX
  8
0
 10
14189.675539
 20
8342.096698
 42
0.015574
  0
VERTEX
  8
0
 10
14207.823323
 20
8339.159291
 42
0.015369
  0
VERTEX
  8
0
 10
14226.302010
 20
8337.331592
 42
0.010322
  0
VERTEX
  8
0
 10
14247.500000
 20
8336.330099
 42
0.029071
  0
VERTEX
  8
0
 10
14294.856122
 20
8337.825145
 42
0.032681
  0
VERTEX
  8
0
 10
14339.870100
 20
8344.859882
 42
0.032632
  0
VERTEX
  8
0
 10
14383.642170
 20
8357.712788
 42
0.028820
  0
VERTEX
  8
0
 10
14427.285790
 20
8376.602359
 42
0.042408
  0
VERTEX
  8
0
 10
14478.976664
 20
8408.355567
 42
0.040744
  0
VERTEX
  8
0
 10
14525.319564
 20
8448.761868
 42
0.040610
  0
VERTEX
  8
0
 10
14564.635364
 20
8496.290730
 42
0.041497
  0
VERTEX
  8
0
 10
14595.433558
 20
8549.219926
 42
0.052836
  0
VERTEX
  8
0
 10
14621.672380
 20
8623.759531
 42
0.053103
  0
VERTEX
  8
0
 10
14631.647688
 20
8702.015758
 42
0.053043
  0
VERTEX
  8
0
 10
14624.919242
 20
8780.698988
 42
0.052486
  0
VERTEX
  8
0
 10
14601.789225
 20
8856.500000
 42
0.055696
  0
VERTEX
  8
0
 10
14561.695948
 20
8927.788707
 42
0.054737
  0
VERTEX
  8
0
 10
14506.651634
 20
8988.931205
 42
0.054714
  0
VERTEX
  8
0
 10
14439.628454
 20
9036.693898
 42
0.055560
  0
VERTEX
  8
0
 10
14364.177698
 20
9068.489641
 42
0.023583
  0
VERTEX
  8
0
 10
14331.258381
 20
9076.568708
 42
0.021857
  0
VERTEX
  8
0
 10
14296.880196
 20
9081.757412
 42
0.021960
  0
VERTEX
  8
0
 10
14262.355878
 20
9083.906879
 42
0.024451
  0
SEQEND
  0
POLYLINE
  8
0
 66
1
 70
1
  0
VERTEX
  8
0
 10
14271.195849
 20
8905.994845
 42
-0.043848
  0
VERTEX
  8
0
 10
14307.294377
 20
8900.183189
 42
-0.047324
  0
VERTEX
  8
0
 10
14340.871129
 20
8888.236245
 42
-0.047419
  0
VERTEX
  8
0
 10
14371.544918
 20
8870.215116
 42
-0.044355
  0
VERTEX
  8
0
 10
14399.026556
 20
8846.373025
 42
-0.037991
  0
VERTEX
  8
0
 10
14419.067423
 20
8822.169661
 42
-0.040701
  0
VERTEX
  8
0
 10
14434.704061
 20
8795.742845
 42
-0.040687
  0
VERTEX
  8
0
 10
14445.857231
 20
8767.123698
 42
-0.037916
  0
VERTEX
  8
0
 10
14452.551086
 20
8736.393908
 42
-0.027250
  0
VERTEX
  8
0
 10
14453.649202
 20
8723.382412
 42
-0.011256
  0
VERTEX
  8
0
 10
14453.776483
 20
8705.702373
 42
-0.011105
  0
VERTEX
  8
0
 10
14453.120688
 20
8688.231840
 42
-0.031567
  0
VERTEX
  8
0
 10
14451.628543
 20
8676.146117
 42
-0.050386
  0
VERTEX
  8
0
 10
14439.759504
 20
8635.879423
 42
-0.052171
  0
VERTEX
  8
0
 10
14420.175025
 20
8599.301447
 42
-0.052581
  0
VERTEX
  8
0
 10
14393.607059
 20
8567.815880
 42
-0.052767
  0
VERTEX
  8
0
 10
14361.085241
 20
8542.606681
 42
-0.040375
  0
VERTEX
  8
0
 10
14333.246417
 20
8528.351173
 42
-0.039318
  0
VERTEX
  8
0
 10
14303.233135
 20
8518.605978
 42
-0.039568
  0
VERTEX
  8
0
 10
14272.256518
 20
8513.725599
 42
-0.042133
  0
VERTEX
  8
0
 10
14241.551830
 20
8513.941907
 42
-0.103847
  0
VERTEX
  8
0
 10
14162.262641
 20
8538.313681
 42
-0.106080
  0
VERTEX
  8
0
 10
14100.169557
 20
8592.393828
 42
-0.106429
  0
VERTEX
  8
0
 10
14065.866287
 20
8667.025888
 42
-0.105168
  0
VERTEX
  8
0
 10
14065.106639
 20
8749.500000
 42
-0.081796
  0
VERTEX
  8
0
 10
14087.529173
 20
8808.429363
 42
-0.080786
  0
VERTEX
  8
0
 10
14127.737561
 20
8857.342604
 42
-0.080637
  0
VERTEX
  8
0
 10
14181.446673
 20
8891.061438
 42
-0.081056
  0
VERTEX
  8
0
 10
14242.967726
 20
8905.981620
 42
-0.000514
  0
VERTEX
  8
0
 10
14246.800606
 20
8906.270165
 42
-0.000604
  0
VERTEX
  8
0
 10
14250.434269
 20
8906.535543
 42
-0.000530
  0
VERTEX
  8
0
 10
14253.505507
 20
8906.752843
 42
-0.003740
  0
VERTEX
  8
0
 10
14255.000000
 20
8906.845765
 42
-0.024713
  0
VERTEX
  8
0
 10
14256.614882
 20
8906.854164
 42
-0.002069
  0
VERTEX
  8
0
 10
14260.788781
 20
8906.652186
 42
-0.002752
  0
VERTEX
  8
0
 10
14265.768068
 20
8906.363092
 42
-0.002122
  0
SEQEND
  0
POLYLINE
  8
0
 66
1
 70
1
  0
VERTEX
  8
0
 10
21311.500000
 20
9082.972742
 42
0.029444
  0
VERTEX
  8
0
 10
21263.639526
 20
9075.871594
 42
0.031834
  0
VERTEX
  8
0
 10
21218.206930
 20
9063.306761
 42
0.032081
  0
VERTEX
  8
0
 10
21175.053891
 20
9045.183803
 42
0.030886
  0
VERTEX
  8
0
 10
21134.000000
 20
9021.487071
 42
0.058570
  0
VERTEX
  8
0
 10
21067.042750
 20
8964.831518
 42
0.058943
  0
VERTEX
  8
0
 10
21015.211413
 20
8894.306472
 42
0.058977
  0
VERTEX
  8
0
 10
20981.289093
 20
8813.673707
 42
0.058763
  0
VERTEX
  8
0
 10
20967.074463
 20
8727.250000
 42
0.031145
  0
VERTEX
  8
0
 10
20967.872452
 20
8679.311900
 42
0.032309
  0
VERTEX
  8
0
 10
20974.645796
 20
8632.438504
 42
0.032372
  0
VERTEX
  8
0
 10
20987.383726
 20
8586.913715
 42
0.031535
  0
VERTEX
  8
0
 10
21005.980938
 20
8543.000000
 42
0.053462
  0
VERTEX
  8
0
 10
21049.593738
 20
8475.027524
 42
0.054226
  0
VERTEX
  8
0
 10
21106.441500
 20
8418.206291
 42
0.054265
  0
VERTEX
  8
0
 10
21174.135040
 20
8374.969968
 42
0.053690
  0
VERTEX
  8
0
 10
21249.784649
 20
8347.124575
 42
0.013076
  0
VERTEX
  8
0
 10
21272.990415
 20
8341.953204
 42
0.019351
  0
VERTEX
  8
0
 10
21293.587546
 20
8338.747116
 42
0.018496
  0
VERTEX
  8
0
 10
21315.048676
 20
8337.053930
 42
0.010621
  0
VERTEX
  8
0
 10
21341.000000
 20
8336.521760
 42
0.006335
  0
VERTEX
  8
0
 10
21361.812109
 20
8336.800808
 42
0.014041
  0
VERTEX
  8
0
 10
21377.657189
 20
8337.659760
 42
0.015724
  0
VERTEX
  8
0
 10
21392.278728
 20
8339.329151
 42
0.010315
  0
VERTEX
  8
0
 10
21409.000000
 20
8342.126460
 42
0.049400
  0
VERTEX
  8
0
 10
21480.512589
 20
8363.086079
 42
0.049793
  0
VERTEX
  8
0
 10
21546.321688
 20
8397.626048
 42
0.049798
  0
VERTEX
  8
0
 10
21603.998229
 20
8444.491277
 42
0.049427
  0
VERTEX
  8
0
 10
21651.431625
 20
8501.944072
 42
0.045788
  0
VERTEX
  8
0
 10
21683.458760
 20
8560.586774
 42
0.044542
  0
VERTEX
  8
0
 10
21704.630668
 20
8624.617160
 42
0.044554
  0
VERTEX
  8
0
 10
21714.123171
 20
8691.367664
 42
0.045869
  0
VERTEX
  8
0
 10
21711.489055
 20
8758.082981
 42
0.078438
  0
VERTEX
  8
0
 10
21678.224350
 20
8870.501699
 42
0.078543
  0
VERTEX
  8
0
 10
21611.959878
 20
8967.150719
 42
0.078694
  0
VERTEX
  8
0
 10
21519.246341
 20
9038.507742
 42
0.079194
  0
VERTEX
  8
0
 10
21409.219759
 20
9077.531837
 42
0.004556
  0
VERTEX
  8
0
 10
21403.212577
 20
9078.585706
 42
0.002782
  0
VERTEX
  8
0
 10
21396.104159
 20
9079.725510
 42
0.002788
  0
VERTEX
  8
0
 10
21389.048286
 20
9080.776408
 42
0.004945
  0
VERTEX
  8
0
 10
21383.219759
 20
9081.552573
 42
0.019765
  0
VERTEX
  8
0
 10
21368.935717
 20
9082.740507
 42
0.005913
  0
VERTEX
  8
0
 10
21347.092758
 20
9083.431508
 42
0.005835
  0
VERTEX
  8
0
 10
21325.316459
 20
9083.608521
 42
0.021224
  0
SEQEND
  0
POLYLINE
  8
0
 66
1
 70
1
  0
VERTEX
  8
0
 10
21369.363485
 20
8904.429161
 42
-0.063184
  0
VERTEX
  8
0
 10
21415.303724
 20
8891.802198
 42
-0.060609
  0
VERTEX
  8
0
 10
21457.342624
 20
8867.982694
 42
-0.060574
  0
VERTEX
  8
0
 10
21492.464813
 20
8834.762647
 42
-0.062968
  0
VERTEX
  8
0
 10
21518.070948
 20
8794.500000
 42
-0.069781
  0
VERTEX
  8
0
 10
21534.477041
 20
8741.715784
 42
-0.070206
  0
VERTEX
  8
0
 10
21535.681189
 20
8686.567380
 42
-0.070291
  0
VERTEX
  8
0
 10
21521.584269
 20
8633.297194
 42
-0.070230
  0
VERTEX
  8
0
 10
21493.279115
 20
8586.000000
 42
-0.020623
  0
VERTEX
  8
0
 10
21486.211989
 20
8577.954532
 42
-0.010457
  0
VERTEX
  8
0
 10
21476.703009
 20
8568.398024
 42
-0.010457
  0
VERTEX
  8
0
 10
21466.803456
 20
8559.248162
 42
-0.020638
  0
VERTEX
  8
0
 10
21458.505659
 20
8552.484637
 42
-0.076781
  0
VERTEX
  8
0
 10
21405.749610
 20
8524.389276
 42
-0.076357
  0
VERTEX
  8
0
 10
21346.873404
 20
8513.452235
 42
-0.076349
  0
VERTEX
  8
0
 10
21287.423578
 20
8520.690059
 42
-0.076740
  0
VERTEX
  8
0
 10
21233.000000
 20
8545.434927
 42
-0.043105
  0
VERTEX
  8
0
 10
21206.031528
 20
8566.628737
 42
-0.043583
  0
VERTEX
  8
0
 10
21183.205406
 20
8592.060255
 42
-0.043703
  0
VERTEX
  8
0
 10
21165.186429
 20
8620.993464
 42
-0.043848
  0
VERTEX
  8
0
 10
21152.493915
 20
8652.586773
 42
-0.042306
  0
VERTEX
  8
0
 10
21145.645137
 20
8684.748880
 42
-0.041268
  0
VERTEX
  8
0
 10
21144.227672
 20
8717.876715
 42
-0.041366
  0
VERTEX
  8
0
 10
21148.267188
 20
8750.710810
 42
-0.042970
  0
VERTEX
  8
0
 10
21157.637900
 20
8782.000000
 42
-0.083421
  0
VERTEX
  8
0
 10
21191.611682
 20
8838.251214
 42
-0.084385
  0
VERTEX
  8
0
 10
21241.985303
 20
8880.050429
 42
-0.084235
  0
VERTEX
  8
0
 10
21303.423021
 20
8902.909290
 42
-0.082726
  0
SEQEND
  0
POLYLINE
  8
0
 66
1
 70
1
  0
VERTEX
  8
0
 10
5684.000000
 20
8197.958872
 42
0.040919
  0
VERTEX
  8
0
 10
5537.177706
 20
8180.124178
 42
0.040888
  0
VERTEX
  8
0
 10
5395.181112
 20
8138.614810
 42
0.040870
  0
VERTEX
  8
0
 10
5261.776139
 20
8074.529866
 42
0.040808
  0
VERTEX
  8
0
 10
5140.500000
 20
7989.569874
 42
0.005594
  0
VERTEX
  8
0
 10
5124.601586
 20
7976.073750
 42
0.007070
  0
VERTEX
  8
0
 10
5110.220441
 20
7963.225021
 42
0.006628
  0
VERTEX
  8
0
 10
5095.491617
 20
7949.321665
 42
0.004058
  0
VERTEX
  8
0
 10
5078.475150
 20
7932.556873
 42
0.007597
  0
VERTEX
  8
0
 10
5054.555003
 20
7907.865709
 42
0.010006
  0
VERTEX
  8
0
 10
5033.545400
 20
7884.592898
 42
0.010158
  0
VERTEX
  8
0
 10
5013.737159
 20
7860.787698
 42
0.008244
  0
VERTEX
  8
0
 10
4993.452621
 20
7834.500000
 42
0.034416
  0
VERTEX
  8
0
 10
4926.001342
 20
7729.708022
 42
0.034461
  0
VERTEX
  8
0
 10
4873.595343
 20
7616.698021
 42
0.034460
  0
VERTEX
  8
0
 10
4837.207826
 20
7497.560008
 42
0.034414
  0
VERTEX
  8
0
 10
4817.508768
 20
7374.500000
 42
0.012796
  0
VERTEX
  8
0
 10
4814.801097
 20
7332.473385
 42
0.011179
  0
VERTEX
  8
0
 10
4814.079034
 20
7288.424013
 42
0.011130
  0
VERTEX
  8
0
 10
4815.328653
 20
7244.163324
 42
0.012336
  0
VERTEX
  8
0
 10
4818.541070
 20
7201.500000
 42
0.035455
  0
VERTEX
  8
0
 10
4839.762910
 20
7078.391884
 42
0.034483
  0
VERTEX
  8
0
 10
4878.291166
 20
6958.331534
 42
0.034471
  0
VERTEX
  8
0
 10
4932.971930
 20
6844.664019
 42
0.035368
  0
VERTEX
  8
0
 10
5002.340291
 20
6740.611351
 42
0.006578
  0
VERTEX
  8
0
 10
5021.093066
 20
6717.031659
 42
0.009617
  0
VERTEX
  8
0
 10
5038.268059
 20
6696.815881
 42
0.009412
  0
VERTEX
  8
0
 10
5056.485919
 20
6676.956219
 42
0.005934
  0
VERTEX
  8
0
 10
5078.458482
 20
6654.431904
 42
0.006668
  0
VERTEX
  8
0
 10
5103.630775
 20
6629.896202
 42
0.010288
  0
VERTEX
  8
0
 10
5126.099566
 20
6609.434502
 42
0.010671
  0
VERTEX
  8
0
 10
5148.768453
 20
6590.465823
 42
0.007992
  0
VERTEX
  8
0
 10
5174.500000
 20
6570.518564
 42
0.024245
  0
VERTEX
  8
0
 10
5250.167254
 20
6519.308252
 42
0.025202
  0
VERTEX
  8
0
 10
5329.488245
 20
6476.375791
 42
0.025292
  0
VERTEX
  8
0
 10
5412.448839
 20
6441.775423
 42
0.024818
  0
VERTEX
  8
0
 10
5499.000000
 20
6415.481469
 42
0.022861
  0
VERTEX
  8
0
 10
5580.889032
 20
6398.916013
 42
0.023051
  0
VERTEX
  8
0
 10
5663.722493
 20
6389.952523
 42
0.023074
  0
VERTEX
  8
0
 10
5746.945523
 20
6388.657669
 42
0.023020
  0
VERTEX
  8
0
 10
5830.000000
 20
6395.033368
 42
0.032387
  0
VERTEX
  8
0
 10
5944.470875
 20
6416.739616
 42
0.032191
  0
VERTEX
  8
0
 10
6055.418954
 20
6453.077145
 42
0.032160
  0
VERTEX
  8
0
 10
6160.884857
 20
6503.395702
 42
0.032184
  0
VERTEX
  8
0
 10
6259.000000
 20
6566.813188
 42
0.015784
  0
VERTEX
  8
0
 10
6301.019754
 20
6600.084516
 42
0.014760
  0
VERTEX
  8
0
 10
6341.834057
 20
6636.669189
 42
0.014609
  0
VERTEX
  8
0
 10
6380.839975
 20
6675.999419
 42
0.014655
  0
VERTEX
  8
0
 10
6417.440038
 20
6717.500000
 42
0.038041
  0
VERTEX
  8
0
 10
6493.407166
 20
6824.501502
 42
0.036233
  0
VERTEX
  8
0
 10
6553.683781
 20
6943.487618
 42
0.036170
  0
VERTEX
  8
0
 10
6596.242354
 20
7070.145628
 42
0.037587
  0
VERTEX
  8
0
 10
6619.431294
 20
7200.000000
 42
0.004391
  0
VERTEX
  8
0
 10
6621.648097
 20
7223.820700
 42
0.010056
  0
VERTEX
  8
0
 10
6622.799395
 20
7241.812554
 42
0.008503
  0
VERTEX
  8
0
 10
6623.328348
 20
7261.554090
 42
0.002366
  0
VERTEX
  8
0
 10
6623.484663
 20
7292.500000
 42
0.004903
  0
VERTEX
  8
0
 10
6623.132444
 20
7329.623886
 42
0.010393
  0
VERTEX
  8
0
 10
6621.980202
 20
7358.357437
 42
0.011458
  0
VERTEX
  8
0
 10
6619.726797
 20
7385.190994
 42
0.007504
  0
VERTEX
  8
0
 10
6615.958590
 20
7416.000000
 42
0.049330
  0
VERTEX
  8
0
 10
6574.175848
 20
7590.289750
 42
0.049614
  0
VERTEX
  8
0
 10
6499.114913
 20
7752.661373
 42
0.049630
  0
VERTEX
  8
0
 10
6393.563907
 20
7897.019545
 42
0.049423
  0
VERTEX
  8
0
 10
6261.500000
 20
8017.971785
 42
0.042555
  0
VERTEX
  8
0
 10
6130.720010
 20
8099.543075
 42
0.042651
  0
VERTEX
  8
0
 10
5988.114019
 20
8157.724861
 42
0.042671
  0
VERTEX
  8
0
 10
5837.770002
 20
8190.845265
 42
0.042683
  0
SEQEND
  0
POLYLINE
  8
0
 66
1
 70
1
  0
VERTEX
  8
0
 10
5774.500000
 20
8176.939613
 42
-0.043296
  0
VERTEX
  8
0
 10
5930.354231
 20
8152.960611
 42
-0.044589
  0
VERTEX
  8
0
 10
6078.153879
 20
8102.613674
 42
-0.044605
  0
VERTEX
  8
0
 10
6214.636579
 20
8026.881689
 42
-0.043394
  0
VERTEX
  8
0
 10
6336.885867
 20
7927.522948
 42
-0.044539
  0
VERTEX
  8
0
 10
6436.192029
 20
7812.586809
 42
-0.042973
  0
VERTEX
  8
0
 10
6514.920939
 20
7680.547065
 42
-0.042864
  0
VERTEX
  8
0
 10
6570.086653
 20
7536.650568
 42
-0.043808
  0
VERTEX
  8
0
 10
6599.408226
 20
7386.500000
 42
-0.005458
  0
VERTEX
  8
0
 10
6601.567349
 20
7363.690866
 42
-0.009874
  0
VERTEX
  8
0
 10
6602.761540
 20
7344.974007
 42
-0.008269
  0
VERTEX
  8
0
 10
6603.333101
 20
7324.143019
 42
-0.002723
  0
VERTEX
  8
0
 10
6603.500000
 20
7293.500000
 42
-0.002706
  0
VERTEX
  8
0
 10
6603.334358
 20
7262.899430
 42
-0.008257
  0
VERTEX
  8
0
 10
6602.766494
 20
7242.133109
 42
-0.009826
  0
VERTEX
  8
0
 10
6601.577079
 20
7223.428377
 42
-0.005341
  0
VERTEX
  8
0
 10
6599.419214
 20
7200.500000
 42
-0.013834
  0
VERTEX
  8
0
 10
6593.247178
 20
7154.079496
 42
-0.013072
  0
VERTEX
  8
0
 10
6584.422348
 20
7107.180758
 42
-0.013075
  0
VERTEX
  8
0
 10
6573.160603
 20
7060.816877
 42
-0.013854
  0
VERTEX
  8
0
 10
6559.682226
 20
7016.000000
 42
-0.025368
  0
VERTEX
  8
0
 10
6526.846207
 20
6931.483876
 42
-0.025655
  0
VERTEX
  8
0
 10
6485.728408
 20
6851.054968
 42
-0.025562
  0
VERTEX
  8
0
 10
6436.430906
 20
6774.984532
 42
-0.024766
  0
VERTEX
  8
0
 10
6379.138203
 20
6703.500000
 42
-0.011134
  0
VERTEX
  8
0
 10
6364.804499
 20
6688.034127
 42
-0.004160
  0
VERTEX
  8
0
 10
6344.029487
 20
6666.949811
 42
-0.004159
  0
VERTEX
  8
0
 10
6322.909050
 20
6646.216467
 42
-0.011151
  0
VERTEX
  8
0
 10
6307.427785
 20
6631.922897
 42
-0.035607
  0
VERTEX
  8
0
 10
6203.618712
 20
6552.671457
 42
-0.036809
  0
VERTEX
  8
0
 10
6090.724247
 20
6489.926360
 42
-0.036914
  0
VERTEX
  8
0
 10
5970.159657
 20
6444.559932
 42
-0.036247
  0
VERTEX
  8
0
 10
5843.500000
 20
6417.081042
 42
-0.039095
  0
VERTEX
  8
0
 10
5705.435420
 20
6408.367625
 42
-0.039147
  0
VERTEX
  8
0
 10
5567.760298
 20
6421.260892
 42
-0.039161
  0
VERTEX
  8
0
 10
5433.821632
 20
6455.448679
 42
-0.039180
  0
VERTEX
  8
0
 10
5306.874984
 20
6510.098339
 42
-0.036428
  0
VERTEX
  8
0
 10
5196.976944
 20
6578.640821
 42
-0.036647
  0
VERTEX
  8
0
 10
5098.424475
 20
6662.282881
 42
-0.036635
  0
VERTEX
  8
0
 10
5013.110484
 20
6759.445451
 42
-0.036351
  0
VERTEX
  8
0
 10
4942.646464
 20
6868.261951
 42
-0.025393
  0
VERTEX
  8
0
 10
4904.392869
 20
6947.210093
 42
-0.024615
  0
VERTEX
  8
0
 10
4873.895947
 20
7030.444298
 42
-0.024649
  0
VERTEX
  8
0
 10
4851.764159
 20
7116.152815
 42
-0.025645
  0
VERTEX
  8
0
 10
4838.525464
 20
7202.500000
 42
-0.012574
  0
VERTEX
  8
0
 10
4835.301284
 20
7245.005197
 42
-0.011289
  0
VERTEX
  8
0
 10
4834.064811
 20
7289.176783
 42
-0.011339
  0
VERTEX
  8
0
 10
4834.823972
 20
7333.135734
 42
-0.013045
  0
VERTEX
  8
0
 10
4837.592465
 20
7375.000000
 42
-0.056517
  0
VERTEX
  8
0
 10
4878.087986
 20
7569.727847
 42
-0.056315
  0
VERTEX
  8
0
 10
4961.184820
 20
7750.695873
 42
-0.056311
  0
VERTEX
  8
0
 10
5082.571610
 20
7908.570723
 42
-0.056495
  0
VERTEX
  8
0
 10
5236.000000
 20
8035.187145
 42
-0.033403
  0
VERTEX
  8
0
 10
5339.404394
 20
8093.067523
 42
-0.033644
  0
VERTEX
  8
0
 10
5449.351012
 20
8136.504571
 42
-0.033522
  0
VERTEX
  8
0
 10
5564.520190
 20
8164.929001
 42
-0.032631
  0
VERTEX
  8
0
 10
5683.500000
 20
8178.035219
 42
-0.010237
  0
VERTEX
  8
0
 10
5702.352721
 20
8178.487773
 42
-0.003891
  0
VERTEX
  8
0
 10
5728.658452
 20
8178.375801
 42
-0.003913
  0
VERTEX
  8
0
 10
5755.090299
 20
8177.850686
 42
-0.009608
  0
SEQEND
  0
POLYLINE
  8
0
 66
1
 70
1
  0
VERTEX
  8
0
 10
12766.000000
 20
8198.020900
 42
0.012750
  0
VERTEX
  8
0
 10
12720.522438
 20
8194.967855
 42
0.012168
  0
VERTEX
  8
0
 10
12674.543193
 20
8189.569863
 42
0.012240
  0
VERTEX
  8
0
 10
12629.167282
 20
8181.982445
 42
0.013331
  0
VERTEX
  8
0
 10
12585.500000
 20
8172.363376
 42
0.029702
  0
VERTEX
  8
0
 10
12480.060749
 20
8139.415896
 42
0.030592
  0
VERTEX
  8
0
 10
12380.338100
 20
8094.473153
 42
0.030550
  0
VERTEX
  8
0
 10
12286.717855
 20
8037.631343
 42
0.029441
  0
VERTEX
  8
0
 10
12199.500000
 20
7969.154126
 42
0.011902
  0
VERTEX
  8
0
 10
12184.307148
 20
7955.049434
 42
0.003397
  0
VERTEX
  8
0
 10
12161.409352
 20
7932.448669
 42
0.003342
  0
VERTEX
  8
0
 10
12138.897945
 20
7909.622171
 42
0.012891
  0
VERTEX
  8
0
 10
12125.385244
 20
7895.000000
 42
0.018603
  0
VERTEX
  8
0
 10
12078.386675
 20
7837.236638
 42
0.020139
  0
VERTEX
  8
0
 10
12037.107211
 20
7777.608683
 42
0.020340
  0
VERTEX
  8
0
 10
12001.122689
 20
7715.422941
 42
0.019832
  0
VERTEX
  8
0
 10
11969.982599
 20
7650.000000
 42
0.019394
  0
VERTEX
  8
0
 10
11944.543649
 20
7583.587895
 42
0.019605
  0
VERTEX
  8
0
 10
11924.428715
 20
7515.641142
 42
0.019654
  0
VERTEX
  8
0
 10
11909.740832
 20
7446.496994
 42
0.019728
  0
VERTEX
  8
0
 10
11900.549831
 20
7376.500000
 42
0.011873
  0
VERTEX
  8
0
 10
11897.795347
 20
7335.671305
 42
0.010914
  0
VERTEX
  8
0
 10
11896.878298
 20
7293.593537
 42
0.010903
  0
VERTEX
  8
0
 10
11897.798458
 20
7251.469054
 42
0.011779
  0
VERTEX
  8
0
 10
11900.555804
 20
7210.500000
 42
0.034487
  0
VERTEX
  8
0
 10
11920.177175
 20
7088.686899
 42
0.034128
  0
VERTEX
  8
0
 10
11956.398489
 20
6970.286649
 42
0.034122
  0
VERTEX
  8
0
 10
12008.396471
 20
6857.896230
 42
0.034450
  0
VERTEX
  8
0
 10
12075.052140
 20
6754.000000
 42
0.032105
  0
VERTEX
  8
0
 10
12150.542791
 20
6665.004767
 42
0.032139
  0
VERTEX
  8
0
 10
12236.780161
 20
6586.440378
 42
0.032165
  0
VERTEX
  8
0
 10
12332.305018
 20
6519.632178
 42
0.032273
  0
VERTEX
  8
0
 10
12435.504747
 20
6465.711211
 42
0.018661
  0
VERTEX
  8
0
 10
12497.862754
 20
6440.830895
 42
0.018667
  0
VERTEX
  8
0
 10
12561.895300
 20
6420.672697
 42
0.018562
  0
VERTEX
  8
0
 10
12627.608599
 20
6405.249000
 42
0.017968
  0
VERTEX
  8
0
 10
12695.000000
 20
6394.547207
 42
0.016306
  0
VERTEX
  8
0
 10
12748.265504
 20
6389.797097
 42
0.014660
  0
VERTEX
  8
0
 10
12803.656069
 20
6388.300363
 42
0.014617
  0
VERTEX
  8
0
 10
12859.218336
 20
6390.053092
 42
0.015933
  0
VERTEX
  8
0
 10
12913.000000
 20
6395.049233
 42
0.034883
  0
VERTEX
  8
0
 10
13038.578576
 20
6419.752245
 42
0.035356
  0
VERTEX
  8
0
 10
13158.921029
 20
6461.599298
 42
0.035369
  0
VERTEX
  8
0
 10
13272.124808
 20
6519.966355
 42
0.034968
  0
VERTEX
  8
0
 10
13376.427785
 20
6593.904597
 42
0.013460
  0
VERTEX
  8
0
 10
13408.800446
 20
6621.926654
 42
0.011249
  0
VERTEX
  8
0
 10
13441.660000
 20
6653.340000
 42
0.011249
  0
VERTEX
  8
0
 10
13473.073346
 20
6686.199554
 42
0.013460
  0
VERTEX
  8
0
 10
13501.095403
 20
6718.572215
 42
0.055170
  0
VERTEX
  8
0
 10
13610.741838
 20
6887.272067
 42
0.055682
  0
VERTEX
  8
0
 10
13680.434569
 20
7075.351935
 42
0.055728
  0
VERTEX
  8
0
 10
13706.868450
 20
7274.028280
 42
0.055437
  0
VERTEX
  8
0
 10
13688.857087
 20
7474.000000
 42
0.024299
  0
VERTEX
  8
0
 10
13667.372708
 20
7558.430212
 42
0.023985
  0
VERTEX
  8
0
 10
13637.721077
 20
7640.752248
 42
0.024009
  0
VERTEX
  8
0
 10
13600.354585
 20
7719.775695
 42
0.024466
  0
VERTEX
  8
0
 10
13555.797096
 20
7794.340711
 42
0.054456
  0
VERTEX
  8
0
 10
13428.639164
 20
7946.429446
 42
0.054880
  0
VERTEX
  8
0
 10
13271.951883
 20
8067.030587
 42
0.054903
  0
VERTEX
  8
0
 10
13092.846374
 20
8150.615890
 42
0.054593
  0
VERTEX
  8
0
 10
12899.500000
 20
8193.418932
 42
0.011225
  0
VERTEX
  8
0
 10
12868.415813
 20
8196.109431
 42
0.007358
  0
VERTEX
  8
0
 10
12832.507892
 20
8197.876601
 42
0.007371
  0
VERTEX
  8
0
 10
12796.713335
 20
8198.582413
 42
0.011628
  0
SEQEND
  0
POLYLINE
  8
0
 66
1
 70
1
  0
VERTEX
  8
0
 10
12857.000000
 20
8176.966118
 42
-0.014999
  0
VERTEX
  8
0
 10
12915.563048
 20
8171.278718
 42
-0.016505
  0
VERTEX
  8
0
 10
12971.825812
 20
8162.209798
 42
-0.016647
  0
VERTEX
  8
0
 10
13026.925395
 20
8149.534403
 42
-0.015832
  0
VERTEX
  8
0
 10
13082.000000
 20
8133.035604
 42
-0.036071
  0
VERTEX
  8
0
 10
13201.108713
 20
8083.400516
 42
-0.036465
  0
VERTEX
  8
0
 10
13311.393836
 20
8017.315529
 42
-0.036512
  0
VERTEX
  8
0
 10
13410.776643
 20
7936.001498
 42
-0.036376
  0
VERTEX
  8
0
 10
13497.408362
 20
7841.000000
 42
-0.032025
  0
VERTEX
  8
0
 10
13562.066593
 20
7747.015228
 42
-0.032370
  0
VERTEX
  8
0
 10
13613.936863
 20
7645.870021
 42
-0.032334
  0
VERTEX
  8
0
 10
13652.366498
 20
7538.765312
 42
-0.031795
  0
VERTEX
  8
0
 10
13676.923449
 20
7427.000000
 42
-0.008425
  0
VERTEX
  8
0
 10
13681.545462
 20
7393.189984
 42
-0.011891
  0
VERTEX
  8
0
 10
13684.436703
 20
7362.922302
 42
-0.011283
  0
VERTEX
  8
0
 10
13685.980215
 20
7331.374659
 42
-0.006581
  0
VERTEX
  8
0
 10
13686.478706
 20
7293.500000
 42
-0.003251
  0
VERTEX
  8
0
 10
13686.284588
 20
7263.647093
 42
-0.008701
  0
VERTEX
  8
0
 10
13685.637989
 20
7242.388005
 42
-0.009753
  0
VERTEX
  8
0
 10
13684.302824
 20
7222.582865
 42
-0.005113
  0
VERTEX
  8
0
 10
13681.909669
 20
7198.000000
 42
-0.034650
  0
VERTEX
  8
0
 10
13660.606318
 20
7078.585754
 42
-0.034228
  0
VERTEX
  8
0
 10
13622.959197
 20
6962.752909
 42
-0.034247
  0
VERTEX
  8
0
 10
13569.884197
 20
6853.198303
 42
-0.034772
  0
VERTEX
  8
0
 10
13502.588884
 20
6752.500000
 42
-0.018123
  0
VERTEX
  8
0
 10
13461.175040
 20
6702.817980
 42
-0.018000
  0
VERTEX
  8
0
 10
13416.180696
 20
6656.148074
 42
-0.018064
  0
VERTEX
  8
0
 10
13368.114263
 20
6612.997770
 42
-0.018586
  0
VERTEX
  8
0
 10
13317.500000
 20
6573.856453
 42
-0.030901
  0
VERTEX
  8
0
 10
13224.312195
 20
6515.521527
 42
-0.031082
  0
VERTEX
  8
0
 10
13124.822372
 20
6469.243193
 42
-0.031055
  0
VERTEX
  8
0
 10
13020.277052
 20
6435.621520
 42
-0.030725
  0
VERTEX
  8
0
 10
12912.000000
 20
6415.063423
 42
-0.045193
  0
VERTEX
  8
0
 10
12754.539000
 20
6409.411716
 42
-0.044688
  0
VERTEX
  8
0
 10
12598.013331
 20
6432.070768
 42
-0.044620
  0
VERTEX
  8
0
 10
12447.781106
 20
6482.233478
 42
-0.044761
  0
VERTEX
  8
0
 10
12309.000000
 20
6558.212870
 42
-0.024501
  0
VERTEX
  8
0
 10
12239.722390
 20
6609.723899
 42
-0.024343
  0
VERTEX
  8
0
 10
12175.659939
 20
6667.870209
 42
-0.024362
  0
VERTEX
  8
0
 10
12117.600605
 20
6731.920089
 42
-0.024634
  0
VERTEX
  8
0
 10
12066.275103
 20
6801.085554
 42
-0.032990
  0
VERTEX
  8
0
 10
12007.291743
 20
6903.344041
 42
-0.033525
  0
VERTEX
  8
0
 10
11962.628278
 20
7011.934995
 42
-0.033442
  0
VERTEX
  8
0
 10
11932.790395
 20
7125.780497
 42
-0.032476
  0
VERTEX
  8
0
 10
11918.027171
 20
7243.711350
 42
-0.010967
  0
VERTEX
  8
0
 10
11917.264452
 20
7263.946173
 42
-0.003921
  0
VERTEX
  8
0
 10
11917.036257
 20
7292.831433
 42
-0.003945
  0
VERTEX
  8
0
 10
11917.263448
 20
7321.838067
 42
-0.010352
  0
VERTEX
  8
0
 10
11918.021452
 20
7342.639068
 42
-0.024484
  0
VERTEX
  8
0
 10
11927.398118
 20
7430.695230
 42
-0.025076
  0
VERTEX
  8
0
 10
11945.297466
 20
7516.702828
 42
-0.025079
  0
VERTEX
  8
0
 10
11971.715152
 20
7600.477377
 42
-0.024502
  0
VERTEX
  8
0
 10
12006.564784
 20
7681.855901
 42
-0.026658
  0
VERTEX
  8
0
 10
12052.070692
 20
7763.803161
 42
-0.026586
  0
VERTEX
  8
0
 10
12106.075094
 20
7840.519572
 42
-0.026509
  0
VERTEX
  8
0
 10
12168.080500
 20
7911.282044
 42
-0.026143
  0
VERTEX
  8
0
 10
12237.500000
 20
7975.433855
 42
-0.011206
  0
VERTEX
  8
0
 10
12261.354056
 20
7994.382690
 42
-0.007829
  0
VERTEX
  8
0
 10
12289.047349
 20
8014.711486
 42
-0.007814
  0
VERTEX
  8
0
 10
12317.457849
 20
8034.229312
 42
-0.010910
  0
VERTEX
  8
0
 10
12343.500000
 20
8050.720051
 42
-0.031069
  0
VERTEX
  8
0
 10
12442.394800
 20
8102.276287
 42
-0.031532
  0
VERTEX
  8
0
 10
12546.435869
 20
8140.892200
 42
-0.031448
  0
VERTEX
  8
0
 10
12654.775518
 20
8166.199892
 42
-0.030542
  0
VERTEX
  8
0
 10
12766.500000
 20
8178.035219
 42
-0.010220
  0
VERTEX
  8
0
 10
12785.286005
 20
8178.486831
 42
-0.003852
  0
VERTEX
  8
0
 10
12811.578747
 20
8178.378811
 42
-0.003864
  0
VERTEX
  8
0
 10
12837.932953
 20
8177.863758
 42
-0.009887
  0
SEQEND
  0
POLYLINE
  8
0
 66
1
 70
1
  0
VERTEX
  8
0
 10
19849.000000
 20
8198.019170
 42
0.031129
  0
VERTEX
  8
0
 10
19735.808519
 20
8186.245820
 42
0.031314
  0
VERTEX
  8
0
 10
19625.184165
 20
8160.520434
 42
0.031305
  0
VERTEX
  8
0
 10
19518.608445
 20
8121.171566
 42
0.031070
  0
VERTEX
  8
0
 10
19417.500000
 20
8068.739410
 42
0.012328
  0
VERTEX
  8
0
 10
19384.386009
 20
8047.739343
 42
0.010537
  0
VERTEX
  8
0
 10
19350.539129
 20
8024.037875
 42
0.010421
  0
VERTEX
  8
0
 10
19317.298224
 20
7998.620211
 42
0.011251
  0
VERTEX
  8
0
 10
19286.000000
 20
7972.463292
 42
0.013492
  0
VERTEX
  8
0
 10
19263.678320
 20
7951.849805
 42
0.006852
  0
VERTEX
  8
0
 10
19236.672569
 20
7924.794310
 42
0.006848
  0
VERTEX
  8
0
 10
19210.077268
 20
7896.648425
 42
0.011937
  0
VERTEX
  8
0
 10
19188.918324
 20
7872.500000
 42
0.037013
  0
VERTEX
  8
0
 10
19112.511554
 20
7765.845645
 42
0.036332
  0
VERTEX
  8
0
 10
19052.132459
 20
7648.444877
 42
0.036252
  0
VERTEX
  8
0
 10
19009.272096
 20
7523.280388
 42
0.036480
  0
VERTEX
  8
0
 10
18985.049967
 20
7393.500000
 42
0.014895
  0
VERTEX
  8
0
 10
18981.068259
 20
7344.932658
 42
0.012953
  0
VERTEX
  8
0
 10
18979.735425
 20
7293.893853
 42
0.012922
  0
VERTEX
  8
0
 10
18981.047928
 20
7242.713453
 42
0.014599
  0
VERTEX
  8
0
 10
18985.009283
 20
7193.719242
 42
0.030229
  0
VERTEX
  8
0
 10
19003.331492
 20
7087.182671
 42
0.029892
  0
VERTEX
  8
0
 10
19034.413397
 20
6983.222660
 42
0.029858
  0
VERTEX
  8
0
 10
19077.712047
 20
6883.596652
 42
0.029998
  0
VERTEX
  8
0
 10
19132.509225
 20
6790.000000
 42
0.037337
  0
VERTEX
  8
0
 10
19215.654274
 20
6683.810090
 42
0.037331
  0
VERTEX
  8
0
 10
19313.672508
 20
6591.160057
 42
0.037312
  0
VERTEX
  8
0
 10
19424.427498
 20
6514.074786
 42
0.037218
  0
VERTEX
  8
0
 10
19545.500000
 20
6454.233751
 42
0.046985
  0
VERTEX
  8
0
 10
19707.435721
 20
6405.779613
 42
0.046798
  0
VERTEX
  8
0
 10
19875.789210
 20
6388.324966
 42
0.046784
  0
VERTEX
  8
0
 10
20044.501288
 20
6402.482404
 42
0.046895
  0
VERTEX
  8
0
 10
20207.500000
 20
6447.758583
 42
0.020245
  0
VERTEX
  8
0
 10
20273.990403
 20
6476.274496
 42
0.019771
  0
VERTEX
  8
0
 10
20338.496996
 20
6510.282173
 42
0.019806
  0
VERTEX
  8
0
 10
20400.000485
 20
6549.212217
 42
0.020505
  0
VERTEX
  8
0
 10
20457.500000
 20
6592.464901
 42
0.012638
  0
VERTEX
  8
0
 10
20489.852399
 20
6620.340527
 42
0.011170
  0
VERTEX
  8
0
 10
20522.145058
 20
6650.960515
 42
0.011216
  0
VERTEX
  8
0
 10
20552.886084
 20
6682.840661
 42
0.013092
  0
VERTEX
  8
0
 10
20580.574968
 20
6714.500000
 42
0.053569
  0
VERTEX
  8
0
 10
20688.138504
 20
6876.765697
 42
0.053671
  0
VERTEX
  8
0
 10
20758.693016
 20
7058.076164
 42
0.053778
  0
VERTEX
  8
0
 10
20788.945217
 20
7249.905642
 42
0.054206
  0
VERTEX
  8
0
 10
20777.458233
 20
7443.246791
 42
0.044618
  0
VERTEX
  8
0
 10
20736.179905
 20
7600.421451
 42
0.044850
  0
VERTEX
  8
0
 10
20667.722788
 20
7747.492591
 42
0.044883
  0
VERTEX
  8
0
 10
20574.193498
 20
7879.901015
 42
0.044825
  0
VERTEX
  8
0
 10
20458.500000
 20
7993.556696
 42
0.038824
  0
VERTEX
  8
0
 10
20344.129310
 20
8073.375941
 42
0.038545
  0
VERTEX
  8
0
 10
20218.525009
 20
8134.772334
 42
0.038545
  0
VERTEX
  8
0
 10
20084.985882
 20
8176.161282
 42
0.038825
  0
VERTEX
  8
0
 10
19947.000000
 20
8196.435479
 42
0.008184
  0
VERTEX
  8
0
 10
19924.230233
 20
8197.618440
 42
0.004845
  0
VERTEX
  8
0
 10
19897.037662
 20
8198.321493
 42
0.004852
  0
VERTEX
  8
0
 10
19870.277012
 20
8198.494253
 42
0.009539
  0
SEQEND
  0
POLYLINE
  8
0
 66
1
 70
1
  0
VERTEX
  8
0
 10
19918.000000
 20
8177.973362
 42
-0.023106
  0
VERTEX
  8
0
 10
20004.353190
 20
8170.414635
 42
-0.024249
  0
VERTEX
  8
0
 10
20088.240336
 20
8154.976084
 42
-0.024417
  0
VERTEX
  8
0
 10
20169.692474
 20
8131.614377
 42
-0.024171
  0
VERTEX
  8
0
 10
20248.762023
 20
8100.355844
 42
-0.056462
  0
VERTEX
  8
0
 10
20420.762164
 20
7997.812130
 42
-0.056708
  0
VERTEX
  8
0
 10
20565.185084
 20
7859.522772
 42
-0.056706
  0
VERTEX
  8
0
 10
20674.853352
 20
7692.318101
 42
-0.056450
  0
VERTEX
  8
0
 10
20744.358164
 20
7504.500000
 42
-0.036331
  0
VERTEX
  8
0
 10
20765.776327
 20
7378.993801
 42
-0.036024
  0
VERTEX
  8
0
 10
20768.888638
 20
7251.348648
 42
-0.036011
  0
VERTEX
  8
0
 10
20753.644860
 20
7124.533478
 42
-0.036245
  0
VERTEX
  8
0
 10
20720.377283
 20
7001.500000
 42
-0.032199
  0
VERTEX
  8
0
 10
20675.812044
 20
6896.361223
 42
-0.032230
  0
VERTEX
  8
0
 10
20618.128461
 20
6797.849647
 42
-0.032228
  0
VERTEX
  8
0
 10
20548.257944
 20
6707.561451
 42
-0.032183
  0
VERTEX
  8
0
 10
20467.333785
 20
6626.956602
 42
-0.028024
  0
VERTEX
  8
0
 10
20390.903109
 20
6567.264716
 42
-0.027214
  0
VERTEX
  8
0
 10
20307.546058
 20
6515.859975
 42
-0.027218
  0
VERTEX
  8
0
 10
20219.109311
 20
6473.819026
 42
-0.028048
  0
VERTEX
  8
0
 10
20127.500000
 20
6442.107080
 42
-0.032424
  0
VERTEX
  8
0
 10
20015.087506
 20
6417.871197
 42
-0.032429
  0
VERTEX
  8
0
 10
19900.490046
 20
6408.373852
 42
-0.032469
  0
VERTEX
  8
0
 10
19785.765118
 20
6413.777145
 42
-0.032691
  0
VERTEX
  8
0
 10
19672.972221
 20
6433.991944
 42
-0.026987
  0
VERTEX
  8
0
 10
19579.464734
 20
6462.575081
 42
-0.027775
  0
VERTEX
  8
0
 10
19490.501597
 20
6500.835126
 42
-0.027737
  0
VERTEX
  8
0
 10
19406.213716
 20
6548.776779
 42
-0.026747
  0
VERTEX
  8
0
 10
19326.677965
 20
6606.292812
 42
-0.014830
  0
VERTEX
  8
0
 10
19293.460182
 20
6634.800171
 42
-0.011590
  0
VERTEX
  8
0
 10
19259.074330
 20
6667.618061
 42
-0.011560
  0
VERTEX
  8
0
 10
19226.129974
 20
6702.111874
 42
-0.014445
  0
VERTEX
  8
0
 10
19197.254528
 20
6735.677965
 42
-0.050624
  0
VERTEX
  8
0
 10
19099.447021
 20
6884.843678
 42
-0.050466
  0
VERTEX
  8
0
 10
19033.487645
 20
7050.773273
 42
-0.050456
  0
VERTEX
  8
0
 10
19002.096272
 20
7226.586180
 42
-0.050559
  0
VERTEX
  8
0
 10
19006.588111
 20
7405.000000
 42
-0.037461
  0
VERTEX
  8
0
 10
19033.129073
 20
7535.200484
 42
-0.037781
  0
VERTEX
  8
0
 10
19078.750528
 20
7659.599221
 42
-0.037678
  0
VERTEX
  8
0
 10
19142.712525
 20
7776.029159
 42
-0.036818
  0
VERTEX
  8
0
 10
19223.866577
 20
7882.500000
 42
-0.011285
  0
VERTEX
  8
0
 10
19238.306522
 20
7898.079793
 42
-0.004082
  0
VERTEX
  8
0
 10
19259.487490
 20
7919.568817
 42
-0.004091
  0
VERTEX
  8
0
 10
19281.046931
 20
7940.738296
 42
-0.011067
  0
VERTEX
  8
0
 10
19296.793912
 20
7955.289665
 42
-0.014641
  0
VERTEX
  8
0
 10
19337.825557
 20
7989.469210
 42
-0.014960
  0
VERTEX
  8
0
 10
19380.499186
 20
8020.933929
 42
-0.014953
  0
VERTEX
  8
0
 10
19424.998214
 20
8049.804339
 42
-0.014594
  0
VERTEX
  8
0
 10
19471.500000
 20
8076.209576
 42
-0.033312
  0
VERTEX
  8
0
 10
19576.902572
 20
8123.360963
 42
-0.032501
  0
VERTEX
  8
0
 10
19688.497286
 20
8156.548709
 42
-0.032564
  0
VERTEX
  8
0
 10
19803.231770
 20
8174.944571
 42
-0.033758
  0
SEQEND
  0
POLYLINE
  8
0
 66
1
 70
1
  0
VERTEX
  8
0
 10
2533.500000
 20
3377.877029
 42
0.046765
  0
VERTEX
  8
0
 10
2383.048586
 20
3356.378037
 42
0.047114
  0
VERTEX
  8
0
 10
2239.606447
 20
3307.316665
 42
0.047143
  0
VERTEX
  8
0
 10
2107.964920
 20
3232.304803
 42
0.046942
  0
VERTEX
  8
0
 10
1992.500000
 20
3133.866666
 42
0.060916
  0
VERTEX
  8
0
 10
1874.242557
 20
2978.091269
 42
0.060894
  0
VERTEX
  8
0
 10
1796.989689
 20
2798.391744
 42
0.060855
  0
VERTEX
  8
0
 10
1765.264865
 20
2605.265329
 42
0.060692
  0
VERTEX
  8
0
 10
1780.915575
 20
2410.000000
 42
0.031212
  0
VERTEX
  8
0
 10
1806.851686
 20
2313.905010
 42
0.030917
  0
VERTEX
  8
0
 10
1844.613731
 20
2221.470622
 42
0.030856
  0
VERTEX
  8
0
 10
1893.569000
 20
2134.225365
 42
0.030806
  0
VERTEX
  8
0
 10
1952.913678
 20
2053.618633
 42
0.011903
  0
VERTEX
  8
0
 10
1971.389569
 20
2032.554137
 42
0.007320
  0
VERTEX
  8
0
 10
1994.085279
 20
2008.601908
 42
0.007321
  0
VERTEX
  8
0
 10
2017.455752
 20
1985.341081
 42
0.011978
  0
VERTEX
  8
0
 10
2038.005770
 20
1966.408686
 42
0.037186
  0
VERTEX
  8
0
 10
2134.690048
 20
1893.493122
 42
0.037446
  0
VERTEX
  8
0
 10
2240.890348
 20
1835.893330
 42
0.037466
  0
VERTEX
  8
0
 10
2354.437758
 20
1794.803522
 42
0.037313
  0
VERTEX
  8
0
 10
2473.000000
 20
1771.050503
 42
0.022077
  0
VERTEX
  8
0
 10
2541.392760
 20
1765.637172
 42
0.021007
  0
VERTEX
  8
0
 10
2611.144909
 20
1766.137170
 42
0.021017
  0
VERTEX
  8
0
 10
2680.574089
 20
1772.486994
 42
0.022155
  0
VERTEX
  8
0
 10
2748.000000
 20
1784.584758
 42
0.050124
  0
VERTEX
  8
0
 10
2901.959775
 20
1835.947537
 42
0.050321
  0
VERTEX
  8
0
 10
3042.402597
 20
1916.868447
 42
0.050363
  0
VERTEX
  8
0
 10
3163.747819
 20
2024.141503
 42
0.050376
  0
VERTEX
  8
0
 10
3261.184471
 20
2153.500000
 42
0.028890
  0
VERTEX
  8
0
 10
3305.398901
 20
2236.968971
 42
0.029759
  0
VERTEX
  8
0
 10
3339.207796
 20
2324.169932
 42
0.029480
  0
VERTEX
  8
0
 10
3362.679448
 20
2415.548432
 42
0.027238
  0
VERTEX
  8
0
 10
3376.007504
 20
2511.500000
 42
0.013785
  0
VERTEX
  8
0
 10
3377.131190
 20
2531.548804
 42
0.004429
  0
VERTEX
  8
0
 10
3377.714195
 20
2561.347270
 42
0.004510
  0
VERTEX
  8
0
 10
3377.764946
 20
2591.449968
 42
0.011893
  0
VERTEX
  8
0
 10
3377.094119
 20
2613.000000
 42
0.025159
  0
VERTEX
  8
0
 10
3368.121420
 20
2697.967996
 42
0.026257
  0
VERTEX
  8
0
 10
3350.726108
 20
2780.381992
 42
0.026400
  0
VERTEX
  8
0
 10
3324.899919
 20
2860.097928
 42
0.026063
  0
VERTEX
  8
0
 10
3290.722649
 20
2937.000000
 42
0.028752
  0
VERTEX
  8
0
 10
3243.422652
 20
3018.134582
 42
0.029137
  0
VERTEX
  8
0
 10
3187.318893
 20
3092.930751
 42
0.029134
  0
VERTEX
  8
0
 10
3122.894649
 20
3160.704532
 42
0.028733
  0
VERTEX
  8
0
 10
3050.743996
 20
3220.865460
 42
0.043353
  0
VERTEX
  8
0
 10
2933.884741
 20
3292.661111
 42
0.042415
  0
VERTEX
  8
0
 10
2805.551753
 20
3343.843472
 42
0.042425
  0
VERTEX
  8
0
 10
2670.454569
 20
3372.626328
 42
0.043424
  0
SEQEND
  0
POLYLINE
  8
0
 66
1
 70
1
  0
VERTEX
  8
0
 10
2625.000000
 20
3356.953981
 42
-0.037041
  0
VERTEX
  8
0
 10
2745.345169
 20
3339.102948
 42
-0.038462
  0
VERTEX
  8
0
 10
2860.180945
 20
3303.807325
 42
-0.038599
  0
VERTEX
  8
0
 10
2967.885536
 20
3251.482463
 42
-0.037867
  0
VERTEX
  8
0
 10
3067.000000
 20
3182.930585
 42
-0.010700
  0
VERTEX
  8
0
 10
3089.326224
 20
3164.041632
 42
-0.008809
  0
VERTEX
  8
0
 10
3112.345782
 20
3142.971673
 42
-0.008784
  0
VERTEX
  8
0
 10
3134.686814
 20
3121.029407
 42
-0.010429
  0
VERTEX
  8
0
 10
3154.972753
 20
3099.513279
 42
-0.037973
  0
VERTEX
  8
0
 10
3228.194512
 20
3005.014258
 42
-0.038141
  0
VERTEX
  8
0
 10
3286.161578
 20
2900.663013
 42
-0.038084
  0
VERTEX
  8
0
 10
3327.676654
 20
2788.563280
 42
-0.037613
  0
VERTEX
  8
0
 10
3351.919890
 20
2670.996964
 42
-0.006548
  0
VERTEX
  8
0
 10
3354.739456
 20
2646.602875
 42
-0.011349
  0
VERTEX
  8
0
 10
3356.355210
 20
2626.265558
 42
-0.009963
  0
VERTEX
  8
0
 10
3357.166125
 20
2604.155268
 42
-0.003858
  0
VERTEX
  8
0
 10
3357.442619
 20
2573.500000
 42
-0.003139
  0
VERTEX
  8
0
 10
3357.294629
 20
2543.748717
 42
-0.009448
  0
VERTEX
  8
0
 10
3356.682747
 20
2523.459099
 42
-0.010944
  0
VERTEX
  8
0
 10
3355.362410
 20
2504.875795
 42
-0.005538
  0
VERTEX
  8
0
 10
3352.928620
 20
2481.534025
 42
-0.029513
  0
VERTEX
  8
0
 10
3336.825037
 20
2389.907906
 42
-0.029740
  0
VERTEX
  8
0
 10
3310.073155
 20
2301.054755
 42
-0.029675
  0
VERTEX
  8
0
 10
3272.901744
 20
2215.820211
 42
-0.029095
  0
VERTEX
  8
0
 10
3225.683738
 20
2135.000000
 42
-0.021576
  0
VERTEX
  8
0
 10
3186.724261
 20
2081.573551
 42
-0.021155
  0
VERTEX
  8
0
 10
3143.060625
 20
2031.337295
 42
-0.021084
  0
VERTEX
  8
0
 10
3095.155038
 20
1984.808957
 42
-0.021083
  0
VERTEX
  8
0
 10
3043.500000
 20
1942.479813
 42
-0.046775
  0
VERTEX
  8
0
 10
2919.050010
 20
1866.033026
 42
-0.046536
  0
VERTEX
  8
0
 10
2782.348717
 20
1813.896183
 42
-0.046517
  0
VERTEX
  8
0
 10
2638.308928
 20
1787.924740
 42
-0.046656
  0
VERTEX
  8
0
 10
2492.097759
 20
1789.068369
 42
-0.033950
  0
VERTEX
  8
0
 10
2387.008490
 20
1806.992993
 42
-0.033834
  0
VERTEX
  8
0
 10
2285.188556
 20
1838.987403
 42
-0.033852
  0
VERTEX
  8
0
 10
2188.663929
 20
1884.402993
 42
-0.034065
  0
VERTEX
  8
0
 10
2099.363279
 20
1942.344710
 42
-0.068123
  0
VERTEX
  8
0
 10
1947.166225
 20
2092.816512
 42
-0.068387
  0
VERTEX
  8
0
 10
1841.239994
 20
2278.465379
 42
-0.068362
  0
VERTEX
  8
0
 10
1789.289981
 20
2485.869205
 42
-0.067988
  0
VERTEX
  8
0
 10
1795.040964
 20
2700.000000
 42
-0.056871
  0
VERTEX
  8
0
 10
1843.420685
 20
2870.659984
 42
-0.056569
  0
VERTEX
  8
0
 10
1929.064426
 20
3026.363879
 42
-0.056556
  0
VERTEX
  8
0
 10
2047.446233
 20
3158.943317
 42
-0.056796
  0
VERTEX
  8
0
 10
2192.367095
 20
3261.411247
 42
-0.028147
  0
VERTEX
  8
0
 10
2272.919285
 20
3299.896131
 42
-0.028489
  0
VERTEX
  8
0
 10
2356.964468
 20
3328.914769
 42
-0.028362
  0
VERTEX
  8
0
 10
2444.128866
 20
3348.295441
 42
-0.027343
  0
VERTEX
  8
0
 10
2534.000000
 20
3357.985461
 42
-0.012051
  0
VERTEX
  8
0
 10
2552.308785
 20
3358.509848
 42
-0.003967
  0
VERTEX
  8
0
 10
2579.248763
 20
3358.418223
 42
-0.003993
  0
VERTEX
  8
0
 10
2606.268945
 20
3357.896143
 42
-0.011477
  0
SEQEND
  0
POLYLINE
  8
0
 66
1
 70
1
  0
VERTEX
  8
0
 10
23004.000000
 20
3378.320318
 42
0.052484
  0
VERTEX
  8
0
 10
22833.676830
 20
3353.884926
 42
0.053233
  0
VERTEX
  8
0
 10
22673.031144
 20
3294.564489
 42
0.053329
  0
VERTEX
  8
0
 10
22528.784961
 20
3202.786417
 42
0.053044
  0
VERTEX
  8
0
 10
22406.925378
 20
3082.427785
 42
0.035214
  0
VERTEX
  8
0
 10
22341.891120
 20
2990.402472
 42
0.034918
  0
VERTEX
  8
0
 10
22290.209592
 20
2889.908610
 42
0.034904
  0
VERTEX
  8
0
 10
22252.999138
 20
2783.161769
 42
0.035125
  0
VERTEX
  8
0
 10
22231.094803
 20
2672.500000
 42
0.005908
  0
VERTEX
  8
0
 10
22228.173184
 20
2646.841350
 42
0.011708
  0
VERTEX
  8
0
 10
22226.574283
 20
2626.422619
 42
0.010209
  0
VERTEX
  8
0
 10
22225.812784
 20
2604.240338
 42
0.003475
  0
VERTEX
  8
0
 10
22225.588722
 20
2572.000000
 42
0.003606
  0
VERTEX
  8
0
 10
22225.826008
 20
2539.094743
 42
0.010717
  0
VERTEX
  8
0
 10
22226.634563
 20
2516.554012
 42
0.012064
  0
VERTEX
  8
0
 10
22228.347974
 20
2495.555219
 42
0.005668
  0
VERTEX
  8
0
 10
22231.524600
 20
2468.500000
 42
0.040082
  0
VERTEX
  8
0
 10
22258.202770
 20
2342.303419
 42
0.040064
  0
VERTEX
  8
0
 10
22304.677345
 20
2221.961010
 42
0.040048
  0
VERTEX
  8
0
 10
22369.771804
 20
2110.525866
 42
0.039978
  0
VERTEX
  8
0
 10
22451.833412
 20
2010.823413
 42
0.043519
  0
VERTEX
  8
0
 10
22556.821552
 20
1919.619897
 42
0.043050
  0
VERTEX
  8
0
 10
22676.377940
 20
1847.592609
 42
0.043082
  0
VERTEX
  8
0
 10
22806.413177
 20
1797.147164
 42
0.043727
  0
VERTEX
  8
0
 10
22942.524918
 20
1770.043914
 42
0.005013
  0
VERTEX
  8
0
 10
22966.096332
 20
1767.699607
 42
0.009855
  0
VERTEX
  8
0
 10
22984.890360
 20
1766.393302
 42
0.008971
  0
VERTEX
  8
0
 10
23004.820230
 20
1765.760437
 42
0.003456
  0
VERTEX
  8
0
 10
23032.500000
 20
1765.569711
 42
0.003321
  0
VERTEX
  8
0
 10
23060.009692
 20
1765.753008
 42
0.009377
  0
VERTEX
  8
0
 10
23079.218059
 20
1766.368992
 42
0.010181
  0
VERTEX
  8
0
 10
23097.499383
 20
1767.672318
 42
0.004549
  0
VERTEX
  8
0
 10
23121.500000
 20
1770.095731
 42
0.039538
  0
VERTEX
  8
0
 10
23244.752617
 20
1793.641634
 42
0.039099
  0
VERTEX
  8
0
 10
23363.242024
 20
1836.351265
 42
0.039008
  0
VERTEX
  8
0
 10
23473.894095
 20
1897.101197
 42
0.038951
  0
VERTEX
  8
0
 10
23573.825565
 20
1974.327083
 42
0.010062
  0
VERTEX
  8
0
 10
23587.732538
 20
1987.437219
 42
0.004063
  0
VERTEX
  8
0
 10
23606.198765
 20
2005.857888
 42
0.004031
  0
VERTEX
  8
0
 10
23624.245739
 20
2024.452807
 42
0.010963
  0
VERTEX
  8
0
 10
23636.626939
 20
2038.000000
 42
0.037724
  0
VERTEX
  8
0
 10
23712.484902
 20
2139.223817
 42
0.039020
  0
VERTEX
  8
0
 10
23771.314187
 20
2249.594569
 42
0.039131
  0
VERTEX
  8
0
 10
23812.146368
 20
2367.461884
 42
0.038398
  0
VERTEX
  8
0
 10
23834.435927
 20
2491.000000
 42
0.013812
  0
VERTEX
  8
0
 10
23837.332369
 20
2530.002653
 42
0.011665
  0
VERTEX
  8
0
 10
23838.291320
 20
2571.371051
 42
0.011590
  0
VERTEX
  8
0
 10
23837.318676
 20
2613.052401
 42
0.013071
  0
VERTEX
  8
0
 10
23834.411351
 20
2653.000000
 42
0.037685
  0
VERTEX
  8
0
 10
23813.909878
 20
2769.548210
 42
0.036703
  0
VERTEX
  8
0
 10
23776.033659
 20
2882.768995
 42
0.036632
  0
VERTEX
  8
0
 10
23721.921897
 20
2989.444756
 42
0.037201
  0
VERTEX
  8
0
 10
23653.067113
 20
3086.500000
 42
0.013725
  0
VERTEX
  8
0
 10
23627.193426
 20
3116.068732
 42
0.011461
  0
VERTEX
  8
0
 10
23598.167556
 20
3146.049353
 42
0.011430
  0
VERTEX
  8
0
 10
23567.702748
 20
3174.761942
 42
0.013405
  0
VERTEX
  8
0
 10
23537.500000
 20
3200.519450
 42
0.032681
  0
VERTEX
  8
0
 10
23454.109467
 20
3259.298294
 42
0.031495
  0
VERTEX
  8
0
 10
23362.760463
 20
3307.516378
 42
0.031472
  0
VERTEX
  8
0
 10
23266.009635
 20
3343.909711
 42
0.032517
  0
VERTEX
  8
0
 10
23166.500000
 20
3367.403374
 42
0.012958
  0
VERTEX
  8
0
 10
23126.188735
 20
3373.122026
 42
0.011982
  0
VERTEX
  8
0
 10
23084.569331
 20
3376.921714
 42
0.012104
  0
VERTEX
  8
0
 10
23043.288989
 20
3378.692652
 42
0.014073
  0
SEQEND
  0
POLYLINE
  8
0
 66
1
 70
1
  0
VERTEX
  8
0
 10
23085.000000
 20
3356.992679
 42
-0.050991
  0
VERTEX
  8
0
 10
23246.003717
 20
3328.886217
 42
-0.051986
  0
VERTEX
  8
0
 10
23396.884878
 20
3268.867041
 42
-0.052051
  0
VERTEX
  8
0
 10
23531.976428
 20
3179.101657
 42
-0.051369
  0
VERTEX
  8
0
 10
23646.280135
 20
3063.013767
 42
-0.051748
  0
VERTEX
  8
0
 10
23733.848043
 20
2926.876247
 42
-0.051742
  0
VERTEX
  8
0
 10
23791.599758
 20
2775.654095
 42
-0.051653
  0
VERTEX
  8
0
 10
23817.141766
 20
2615.547889
 42
-0.051217
  0
VERTEX
  8
0
 10
23809.444086
 20
2453.136152
 42
-0.049027
  0
VERTEX
  8
0
 10
23772.209033
 20
2305.888406
 42
-0.048469
  0
VERTEX
  8
0
 10
23706.919349
 20
2168.106436
 42
-0.048402
  0
VERTEX
  8
0
 10
23616.225032
 20
2045.300068
 42
-0.048611
  0
VERTEX
  8
0
 10
23503.732621
 20
1942.416473
 42
-0.049958
  0
VERTEX
  8
0
 10
23369.458691
 20
1861.226885
 42
-0.050096
  0
VERTEX
  8
0
 10
23221.871317
 20
1808.371953
 42
-0.050046
  0
VERTEX
  8
0
 10
23066.579772
 20
1785.888917
 42
-0.049658
  0
VERTEX
  8
0
 10
22909.500000
 20
1794.609670
 42
-0.048543
  0
VERTEX
  8
0
 10
22763.125611
 20
1832.251208
 42
-0.048213
  0
VERTEX
  8
0
 10
22626.399113
 20
1897.467881
 42
-0.048181
  0
VERTEX
  8
0
 10
22504.611627
 20
1987.710678
 42
-0.048344
  0
VERTEX
  8
0
 10
22402.499344
 20
2099.500000
 42
-0.033829
  0
VERTEX
  8
0
 10
22343.967706
 20
2189.633910
 42
-0.034293
  0
VERTEX
  8
0
 10
22298.423859
 20
2286.437488
 42
-0.034252
  0
VERTEX
  8
0
 10
22266.494553
 20
2388.672261
 42
-0.033568
  0
VERTEX
  8
0
 10
22248.556915
 20
2495.000000
 42
-0.015566
  0
VERTEX
  8
0
 10
22245.715448
 20
2536.182274
 42
-0.012313
  0
VERTEX
  8
0
 10
22245.129045
 20
2580.823588
 42
-0.012289
  0
VERTEX
  8
0
 10
22246.742914
 20
2625.551759
 42
-0.015274
  0
VERTEX
  8
0
 10
22250.533051
 20
2667.000000
 42
-0.035698
  0
VERTEX
  8
0
 10
22272.015245
 20
2776.862956
 42
-0.035463
  0
VERTEX
  8
0
 10
22308.938453
 20
2882.803631
 42
-0.035473
  0
VERTEX
  8
0
 10
22360.450421
 20
2982.434700
 42
-0.035764
  0
VERTEX
  8
0
 10
22425.404107
 20
3073.496389
 42
-0.042747
  0
VERTEX
  8
0
 10
22518.849493
 20
3168.613727
 42
-0.042349
  0
VERTEX
  8
0
 10
22627.386655
 20
3246.785794
 42
-0.042350
  0
VERTEX
  8
0
 10
22747.540251
 20
3305.551545
 42
-0.042754
  0
VERTEX
  8
0
 10
22875.500000
 20
3343.009495
 42
-0.009842
  0
VERTEX
  8
0
 10
22906.637355
 20
3348.663902
 42
-0.010185
  0
VERTEX
  8
0
 10
22937.619335
 20
3353.016842
 42
-0.009863
  0
VERTEX
  8
0
 10
22969.663259
 20
3356.215435
 42
-0.008090
  0
VERTEX
  8
0
 10
23004.000000
 20
3358.401646
 42
-0.013917
  0
VERTEX
  8
0
 10
23017.463835
 20
3358.665197
 42
-0.002283
  0
VERTEX
  8
0
 10
23043.509457
 20
3358.331109
 42
-0.002468
  0
VERTEX
  8
0
 10
23069.636107
 20
3357.747642
 42
-0.010918
  0
SEQEND
  0
POLYLINE
  8
0
 66
1
 70
1
  0
VERTEX
  8
0
 10
8358.500000
 20
45085.386344
 42
0.036989
  0
VERTEX
  8
0
 10
8318.757398
 20
45078.206560
 42
0.045335
  0
VERTEX
  8
0
 10
8283.238846
 20
45065.511082
 42
0.046334
  0
VERTEX
  8
0
 10
8251.218137
 20
45046.900288
 42
0.041601
  0
VERTEX
  8
0
 10
8221.903650
 20
45022.096350
 42
0.057180
  0
VERTEX
  8
0
 10
8190.502056
 20
44982.555197
 42
0.058910
  0
VERTEX
  8
0
 10
8169.244193
 20
44937.312134
 42
0.058950
  0
VERTEX
  8
0
 10
8159.133182
 20
44888.388027
 42
0.057400
  0
VERTEX
  8
0
 10
8160.576744
 20
44838.000000
 42
0.069780
  0
VERTEX
  8
0
 10
8177.223320
 20
44780.682075
 42
0.069255
  0
VERTEX
  8
0
 10
8209.022834
 20
44729.991762
 42
0.069257
  0
VERTEX
  8
0
 10
8253.454711
 20
44689.912385
 42
0.069790
  0
VERTEX
  8
0
 10
8307.031155
 20
44663.614784
 42
0.017184
  0
VERTEX
  8
0
 10
8324.435361
 20
44658.561528
 42
0.023212
  0
VERTEX
  8
0
 10
8340.489675
 20
44655.277086
 42
0.022941
  0
VERTEX
  8
0
 10
8356.926883
 20
44653.469819
 42
0.016199
  0
VERTEX
  8
0
 10
8375.500000
 20
44652.889394
 42
0.025899
  0
VERTEX
  8
0
 10
8400.806342
 20
44654.230397
 42
0.030842
  0
VERTEX
  8
0
 10
8424.379260
 20
44658.189367
 42
0.030880
  0
VERTEX
  8
0
 10
8447.262109
 20
44665.012870
 42
0.026074
  0
VERTEX
  8
0
 10
8470.500000
 20
44674.938513
 42
0.060479
  0
VERTEX
  8
0
 10
8514.570833
 20
44703.600034
 42
0.061845
  0
VERTEX
  8
0
 10
8550.129587
 20
44741.782697
 42
0.061352
  0
VERTEX
  8
0
 10
8575.491505
 20
44787.796799
 42
0.057887
  0
VERTEX
  8
0
 10
8589.553425
 20
44839.500000
 42
0.025253
  0
VERTEX
  8
0
 10
8590.845297
 20
44852.452449
 42
0.012196
  0
VERTEX
  8
0
 10
8591.254103
 20
44869.118286
 42
0.012198
  0
VERTEX
  8
0
 10
8590.849358
 20
44885.797025
 42
0.025055
  0
VERTEX
  8
0
 10
8589.561327
 20
44898.797072
 42
0.022304
  0
VERTEX
  8
0
 10
8585.234106
 20
44920.885332
 42
0.025041
  0
VERTEX
  8
0
 10
8579.080849
 20
44941.647092
 42
0.025563
  0
VERTEX
  8
0
 10
8571.017809
 20
44961.300953
 42
0.025399
  0
VERTEX
  8
0
 10
8560.975669
 20
44980.073106
 42
0.054137
  0
VERTEX
  8
0
 10
8531.889127
 20
45018.321152
 42
0.055326
  0
VERTEX
  8
0
 10
8495.464209
 20
45049.121123
 42
0.055419
  0
VERTEX
  8
0
 10
8453.231831
 20
45071.142894
 42
0.054667
  0
VERTEX
  8
0
 10
8407.000000
 20
45083.476352
 42
0.021767
  0
VERTEX
  8
0
 10
8397.180600
 20
45084.540487
 42
0.006265
  0
VERTEX
  8
0
 10
8381.919611
 20
45085.333116
 42
0.005768
  0
VERTEX
  8
0
 10
8366.801378
 20
45085.753901
 42
0.030278
  0
SEQEND
  0
POLYLINE
  8
0
 66
1
 70
1
  0
VERTEX
  8
0
 10
8393.144045
 20
45064.991388
 42
-0.054759
  0
VERTEX
  8
0
 10
8436.032933
 20
45056.006891
 42
-0.055280
  0
VERTEX
  8
0
 10
8475.803049
 20
45037.942720
 42
-0.055540
  0
VERTEX
  8
0
 10
8510.486773
 20
45011.698039
 42
-0.056292
  0
VERTEX
  8
0
 10
8538.366584
 20
44978.571045
 42
-0.057022
  0
VERTEX
  8
0
 10
8558.998200
 20
44938.276152
 42
-0.057442
  0
VERTEX
  8
0
 10
8569.931186
 20
44894.461712
 42
-0.057589
  0
VERTEX
  8
0
 10
8570.594671
 20
44849.412906
 42
-0.057874
  0
VERTEX
  8
0
 10
8560.957143
 20
44805.478639
 42
-0.061832
  0
VERTEX
  8
0
 10
8539.500529
 20
44761.628839
 42
-0.062183
  0
VERTEX
  8
0
 10
8508.007585
 20
44724.449422
 42
-0.062189
  0
VERTEX
  8
0
 10
8468.343204
 20
44696.157035
 42
-0.061865
  0
VERTEX
  8
0
 10
8422.871163
 20
44678.425669
 42
-0.032911
  0
VERTEX
  8
0
 10
8399.688271
 20
44674.148768
 42
-0.029348
  0
VERTEX
  8
0
 10
8375.233917
 20
44672.729870
 42
-0.029179
  0
VERTEX
  8
0
 10
8350.630179
 20
44674.184729
 42
-0.031515
  0
VERTEX
  8
0
 10
8327.000000
 20
44678.494807
 42
-0.067589
  0
VERTEX
  8
0
 10
8279.317707
 20
44697.451050
 42
-0.064835
  0
VERTEX
  8
0
 10
8237.666181
 20
44728.647746
 42
-0.064999
  0
VERTEX
  8
0
 10
8205.479912
 20
44769.387968
 42
-0.068572
  0
VERTEX
  8
0
 10
8185.535263
 20
44816.313876
 42
-0.028098
  0
VERTEX
  8
0
 10
8180.591235
 20
44839.649454
 42
-0.029958
  0
VERTEX
  8
0
 10
8178.429978
 20
44862.897216
 42
-0.030141
  0
VERTEX
  8
0
 10
8179.067424
 20
44886.104578
 42
-0.029195
  0
VERTEX
  8
0
 10
8182.483374
 20
44909.319439
 42
-0.066098
  0
VERTEX
  8
0
 10
8199.391421
 20
44957.659136
 42
-0.065350
  0
VERTEX
  8
0
 10
8228.376473
 20
45000.118091
 42
-0.065344
  0
VERTEX
  8
0
 10
8267.339925
 20
45033.661632
 42
-0.066065
  0
VERTEX
  8
0
 10
8313.500000
 20
45055.865387
 42
-0.024804
  0
VERTEX
  8
0
 10
8333.299326
 20
45061.277054
 42
-0.025787
  0
VERTEX
  8
0
 10
8353.282869
 20
45064.617926
 42
-0.026077
  0
VERTEX
  8
0
 10
8373.286014
 20
45065.858603
 42
-0.026729
  0
SEQEND
  0
POLYLINE
  8
0
 66
1
 70
1
  0
VERTEX
  8
0
 10
8354.563600
 20
40756.923425
 42
0.030102
  0
VERTEX
  8
0
 10
8331.064145
 20
40753.242880
 42
0.026166
  0
VERTEX
  8
0
 10
8307.025669
 20
40746.645209
 42
0.026224
  0
VERTEX
  8
0
 10
8283.867550
 20
40737.593105
 42
0.030656
  0
VERTEX
  8
0
 10
8263.005269
 20
40726.563012
 42
0.030458
  0
VERTEX
  8
0
 10
8241.656194
 20
40711.688059
 42
0.028998
  0
VERTEX
  8
0
 10
8221.900236
 20
40694.099764
 42
0.028998
  0
VERTEX
  8
0
 10
8204.311941
 20
40674.343806
 42
0.030458
  0
VERTEX
  8
0
 10
8189.436988
 20
40652.994731
 42
0.090367
  0
VERTEX
  8
0
 10
8162.276072
 20
40582.424038
 42
0.087672
  0
VERTEX
  8
0
 10
8161.339388
 20
40506.024836
 42
0.087705
  0
VERTEX
  8
0
 10
8186.638569
 20
40433.954888
 42
0.090525
  0
VERTEX
  8
0
 10
8234.915588
 20
40375.831142
 42
0.034095
  0
VERTEX
  8
0
 10
8259.897946
 20
40357.655974
 42
0.035230
  0
VERTEX
  8
0
 10
8286.854642
 20
40343.264948
 42
0.035305
  0
VERTEX
  8
0
 10
8315.508485
 20
40332.826454
 42
0.034561
  0
VERTEX
  8
0
 10
8345.549986
 20
40326.433453
 42
0.022457
  0
VERTEX
  8
0
 10
8358.830122
 20
40325.158976
 42
0.012693
  0
VERTEX
  8
0
 10
8375.000000
 20
40324.748430
 42
0.012693
  0
VERTEX
  8
0
 10
8391.169878
 20
40325.158976
 42
0.022457
  0
VERTEX
  8
0
 10
8404.450014
 20
40326.433453
 42
0.073503
  0
VERTEX
  8
0
 10
8466.128556
 20
40344.659649
 42
0.074474
  0
VERTEX
  8
0
 10
8519.590290
 20
40379.896023
 42
0.074522
  0
VERTEX
  8
0
 10
8560.354981
 20
40429.226278
 42
0.073748
  0
VERTEX
  8
0
 10
8585.044772
 20
40488.511957
 42
0.026440
  0
VERTEX
  8
0
 10
8588.913269
 20
40508.148717
 42
0.021632
  0
VERTEX
  8
0
 10
8591.015732
 20
40529.449141
 42
0.021700
  0
VERTEX
  8
0
 10
8591.265923
 20
40550.766172
 42
0.027238
  0
VERTEX
  8
0
 10
8589.566547
 20
40570.450014
 42
0.079673
  0
VERTEX
  8
0
 10
8568.989399
 20
40637.066183
 42
0.080564
  0
VERTEX
  8
0
 10
8528.666414
 20
40693.621703
 42
0.080746
  0
VERTEX
  8
0
 10
8472.626776
 20
40734.437114
 42
0.080558
  0
VERTEX
  8
0
 10
8406.500000
 20
40755.442712
 42
0.019424
  0
VERTEX
  8
0
 10
8394.880817
 20
40756.702059
 42
0.010155
  0
VERTEX
  8
0
 10
8380.341072
 20
40757.412333
 42
0.010147
  0
VERTEX
  8
0
 10
8365.882534
 20
40757.531029
 42
0.020775
  0
SEQEND
  0
POLYLINE
  8
0
 66
1
 70
1
  0
VERTEX
  8
0
 10
8392.144045
 20
40736.981318
 42
-0.052909
  0
VERTEX
  8
0
 10
8435.864347
 20
40727.946996
 42
-0.056704
  0
VERTEX
  8
0
 10
8475.638857
 20
40710.052139
 42
-0.056902
  0
VERTEX
  8
0
 10
8510.261103
 20
40683.746048
 42
-0.053941
  0
VERTEX
  8
0
 10
8538.768019
 20
40649.873282
 42
-0.071755
  0
VERTEX
  8
0
 10
8562.332444
 20
40600.909820
 42
-0.069537
  0
VERTEX
  8
0
 10
8571.430887
 20
40546.748568
 42
-0.069357
  0
VERTEX
  8
0
 10
8565.338373
 20
40492.041601
 42
-0.070753
  0
VERTEX
  8
0
 10
8544.517598
 20
40441.486367
 42
-0.052661
  0
VERTEX
  8
0
 10
8520.102673
 20
40408.500064
 42
-0.051927
  0
VERTEX
  8
0
 10
8489.229871
 20
40381.168013
 42
-0.052018
  0
VERTEX
  8
0
 10
8453.442974
 20
40360.823117
 42
-0.053229
  0
VERTEX
  8
0
 10
8414.500000
 20
40348.492880
 42
-0.086448
  0
VERTEX
  8
0
 10
8346.502855
 20
40346.601231
 42
-0.087149
  0
VERTEX
  8
0
 10
8282.079026
 20
40367.844383
 42
-0.087120
  0
VERTEX
  8
0
 10
8228.732384
 20
40409.777192
 42
-0.086313
  0
VERTEX
  8
0
 10
8192.653732
 20
40467.500000
 42
-0.037483
  0
VERTEX
  8
0
 10
8183.830045
 20
40494.904931
 42
-0.036878
  0
VERTEX
  8
0
 10
8179.136989
 20
40523.469672
 42
-0.036755
  0
VERTEX
  8
0
 10
8178.682749
 20
40552.507045
 42
-0.036675
  0
VERTEX
  8
0
 10
8182.483374
 20
40581.319439
 42
-0.058508
  0
VERTEX
  8
0
 10
8196.767798
 20
40624.229474
 42
-0.057833
  0
VERTEX
  8
0
 10
8220.645080
 20
40662.846451
 42
-0.057682
  0
VERTEX
  8
0
 10
8252.798080
 20
40695.054129
 42
-0.057629
  0
VERTEX
  8
0
 10
8291.467985
 20
40719.076880
 42
-0.033947
  0
VERTEX
  8
0
 10
8315.533112
 20
40728.490758
 42
-0.032264
  0
VERTEX
  8
0
 10
8341.060794
 20
40734.751562
 42
-0.032529
  0
VERTEX
  8
0
 10
8366.962764
 20
40737.637682
 42
-0.036011
  0
SEQEND
  0
ENDSEC
  0
EOF
