  0
SECTION
  2
HEADER
  9
$ACADVER
  1
AC1006
  9
$EXTMIN
 10
0.000000
 20
0.000000
 30
0.000000
  9
$EXTMAX
 10
24643.000000
 20
50000.000000
 30
0.000000
  0
ENDSEC
  0
SECTION
  2
ENTITIES
  0
POLYLINE
  8
0
 66
1
 70
1
  0
VERTEX
  8
0
 10
1627.000000
 20
49998.926940
 42
0.036365
  0
VERTEX
  8
0
 10
1381.640711
 20
49971.856237
 42
0.036496
  0
VERTEX
  8
0
 10
1143.095769
 20
49909.534925
 42
0.036527
  0
VERTEX
  8
0
 10
916.340003
 20
49813.255972
 42
0.036568
  0
VERTEX
  8
0
 10
706.097452
 20
49685.033641
 42
0.047076
  0
VERTEX
  8
0
 10
466.881075
 20
49477.400220
 42
0.047014
  0
VERTEX
  8
0
 10
270.608053
 20
49228.598630
 42
0.047009
  0
VERTEX
  8
0
 10
124.252939
 20
48947.485730
 42
0.047047
  0
VERTEX
  8
0
 10
33.031162
 20
48644.057213
 42
0.010153
  0
VERTEX
  8
0
 10
20.860593
 20
48576.295065
 42
0.010365
  0
VERTEX
  8
0
 10
11.544408
 20
48508.558989
 42
0.010256
  0
VERTEX
  8
0
 10
4.962801
 20
48439.807866
 42
0.009473
  0
VERTEX
  8
0
 10
0.994476
 20
48369.000000
 42
0.009260
  0
VERTEX
  8
0
 10
-0.020786
 20
48314.187031
 42
0.000000
  0
VERTEX
  8
0
 10
-0.021980
 20
25000.000000
 42
0.000000
  0
VERTEX
  8
0
 10
-0.020786
 20
1685.812969
 42
0.009260
  0
VERTEX
  8
0
 10
0.994476
 20
1631.000000
 42
0.023135
  0
VERTEX
  8
0
 10
14.633169
 20
1467.652414
 42
0.024127
  0
VERTEX
  8
0
 10
43.221615
 20
1308.567615
 42
0.024215
  0
VERTEX
  8
0
 10
86.879326
 20
1153.521795
 42
0.023688
  0
VERTEX
  8
0
 10
145.595092
 20
1002.256191
 42
0.040105
  0
VERTEX
  8
0
 10
273.738626
 20
766.457072
 42
0.039834
  0
VERTEX
  8
0
 10
438.140919
 20
553.569253
 42
0.039811
  0
VERTEX
  8
0
 10
634.323510
 20
369.334649
 42
0.039955
  0
VERTEX
  8
0
 10
857.000000
 20
218.767231
 42
0.016298
  0
VERTEX
  8
0
 10
953.154833
 20
168.451825
 42
0.015926
  0
VERTEX
  8
0
 10
1053.117778
 20
124.092405
 42
0.015954
  0
VERTEX
  8
0
 10
1155.521761
 20
86.259020
 42
0.016502
  0
VERTEX
  8
0
 10
1258.990085
 20
55.496291
 42
0.013477
  0
VERTEX
  8
0
 10
1350.800399
 20
34.092582
 42
0.014167
  0
VERTEX
  8
0
 10
1442.118238
 20
18.064067
 42
0.014056
  0
VERTEX
  8
0
 10
1534.874363
 20
7.132435
 42
0.012816
  0
VERTEX
  8
0
 10
1631.000000
 20
1.013275
 42
0.009485
  0
VERTEX
  8
0
 10
1685.138813
 20
-0.013929
 42
0.000000
  0
VERTEX
  8
0
 10
12321.642802
 20
-0.020654
 42
0.000000
  0
VERTEX
  8
0
 10
22958.429286
 20
-0.022176
 42
0.009586
  0
VERTEX
  8
0
 10
23012.000000
 20
1.005014
 42
0.017037
  0
VERTEX
  8
0
 10
23139.005330
 20
10.218268
 42
0.018780
  0
VERTEX
  8
0
 10
23260.994127
 20
27.912431
 42
0.018878
  0
VERTEX
  8
0
 10
23380.734865
 20
54.607140
 42
0.017597
  0
VERTEX
  8
0
 10
23501.000000
 20
90.796183
 42
0.032693
  0
VERTEX
  8
0
 10
23700.570067
 20
173.494894
 42
0.032145
  0
VERTEX
  8
0
 10
23888.836409
 20
281.908968
 42
0.032083
  0
VERTEX
  8
0
 10
24061.997839
 20
413.790063
 42
0.032271
  0
VERTEX
  8
0
 10
24216.503654
 20
566.500000
 42
0.038167
  0
VERTEX
  8
0
 10
24372.094956
 20
770.989092
 42
0.038087
  0
VERTEX
  8
0
 10
24494.918311
 20
996.891854
 42
0.038086
  0
VERTEX
  8
0
 10
24582.056796
 20
1238.816569
 42
0.038161
  0
VERTEX
  8
0
 10
24631.420928
 20
1491.000000
 42
0.005338
  0
VERTEX
  8
0
 10
24635.015282
 20
1524.672683
 42
0.005084
  0
VERTEX
  8
0
 10
24637.954350
 20
1558.965572
 42
0.004941
  0
VERTEX
  8
0
 10
24640.268485
 20
1594.274935
 42
0.004405
  0
VERTEX
  8
0
 10
24641.986725
 20
1631.000000
 42
0.009486
  0
VERTEX
  8
0
 10
24643.034853
 20
1686.242722
 42
0.000000
  0
VERTEX
  8
0
 10
24643.036095
 20
25000.000000
 42
0.000000
  0
VERTEX
  8
0
 10
24643.034853
 20
48313.757279
 42
0.009486
  0
VERTEX
  8
0
 10
24641.986725
 20
48369.000000
 42
0.025623
  0
VERTEX
  8
0
 10
24625.606250
 20
48552.199967
 42
0.027146
  0
VERTEX
  8
0
 10
24590.702761
 20
48729.208044
 42
0.027278
  0
VERTEX
  8
0
 10
24537.026441
 20
48900.597296
 42
0.026426
  0
VERTEX
  8
0
 10
24464.526584
 20
49067.000000
 42
0.034263
  0
VERTEX
  8
0
 10
24346.497234
 20
49267.418371
 42
0.034598
  0
VERTEX
  8
0
 10
24202.550087
 20
49449.150499
 42
0.034581
  0
VERTEX
  8
0
 10
24034.847579
 20
49609.374815
 42
0.034158
  0
VERTEX
  8
0
 10
23846.000000
 20
49745.675021
 42
0.029361
  0
VERTEX
  8
0
 10
23674.032000
 20
49839.215098
 42
0.029005
  0
VERTEX
  8
0
 10
23491.599734
 20
49912.393926
 42
0.029012
  0
VERTEX
  8
0
 10
23301.968201
 20
49963.953968
 42
0.029408
  0
VERTEX
  8
0
 10
23108.500000
 20
49992.930859
 42
0.001464
  0
VERTEX
  8
0
 10
23093.662812
 20
49994.224111
 42
0.002107
  0
VERTEX
  8
0
 10
23080.521352
 20
49995.275050
 42
0.001501
  0
VERTEX
  8
0
 10
23064.466873
 20
49996.442415
 42
0.000385
  0
VERTEX
  8
0
 10
23038.500000
 20
49998.232086
 42
0.016981
  0
VERTEX
  8
0
 10
23019.260842
 20
49998.888079
 42
0.000001
  0
VERTEX
  8
0
 10
20714.559307
 20
49999.172447
 42
0.000022
  0
VERTEX
  8
0
 10
17617.631839
 20
49999.413961
 42
0.000005
  0
VERTEX
  8
0
 10
12334.500000
 20
49999.540123
 42
0.000007
  0
VERTEX
  8
0
 10
8235.163056
 20
49999.542638
 42
0.000011
  0
VERTEX
  8
0
 10
4780.784375
 20
49999.421680
 42
0.000000
  0
VERTEX
  8
0
 10
1643.872713
 20
49999.241196
 42
0.009283
  0
SEQEND
  0
POLYLINE
  8
0
 66
1
 70
1
  0
VERTEX
  8
0
 10
23014.000000
 20
49894.987819
 42
-0.017664
  0
VERTEX
  8
0
 10
23133.608905
 20
49885.871719
 42
-0.018741
  0
VERTEX
  8
0
 10
23249.918021
 20
49868.427661
 42
-0.018861
  0
VERTEX
  8
0
 10
23363.890502
 20
49842.454137
 42
-0.018419
  0
VERTEX
  8
0
 10
23476.500000
 20
49807.790272
 42
-0.041558
  0
VERTEX
  8
0
 10
23716.413941
 20
49701.076531
 42
-0.041460
  0
VERTEX
  8
0
 10
23935.578770
 20
49556.084898
 42
-0.041485
  0
VERTEX
  8
0
 10
24127.699316
 20
49377.013916
 42
-0.041718
  0
VERTEX
  8
0
 10
24287.225229
 20
49169.000000
 42
-0.033027
  0
VERTEX
  8
0
 10
24389.733415
 20
48983.487366
 42
-0.033675
  0
VERTEX
  8
0
 10
24466.167780
 20
48787.270973
 42
-0.033597
  0
VERTEX
  8
0
 10
24515.709924
 20
48582.130203
 42
-0.032544
  0
VERTEX
  8
0
 10
24538.008639
 20
48370.000000
 42
-0.009918
  0
VERTEX
  8
0
 10
24539.010792
 20
48319.481329
 42
-0.000000
  0
VERTEX
  8
0
 10
24539.011877
 20
25000.000000
 42
-0.000000
  0
VERTEX
  8
0
 10
24539.010792
 20
1680.518671
 42
-0.009918
  0
VERTEX
  8
0
 10
24538.008639
 20
1630.000000
 42
-0.002452
  0
VERTEX
  8
0
 10
24536.975009
 20
1606.826227
 42
-0.003842
  0
VERTEX
  8
0
 10
24535.835221
 20
1586.908807
 42
-0.003868
  0
VERTEX
  8
0
 10
24534.395524
 20
1567.108951
 42
-0.002532
  0
VERTEX
  8
0
 10
24532.443789
 20
1544.306619
 42
-0.049772
  0
VERTEX
  8
0
 10
24473.181195
 20
1236.013130
 42
-0.049673
  0
VERTEX
  8
0
 10
24354.141892
 20
945.292311
 42
-0.049672
  0
VERTEX
  8
0
 10
24180.101384
 20
683.756755
 42
-0.049769
  0
VERTEX
  8
0
 10
23958.000000
 20
461.870355
 42
-0.034371
  0
VERTEX
  8
0
 10
23780.603100
 20
336.094981
 42
-0.034314
  0
VERTEX
  8
0
 10
23587.551921
 20
235.730370
 42
-0.034328
  0
VERTEX
  8
0
 10
23382.669044
 20
162.748177
 42
-0.034466
  0
VERTEX
  8
0
 10
23170.000000
 20
118.603782
 42
-0.004625
  0
VERTEX
  8
0
 10
23140.235360
 20
114.817988
 42
-0.005055
  0
VERTEX
  8
0
 10
23111.272778
 20
111.702672
 42
-0.004379
  0
VERTEX
  8
0
 10
23078.935852
 20
108.840384
 42
-0.002270
  0
VERTEX
  8
0
 10
23038.500000
 20
105.802522
 42
-0.017604
  0
VERTEX
  8
0
 10
23003.260294
 20
104.560053
 42
-0.000000
  0
VERTEX
  8
0
 10
12344.202408
 20
104.149824
 42
-0.000000
  0
VERTEX
  8
0
 10
1701.862043
 20
103.746300
 42
-0.008996
  0
VERTEX
  8
0
 10
1633.000000
 20
104.982826
 42
-0.021839
  0
VERTEX
  8
0
 10
1491.272163
 20
116.290784
 42
-0.022459
  0
VERTEX
  8
0
 10
1352.404196
 20
139.870997
 42
-0.022487
  0
VERTEX
  8
0
 10
1216.376577
 20
175.777047
 42
-0.022020
  0
VERTEX
  8
0
 10
1083.147985
 20
223.967911
 42
-0.027949
  0
VERTEX
  8
0
 10
925.499121
 20
299.536515
 42
-0.027597
  0
VERTEX
  8
0
 10
776.567115
 20
392.505926
 42
-0.027573
  0
VERTEX
  8
0
 10
638.658433
 20
501.398114
 42
-0.027787
  0
VERTEX
  8
0
 10
513.944617
 20
624.540037
 42
-0.037603
  0
VERTEX
  8
0
 10
368.313656
 20
811.792491
 42
-0.037468
  0
VERTEX
  8
0
 10
252.175152
 20
1018.963290
 42
-0.037472
  0
VERTEX
  8
0
 10
168.267346
 20
1241.121686
 42
-0.037632
  0
VERTEX
  8
0
 10
118.603782
 20
1473.000000
 42
-0.005192
  0
VERTEX
  8
0
 10
114.539703
 20
1505.244294
 42
-0.005066
  0
VERTEX
  8
0
 10
111.109887
 20
1537.831409
 42
-0.004861
  0
VERTEX
  8
0
 10
108.219493
 20
1571.749234
 42
-0.003999
  0
VERTEX
  8
0
 10
105.776363
 20
1608.000000
 42
-0.014825
  0
VERTEX
  8
0
 10
104.361508
 20
1655.707597
 42
-0.000000
  0
VERTEX
  8
0
 10
104.360061
 20
25000.000000
 42
-0.000000
  0
VERTEX
  8
0
 10
104.361508
 20
48344.292403
 42
-0.014825
  0
VERTEX
  8
0
 10
105.776363
 20
48392.000000
 42
-0.003999
  0
VERTEX
  8
0
 10
108.219493
 20
48428.250766
 42
-0.004861
  0
VERTEX
  8
0
 10
111.109887
 20
48462.168591
 42
-0.005066
  0
VERTEX
  8
0
 10
114.539703
 20
48494.755706
 42
-0.005192
  0
VERTEX
  8
0
 10
118.603782
 20
48527.000000
 42
-0.027292
  0
VERTEX
  8
0
 10
151.174438
 20
48696.052375
 42
-0.027287
  0
VERTEX
  8
0
 10
201.967183
 20
48860.563327
 42
-0.027229
  0
VERTEX
  8
0
 10
270.496823
 20
49018.899480
 42
-0.026908
  0
VERTEX
  8
0
 10
356.069182
 20
49169.500000
 42
-0.016876
  0
VERTEX
  8
0
 10
414.800274
 20
49254.566094
 42
-0.016350
  0
VERTEX
  8
0
 10
479.731401
 20
49336.403931
 42
-0.016331
  0
VERTEX
  8
0
 10
549.952560
 20
49413.918893
 42
-0.016735
  0
VERTEX
  8
0
 10
624.531957
 20
49486.034248
 42
-0.020397
  0
VERTEX
  8
0
 10
725.405620
 20
49570.028772
 42
-0.020740
  0
VERTEX
  8
0
 10
832.244384
 20
49645.032313
 42
-0.020741
  0
VERTEX
  8
0
 10
944.925402
 20
49710.923115
 42
-0.020403
  0
VERTEX
  8
0
 10
1063.286839
 20
49767.640235
 42
-0.022989
  0
VERTEX
  8
0
 10
1198.521522
 20
49818.556286
 42
-0.022915
  0
VERTEX
  8
0
 10
1338.004027
 20
49856.902938
 42
-0.022849
  0
VERTEX
  8
0
 10
1480.813155
 20
49882.415036
 42
-0.022542
  0
VERTEX
  8
0
 10
1626.000000
 20
49894.933859
 42
-0.010234
  0
VERTEX
  8
0
 10
1669.448866
 20
49895.823348
 42
-0.000000
  0
VERTEX
  8
0
 10
12319.950244
 20
49895.852033
 42
-0.000000
  0
VERTEX
  8
0
 10
22970.353012
 20
49895.877080
 42
-0.010187
  0
SEQEND
  0
POLYLINE
  8
0
 66
1
 70
1
  0
VERTEX
  8
0
 10
1648.000000
 20
49149.976295
 42
0.053657
  0
VERTEX
  8
0
 10
1464.817051
 20
49120.353930
 42
0.055229
  0
VERTEX
  8
0
 10
1294.014928
 20
49052.552996
 42
0.055351
  0
VERTEX
  8
0
 10
1142.522158
 20
48949.174285
 42
0.054343
  0
VERTEX
  8
0
 10
1016.351034
 20
48814.500000
 42
0.034507
  0
VERTEX
  8
0
 10
955.184690
 20
48720.165017
 42
0.033436
  0
VERTEX
  8
0
 10
906.849220
 20
48617.337403
 42
0.033422
  0
VERTEX
  8
0
 10
872.634691
 20
48508.940900
 42
0.034410
  0
VERTEX
  8
0
 10
853.575756
 20
48398.000000
 42
0.012334
  0
VERTEX
  8
0
 10
851.007246
 20
48364.566355
 42
0.008113
  0
VERTEX
  8
0
 10
849.626590
 20
48325.997086
 42
0.008163
  0
VERTEX
  8
0
 10
849.504595
 20
48288.239522
 42
0.014962
  0
VERTEX
  8
0
 10
850.827706
 20
48257.500000
 42
0.030828
  0
VERTEX
  8
0
 10
865.785662
 20
48147.021449
 42
0.032772
  0
VERTEX
  8
0
 10
894.049024
 20
48041.512617
 42
0.033000
  0
VERTEX
  8
0
 10
935.633811
 20
47941.268379
 42
0.032195
  0
VERTEX
  8
0
 10
990.345155
 20
47846.500000
 42
0.041297
  0
VERTEX
  8
0
 10
1075.722259
 20
47738.843171
 42
0.041156
  0
VERTEX
  8
0
 10
1177.721920
 20
47646.547215
 42
0.041075
  0
VERTEX
  8
0
 10
1293.665819
 20
47572.046159
 42
0.040782
  0
VERTEX
  8
0
 10
1420.500000
 20
47517.295853
 42
0.040678
  0
VERTEX
  8
0
 10
1551.403837
 20
47484.612264
 42
0.040466
  0
VERTEX
  8
0
 10
1686.102982
 20
47473.477854
 42
0.040415
  0
VERTEX
  8
0
 10
1821.002050
 20
47484.184254
 42
0.040347
  0
VERTEX
  8
0
 10
1952.500000
 20
47516.452549
 42
0.024437
  0
VERTEX
  8
0
 10
2030.801726
 20
47546.836379
 42
0.025328
  0
VERTEX
  8
0
 10
2104.806874
 20
47584.396741
 42
0.025230
  0
VERTEX
  8
0
 10
2174.899729
 20
47629.398543
 42
0.023836
  0
VERTEX
  8
0
 10
2241.500000
 20
47682.039777
 42
0.013428
  0
VERTEX
  8
0
 10
2256.983577
 20
47696.273930
 42
0.003783
  0
VERTEX
  8
0
 10
2280.355769
 20
47719.293599
 42
0.003785
  0
VERTEX
  8
0
 10
2303.380863
 20
47742.668409
 42
0.013380
  0
VERTEX
  8
0
 10
2317.643316
 20
47758.177987
 42
0.046025
  0
VERTEX
  8
0
 10
2410.593579
 20
47887.066525
 42
0.047107
  0
VERTEX
  8
0
 10
2477.562041
 20
48029.811368
 42
0.047315
  0
VERTEX
  8
0
 10
2516.406278
 20
48181.964098
 42
0.047275
  0
VERTEX
  8
0
 10
2525.969224
 20
48338.750000
 42
0.026033
  0
VERTEX
  8
0
 10
2518.179216
 20
48429.515386
 42
0.027350
  0
VERTEX
  8
0
 10
2501.048525
 20
48517.471633
 42
0.027411
  0
VERTEX
  8
0
 10
2474.464994
 20
48602.848985
 42
0.026408
  0
VERTEX
  8
0
 10
2438.418967
 20
48685.905576
 42
0.026605
  0
VERTEX
  8
0
 10
2393.613720
 20
48764.989212
 42
0.027200
  0
VERTEX
  8
0
 10
2340.966708
 20
48838.260435
 42
0.027232
  0
VERTEX
  8
0
 10
2280.739011
 20
48905.305129
 42
0.026807
  0
VERTEX
  8
0
 10
2213.278793
 20
48965.780759
 42
0.038066
  0
VERTEX
  8
0
 10
2108.218634
 20
49037.835630
 42
0.038145
  0
VERTEX
  8
0
 10
1993.520661
 20
49093.073265
 42
0.038045
  0
VERTEX
  8
0
 10
1871.464775
 20
49130.362850
 42
0.037430
  0
VERTEX
  8
0
 10
1744.500000
 20
49148.984312
 42
0.011480
  0
VERTEX
  8
0
 10
1724.994770
 20
49149.918209
 42
0.003651
  0
VERTEX
  8
0
 10
1695.906057
 20
49150.429672
 42
0.003613
  0
VERTEX
  8
0
 10
1666.915347
 20
49150.518197
 42
0.012235
  0
SEQEND
  0
POLYLINE
  8
0
 66
1
 70
1
  0
VERTEX
  8
0
 10
1752.500000
 20
49127.532745
 42
-0.021480
  0
VERTEX
  8
0
 10
1830.034284
 20
49117.466631
 42
-0.023582
  0
VERTEX
  8
0
 10
1904.005280
 20
49100.986398
 42
-0.023802
  0
VERTEX
  8
0
 10
1975.469865
 20
49077.781768
 42
-0.022766
  0
VERTEX
  8
0
 10
2045.500000
 20
49047.587339
 42
-0.020041
  0
VERTEX
  8
0
 10
2105.609076
 20
49015.318616
 42
-0.021556
  0
VERTEX
  8
0
 10
2161.454422
 20
48979.059892
 42
-0.021503
  0
VERTEX
  8
0
 10
2214.091496
 20
48938.041854
 42
-0.019742
  0
VERTEX
  8
0
 10
2264.591449
 20
48891.517547
 42
-0.009544
  0
VERTEX
  8
0
 10
2292.118218
 20
48863.003706
 42
-0.012541
  0
VERTEX
  8
0
 10
2316.068826
 20
48835.894689
 42
-0.012737
  0
VERTEX
  8
0
 10
2338.333445
 20
48807.968182
 42
-0.010384
  0
VERTEX
  8
0
 10
2360.762645
 20
48777.000000
 42
-0.032057
  0
VERTEX
  8
0
 10
2413.383227
 20
48689.606063
 42
-0.031041
  0
VERTEX
  8
0
 10
2455.036163
 20
48595.275055
 42
-0.031049
  0
VERTEX
  8
0
 10
2484.680247
 20
48496.539396
 42
-0.032117
  0
VERTEX
  8
0
 10
2501.461007
 20
48396.000000
 42
-0.012189
  0
VERTEX
  8
0
 10
2503.996741
 20
48363.044515
 42
-0.008195
  0
VERTEX
  8
0
 10
2505.356739
 20
48325.309416
 42
-0.008258
  0
VERTEX
  8
0
 10
2505.471237
 20
48288.587544
 42
-0.015593
  0
VERTEX
  8
0
 10
2504.151276
 20
48259.000000
 42
-0.013959
  0
VERTEX
  8
0
 10
2498.393447
 20
48203.666233
 42
-0.016172
  0
VERTEX
  8
0
 10
2489.748981
 20
48151.410152
 42
-0.016519
  0
VERTEX
  8
0
 10
2477.940749
 20
48100.822746
 42
-0.015929
  0
VERTEX
  8
0
 10
2462.692956
 20
48050.500000
 42
-0.064063
  0
VERTEX
  8
0
 10
2370.793247
 20
47862.186324
 42
-0.064336
  0
VERTEX
  8
0
 10
2234.330293
 20
47703.568689
 42
-0.064339
  0
VERTEX
  8
0
 10
2062.039590
 20
47584.850911
 42
-0.064080
  0
VERTEX
  8
0
 10
1865.000000
 20
47513.626886
 42
-0.013178
  0
VERTEX
  8
0
 10
1820.745361
 20
47505.000299
 42
-0.014862
  0
VERTEX
  8
0
 10
1777.833662
 20
47499.108863
 42
-0.014661
  0
VERTEX
  8
0
 10
1734.133024
 20
47495.719773
 42
-0.012168
  0
VERTEX
  8
0
 10
1687.500000
 20
47494.612380
 42
-0.006759
  0
VERTEX
  8
0
 10
1654.793046
 20
47495.073913
 42
-0.010862
  0
VERTEX
  8
0
 10
1626.938280
 20
47496.449656
 42
-0.011093
  0
VERTEX
  8
0
 10
1599.594298
 20
47499.007093
 42
-0.007468
  0
VERTEX
  8
0
 10
1568.500000
 20
47503.084214
 42
-0.046457
  0
VERTEX
  8
0
 10
1422.508603
 20
47538.526150
 42
-0.046053
  0
VERTEX
  8
0
 10
1285.118461
 20
47600.383736
 42
-0.046016
  0
VERTEX
  8
0
 10
1161.271683
 20
47686.400748
 42
-0.046223
  0
VERTEX
  8
0
 10
1055.450729
 20
47793.500000
 42
-0.049860
  0
VERTEX
  8
0
 10
965.314830
 20
47928.887216
 42
-0.049976
  0
VERTEX
  8
0
 10
903.846547
 20
48079.334723
 42
-0.049901
  0
VERTEX
  8
0
 10
873.385379
 20
48239.201864
 42
-0.049413
  0
VERTEX
  8
0
 10
875.048029
 20
48402.475082
 42
-0.028921
  0
VERTEX
  8
0
 10
890.417008
 20
48493.783833
 42
-0.028474
  0
VERTEX
  8
0
 10
916.274784
 20
48583.196899
 42
-0.028383
  0
VERTEX
  8
0
 10
952.221193
 20
48669.369835
 42
-0.028304
  0
VERTEX
  8
0
 10
997.725338
 20
48751.000000
 42
-0.022109
  0
VERTEX
  8
0
 10
1037.845102
 20
48808.483115
 42
-0.021548
  0
VERTEX
  8
0
 10
1083.211100
 20
48862.712105
 42
-0.021427
  0
VERTEX
  8
0
 10
1133.343363
 20
48913.127759
 42
-0.021269
  0
VERTEX
  8
0
 10
1187.726944
 20
48959.198791
 42
-0.029483
  0
VERTEX
  8
0
 10
1264.626643
 20
49011.962072
 42
-0.028531
  0
VERTEX
  8
0
 10
1348.025645
 20
49055.950453
 42
-0.028500
  0
VERTEX
  8
0
 10
1435.985265
 20
49090.201429
 42
-0.029259
  0
VERTEX
  8
0
 10
1526.507133
 20
49113.879942
 42
-0.008276
  0
VERTEX
  8
0
 10
1557.279184
 20
49119.504735
 42
-0.010653
  0
VERTEX
  8
0
 10
1585.736660
 20
49123.600269
 42
-0.009759
  0
VERTEX
  8
0
 10
1616.242219
 20
49126.726181
 42
-0.005439
  0
VERTEX
  8
0
 10
1653.500000
 20
49129.402855
 42
-0.017561
  0
VERTEX
  8
0
 10
1669.156451
 20
49129.805664
 42
-0.002373
  0
VERTEX
  8
0
 10
1702.021707
 20
49129.340849
 42
-0.002575
  0
VERTEX
  8
0
 10
1734.856154
 20
49128.551412
 42
-0.014242
  0
SEQEND
  0
POLYLINE
  8
0
 66
1
 70
1
  0
VERTEX
  8
0
 10
22915.000000
 20
49149.899890
 42
0.038638
  0
VERTEX
  8
0
 10
22787.153726
 20
49133.740802
 42
0.038178
  0
VERTEX
  8
0
 10
22662.785449
 20
49098.074689
 42
0.038269
  0
VERTEX
  8
0
 10
22545.566785
 20
49044.017308
 42
0.039247
  0
VERTEX
  8
0
 10
22439.000000
 20
48973.118618
 42
0.036013
  0
VERTEX
  8
0
 10
22347.410799
 20
48889.908165
 42
0.036849
  0
VERTEX
  8
0
 10
22269.470351
 20
48795.017465
 42
0.036896
  0
VERTEX
  8
0
 10
22206.390529
 20
48689.835222
 42
0.036308
  0
VERTEX
  8
0
 10
22159.068770
 20
48575.967574
 42
0.032891
  0
VERTEX
  8
0
 10
22131.704369
 20
48471.218663
 42
0.032288
  0
VERTEX
  8
0
 10
22118.099373
 20
48363.134889
 42
0.032257
  0
VERTEX
  8
0
 10
22118.516817
 20
48254.096532
 42
0.032680
  0
VERTEX
  8
0
 10
22132.984029
 20
48146.500000
 42
0.046401
  0
VERTEX
  8
0
 10
22177.758614
 20
47997.398228
 42
0.046633
  0
VERTEX
  8
0
 10
22249.205058
 20
47859.375205
 42
0.046547
  0
VERTEX
  8
0
 10
22345.135644
 20
47736.756683
 42
0.045878
  0
VERTEX
  8
0
 10
22462.524397
 20
47633.342489
 42
0.034720
  0
VERTEX
  8
0
 10
22557.969189
 20
47573.358561
 42
0.033858
  0
VERTEX
  8
0
 10
22661.584625
 20
47526.590466
 42
0.033695
  0
VERTEX
  8
0
 10
22771.065858
 20
47494.047315
 42
0.033627
  0
VERTEX
  8
0
 10
22884.000000
 20
47476.477785
 42
0.028967
  0
VERTEX
  8
0
 10
22977.691766
 20
47473.742225
 42
0.027989
  0
VERTEX
  8
0
 10
23072.165318
 20
47481.762574
 42
0.027932
  0
VERTEX
  8
0
 10
23165.345584
 20
47500.312340
 42
0.028557
  0
VERTEX
  8
0
 10
23255.173768
 20
47529.032650
 42
0.010360
  0
VERTEX
  8
0
 10
23284.370306
 20
47540.941038
 42
0.008449
  0
VERTEX
  8
0
 10
23315.123268
 20
47554.855177
 42
0.008528
  0
VERTEX
  8
0
 10
23344.991995
 20
47569.610518
 42
0.011452
  0
VERTEX
  8
0
 10
23371.500000
 20
47584.050670
 42
0.048639
  0
VERTEX
  8
0
 10
23505.794259
 20
47679.702931
 42
0.049141
  0
VERTEX
  8
0
 10
23618.570592
 20
47799.196607
 42
0.049186
  0
VERTEX
  8
0
 10
23705.774005
 20
47938.291490
 42
0.048908
  0
VERTEX
  8
0
 10
23764.325880
 20
48092.000000
 42
0.027297
  0
VERTEX
  8
0
 10
23783.533184
 20
48181.396537
 42
0.027503
  0
VERTEX
  8
0
 10
23792.826012
 20
48272.129354
 42
0.027436
  0
VERTEX
  8
0
 10
23792.114133
 20
48363.549551
 42
0.026860
  0
VERTEX
  8
0
 10
23781.425376
 20
48455.000000
 42
0.049656
  0
VERTEX
  8
0
 10
23737.571413
 20
48613.894778
 42
0.049298
  0
VERTEX
  8
0
 10
23663.175153
 20
48761.435406
 42
0.049265
  0
VERTEX
  8
0
 10
23561.280349
 20
48891.646175
 42
0.049451
  0
VERTEX
  8
0
 10
23436.000000
 20
48999.224522
 42
0.041368
  0
VERTEX
  8
0
 10
23316.993965
 20
49068.635002
 42
0.040973
  0
VERTEX
  8
0
 10
23187.808540
 20
49117.766371
 42
0.041001
  0
VERTEX
  8
0
 10
23052.426995
 20
49145.148547
 42
0.041549
  0
SEQEND
  0
POLYLINE
  8
0
 66
1
 70
1
  0
VERTEX
  8
0
 10
22995.500000
 20
49129.001717
 42
-0.038543
  0
VERTEX
  8
0
 10
23123.215928
 20
49112.487619
 42
-0.039395
  0
VERTEX
  8
0
 10
23245.920069
 20
49076.619759
 42
-0.039466
  0
VERTEX
  8
0
 10
23361.279125
 20
49022.024714
 42
-0.038977
  0
VERTEX
  8
0
 10
23467.138580
 20
48949.783504
 42
-0.005100
  0
VERTEX
  8
0
 10
23484.346472
 20
48935.669328
 42
-0.008115
  0
VERTEX
  8
0
 10
23498.743072
 20
48923.210282
 42
-0.007989
  0
VERTEX
  8
0
 10
23512.887713
 20
48910.149400
 42
-0.004744
  0
VERTEX
  8
0
 10
23529.342486
 20
48894.160207
 42
-0.007645
  0
VERTEX
  8
0
 10
23552.065872
 20
48870.957840
 42
-0.010377
  0
VERTEX
  8
0
 10
23571.813093
 20
48849.284362
 42
-0.010496
  0
VERTEX
  8
0
 10
23590.467424
 20
48827.010108
 42
-0.008119
  0
VERTEX
  8
0
 10
23609.876027
 20
48802.000000
 42
-0.033470
  0
VERTEX
  8
0
 10
23668.996899
 20
48711.129315
 42
-0.033296
  0
VERTEX
  8
0
 10
23715.579632
 20
48613.027339
 42
-0.033263
  0
VERTEX
  8
0
 10
23748.766791
 20
48509.512687
 42
-0.033252
  0
VERTEX
  8
0
 10
23767.938261
 20
48402.500000
 42
-0.005353
  0
VERTEX
  8
0
 10
23770.261354
 20
48379.366772
 42
-0.009829
  0
VERTEX
  8
0
 10
23771.580462
 20
48360.478457
 42
-0.008846
  0
VERTEX
  8
0
 10
23772.234561
 20
48340.281335
 42
-0.003500
  0
VERTEX
  8
0
 10
23772.448012
 20
48312.500000
 42
-0.003562
  0
VERTEX
  8
0
 10
23772.268270
 20
48284.587011
 42
-0.009056
  0
VERTEX
  8
0
 10
23771.626671
 20
48264.336766
 42
-0.009944
  0
VERTEX
  8
0
 10
23770.294614
 20
48245.248448
 42
-0.005176
  0
VERTEX
  8
0
 10
23767.913974
 20
48221.500000
 42
-0.035437
  0
VERTEX
  8
0
 10
23747.182943
 20
48108.285893
 42
-0.035323
  0
VERTEX
  8
0
 10
23710.657395
 20
47999.007299
 42
-0.035296
  0
VERTEX
  8
0
 10
23659.081113
 20
47895.880662
 42
-0.035263
  0
VERTEX
  8
0
 10
23593.497735
 20
47801.000000
 42
-0.005754
  0
VERTEX
  8
0
 10
23578.688245
 20
47782.939539
 42
-0.008829
  0
VERTEX
  8
0
 10
23565.410001
 20
47767.676876
 42
-0.008384
  0
VERTEX
  8
0
 10
23551.107830
 20
47752.337053
 42
-0.004556
  0
VERTEX
  8
0
 10
23533.051436
 20
47733.948564
 42
-0.010106
  0
VERTEX
  8
0
 10
23503.727429
 20
47705.786528
 42
-0.012893
  0
VERTEX
  8
0
 10
23475.530885
 20
47681.096439
 42
-0.013112
  0
VERTEX
  8
0
 10
23446.504194
 20
47658.232547
 42
-0.011108
  0
VERTEX
  8
0
 10
23414.690135
 20
47635.580242
 42
-0.046740
  0
VERTEX
  8
0
 10
23280.836051
 20
47561.911853
 42
-0.046774
  0
VERTEX
  8
0
 10
23135.660063
 20
47514.408721
 42
-0.046803
  0
VERTEX
  8
0
 10
22984.272478
 20
47494.738101
 42
-0.046923
  0
VERTEX
  8
0
 10
22832.000000
 20
47503.595669
 42
-0.029814
  0
VERTEX
  8
0
 10
22736.031837
 20
47524.200173
 42
-0.029985
  0
VERTEX
  8
0
 10
22643.383432
 20
47556.043580
 42
-0.029976
  0
VERTEX
  8
0
 10
22555.184154
 20
47598.750854
 42
-0.029758
  0
VERTEX
  8
0
 10
22472.500000
 20
47651.792158
 42
-0.017151
  0
VERTEX
  8
0
 10
22431.383682
 20
47683.978278
 42
-0.015650
  0
VERTEX
  8
0
 10
22391.257472
 20
47719.870929
 42
-0.015653
  0
VERTEX
  8
0
 10
22353.463447
 20
47758.195282
 42
-0.017178
  0
VERTEX
  8
0
 10
22319.340305
 20
47797.672884
 42
-0.032880
  0
VERTEX
  8
0
 10
22256.306020
 20
47887.346866
 42
-0.033372
  0
VERTEX
  8
0
 10
22205.917858
 20
47984.078548
 42
-0.033482
  0
VERTEX
  8
0
 10
22168.986484
 20
48086.338538
 42
-0.033593
  0
VERTEX
  8
0
 10
22146.084214
 20
48192.500000
 42
-0.007478
  0
VERTEX
  8
0
 10
22141.994817
 20
48223.692750
 42
-0.011153
  0
VERTEX
  8
0
 10
22139.437148
 20
48251.086229
 42
-0.010894
  0
VERTEX
  8
0
 10
22138.066179
 20
48279.038543
 42
-0.006694
  0
VERTEX
  8
0
 10
22137.610214
 20
48312.000000
 42
-0.012194
  0
VERTEX
  8
0
 10
22138.739310
 20
48359.150014
 42
-0.015060
  0
VERTEX
  8
0
 10
22142.183587
 20
48402.966261
 42
-0.015191
  0
VERTEX
  8
0
 10
22148.226223
 20
48446.175996
 42
-0.012804
  0
VERTEX
  8
0
 10
22157.173629
 20
48491.493703
 42
-0.031225
  0
VERTEX
  8
0
 10
22185.639268
 20
48589.390941
 42
-0.031511
  0
VERTEX
  8
0
 10
22226.005402
 20
48682.673476
 42
-0.031316
  0
VERTEX
  8
0
 10
22278.044515
 20
48770.678447
 42
-0.030008
  0
VERTEX
  8
0
 10
22341.353233
 20
48852.822013
 42
-0.013200
  0
VERTEX
  8
0
 10
22355.255131
 20
48867.955113
 42
-0.004040
  0
VERTEX
  8
0
 10
22377.043533
 20
48890.090563
 42
-0.004053
  0
VERTEX
  8
0
 10
22399.213265
 20
48911.895942
 42
-0.012929
  0
VERTEX
  8
0
 10
22414.500000
 20
48925.942652
 42
-0.036134
  0
VERTEX
  8
0
 10
22513.270010
 20
49000.260517
 42
-0.037744
  0
VERTEX
  8
0
 10
22620.326367
 20
49058.380201
 42
-0.037798
  0
VERTEX
  8
0
 10
22734.758858
 20
49099.679272
 42
-0.036450
  0
VERTEX
  8
0
 10
22855.500000
 20
49123.894506
 42
-0.007186
  0
VERTEX
  8
0
 10
22869.172419
 20
49125.414118
 42
-0.002954
  0
VERTEX
  8
0
 10
22887.748416
 20
49127.098148
 42
-0.002936
  0
VERTEX
  8
0
 10
22906.235372
 20
49128.554751
 42
-0.007737
  0
VERTEX
  8
0
 10
22919.500000
 20
49129.315432
 42
-0.008285
  0
VERTEX
  8
0
 10
22935.505068
 20
49129.719493
 42
-0.003199
  0
VERTEX
  8
0
 10
22957.709952
 20
49129.769923
 42
-0.003185
  0
VERTEX
  8
0
 10
22979.839166
 20
49129.537602
 42
-0.008669
  0
SEQEND
  0
POLYLINE
  8
0
 66
1
 70
1
  0
VERTEX
  8
0
 10
14896.000000
 20
47946.838009
 42
0.053690
  0
VERTEX
  8
0
 10
14813.140718
 20
47929.981370
 42
0.054320
  0
VERTEX
  8
0
 10
14736.116221
 20
47895.906481
 42
0.054301
  0
VERTEX
  8
0
 10
14668.215071
 20
47846.029967
 42
0.053583
  0
VERTEX
  8
0
 10
14612.303712
 20
47782.500000
 42
0.029503
  0
VERTEX
  8
0
 10
14590.057487
 20
47746.670995
 42
0.026795
  0
VERTEX
  8
0
 10
14571.385292
 20
47707.323521
 42
0.026741
  0
VERTEX
  8
0
 10
14556.992699
 20
47666.116776
 42
0.029054
  0
VERTEX
  8
0
 10
14547.542861
 20
47624.727830
 42
0.008250
  0
VERTEX
  8
0
 10
14544.995128
 20
47607.856625
 42
0.014056
  0
VERTEX
  8
0
 10
14543.496886
 20
47593.676603
 42
0.013123
  0
VERTEX
  8
0
 10
14542.737839
 20
47578.781019
 42
0.006167
  0
VERTEX
  8
0
 10
14542.500000
 20
47559.500000
 42
0.012010
  0
VERTEX
  8
0
 10
14543.117869
 20
47533.780825
 42
0.017168
  0
VERTEX
  8
0
 10
14544.995718
 20
47511.034666
 42
0.017823
  0
VERTEX
  8
0
 10
14548.357250
 20
47489.140305
 42
0.014617
  0
VERTEX
  8
0
 10
14553.458106
 20
47466.028334
 42
0.048021
  0
VERTEX
  8
0
 10
14579.093019
 20
47394.113744
 42
0.048933
  0
VERTEX
  8
0
 10
14617.849446
 20
47328.894375
 42
0.049076
  0
VERTEX
  8
0
 10
14668.421929
 20
47272.615148
 42
0.048871
  0
VERTEX
  8
0
 10
14729.059668
 20
47227.182598
 42
0.026084
  0
VERTEX
  8
0
 10
14765.142411
 20
47207.788030
 42
0.026850
  0
VERTEX
  8
0
 10
14802.707000
 20
47192.462985
 42
0.026441
  0
VERTEX
  8
0
 10
14842.243107
 20
47181.060099
 42
0.023709
  0
VERTEX
  8
0
 10
14884.224795
 20
47173.398238
 42
0.021807
  0
VERTEX
  8
0
 10
14899.222456
 20
47172.052316
 42
0.006709
  0
VERTEX
  8
0
 10
14921.928356
 20
47171.314644
 42
0.006874
  0
VERTEX
  8
0
 10
14944.933779
 20
47171.192493
 42
0.018023
  0
VERTEX
  8
0
 10
14961.428685
 20
47171.926701
 42
0.077952
  0
VERTEX
  8
0
 10
15079.463907
 20
47200.326114
 42
0.078593
  0
VERTEX
  8
0
 10
15182.765940
 20
47263.457392
 42
0.078560
  0
VERTEX
  8
0
 10
15261.576416
 20
47355.413661
 42
0.077791
  0
VERTEX
  8
0
 10
15308.503970
 20
47467.500000
 42
0.015097
  0
VERTEX
  8
0
 10
15313.335248
 20
47490.052119
 42
0.015978
  0
VERTEX
  8
0
 10
15316.692446
 20
47512.433170
 42
0.015697
  0
VERTEX
  8
0
 10
15318.657425
 20
47535.346979
 42
0.013539
  0
VERTEX
  8
0
 10
15319.311575
 20
47559.500000
 42
0.007099
  0
VERTEX
  8
0
 10
15319.065446
 20
47576.835739
 42
0.012394
  0
VERTEX
  8
0
 10
15318.301747
 20
47591.182719
 42
0.012583
  0
VERTEX
  8
0
 10
15316.838085
 20
47605.324407
 42
0.007597
  0
VERTEX
  8
0
 10
15314.428722
 20
47622.000000
 42
0.046910
  0
VERTEX
  8
0
 10
15296.638832
 20
47690.969664
 42
0.045903
  0
VERTEX
  8
0
 10
15266.213237
 20
47755.946555
 42
0.045875
  0
VERTEX
  8
0
 10
15224.421533
 20
47814.318218
 42
0.046726
  0
VERTEX
  8
0
 10
15172.920966
 20
47863.697282
 42
0.036639
  0
VERTEX
  8
0
 10
15125.723233
 20
47895.830869
 42
0.036543
  0
VERTEX
  8
0
 10
15074.300244
 20
47920.762757
 42
0.036558
  0
VERTEX
  8
0
 10
15019.816012
 20
47937.934237
 42
0.036735
  0
VERTEX
  8
0
 10
14963.500000
 20
47946.952625
 42
0.016735
  0
VERTEX
  8
0
 10
14950.019107
 20
47947.652746
 42
0.005030
  0
VERTEX
  8
0
 10
14929.475727
 20
47947.824529
 42
0.004965
  0
VERTEX
  8
0
 10
14909.005656
 20
47947.586513
 42
0.017968
  0
SEQEND
  0
POLYLINE
  8
0
 66
1
 70
1
  0
VERTEX
  8
0
 10
14954.506128
 20
47762.488941
 42
-0.056162
  0
VERTEX
  8
0
 10
14999.516983
 20
47752.045984
 42
-0.057006
  0
VERTEX
  8
0
 10
15040.833193
 20
47731.880150
 42
-0.056880
  0
VERTEX
  8
0
 10
15076.606409
 20
47702.857213
 42
-0.055456
  0
VERTEX
  8
0
 10
15105.266819
 20
47666.289744
 42
-0.026394
  0
VERTEX
  8
0
 10
15115.204912
 20
47648.149525
 42
-0.025843
  0
VERTEX
  8
0
 10
15123.254112
 20
47628.937019
 42
-0.025570
  0
VERTEX
  8
0
 10
15129.351522
 20
47608.793971
 42
-0.024596
  0
VERTEX
  8
0
 10
15133.454024
 20
47587.871662
 42
-0.015031
  0
VERTEX
  8
0
 10
15134.089340
 20
47582.341774
 42
-0.007473
  0
VERTEX
  8
0
 10
15134.578466
 20
47575.303316
 42
-0.007011
  0
VERTEX
  8
0
 10
15134.894629
 20
47567.484515
 42
-0.006598
  0
VERTEX
  8
0
 10
15135.000000
 20
47559.500000
 42
-0.020753
  0
VERTEX
  8
0
 10
15134.171301
 20
47539.543292
 42
-0.024474
  0
VERTEX
  8
0
 10
15131.684487
 20
47520.804808
 42
-0.025074
  0
VERTEX
  8
0
 10
15127.449378
 20
47502.799709
 42
-0.024017
  0
VERTEX
  8
0
 10
15121.383365
 20
47485.042565
 42
-0.090623
  0
VERTEX
  8
0
 10
15081.742566
 20
47421.526463
 42
-0.092587
  0
VERTEX
  8
0
 10
15022.460597
 20
47376.698891
 42
-0.092403
  0
VERTEX
  8
0
 10
14950.889618
 20
47356.233622
 42
-0.089840
  0
VERTEX
  8
0
 10
14876.000000
 20
47362.612348
 42
-0.068719
  0
VERTEX
  8
0
 10
14827.478609
 20
47383.206469
 42
-0.064380
  0
VERTEX
  8
0
 10
14785.146875
 20
47416.551124
 42
-0.064362
  0
VERTEX
  8
0
 10
14752.678331
 20
47459.575521
 42
-0.068609
  0
VERTEX
  8
0
 10
14733.067852
 20
47508.542565
 42
-0.013025
  0
VERTEX
  8
0
 10
14730.174771
 20
47521.610727
 42
-0.018328
  0
VERTEX
  8
0
 10
14728.329853
 20
47533.404822
 42
-0.017928
  0
VERTEX
  8
0
 10
14727.327765
 20
47545.499347
 42
-0.011704
  0
VERTEX
  8
0
 10
14727.000000
 20
47559.500000
 42
-0.020753
  0
VERTEX
  8
0
 10
14727.828685
 20
47579.456540
 42
-0.024474
  0
VERTEX
  8
0
 10
14730.315460
 20
47598.194883
 42
-0.025074
  0
VERTEX
  8
0
 10
14734.550524
 20
47616.199995
 42
-0.024015
  0
VERTEX
  8
0
 10
14740.616510
 20
47633.957435
 42
-0.081170
  0
VERTEX
  8
0
 10
14775.054237
 20
47691.515117
 42
-0.082318
  0
VERTEX
  8
0
 10
14825.878400
 20
47734.791924
 42
-0.082509
  0
VERTEX
  8
0
 10
14887.838459
 20
47759.285146
 42
-0.082078
  0
SEQEND
  0
POLYLINE
  8
0
 66
1
 70
1
  0
VERTEX
  8
0
 10
21129.000000
 20
47946.838009
 42
0.031927
  0
VERTEX
  8
0
 10
21078.934606
 20
47938.899471
 42
0.032201
  0
VERTEX
  8
0
 10
21030.433673
 20
47924.665358
 42
0.032280
  0
VERTEX
  8
0
 10
20984.275439
 20
47904.362587
 42
0.032450
  0
VERTEX
  8
0
 10
20941.199237
 20
47878.318494
 42
0.023987
  0
VERTEX
  8
0
 10
20914.845402
 20
47858.006593
 42
0.020181
  0
VERTEX
  8
0
 10
20888.931807
 20
47834.108251
 42
0.020203
  0
VERTEX
  8
0
 10
20865.062127
 20
47808.231641
 42
0.024221
  0
VERTEX
  8
0
 10
20844.846080
 20
47781.980546
 42
0.027179
  0
VERTEX
  8
0
 10
20823.278645
 20
47747.075304
 42
0.025767
  0
VERTEX
  8
0
 10
20805.201170
 20
47709.421584
 42
0.025824
  0
VERTEX
  8
0
 10
20791.129174
 20
47670.195465
 42
0.027613
  0
VERTEX
  8
0
 10
20781.537862
 20
47630.589083
 42
0.009217
  0
VERTEX
  8
0
 10
20778.520085
 20
47612.347069
 42
0.015348
  0
VERTEX
  8
0
 10
20776.735862
 20
47596.875844
 42
0.014271
  0
VERTEX
  8
0
 10
20775.828152
 20
47580.562317
 42
0.006761
  0
VERTEX
  8
0
 10
20775.543336
 20
47559.500000
 42
0.011995
  0
VERTEX
  8
0
 10
20776.182018
 20
47532.880140
 42
0.017660
  0
VERTEX
  8
0
 10
20778.127763
 20
47509.573795
 42
0.018440
  0
VERTEX
  8
0
 10
20781.628118
 20
47487.243091
 42
0.014996
  0
VERTEX
  8
0
 10
20786.969276
 20
47463.619161
 42
0.032560
  0
VERTEX
  8
0
 10
20803.320123
 20
47413.852674
 42
0.034050
  0
VERTEX
  8
0
 10
20825.795182
 20
47367.398330
 42
0.034028
  0
VERTEX
  8
0
 10
20854.382567
 20
47324.397325
 42
0.032430
  0
VERTEX
  8
0
 10
20888.966761
 20
47284.932312
 42
0.040219
  0
VERTEX
  8
0
 10
20938.244410
 20
47242.919554
 42
0.042794
  0
VERTEX
  8
0
 10
20992.640599
 20
47210.308744
 42
0.042372
  0
VERTEX
  8
0
 10
21052.295874
 20
47187.182494
 42
0.037972
  0
VERTEX
  8
0
 10
21117.224795
 20
47173.395824
 42
0.022100
  0
VERTEX
  8
0
 10
21132.110740
 20
47172.065552
 42
0.006431
  0
VERTEX
  8
0
 10
21155.126446
 20
47171.327112
 42
0.006586
  0
VERTEX
  8
0
 10
21178.370057
 20
47171.186721
 42
0.018876
  0
VERTEX
  8
0
 10
21194.500000
 20
47171.911108
 42
0.033124
  0
VERTEX
  8
0
 10
21246.485568
 20
47179.706901
 42
0.033267
  0
VERTEX
  8
0
 10
21296.909284
 20
47194.293085
 42
0.033470
  0
VERTEX
  8
0
 10
21344.661382
 20
47215.332734
 42
0.034488
  0
VERTEX
  8
0
 10
21388.680109
 20
47242.373769
 42
0.041165
  0
VERTEX
  8
0
 10
21438.546417
 20
47284.555269
 42
0.041869
  0
VERTEX
  8
0
 10
21480.519086
 20
47334.112768
 42
0.041949
  0
VERTEX
  8
0
 10
21513.580760
 20
47389.875619
 42
0.041659
  0
VERTEX
  8
0
 10
21536.960398
 20
47450.502087
 42
0.017344
  0
VERTEX
  8
0
 10
21543.826408
 20
47477.379579
 42
0.018923
  0
VERTEX
  8
0
 10
21548.586214
 20
47503.900880
 42
0.018715
  0
VERTEX
  8
0
 10
21551.365606
 20
47530.971793
 42
0.016223
  0
VERTEX
  8
0
 10
21552.291478
 20
47559.500000
 42
0.007060
  0
VERTEX
  8
0
 10
21552.046046
 20
47576.881424
 42
0.012353
  0
VERTEX
  8
0
 10
21551.284306
 20
47591.255823
 42
0.012585
  0
VERTEX
  8
0
 10
21549.825891
 20
47605.390450
 42
0.007675
  0
VERTEX
  8
0
 10
21547.428722
 20
47622.000000
 42
0.051550
  0
VERTEX
  8
0
 10
21527.132811
 20
47697.777689
 42
0.050684
  0
VERTEX
  8
0
 10
21491.684593
 20
47768.262182
 42
0.050627
  0
VERTEX
  8
0
 10
21442.736616
 20
47830.244689
 42
0.051195
  0
VERTEX
  8
0
 10
21382.500000
 20
47880.867599
 42
0.031802
  0
VERTEX
  8
0
 10
21339.475323
 20
47906.250840
 42
0.032022
  0
VERTEX
  8
0
 10
21293.675835
 20
47925.907115
 42
0.032049
  0
VERTEX
  8
0
 10
21245.779894
 20
47939.540335
 42
0.031980
  0
VERTEX
  8
0
 10
21196.500000
 20
47946.952625
 42
0.016735
  0
VERTEX
  8
0
 10
21183.019107
 20
47947.652746
 42
0.005030
  0
VERTEX
  8
0
 10
21162.475727
 20
47947.824529
 42
0.004965
  0
VERTEX
  8
0
 10
21142.005656
 20
47947.586513
 42
0.017968
  0
SEQEND
  0
POLYLINE
  8
0
 66
1
 70
1
  0
VERTEX
  8
0
 10
21195.986065
 20
47761.508942
 42
-0.035384
  0
VERTEX
  8
0
 10
21226.261715
 20
47754.189973
 42
-0.037734
  0
VERTEX
  8
0
 10
21254.533177
 20
47742.787560
 42
-0.037984
  0
VERTEX
  8
0
 10
21280.603664
 20
47727.346424
 42
-0.036843
  0
VERTEX
  8
0
 10
21304.322782
 20
47707.995995
 42
-0.072141
  0
VERTEX
  8
0
 10
21340.700080
 20
47661.966437
 42
-0.072299
  0
VERTEX
  8
0
 10
21362.468277
 20
47607.532411
 42
-0.072107
  0
VERTEX
  8
0
 10
21367.872919
 20
47549.022245
 42
-0.071146
  0
VERTEX
  8
0
 10
21356.498763
 20
47491.101329
 42
-0.023178
  0
VERTEX
  8
0
 10
21350.695271
 20
47476.667977
 42
-0.018318
  0
VERTEX
  8
0
 10
21343.143864
 20
47461.626765
 42
-0.018200
  0
VERTEX
  8
0
 10
21334.443890
 20
47447.057292
 42
-0.021801
  0
VERTEX
  8
0
 10
21325.183420
 20
47434.039105
 42
-0.086003
  0
VERTEX
  8
0
 10
21273.484458
 20
47387.087158
 42
-0.085829
  0
VERTEX
  8
0
 10
21208.966595
 20
47360.227306
 42
-0.085963
  0
VERTEX
  8
0
 10
21139.263519
 20
47356.617061
 42
-0.086634
  0
VERTEX
  8
0
 10
21072.610739
 20
47376.695499
 42
-0.064925
  0
VERTEX
  8
0
 10
21028.599333
 20
47406.489649
 42
-0.064795
  0
VERTEX
  8
0
 10
20993.666050
 20
47446.591792
 42
-0.065060
  0
VERTEX
  8
0
 10
20970.270199
 20
47494.138719
 42
-0.066419
  0
VERTEX
  8
0
 10
20960.089593
 20
47545.766786
 42
-0.049920
  0
VERTEX
  8
0
 10
20961.709234
 20
47588.700594
 42
-0.052809
  0
VERTEX
  8
0
 10
20971.852664
 20
47629.621094
 42
-0.053077
  0
VERTEX
  8
0
 10
20990.280109
 20
47667.328872
 42
-0.051390
  0
VERTEX
  8
0
 10
21016.404190
 20
47700.760720
 42
-0.043004
  0
VERTEX
  8
0
 10
21044.219338
 20
47725.099807
 42
-0.046090
  0
VERTEX
  8
0
 10
21075.177466
 20
47743.689725
 42
-0.045644
  0
VERTEX
  8
0
 10
21109.294807
 20
47756.431872
 42
-0.040692
  0
VERTEX
  8
0
 10
21146.500000
 20
47763.389619
 42
-0.029735
  0
VERTEX
  8
0
 10
21155.164734
 20
47763.771844
 42
-0.005654
  0
VERTEX
  8
0
 10
21170.955750
 20
47763.350485
 42
-0.005866
  0
VERTEX
  8
0
 10
21186.771424
 20
47762.563532
 42
-0.026258
  0
SEQEND
  0
POLYLINE
  8
0
 66
1
 70
1
  0
VERTEX
  8
0
 10
14919.000000
 20
46909.298330
 42
0.038201
  0
VERTEX
  8
0
 10
14863.509931
 20
46903.598337
 42
0.035787
  0
VERTEX
  8
0
 10
14808.271458
 20
46889.477776
 42
0.035655
  0
VERTEX
  8
0
 10
14755.409475
 20
46867.557169
 42
0.037238
  0
VERTEX
  8
0
 10
14707.000000
 20
46838.616902
 42
0.020251
  0
VERTEX
  8
0
 10
14687.566845
 20
46823.728277
 42
0.013116
  0
VERTEX
  8
0
 10
14666.279435
 20
46805.039690
 42
0.013166
  0
VERTEX
  8
0
 10
14646.217697
 20
46785.467731
 42
0.022186
  0
VERTEX
  8
0
 10
14630.592133
 20
46767.903739
 42
0.035316
  0
VERTEX
  8
0
 10
14597.625719
 20
46720.945608
 42
0.036762
  0
VERTEX
  8
0
 10
14572.089444
 20
46670.423780
 42
0.036623
  0
VERTEX
  8
0
 10
14554.150394
 20
46616.524413
 42
0.034504
  0
VERTEX
  8
0
 10
14543.826785
 20
46559.500000
 42
0.021571
  0
VERTEX
  8
0
 10
14542.810966
 20
46544.357410
 42
0.005969
  0
VERTEX
  8
0
 10
14542.527062
 20
46520.522174
 42
0.005975
  0
VERTEX
  8
0
 10
14542.812617
 20
46496.681363
 42
0.021462
  0
VERTEX
  8
0
 10
14543.828917
 20
46481.500000
 42
0.060790
  0
VERTEX
  8
0
 10
14566.397585
 20
46385.626822
 42
0.063102
  0
VERTEX
  8
0
 10
14611.194578
 20
46299.297501
 42
0.063360
  0
VERTEX
  8
0
 10
14675.914052
 20
46227.159844
 42
0.062161
  0
VERTEX
  8
0
 10
14757.028972
 20
46172.985477
 42
0.022544
  0
VERTEX
  8
0
 10
14788.289760
 20
46159.040463
 42
0.022263
  0
VERTEX
  8
0
 10
14820.808833
 20
46147.902017
 42
0.021831
  0
VERTEX
  8
0
 10
14854.807830
 20
46139.516194
 42
0.019855
  0
VERTEX
  8
0
 10
14890.500000
 20
46133.812507
 42
0.024525
  0
VERTEX
  8
0
 10
14906.935784
 20
46132.664791
 42
0.006794
  0
VERTEX
  8
0
 10
14932.803771
 20
46132.481394
 42
0.006848
  0
VERTEX
  8
0
 10
14958.721199
 20
46133.004852
 42
0.023497
  0
VERTEX
  8
0
 10
14975.500000
 20
46134.364814
 42
0.037942
  0
VERTEX
  8
0
 10
15039.941688
 20
46147.676738
 42
0.041794
  0
VERTEX
  8
0
 10
15099.492000
 20
46170.302310
 42
0.042265
  0
VERTEX
  8
0
 10
15153.870766
 20
46202.245251
 42
0.040538
  0
VERTEX
  8
0
 10
15202.925092
 20
46243.281116
 42
0.037537
  0
VERTEX
  8
0
 10
15242.668735
 20
46288.769484
 42
0.039121
  0
VERTEX
  8
0
 10
15274.558642
 20
46339.089754
 42
0.039124
  0
VERTEX
  8
0
 10
15298.218873
 20
46393.759089
 42
0.037556
  0
VERTEX
  8
0
 10
15313.461836
 20
46452.195128
 42
0.022886
  0
VERTEX
  8
0
 10
15317.891572
 20
46484.975064
 42
0.021318
  0
VERTEX
  8
0
 10
15319.446688
 20
46518.810469
 42
0.021084
  0
VERTEX
  8
0
 10
15318.115788
 20
46553.039993
 42
0.021149
  0
VERTEX
  8
0
 10
15313.906613
 20
46587.000000
 42
0.049194
  0
VERTEX
  8
0
 10
15295.057773
 20
46656.753325
 42
0.046630
  0
VERTEX
  8
0
 10
15262.700369
 20
46722.821645
 42
0.046415
  0
VERTEX
  8
0
 10
15218.489590
 20
46782.031145
 42
0.047754
  0
VERTEX
  8
0
 10
15164.500000
 20
46831.449480
 42
0.042543
  0
VERTEX
  8
0
 10
15109.310663
 20
46866.108081
 42
0.042185
  0
VERTEX
  8
0
 10
15048.898430
 20
46891.039319
 42
0.041991
  0
VERTEX
  8
0
 10
14984.886492
 20
46905.564849
 42
0.041325
  0
SEQEND
  0
POLYLINE
  8
0
 66
1
 70
1
  0
VERTEX
  8
0
 10
14957.158257
 20
46723.404219
 42
-0.041376
  0
VERTEX
  8
0
 10
14990.832103
 20
46716.181455
 42
-0.043003
  0
VERTEX
  8
0
 10
15022.404591
 20
46703.572889
 42
-0.042874
  0
VERTEX
  8
0
 10
15051.438796
 20
46685.707968
 42
-0.040635
  0
VERTEX
  8
0
 10
15077.567050
 20
46662.860105
 42
-0.040093
  0
VERTEX
  8
0
 10
15098.787757
 20
46637.196067
 42
-0.041143
  0
VERTEX
  8
0
 10
15115.435401
 20
46608.686844
 42
-0.041074
  0
VERTEX
  8
0
 10
15127.212814
 20
46577.790326
 42
-0.039682
  0
VERTEX
  8
0
 10
15133.948666
 20
46545.026234
 42
-0.023676
  0
VERTEX
  8
0
 10
15134.784098
 20
46534.068596
 42
-0.009482
  0
VERTEX
  8
0
 10
15134.931353
 20
46519.024121
 42
-0.009487
  0
VERTEX
  8
0
 10
15134.507667
 20
46503.976614
 42
-0.023516
  0
VERTEX
  8
0
 10
15133.471279
 20
46493.000801
 42
-0.073270
  0
VERTEX
  8
0
 10
15116.275174
 20
46434.834227
 42
-0.073965
  0
VERTEX
  8
0
 10
15083.070785
 20
46384.306820
 42
-0.074246
  0
VERTEX
  8
0
 10
15036.726007
 20
46345.781287
 42
-0.074711
  0
VERTEX
  8
0
 10
14981.245165
 20
46322.575032
 42
-0.027012
  0
VERTEX
  8
0
 10
14961.956053
 20
46318.805215
 42
-0.021589
  0
VERTEX
  8
0
 10
14940.868928
 20
46316.778374
 42
-0.021837
  0
VERTEX
  8
0
 10
14920.027590
 20
46316.591116
 42
-0.030593
  0
VERTEX
  8
0
 10
14901.500000
 20
46318.372440
 42
-0.037244
  0
VERTEX
  8
0
 10
14868.990528
 20
46326.034777
 42
-0.040308
  0
VERTEX
  8
0
 10
14838.862731
 20
46338.295739
 42
-0.040620
  0
VERTEX
  8
0
 10
14811.296119
 20
46355.131153
 42
-0.039005
  0
VERTEX
  8
0
 10
14786.410232
 20
46376.410232
 42
-0.047820
  0
VERTEX
  8
0
 10
14760.755941
 20
46407.504329
 42
-0.050688
  0
VERTEX
  8
0
 10
14742.048596
 20
46442.327021
 42
-0.050630
  0
VERTEX
  8
0
 10
14730.714235
 20
46480.238276
 42
-0.047510
  0
VERTEX
  8
0
 10
14726.904226
 20
46520.482793
 42
-0.045434
  0
VERTEX
  8
0
 10
14730.534004
 20
46560.101621
 42
-0.049670
  0
VERTEX
  8
0
 10
14741.257226
 20
46597.193595
 42
-0.049975
  0
VERTEX
  8
0
 10
14759.010207
 20
46631.248149
 42
-0.047037
  0
VERTEX
  8
0
 10
14783.484637
 20
46661.861196
 42
-0.018551
  0
VERTEX
  8
0
 10
14797.051852
 20
46674.892988
 42
-0.022990
  0
VERTEX
  8
0
 10
14810.642742
 20
46685.933014
 42
-0.023536
  0
VERTEX
  8
0
 10
14824.909134
 20
46695.467982
 42
-0.021224
  0
VERTEX
  8
0
 10
14840.500000
 20
46703.978532
 42
-0.036915
  0
VERTEX
  8
0
 10
14868.223410
 20
46715.161954
 42
-0.036173
  0
VERTEX
  8
0
 10
14897.478016
 20
46722.237921
 42
-0.036216
  0
VERTEX
  8
0
 10
14927.411771
 20
46725.017824
 42
-0.037214
  0
SEQEND
  0
POLYLINE
  8
0
 66
1
 70
1
  0
VERTEX
  8
0
 10
21144.500000
 20
46908.898475
 42
0.028058
  0
VERTEX
  8
0
 10
21103.427200
 20
46904.743164
 42
0.026928
  0
VERTEX
  8
0
 10
21062.499688
 20
46895.986829
 42
0.026770
  0
VERTEX
  8
0
 10
21022.512605
 20
46882.818059
 42
0.026944
  0
VERTEX
  8
0
 10
20984.250270
 20
46865.476240
 42
0.036616
  0
VERTEX
  8
0
 10
20936.150895
 20
46835.812980
 42
0.036488
  0
VERTEX
  8
0
 10
20892.832970
 20
46799.418786
 42
0.036404
  0
VERTEX
  8
0
 10
20855.176234
 20
46757.027551
 42
0.036077
  0
VERTEX
  8
0
 10
20823.941003
 20
46709.500000
 42
0.024620
  0
VERTEX
  8
0
 10
20807.217036
 20
46675.750537
 42
0.025013
  0
VERTEX
  8
0
 10
20793.989389
 20
46640.695650
 42
0.024487
  0
VERTEX
  8
0
 10
20784.098951
 20
46603.790407
 42
0.021567
  0
VERTEX
  8
0
 10
20777.364540
 20
46564.500000
 42
0.022825
  0
VERTEX
  8
0
 10
20776.023394
 20
46547.975291
 42
0.007212
  0
VERTEX
  8
0
 10
20775.505451
 20
46523.216570
 42
0.007257
  0
VERTEX
  8
0
 10
20775.704606
 20
46498.389201
 42
0.021877
  0
VERTEX
  8
0
 10
20776.825687
 20
46481.500000
 42
0.040593
  0
VERTEX
  8
0
 10
20789.634567
 20
46415.315155
 42
0.043041
  0
VERTEX
  8
0
 10
20812.817765
 20
46353.411834
 42
0.043289
  0
VERTEX
  8
0
 10
20846.110586
 20
46296.705933
 42
0.042021
  0
VERTEX
  8
0
 10
20888.968369
 20
46245.968369
 42
0.041492
  0
VERTEX
  8
0
 10
20939.387160
 20
46203.288603
 42
0.043392
  0
VERTEX
  8
0
 10
20995.440591
 20
46170.235110
 42
0.042926
  0
VERTEX
  8
0
 10
21056.926054
 20
46147.073085
 42
0.038947
  0
VERTEX
  8
0
 10
21123.500000
 20
46133.812507
 42
0.024525
  0
VERTEX
  8
0
 10
21139.935784
 20
46132.664791
 42
0.006794
  0
VERTEX
  8
0
 10
21165.803771
 20
46132.481394
 42
0.006848
  0
VERTEX
  8
0
 10
21191.721199
 20
46133.004852
 42
0.023497
  0
VERTEX
  8
0
 10
21208.500000
 20
46134.364814
 42
0.028305
  0
VERTEX
  8
0
 10
21258.105545
 20
46143.620002
 42
0.031874
  0
VERTEX
  8
0
 10
21304.366974
 20
46158.172770
 42
0.032169
  0
VERTEX
  8
0
 10
21348.030634
 20
46178.346886
 42
0.029901
  0
VERTEX
  8
0
 10
21389.871803
 20
46204.399789
 42
0.027350
  0
VERTEX
  8
0
 10
21419.956190
 20
46228.302318
 42
0.024297
  0
VERTEX
  8
0
 10
21448.524535
 20
46256.263608
 42
0.024190
  0
VERTEX
  8
0
 10
21474.376168
 20
46287.006793
 42
0.026429
  0
VERTEX
  8
0
 10
21496.329917
 20
46319.237093
 42
0.015435
  0
VERTEX
  8
0
 10
21503.980435
 20
46332.779001
 42
0.007618
  0
VERTEX
  8
0
 10
21512.899420
 20
46350.418160
 42
0.007622
  0
VERTEX
  8
0
 10
21521.307641
 20
46368.386986
 42
0.014876
  0
VERTEX
  8
0
 10
21527.360120
 20
46383.000000
 42
0.043170
  0
VERTEX
  8
0
 10
21545.418802
 20
46446.605567
 42
0.042575
  0
VERTEX
  8
0
 10
21552.397463
 20
46512.665908
 42
0.042562
  0
VERTEX
  8
0
 10
21548.086579
 20
46578.973733
 42
0.043084
  0
VERTEX
  8
0
 10
21532.606405
 20
46643.314463
 42
0.060263
  0
VERTEX
  8
0
 10
21492.185404
 20
46728.596804
 42
0.060922
  0
VERTEX
  8
0
 10
21432.717909
 20
46801.435028
 42
0.060963
  0
VERTEX
  8
0
 10
21357.489304
 20
46857.756051
 42
0.060488
  0
VERTEX
  8
0
 10
21270.705098
 20
46894.452111
 42
0.020415
  0
VERTEX
  8
0
 10
21239.914163
 20
46901.934555
 42
0.020901
  0
VERTEX
  8
0
 10
21208.855238
 20
46906.812009
 42
0.020669
  0
VERTEX
  8
0
 10
21177.169258
 20
46909.117683
 42
0.019010
  0
SEQEND
  0
POLYLINE
  8
0
 66
1
 70
1
  0
VERTEX
  8
0
 10
21185.789414
 20
46723.942237
 42
-0.035919
  0
VERTEX
  8
0
 10
21214.645034
 20
46718.682200
 42
-0.035666
  0
VERTEX
  8
0
 10
21242.521519
 20
46709.338405
 42
-0.035612
  0
VERTEX
  8
0
 10
21268.826631
 20
46696.111337
 42
-0.035568
  0
VERTEX
  8
0
 10
21293.000000
 20
46679.280422
 42
-0.019516
  0
VERTEX
  8
0
 10
21300.104554
 20
46673.070036
 42
-0.008423
  0
VERTEX
  8
0
 10
21309.095575
 20
46664.277868
 42
-0.008425
  0
VERTEX
  8
0
 10
21317.787896
 20
46655.185090
 42
-0.019449
  0
VERTEX
  8
0
 10
21323.928077
 20
46648.000000
 42
-0.054398
  0
VERTEX
  8
0
 10
21347.676995
 20
46610.082847
 42
-0.054791
  0
VERTEX
  8
0
 10
21362.620100
 20
46568.026490
 42
-0.054610
  0
VERTEX
  8
0
 10
21368.104210
 20
46523.597725
 42
-0.053358
  0
VERTEX
  8
0
 10
21363.918418
 20
46478.675466
 42
-0.072517
  0
VERTEX
  8
0
 10
21344.968058
 20
46425.828409
 42
-0.068933
  0
VERTEX
  8
0
 10
21311.469792
 20
46379.568077
 42
-0.068731
  0
VERTEX
  8
0
 10
21266.554826
 20
46344.044724
 42
-0.071348
  0
VERTEX
  8
0
 10
21214.245165
 20
46322.575032
 42
-0.031607
  0
VERTEX
  8
0
 10
21189.548069
 20
46317.983311
 42
-0.030204
  0
VERTEX
  8
0
 10
21164.089853
 20
46316.447851
 42
-0.030151
  0
VERTEX
  8
0
 10
21138.586552
 20
46317.990998
 42
-0.031220
  0
VERTEX
  8
0
 10
21113.754835
 20
46322.590142
 42
-0.059748
  0
VERTEX
  8
0
 10
21069.284082
 20
46339.578826
 42
-0.058407
  0
VERTEX
  8
0
 10
21029.717349
 20
46366.702786
 42
-0.058311
  0
VERTEX
  8
0
 10
20997.440765
 20
46402.288081
 42
-0.059180
  0
VERTEX
  8
0
 10
20974.439894
 20
46444.194665
 42
-0.022580
  0
VERTEX
  8
0
 10
20967.795395
 20
46463.062737
 42
-0.026305
  0
VERTEX
  8
0
 10
20963.261479
 20
46481.522529
 42
-0.026038
  0
VERTEX
  8
0
 10
20960.658443
 20
46500.518832
 42
-0.021323
  0
VERTEX
  8
0
 10
20959.808450
 20
46521.000000
 42
-0.012297
  0
VERTEX
  8
0
 10
20960.166546
 20
46534.901409
 42
-0.017687
  0
VERTEX
  8
0
 10
20961.220509
 20
46547.167097
 42
-0.018313
  0
VERTEX
  8
0
 10
20963.101514
 20
46558.995032
 42
-0.014729
  0
VERTEX
  8
0
 10
20965.960122
 20
46571.554846
 42
-0.068227
  0
VERTEX
  8
0
 10
20987.121155
 20
46623.110080
 42
-0.068077
  0
VERTEX
  8
0
 10
21021.388719
 20
46667.111117
 42
-0.068211
  0
VERTEX
  8
0
 10
21066.145858
 20
46700.224208
 42
-0.068958
  0
VERTEX
  8
0
 10
21118.000000
 20
46719.923480
 42
-0.022823
  0
VERTEX
  8
0
 10
21134.249177
 20
46722.875678
 42
-0.018720
  0
VERTEX
  8
0
 10
21151.813137
 20
46724.578527
 42
-0.018751
  0
VERTEX
  8
0
 10
21169.418093
 20
46724.960890
 42
-0.023184
  0
SEQEND
  0
POLYLINE
  8
0
 66
1
 70
1
  0
VERTEX
  8
0
 10
7703.000000
 20
45878.382046
 42
0.026783
  0
VERTEX
  8
0
 10
7676.782965
 20
45874.564434
 42
0.027885
  0
VERTEX
  8
0
 10
7651.482151
 20
45867.998666
 42
0.028320
  0
VERTEX
  8
0
 10
7627.444117
 20
45858.777704
 42
0.029719
  0
VERTEX
  8
0
 10
7605.000000
 20
45847.026403
 42
0.014204
  0
VERTEX
  8
0
 10
7593.172016
 20
45839.442358
 42
0.017681
  0
VERTEX
  8
0
 10
7582.650192
 20
45831.707280
 42
0.017076
  0
VERTEX
  8
0
 10
7572.412656
 20
45823.024038
 42
0.011856
  0
VERTEX
  8
0
 10
7561.430260
 20
45812.558708
 42
0.012933
  0
VERTEX
  8
0
 10
7550.677035
 20
45801.243210
 42
0.017684
  0
VERTEX
  8
0
 10
7541.634938
 20
45790.479582
 42
0.018322
  0
VERTEX
  8
0
 10
7533.626671
 20
45779.419337
 42
0.015669
  0
VERTEX
  8
0
 10
7526.000000
 20
45767.219847
 42
0.000000
  0
VERTEX
  8
0
 10
7519.500000
 20
45756.059227
 42
0.000000
  0
VERTEX
  8
0
 10
7463.322359
 20
45756.029614
 42
0.001468
  0
VERTEX
  8
0
 10
7439.456815
 20
45755.946951
 42
0.002746
  0
VERTEX
  8
0
 10
7420.143290
 20
45755.717277
 42
0.002241
  0
VERTEX
  8
0
 10
7405.059675
 20
45755.387439
 42
0.027971
  0
VERTEX
  8
0
 10
7399.363602
 20
45754.917746
 42
0.071285
  0
VERTEX
  8
0
 10
7372.532568
 20
45747.186961
 42
0.067740
  0
VERTEX
  8
0
 10
7348.434414
 20
45732.141259
 42
0.068071
  0
VERTEX
  8
0
 10
7329.332341
 20
45711.282178
 42
0.073285
  0
VERTEX
  8
0
 10
7317.105307
 20
45686.554814
 42
0.004667
  0
VERTEX
  8
0
 10
7314.770873
 20
45679.102689
 42
0.020924
  0
VERTEX
  8
0
 10
7313.629206
 20
45674.675883
 42
0.021641
  0
VERTEX
  8
0
 10
7312.879567
 20
45670.236460
 42
0.005229
  0
VERTEX
  8
0
 10
7312.035163
 20
45662.831987
 42
0.069158
  0
VERTEX
  8
0
 10
7312.943510
 20
45636.893438
 42
0.064024
  0
VERTEX
  8
0
 10
7320.841251
 20
45611.450185
 42
0.063686
  0
VERTEX
  8
0
 10
7334.972132
 20
45588.711992
 42
0.067041
  0
VERTEX
  8
0
 10
7354.157417
 20
45570.707210
 42
0.027595
  0
VERTEX
  8
0
 10
7361.451130
 20
45566.087457
 42
0.017331
  0
VERTEX
  8
0
 10
7370.430945
 20
45561.471965
 42
0.017373
  0
VERTEX
  8
0
 10
7379.645017
 20
45557.517850
 42
0.029296
  0
VERTEX
  8
0
 10
7387.645816
 20
45554.936861
 42
0.034354
  0
VERTEX
  8
0
 10
7398.434795
 20
45552.920100
 42
0.016933
  0
VERTEX
  8
0
 10
7412.347662
 20
45551.773155
 42
0.009865
  0
VERTEX
  8
0
 10
7433.006075
 20
45551.180918
 42
0.002153
  0
VERTEX
  8
0
 10
7468.605045
 20
45551.016273
 42
0.000000
  0
VERTEX
  8
0
 10
7519.710089
 20
45551.000000
 42
0.000000
  0
VERTEX
  8
0
 10
7524.971736
 20
45541.750000
 42
0.070661
  0
VERTEX
  8
0
 10
7563.035560
 20
45492.529693
 42
0.069598
  0
VERTEX
  8
0
 10
7613.479887
 20
45455.558949
 42
0.069481
  0
VERTEX
  8
0
 10
7672.213168
 20
45433.802444
 42
0.070025
  0
VERTEX
  8
0
 10
7734.500000
 20
45429.047280
 42
0.061190
  0
VERTEX
  8
0
 10
7789.407584
 20
45439.371320
 42
0.062871
  0
VERTEX
  8
0
 10
7839.644084
 20
45462.633768
 42
0.062580
  0
VERTEX
  8
0
 10
7882.716616
 20
45497.767455
 42
0.059666
  0
VERTEX
  8
0
 10
7916.557501
 20
45542.994548
 42
0.000000
  0
VERTEX
  8
0
 10
7921.175042
 20
45551.000000
 42
0.000000
  0
VERTEX
  8
0
 10
7972.337521
 20
45551.008553
 42
0.003516
  0
VERTEX
  8
0
 10
8017.373144
 20
45551.332770
 42
0.022935
  0
VERTEX
  8
0
 10
8039.963094
 20
45552.691911
 42
0.043568
  0
VERTEX
  8
0
 10
8055.520658
 20
45555.732954
 42
0.040591
  0
VERTEX
  8
0
 10
8070.705702
 20
45561.470398
 42
0.028360
  0
VERTEX
  8
0
 10
8081.634922
 20
45567.428229
 42
0.031211
  0
VERTEX
  8
0
 10
8091.458980
 20
45574.415071
 42
0.031032
  0
VERTEX
  8
0
 10
8100.385151
 20
45582.608887
 42
0.027415
  0
VERTEX
  8
0
 10
8108.629819
 20
45592.175984
 42
0.068585
  0
VERTEX
  8
0
 10
8121.452271
 20
45614.595990
 42
0.063186
  0
VERTEX
  8
0
 10
8128.185294
 20
45640.282417
 42
0.062877
  0
VERTEX
  8
0
 10
8128.307024
 20
45666.957309
 42
0.066623
  0
VERTEX
  8
0
 10
8121.732123
 20
45692.275927
 42
0.063972
  0
VERTEX
  8
0
 10
8109.028089
 20
45714.729153
 42
0.063469
  0
VERTEX
  8
0
 10
8091.031783
 20
45733.309558
 42
0.063308
  0
VERTEX
  8
0
 10
8068.904904
 20
45746.819401
 42
0.063072
  0
VERTEX
  8
0
 10
8044.073784
 20
45754.384386
 42
0.027161
  0
VERTEX
  8
0
 10
8036.702712
 20
45755.239091
 42
0.009179
  0
VERTEX
  8
0
 10
8025.901840
 20
45755.701347
 42
0.005145
  0
VERTEX
  8
0
 10
8008.976894
 20
45755.940420
 42
0.000959
  0
VERTEX
  8
0
 10
7977.909850
 20
45756.000000
 42
0.000000
  0
VERTEX
  8
0
 10
7921.172132
 20
45756.000000
 42
0.000000
  0
VERTEX
  8
0
 10
7917.422930
 20
45762.750000
 42
0.057826
  0
VERTEX
  8
0
 10
7887.346901
 20
45804.653972
 42
0.057033
  0
VERTEX
  8
0
 10
7848.346817
 20
45838.776993
 42
0.057027
  0
VERTEX
  8
0
 10
7802.642207
 20
45863.209734
 42
0.057792
  0
VERTEX
  8
0
 10
7752.803592
 20
45876.550086
 42
0.021451
  0
VERTEX
  8
0
 10
7742.957392
 20
45877.569730
 42
0.005882
  0
VERTEX
  8
0
 10
7727.374087
 20
45878.326597
 42
0.005596
  0
VERTEX
  8
0
 10
7711.885634
 20
45878.722810
 42
0.026364
  0
SEQEND
  0
POLYLINE
  8
0
 66
1
 70
1
  0
VERTEX
  8
0
 10
7753.000000
 20
45855.546343
 42
-0.050325
  0
VERTEX
  8
0
 10
7794.181934
 20
45844.250441
 42
-0.052025
  0
VERTEX
  8
0
 10
7831.788854
 20
45825.041697
 42
-0.052145
  0
VERTEX
  8
0
 10
7864.546416
 20
45798.531028
 42
-0.051007
  0
VERTEX
  8
0
 10
7891.383244
 20
45765.633869
 42
-0.002780
  0
VERTEX
  8
0
 10
7893.536110
 20
45762.324863
 42
-0.004334
  0
VERTEX
  8
0
 10
7895.350078
 20
45759.448010
 42
-0.001356
  0
VERTEX
  8
0
 10
7896.890219
 20
45756.942681
 42
-0.137986
  0
VERTEX
  8
0
 10
7897.000000
 20
45756.552457
 42
-0.413286
  0
VERTEX
  8
0
 10
7896.773119
 20
45756.324855
 42
-0.000010
  0
VERTEX
  8
0
 10
7845.153125
 20
45756.162284
 42
-0.000489
  0
VERTEX
  8
0
 10
7788.179080
 20
45756.039699
 42
-0.000293
  0
VERTEX
  8
0
 10
7720.500000
 20
45756.000000
 42
-0.000427
  0
VERTEX
  8
0
 10
7652.820927
 20
45756.057859
 42
-0.000713
  0
VERTEX
  8
0
 10
7595.846875
 20
45756.236521
 42
-0.000021
  0
VERTEX
  8
0
 10
7544.329992
 20
45756.473651
 42
-0.412854
  0
VERTEX
  8
0
 10
7544.000000
 20
45756.805179
 42
-0.153048
  0
VERTEX
  8
0
 10
7544.631553
 20
45758.820101
 42
-0.002178
  0
VERTEX
  8
0
 10
7551.983935
 20
45769.298772
 42
-0.006701
  0
VERTEX
  8
0
 10
7559.310932
 20
45779.356586
 42
-0.015230
  0
VERTEX
  8
0
 10
7565.175084
 20
45786.706227
 42
-0.026787
  0
VERTEX
  8
0
 10
7578.748575
 20
45801.059970
 42
-0.024107
  0
VERTEX
  8
0
 10
7594.246531
 20
45814.423100
 42
-0.023924
  0
VERTEX
  8
0
 10
7611.090526
 20
45826.334623
 42
-0.025296
  0
VERTEX
  8
0
 10
7628.692419
 20
45836.345105
 42
-0.023162
  0
VERTEX
  8
0
 10
7645.487807
 20
45843.849515
 42
-0.023594
  0
VERTEX
  8
0
 10
7662.803268
 20
45849.716829
 42
-0.022432
  0
VERTEX
  8
0
 10
7681.386548
 20
45854.159612
 42
-0.017245
  0
VERTEX
  8
0
 10
7702.000000
 20
45857.387429
 42
-0.034120
  0
VERTEX
  8
0
 10
7710.292220
 20
45857.824233
 42
-0.005125
  0
VERTEX
  8
0
 10
7726.959066
 20
45857.393554
 42
-0.005545
  0
VERTEX
  8
0
 10
7743.635251
 20
45856.606277
 42
-0.027226
  0
SEQEND
  0
POLYLINE
  8
0
 66
1
 70
1
  0
VERTEX
  8
0
 10
7895.883279
 20
45548.750000
 42
-0.032932
  0
VERTEX
  8
0
 10
7890.429685
 20
45539.881223
 42
-0.014422
  0
VERTEX
  8
0
 10
7882.117841
 20
45528.856251
 42
-0.014095
  0
VERTEX
  8
0
 10
7872.498905
 20
45517.506209
 42
-0.017119
  0
VERTEX
  8
0
 10
7862.838625
 20
45507.452649
 42
-0.016631
  0
VERTEX
  8
0
 10
7849.807127
 20
45495.604932
 42
-0.023172
  0
VERTEX
  8
0
 10
7837.340541
 20
45485.964281
 42
-0.023365
  0
VERTEX
  8
0
 10
7824.117494
 20
45477.577938
 42
-0.017342
  0
VERTEX
  8
0
 10
7808.801272
 20
45469.529985
 42
-0.089686
  0
VERTEX
  8
0
 10
7738.679017
 20
45450.105866
 42
-0.090241
  0
VERTEX
  8
0
 10
7666.354932
 20
45456.534914
 42
-0.090001
  0
VERTEX
  8
0
 10
7600.776926
 20
45488.064987
 42
-0.088622
  0
VERTEX
  8
0
 10
7550.048221
 20
45540.766941
 42
-0.002844
  0
VERTEX
  8
0
 10
7547.729984
 20
45544.275762
 42
-0.004431
  0
VERTEX
  8
0
 10
7545.776665
 20
45547.327895
 42
-0.001401
  0
VERTEX
  8
0
 10
7544.119434
 20
45549.985144
 42
-0.139605
  0
VERTEX
  8
0
 10
7544.000000
 20
45550.404564
 42
-0.413213
  0
VERTEX
  8
0
 10
7544.244447
 20
45550.649848
 42
-0.000011
  0
VERTEX
  8
0
 10
7595.857210
 20
45550.825091
 42
-0.000527
  0
VERTEX
  8
0
 10
7652.842614
 20
45550.957213
 42
-0.000316
  0
VERTEX
  8
0
 10
7720.535184
 20
45551.000000
 42
0.000000
  0
VERTEX
  8
0
 10
7897.070368
 20
45551.000000
 42
0.000000
  0
SEQEND
  0
POLYLINE
  8
0
 66
1
 70
1
  0
VERTEX
  8
0
 10
14913.000000
 20
45870.409137
 42
0.021629
  0
VERTEX
  8
0
 10
14868.910876
 20
45865.541101
 42
0.027581
  0
VERTEX
  8
0
 10
14828.905004
 20
45857.082434
 42
0.028210
  0
VERTEX
  8
0
 10
14790.816433
 20
45844.463638
 42
0.024496
  0
VERTEX
  8
0
 10
14752.500000
 20
45827.108019
 42
0.019292
  0
VERTEX
  8
0
 10
14724.781032
 20
45811.498534
 42
0.021935
  0
VERTEX
  8
0
 10
14699.547259
 20
45794.408218
 42
0.021682
  0
VERTEX
  8
0
 10
14675.659789
 20
45774.990978
 42
0.018044
  0
VERTEX
  8
0
 10
14651.978605
 20
45752.393889
 42
0.039048
  0
VERTEX
  8
0
 10
14612.923846
 20
45705.522604
 42
0.039729
  0
VERTEX
  8
0
 10
14581.883340
 20
45653.409683
 42
0.039726
  0
VERTEX
  8
0
 10
14559.474119
 20
45597.039166
 42
0.039029
  0
VERTEX
  8
0
 10
14546.100561
 20
45537.500000
 42
0.019720
  0
VERTEX
  8
0
 10
14542.954716
 20
45507.213318
 42
0.018926
  0
VERTEX
  8
0
 10
14542.145560
 20
45476.353757
 42
0.019099
  0
VERTEX
  8
0
 10
14543.668318
 20
45445.817407
 42
0.021112
  0
VERTEX
  8
0
 10
14547.508258
 20
45416.500000
 42
0.028725
  0
VERTEX
  8
0
 10
14557.974574
 20
45371.777173
 42
0.029094
  0
VERTEX
  8
0
 10
14573.463417
 20
45328.744417
 42
0.029339
  0
VERTEX
  8
0
 10
14593.695926
 20
45288.145535
 42
0.030393
  0
VERTEX
  8
0
 10
14618.328976
 20
45250.691118
 42
0.006307
  0
VERTEX
  8
0
 10
14628.085326
 20
45237.993166
 42
0.010976
  0
VERTEX
  8
0
 10
14636.538379
 20
45227.744974
 42
0.011219
  0
VERTEX
  8
0
 10
14645.302830
 20
45218.031649
 42
0.006962
  0
VERTEX
  8
0
 10
14656.000000
 20
45207.009863
 42
0.037901
  0
VERTEX
  8
0
 10
14700.317840
 20
45168.867055
 42
0.037575
  0
VERTEX
  8
0
 10
14750.009000
 20
45137.728966
 42
0.037637
  0
VERTEX
  8
0
 10
14803.718527
 20
45114.422176
 42
0.038310
  0
VERTEX
  8
0
 10
14860.000000
 20
45099.594643
 42
0.008920
  0
VERTEX
  8
0
 10
14878.439671
 20
45096.558710
 42
0.015145
  0
VERTEX
  8
0
 10
14893.971968
 20
45094.763817
 42
0.014271
  0
VERTEX
  8
0
 10
14910.208442
 20
45093.850025
 42
0.006921
  0
VERTEX
  8
0
 10
14931.000000
 20
45093.562233
 42
0.006935
  0
VERTEX
  8
0
 10
14951.772858
 20
45093.850355
 42
0.014197
  0
VERTEX
  8
0
 10
14968.036034
 20
45094.764171
 42
0.015189
  0
VERTEX
  8
0
 10
14983.504603
 20
45096.549321
 42
0.009278
  0
VERTEX
  8
0
 10
15001.638602
 20
45099.547008
 42
0.020998
  0
VERTEX
  8
0
 10
15032.023259
 20
45106.481168
 42
0.019734
  0
VERTEX
  8
0
 10
15062.365467
 20
45116.061020
 42
0.019765
  0
VERTEX
  8
0
 10
15091.808469
 20
45127.985407
 42
0.021245
  0
VERTEX
  8
0
 10
15119.500000
 20
45141.941003
 42
0.037293
  0
VERTEX
  8
0
 10
15168.693804
 20
45174.442551
 42
0.037812
  0
VERTEX
  8
0
 10
15212.270358
 20
45213.754072
 42
0.037903
  0
VERTEX
  8
0
 10
15249.336329
 20
45259.082858
 42
0.037872
  0
VERTEX
  8
0
 10
15279.146167
 20
45309.500000
 42
0.054172
  0
VERTEX
  8
0
 10
15308.351060
 20
45389.500920
 42
0.055006
  0
VERTEX
  8
0
 10
15319.493100
 20
45473.493374
 42
0.055022
  0
VERTEX
  8
0
 10
15312.052892
 20
45557.871563
 42
0.054266
  0
VERTEX
  8
0
 10
15286.391376
 20
45639.011612
 42
0.023535
  0
VERTEX
  8
0
 10
15270.549036
 20
45670.843594
 42
0.023410
  0
VERTEX
  8
0
 10
15251.759301
 20
45701.104258
 42
0.023223
  0
VERTEX
  8
0
 10
15230.066634
 20
45729.703843
 42
0.022319
  0
VERTEX
  8
0
 10
15205.539564
 20
45756.566300
 42
0.041992
  0
VERTEX
  8
0
 10
15154.853355
 20
45799.453762
 42
0.043092
  0
VERTEX
  8
0
 10
15098.133626
 20
45832.853235
 42
0.043126
  0
VERTEX
  8
0
 10
15036.572496
 20
45856.014584
 42
0.042200
  0
VERTEX
  8
0
 10
14971.501114
 20
45868.482055
 42
0.013102
  0
VERTEX
  8
0
 10
14958.742416
 20
45869.488894
 42
0.004905
  0
VERTEX
  8
0
 10
14940.805906
 20
45870.255941
 42
0.004524
  0
VERTEX
  8
0
 10
14923.253588
 20
45870.675195
 42
0.020391
  0
SEQEND
  0
POLYLINE
  8
0
 66
1
 70
1
  0
VERTEX
  8
0
 10
14955.026234
 20
45684.952543
 42
-0.028644
  0
VERTEX
  8
0
 10
14978.123039
 20
45680.743406
 42
-0.027564
  0
VERTEX
  8
0
 10
15000.892857
 20
45673.882911
 42
-0.027774
  0
VERTEX
  8
0
 10
15022.594819
 20
45664.623111
 42
-0.030259
  0
VERTEX
  8
0
 10
15042.500000
 20
45653.243962
 42
-0.042632
  0
VERTEX
  8
0
 10
15069.449465
 20
45632.109871
 42
-0.040969
  0
VERTEX
  8
0
 10
15092.818136
 20
45606.447526
 42
-0.041132
  0
VERTEX
  8
0
 10
15111.605999
 20
45577.426830
 42
-0.043789
  0
VERTEX
  8
0
 10
15124.938586
 20
45546.309613
 42
-0.018202
  0
VERTEX
  8
0
 10
15129.569240
 20
45530.259122
 42
-0.022325
  0
VERTEX
  8
0
 10
15132.666558
 20
45514.966760
 42
-0.021996
  0
VERTEX
  8
0
 10
15134.419267
 20
45499.271264
 42
-0.016807
  0
VERTEX
  8
0
 10
15135.000000
 20
45482.000000
 42
-0.016783
  0
VERTEX
  8
0
 10
15134.421057
 20
45464.757274
 42
-0.021947
  0
VERTEX
  8
0
 10
15132.673818
 20
45449.083186
 42
-0.022228
  0
VERTEX
  8
0
 10
15129.582794
 20
45433.783745
 42
-0.017967
  0
VERTEX
  8
0
 10
15124.955494
 20
45417.675466
 42
-0.063916
  0
VERTEX
  8
0
 10
15103.321981
 20
45372.115926
 42
-0.061807
  0
VERTEX
  8
0
 10
15070.678294
 20
45332.919254
 42
-0.061772
  0
VERTEX
  8
0
 10
15029.425243
 20
45302.871535
 42
-0.063706
  0
VERTEX
  8
0
 10
14982.500000
 20
45284.189384
 42
-0.031259
  0
VERTEX
  8
0
 10
14957.572576
 20
45279.417281
 42
-0.029929
  0
VERTEX
  8
0
 10
14931.878112
 20
45277.697999
 42
-0.030164
  0
VERTEX
  8
0
 10
14906.370092
 20
45279.059791
 42
-0.033074
  0
VERTEX
  8
0
 10
14882.000000
 20
45283.488590
 42
-0.032981
  0
VERTEX
  8
0
 10
14855.398295
 20
45292.063578
 42
-0.034250
  0
VERTEX
  8
0
 10
14830.502110
 20
45303.974622
 42
-0.034285
  0
VERTEX
  8
0
 10
14807.488237
 20
45319.159986
 42
-0.033195
  0
VERTEX
  8
0
 10
14786.500136
 20
45337.500000
 42
-0.039918
  0
VERTEX
  8
0
 10
14765.121229
 20
45362.551119
 42
-0.040784
  0
VERTEX
  8
0
 10
14748.166023
 20
45390.508927
 42
-0.040589
  0
VERTEX
  8
0
 10
14735.907956
 20
45420.978114
 42
-0.038759
  0
VERTEX
  8
0
 10
14728.502679
 20
45453.500000
 42
-0.024459
  0
VERTEX
  8
0
 10
14727.279077
 20
45466.010466
 42
-0.012091
  0
VERTEX
  8
0
 10
14726.889411
 20
45481.973388
 42
-0.012093
  0
VERTEX
  8
0
 10
14727.272222
 20
45497.947796
 42
-0.024286
  0
VERTEX
  8
0
 10
14728.489879
 20
45510.500000
 42
-0.080918
  0
VERTEX
  8
0
 10
14748.614550
 20
45574.035235
 42
-0.081672
  0
VERTEX
  8
0
 10
14787.820254
 20
45627.669753
 42
-0.081680
  0
VERTEX
  8
0
 10
14842.132396
 20
45665.921330
 42
-0.080958
  0
VERTEX
  8
0
 10
14906.000000
 20
45684.913300
 42
-0.025144
  0
VERTEX
  8
0
 10
14915.343950
 20
45685.636039
 42
-0.006529
  0
VERTEX
  8
0
 10
14930.428059
 20
45685.845094
 42
-0.006572
  0
VERTEX
  8
0
 10
14945.532085
 20
45685.658658
 42
-0.024380
  0
SEQEND
  0
POLYLINE
  8
0
 66
1
 70
1
  0
VERTEX
  8
0
 10
21139.000000
 20
45869.991339
 42
0.024247
  0
VERTEX
  8
0
 10
21099.196611
 20
45865.293868
 42
0.026026
  0
VERTEX
  8
0
 10
21060.980342
 20
45856.828304
 42
0.025970
  0
VERTEX
  8
0
 10
21023.775997
 20
45844.417999
 42
0.023927
  0
VERTEX
  8
0
 10
20987.000000
 20
45827.918099
 42
0.032424
  0
VERTEX
  8
0
 10
20944.052233
 20
45802.499237
 42
0.032552
  0
VERTEX
  8
0
 10
20904.811069
 20
45771.771695
 42
0.032495
  0
VERTEX
  8
0
 10
20869.826831
 20
45736.154436
 42
0.032052
  0
VERTEX
  8
0
 10
20839.578795
 20
45696.148180
 42
0.026503
  0
VERTEX
  8
0
 10
20817.706875
 20
45658.844978
 42
0.028134
  0
VERTEX
  8
0
 10
20800.381659
 20
45620.159189
 42
0.028169
  0
VERTEX
  8
0
 10
20787.527095
 20
45579.819337
 42
0.026714
  0
VERTEX
  8
0
 10
20779.018338
 20
45537.572054
 42
0.021314
  0
VERTEX
  8
0
 10
20775.874343
 20
45507.068766
 42
0.019102
  0
VERTEX
  8
0
 10
20775.178180
 20
45475.268492
 42
0.019126
  0
VERTEX
  8
0
 10
20776.910203
 20
45443.553126
 42
0.021533
  0
VERTEX
  8
0
 10
20781.045338
 20
45413.304791
 42
0.050130
  0
VERTEX
  8
0
 10
20802.596007
 20
45338.105441
 42
0.050247
  0
VERTEX
  8
0
 10
20838.669401
 20
45268.761895
 42
0.050310
  0
VERTEX
  8
0
 10
20887.800824
 20
45208.083767
 42
0.050511
  0
VERTEX
  8
0
 10
20948.000000
 20
45158.531217
 42
0.028924
  0
VERTEX
  8
0
 10
20987.996251
 20
45135.100699
 42
0.030480
  0
VERTEX
  8
0
 10
21029.749337
 20
45116.896194
 42
0.030108
  0
VERTEX
  8
0
 10
21073.883888
 20
45103.725084
 42
0.026849
  0
VERTEX
  8
0
 10
21121.000000
 20
45095.339405
 42
0.021884
  0
VERTEX
  8
0
 10
21139.088101
 20
45093.913139
 42
0.008777
  0
VERTEX
  8
0
 10
21163.910983
 20
45093.481849
 42
0.008788
  0
VERTEX
  8
0
 10
21188.767746
 20
45093.923269
 42
0.021519
  0
VERTEX
  8
0
 10
21207.000000
 20
45095.354943
 42
0.027112
  0
VERTEX
  8
0
 10
21252.837418
 20
45103.487999
 42
0.029147
  0
VERTEX
  8
0
 10
21296.405257
 20
45116.398807
 42
0.029469
  0
VERTEX
  8
0
 10
21337.737494
 20
45134.132228
 42
0.029067
  0
VERTEX
  8
0
 10
21376.895460
 20
45156.673965
 42
0.013212
  0
VERTEX
  8
0
 10
21394.383824
 20
45168.815672
 42
0.014653
  0
VERTEX
  8
0
 10
21410.599076
 20
45181.468061
 42
0.014449
  0
VERTEX
  8
0
 10
21426.242760
 20
45195.210731
 42
0.012159
  0
VERTEX
  8
0
 10
21442.016586
 20
45210.629322
 42
0.017631
  0
VERTEX
  8
0
 10
21462.367743
 20
45233.042727
 42
0.020329
  0
VERTEX
  8
0
 10
21480.096990
 20
45255.825269
 42
0.020324
  0
VERTEX
  8
0
 10
21495.920819
 20
45279.977135
 42
0.017607
  0
VERTEX
  8
0
 10
21510.553771
 20
45306.500000
 42
0.049708
  0
VERTEX
  8
0
 10
21538.632184
 20
45378.976221
 42
0.050467
  0
VERTEX
  8
0
 10
21551.671436
 20
45455.199251
 42
0.050416
  0
VERTEX
  8
0
 10
21549.181917
 20
45532.560558
 42
0.049411
  0
VERTEX
  8
0
 10
21531.290449
 20
45608.405976
 42
0.027890
  0
VERTEX
  8
0
 10
21514.610296
 20
45649.431414
 42
0.029371
  0
VERTEX
  8
0
 10
21493.717098
 20
45687.616440
 42
0.029257
  0
VERTEX
  8
0
 10
21468.410424
 20
45723.223863
 42
0.027221
  0
VERTEX
  8
0
 10
21438.540979
 20
45756.546585
 42
0.028016
  0
VERTEX
  8
0
 10
21404.730949
 20
45786.776132
 42
0.029376
  0
VERTEX
  8
0
 10
21368.264612
 20
45812.524215
 42
0.029465
  0
VERTEX
  8
0
 10
21329.139629
 20
45833.753452
 42
0.028562
  0
VERTEX
  8
0
 10
21287.387599
 20
45850.484148
 42
0.014376
  0
VERTEX
  8
0
 10
21267.469742
 20
45856.542274
 42
0.013065
  0
VERTEX
  8
0
 10
21246.594035
 20
45861.659418
 42
0.013065
  0
VERTEX
  8
0
 10
21225.479038
 20
45865.679244
 42
0.014374
  0
VERTEX
  8
0
 10
21204.843300
 20
45868.445383
 42
0.012903
  0
VERTEX
  8
0
 10
21189.582389
 20
45869.648933
 42
0.007356
  0
VERTEX
  8
0
 10
21171.093538
 20
45870.355303
 42
0.007345
  0
VERTEX
  8
0
 10
21152.966145
 20
45870.514568
 42
0.015773
  0
SEQEND
  0
POLYLINE
  8
0
 66
1
 70
1
  0
VERTEX
  8
0
 10
21194.257607
 20
45683.969373
 42
-0.040646
  0
VERTEX
  8
0
 10
21226.898608
 20
45676.429289
 42
-0.042585
  0
VERTEX
  8
0
 10
21257.360673
 20
45663.787069
 42
-0.042252
  0
VERTEX
  8
0
 10
21285.449537
 20
45646.060973
 42
-0.038804
  0
VERTEX
  8
0
 10
21311.030846
 20
45623.398281
 42
-0.038306
  0
VERTEX
  8
0
 10
21331.795954
 20
45598.324515
 42
-0.040840
  0
VERTEX
  8
0
 10
21347.999859
 20
45570.887509
 42
-0.040785
  0
VERTEX
  8
0
 10
21359.545829
 20
45541.146761
 42
-0.038001
  0
VERTEX
  8
0
 10
21366.445949
 20
45509.215618
 42
-0.021559
  0
VERTEX
  8
0
 10
21367.504563
 20
45497.956142
 42
-0.010206
  0
VERTEX
  8
0
 10
21367.945288
 20
45483.377387
 42
-0.010177
  0
VERTEX
  8
0
 10
21367.792516
 20
45468.887387
 42
-0.023140
  0
VERTEX
  8
0
 10
21366.948666
 20
45457.973766
 42
-0.073770
  0
VERTEX
  8
0
 10
21350.522224
 20
45398.784478
 42
-0.075180
  0
VERTEX
  8
0
 10
21317.686756
 20
45347.337425
 42
-0.075374
  0
VERTEX
  8
0
 10
21271.193958
 20
45308.002545
 42
-0.074738
  0
VERTEX
  8
0
 10
21215.000000
 20
45284.076405
 42
-0.032036
  0
VERTEX
  8
0
 10
21190.395121
 20
45279.362789
 42
-0.030057
  0
VERTEX
  8
0
 10
21164.856928
 20
45277.697077
 42
-0.030014
  0
VERTEX
  8
0
 10
21139.265100
 20
45279.105351
 42
-0.031707
  0
VERTEX
  8
0
 10
21114.500000
 20
45283.570265
 42
-0.040544
  0
VERTEX
  8
0
 10
21084.510682
 20
45293.602059
 42
-0.038090
  0
VERTEX
  8
0
 10
21055.868457
 20
45308.513497
 42
-0.038229
  0
VERTEX
  8
0
 10
21029.921583
 20
45327.533883
 42
-0.041593
  0
VERTEX
  8
0
 10
21007.955950
 20
45349.797003
 42
-0.041224
  0
VERTEX
  8
0
 10
20986.929959
 20
45379.680715
 42
-0.045432
  0
VERTEX
  8
0
 10
20971.868077
 20
45411.679956
 42
-0.045542
  0
VERTEX
  8
0
 10
20962.859792
 20
45445.803010
 42
-0.041795
  0
VERTEX
  8
0
 10
20959.828772
 20
45482.000000
 42
-0.026763
  0
VERTEX
  8
0
 10
20961.126712
 20
45506.231311
 42
-0.030356
  0
VERTEX
  8
0
 10
20965.010450
 20
45529.169899
 42
-0.030694
  0
VERTEX
  8
0
 10
20971.592761
 20
45551.245286
 42
-0.028592
  0
VERTEX
  8
0
 10
20980.959017
 20
45572.894685
 42
-0.060611
  0
VERTEX
  8
0
 10
21008.894395
 20
45614.928822
 42
-0.061717
  0
VERTEX
  8
0
 10
21045.942362
 20
45648.748918
 42
-0.061734
  0
VERTEX
  8
0
 10
21090.114599
 20
45672.497049
 42
-0.060702
  0
VERTEX
  8
0
 10
21139.000000
 20
45684.913300
 42
-0.025332
  0
VERTEX
  8
0
 10
21150.546963
 20
45685.802089
 42
-0.010812
  0
VERTEX
  8
0
 10
21166.043555
 20
45685.872499
 42
-0.010875
  0
VERTEX
  8
0
 10
21181.783000
 20
45685.261030
 42
-0.021301
  0
SEQEND
  0
POLYLINE
  8
0
 66
1
 70
1
  0
VERTEX
  8
0
 10
4825.000000
 20
44855.372627
 42
0.041395
  0
VERTEX
  8
0
 10
4748.102142
 20
44842.107087
 42
0.044951
  0
VERTEX
  8
0
 10
4676.628046
 20
44816.549358
 42
0.045258
  0
VERTEX
  8
0
 10
4611.293786
 20
44778.819188
 42
0.043076
  0
VERTEX
  8
0
 10
4552.637212
 20
44729.387472
 42
0.042746
  0
VERTEX
  8
0
 10
4506.023856
 20
44673.933537
 42
0.042680
  0
VERTEX
  8
0
 10
4469.492143
 20
44611.332855
 42
0.042374
  0
VERTEX
  8
0
 10
4443.907212
 20
44542.996903
 42
0.040880
  0
VERTEX
  8
0
 10
4429.826785
 20
44470.500000
 42
0.022890
  0
VERTEX
  8
0
 10
4428.690912
 20
44452.871560
 42
0.005966
  0
VERTEX
  8
0
 10
4428.502399
 20
44424.480369
 42
0.005896
  0
VERTEX
  8
0
 10
4428.986510
 20
44396.148234
 42
0.024110
  0
VERTEX
  8
0
 10
4430.311068
 20
44379.000000
 42
0.005867
  0
VERTEX
  8
0
 10
4432.432133
 20
44363.618506
 42
0.008175
  0
VERTEX
  8
0
 10
4434.716036
 20
44349.912367
 42
0.008500
  0
VERTEX
  8
0
 10
4437.369597
 20
44336.718051
 42
0.007250
  0
VERTEX
  8
0
 10
4440.604677
 20
44322.899329
 42
0.054822
  0
VERTEX
  8
0
 10
4473.190296
 20
44234.727661
 42
0.054701
  0
VERTEX
  8
0
 10
4524.177705
 20
44155.673392
 42
0.054768
  0
VERTEX
  8
0
 10
4591.028672
 20
44089.639551
 42
0.055221
  0
VERTEX
  8
0
 10
4670.445918
 20
44039.904981
 42
0.055926
  0
VERTEX
  8
0
 10
4761.713066
 20
44007.884358
 42
0.056483
  0
VERTEX
  8
0
 10
4857.499040
 20
43997.029221
 42
0.056483
  0
VERTEX
  8
0
 10
4953.285502
 20
44007.884422
 42
0.055924
  0
VERTEX
  8
0
 10
5044.554082
 20
44039.905117
 42
0.034260
  0
VERTEX
  8
0
 10
5094.504988
 20
44068.349391
 42
0.033492
  0
VERTEX
  8
0
 10
5140.505173
 20
44103.544582
 42
0.033462
  0
VERTEX
  8
0
 10
5181.431957
 20
44144.599386
 42
0.034059
  0
VERTEX
  8
0
 10
5216.254560
 20
44190.516297
 42
0.028508
  0
VERTEX
  8
0
 10
5241.675813
 20
44234.531594
 42
0.030038
  0
VERTEX
  8
0
 10
5261.434254
 20
44280.405973
 42
0.029762
  0
VERTEX
  8
0
 10
5275.698899
 20
44328.713009
 42
0.026947
  0
VERTEX
  8
0
 10
5284.700482
 20
44380.000000
 42
0.022389
  0
VERTEX
  8
0
 10
5286.017927
 20
44397.510957
 42
0.006153
  0
VERTEX
  8
0
 10
5286.516176
 20
44425.160679
 42
0.006042
  0
VERTEX
  8
0
 10
5286.340595
 20
44452.719113
 42
0.024362
  0
VERTEX
  8
0
 10
5285.211747
 20
44469.500000
 42
0.027449
  0
VERTEX
  8
0
 10
5275.772894
 20
44524.235180
 42
0.031454
  0
VERTEX
  8
0
 10
5260.672034
 20
44575.110735
 42
0.031823
  0
VERTEX
  8
0
 10
5239.493041
 20
44623.174371
 42
0.029406
  0
VERTEX
  8
0
 10
5211.883428
 20
44669.500000
 42
0.022176
  0
VERTEX
  8
0
 10
5191.638093
 20
44696.657302
 42
0.019359
  0
VERTEX
  8
0
 10
5168.168256
 20
44723.219894
 42
0.019267
  0
VERTEX
  8
0
 10
5142.582856
 20
44748.023887
 42
0.021343
  0
VERTEX
  8
0
 10
5115.993617
 20
44769.910162
 42
0.032096
  0
VERTEX
  8
0
 10
5069.647807
 20
44800.396150
 42
0.032805
  0
VERTEX
  8
0
 10
5020.110092
 20
44824.452730
 42
0.032483
  0
VERTEX
  8
0
 10
4967.383079
 20
44842.016646
 42
0.030182
  0
VERTEX
  8
0
 10
4911.518120
 20
44853.123784
 42
0.011317
  0
VERTEX
  8
0
 10
4902.309115
 20
44854.171497
 42
0.010563
  0
VERTEX
  8
0
 10
4892.847944
 20
44854.830340
 42
0.007504
  0
VERTEX
  8
0
 10
4880.863763
 20
44855.230660
 42
0.002386
  0
VERTEX
  8
0
 10
4863.000000
 20
44855.473848
 42
0.001209
  0
VERTEX
  8
0
 10
4849.839653
 20
44855.558370
 42
0.001667
  0
VERTEX
  8
0
 10
4838.018750
 20
44855.566290
 42
0.001051
  0
VERTEX
  8
0
 10
4828.079167
 20
44855.518922
 42
0.020307
  0
SEQEND
  0
POLYLINE
  8
0
 66
1
 70
1
  0
VERTEX
  8
0
 10
4885.006128
 20
44670.533719
 42
-0.019185
  0
VERTEX
  8
0
 10
4906.405223
 20
44667.185852
 42
-0.022922
  0
VERTEX
  8
0
 10
4926.231838
 20
44662.346707
 42
-0.022834
  0
VERTEX
  8
0
 10
4945.596619
 20
44655.694557
 42
-0.018774
  0
VERTEX
  8
0
 10
4965.609385
 20
44646.898873
 42
-0.030493
  0
VERTEX
  8
0
 10
4990.596301
 20
44632.836787
 42
-0.029887
  0
VERTEX
  8
0
 10
5013.863317
 20
44615.753709
 42
-0.029673
  0
VERTEX
  8
0
 10
5035.083829
 20
44595.889015
 42
-0.029069
  0
VERTEX
  8
0
 10
5053.959821
 20
44573.521210
 42
-0.083606
  0
VERTEX
  8
0
 10
5091.239355
 20
44501.207919
 42
-0.083838
  0
VERTEX
  8
0
 10
5102.733181
 20
44420.744517
 42
-0.083711
  0
VERTEX
  8
0
 10
5087.169368
 20
44340.865699
 42
-0.083009
  0
VERTEX
  8
0
 10
5046.255434
 20
44270.246212
 42
-0.084315
  0
VERTEX
  8
0
 10
4984.247178
 20
44216.751482
 42
-0.084366
  0
VERTEX
  8
0
 10
4908.067043
 20
44186.742335
 42
-0.084261
  0
VERTEX
  8
0
 10
4826.167319
 20
44183.563122
 42
-0.083820
  0
VERTEX
  8
0
 10
4747.643519
 20
44207.559009
 42
-0.080206
  0
VERTEX
  8
0
 10
4684.545155
 20
44252.977468
 42
-0.079512
  0
VERTEX
  8
0
 10
4638.723548
 20
44316.068896
 42
-0.079559
  0
VERTEX
  8
0
 10
4614.898540
 20
44390.274864
 42
-0.080440
  0
VERTEX
  8
0
 10
4615.570010
 20
44467.916812
 42
-0.049549
  0
VERTEX
  8
0
 10
4628.295464
 20
44514.221357
 42
-0.048871
  0
VERTEX
  8
0
 10
4649.924035
 20
44557.345399
 42
-0.048810
  0
VERTEX
  8
0
 10
4679.541413
 20
44595.499916
 42
-0.049166
  0
VERTEX
  8
0
 10
4715.926775
 20
44627.086194
 42
-0.031726
  0
VERTEX
  8
0
 10
4741.696961
 20
44643.000654
 42
-0.030797
  0
VERTEX
  8
0
 10
4769.525558
 20
44655.703534
 42
-0.030661
  0
VERTEX
  8
0
 10
4798.828689
 20
44664.939863
 42
-0.030792
  0
VERTEX
  8
0
 10
4829.000000
 20
44670.507309
 42
-0.019829
  0
VERTEX
  8
0
 10
4841.363908
 20
44671.514192
 42
-0.010284
  0
VERTEX
  8
0
 10
4856.854971
 20
44671.840144
 42
-0.010283
  0
VERTEX
  8
0
 10
4872.411724
 20
44671.527496
 42
-0.019044
  0
SEQEND
  0
POLYLINE
  8
0
 66
1
 70
1
  0
VERTEX
  8
0
 10
10746.500000
 20
44854.508080
 42
0.015351
  0
VERTEX
  8
0
 10
10715.633342
 20
44850.282165
 42
0.017700
  0
VERTEX
  8
0
 10
10686.530098
 20
44844.317192
 42
0.017951
  0
VERTEX
  8
0
 10
10658.286263
 20
44836.395357
 42
0.016726
  0
VERTEX
  8
0
 10
10630.000000
 20
44826.300212
 42
0.065337
  0
VERTEX
  8
0
 10
10532.279768
 20
44772.057050
 42
0.065375
  0
VERTEX
  8
0
 10
10451.886261
 20
44694.445550
 42
0.065307
  0
VERTEX
  8
0
 10
10394.189582
 20
44598.630183
 42
0.064965
  0
VERTEX
  8
0
 10
10363.028159
 20
44491.006150
 42
0.008510
  0
VERTEX
  8
0
 10
10360.806843
 20
44474.659965
 42
0.012627
  0
VERTEX
  8
0
 10
10359.467783
 20
44460.270521
 42
0.011569
  0
VERTEX
  8
0
 10
10358.786533
 20
44444.937514
 42
0.005765
  0
VERTEX
  8
0
 10
10358.597292
 20
44425.500000
 42
0.006858
  0
VERTEX
  8
0
 10
10358.906984
 20
44405.534239
 42
0.012312
  0
VERTEX
  8
0
 10
10359.789118
 20
44389.168289
 42
0.013078
  0
VERTEX
  8
0
 10
10361.428644
 20
44373.555018
 42
0.009064
  0
VERTEX
  8
0
 10
10364.062206
 20
44356.000000
 42
0.021959
  0
VERTEX
  8
0
 10
10371.984743
 20
44319.001448
 42
0.021767
  0
VERTEX
  8
0
 10
10383.140636
 20
44282.729905
 42
0.021708
  0
VERTEX
  8
0
 10
10397.441757
 20
44247.470312
 42
0.021559
  0
VERTEX
  8
0
 10
10414.776258
 20
44213.500000
 42
0.022008
  0
VERTEX
  8
0
 10
10431.439268
 20
44186.860539
 42
0.017231
  0
VERTEX
  8
0
 10
10451.733973
 20
44159.455687
 42
0.017279
  0
VERTEX
  8
0
 10
10473.785880
 20
44133.614288
 42
0.022656
  0
VERTEX
  8
0
 10
10495.744519
 20
44111.695100
 42
0.024493
  0
VERTEX
  8
0
 10
10532.131629
 20
44081.650102
 42
0.027068
  0
VERTEX
  8
0
 10
10570.126538
 20
44056.368548
 42
0.027359
  0
VERTEX
  8
0
 10
10610.247539
 20
44035.568102
 42
0.026166
  0
VERTEX
  8
0
 10
10652.992804
 20
44018.926430
 42
0.043303
  0
VERTEX
  8
0
 10
10726.647849
 20
44001.494385
 42
0.044371
  0
VERTEX
  8
0
 10
10801.598415
 20
43997.205579
 42
0.044378
  0
VERTEX
  8
0
 10
10876.119697
 20
44006.208148
 42
0.043341
  0
VERTEX
  8
0
 10
10948.500000
 20
44028.245438
 42
0.025746
  0
VERTEX
  8
0
 10
10988.980558
 20
44046.990193
 42
0.026739
  0
VERTEX
  8
0
 10
11026.793639
 20
44069.584855
 42
0.026563
  0
VERTEX
  8
0
 10
11062.205613
 20
44096.237168
 42
0.024696
  0
VERTEX
  8
0
 10
11095.506224
 20
44127.115963
 42
0.042268
  0
VERTEX
  8
0
 10
11142.258956
 20
44183.849714
 42
0.043705
  0
VERTEX
  8
0
 10
11178.216492
 20
44247.030147
 42
0.043330
  0
VERTEX
  8
0
 10
11202.886743
 20
44316.014676
 42
0.040160
  0
VERTEX
  8
0
 10
11216.087334
 20
44390.000000
 42
0.018095
  0
VERTEX
  8
0
 10
11216.986355
 20
44404.940809
 42
0.005965
  0
VERTEX
  8
0
 10
11217.250008
 20
44426.943765
 42
0.005926
  0
VERTEX
  8
0
 10
11216.991074
 20
44448.887229
 42
0.018932
  0
VERTEX
  8
0
 10
11216.091112
 20
44463.500000
 42
0.020484
  0
VERTEX
  8
0
 10
11210.099525
 20
44505.915650
 42
0.024499
  0
VERTEX
  8
0
 10
11200.889969
 20
44545.199041
 42
0.024872
  0
VERTEX
  8
0
 10
11188.023941
 20
44582.883873
 42
0.022364
  0
VERTEX
  8
0
 10
11171.069384
 20
44620.500000
 42
0.011088
  0
VERTEX
  8
0
 10
11160.104234
 20
44641.040120
 42
0.013901
  0
VERTEX
  8
0
 10
11148.998346
 20
44659.553755
 42
0.014150
  0
VERTEX
  8
0
 10
11137.053596
 20
44677.147874
 42
0.012264
  0
VERTEX
  8
0
 10
11123.567744
 20
44694.915153
 42
0.043570
  0
VERTEX
  8
0
 10
11072.190874
 20
44748.876802
 42
0.043312
  0
VERTEX
  8
0
 10
11012.143699
 20
44793.237961
 42
0.043412
  0
VERTEX
  8
0
 10
10945.491732
 20
44826.504666
 42
0.044214
  0
VERTEX
  8
0
 10
10874.500000
 20
44847.519146
 42
0.008268
  0
VERTEX
  8
0
 10
10852.874582
 20
44851.518877
 42
0.017062
  0
VERTEX
  8
0
 10
10835.830205
 20
44853.785909
 42
0.015824
  0
VERTEX
  8
0
 10
10817.881423
 20
44854.980644
 42
0.006153
  0
VERTEX
  8
0
 10
10793.000000
 20
44855.540920
 42
0.002633
  0
VERTEX
  8
0
 10
10776.890257
 20
44855.620517
 42
0.005471
  0
VERTEX
  8
0
 10
10764.323719
 20
44855.478925
 42
0.006927
  0
VERTEX
  8
0
 10
10754.357781
 20
44855.119380
 42
0.013863
  0
SEQEND
  0
POLYLINE
  8
0
 66
1
 70
1
  0
VERTEX
  8
0
 10
10824.000000
 20
44669.523950
 42
-0.054137
  0
VERTEX
  8
0
 10
10875.029687
 20
44656.063198
 42
-0.054110
  0
VERTEX
  8
0
 10
10921.989795
 20
44631.960939
 42
-0.053704
  0
VERTEX
  8
0
 10
10962.989750
 20
44598.148995
 42
-0.051814
  0
VERTEX
  8
0
 10
10996.406124
 20
44556.000000
 42
-0.020625
  0
VERTEX
  8
0
 10
11001.790712
 20
44546.715829
 42
-0.008787
  0
VERTEX
  8
0
 10
11008.256794
 20
44533.883229
 42
-0.008842
  0
VERTEX
  8
0
 10
11014.397572
 20
44520.546029
 42
-0.016466
  0
VERTEX
  8
0
 10
11018.820731
 20
44509.500000
 42
-0.015141
  0
VERTEX
  8
0
 10
11022.311660
 20
44498.882918
 42
-0.010589
  0
VERTEX
  8
0
 10
11025.626168
 20
44486.727766
 42
-0.010379
  0
VERTEX
  8
0
 10
11028.508834
 20
44474.090843
 42
-0.012180
  0
VERTEX
  8
0
 10
11030.698529
 20
44462.000000
 42
-0.028352
  0
VERTEX
  8
0
 10
11032.142731
 20
44447.327787
 42
-0.010524
  0
VERTEX
  8
0
 10
11032.565594
 20
44426.580970
 42
-0.010519
  0
VERTEX
  8
0
 10
11032.115356
 20
44405.841573
 42
-0.028479
  0
VERTEX
  8
0
 10
11030.651230
 20
44391.202928
 42
-0.040006
  0
VERTEX
  8
0
 10
11020.703295
 20
44349.944923
 42
-0.043037
  0
VERTEX
  8
0
 10
11004.477226
 20
44311.842098
 42
-0.043135
  0
VERTEX
  8
0
 10
10982.006930
 20
44277.155048
 42
-0.040548
  0
VERTEX
  8
0
 10
10953.489817
 20
44246.054799
 42
-0.060929
  0
VERTEX
  8
0
 10
10906.341682
 20
44211.970679
 42
-0.060278
  0
VERTEX
  8
0
 10
10852.200947
 20
44190.105829
 42
-0.059823
  0
VERTEX
  8
0
 10
10794.023690
 20
44181.675393
 42
-0.058367
  0
VERTEX
  8
0
 10
10735.000000
 20
44187.132793
 42
-0.033675
  0
VERTEX
  8
0
 10
10708.993740
 20
44194.502037
 42
-0.026300
  0
VERTEX
  8
0
 10
10681.902431
 20
44205.829755
 42
-0.026141
  0
VERTEX
  8
0
 10
10655.946727
 20
44220.039674
 42
-0.031811
  0
VERTEX
  8
0
 10
10633.343035
 20
44236.066631
 42
-0.017872
  0
VERTEX
  8
0
 10
10624.901403
 20
44243.412601
 42
-0.008376
  0
VERTEX
  8
0
 10
10614.490030
 20
44253.479944
 42
-0.008375
  0
VERTEX
  8
0
 10
10604.423113
 20
44263.888906
 42
-0.017899
  0
VERTEX
  8
0
 10
10597.081820
 20
44272.324447
 42
-0.036395
  0
VERTEX
  8
0
 10
10577.741332
 20
44300.138405
 42
-0.034029
  0
VERTEX
  8
0
 10
10562.148193
 20
44331.079657
 42
-0.033662
  0
VERTEX
  8
0
 10
10550.749816
 20
44364.197126
 42
-0.033798
  0
VERTEX
  8
0
 10
10543.917189
 20
44398.500000
 42
-0.024810
  0
VERTEX
  8
0
 10
10542.944326
 20
44410.722134
 42
-0.009507
  0
VERTEX
  8
0
 10
10542.759998
 20
44427.777919
 42
-0.009596
  0
VERTEX
  8
0
 10
10543.232352
 20
44445.014555
 42
-0.021761
  0
VERTEX
  8
0
 10
10544.405498
 20
44457.999261
 42
-0.062407
  0
VERTEX
  8
0
 10
10560.499244
 20
44518.920860
 42
-0.064587
  0
VERTEX
  8
0
 10
10591.009391
 20
44573.221074
 42
-0.064421
  0
VERTEX
  8
0
 10
10634.444974
 20
44618.053275
 42
-0.061553
  0
VERTEX
  8
0
 10
10688.500000
 20
44651.165192
 42
-0.023961
  0
VERTEX
  8
0
 10
10706.043214
 20
44658.146561
 42
-0.019332
  0
VERTEX
  8
0
 10
10725.469896
 20
44663.989640
 42
-0.018804
  0
VERTEX
  8
0
 10
10745.909898
 20
44668.472604
 42
-0.019165
  0
VERTEX
  8
0
 10
10766.500000
 20
44671.373658
 42
-0.028063
  0
VERTEX
  8
0
 10
10776.545782
 20
44671.831419
 42
-0.005395
  0
VERTEX
  8
0
 10
10794.775134
 20
44671.441853
 42
-0.005656
  0
VERTEX
  8
0
 10
10813.061371
 20
44670.646454
 42
-0.023744
  0
SEQEND
  0
POLYLINE
  8
0
 66
1
 70
1
  0
VERTEX
  8
0
 10
14903.734459
 20
44831.012140
 42
0.025970
  0
VERTEX
  8
0
 10
14861.235357
 20
44825.441290
 42
0.026270
  0
VERTEX
  8
0
 10
14819.708311
 20
44815.507784
 42
0.026610
  0
VERTEX
  8
0
 10
14779.976996
 20
44801.429738
 42
0.028395
  0
VERTEX
  8
0
 10
14742.845814
 20
44783.469926
 42
0.013985
  0
VERTEX
  8
0
 10
14730.691690
 20
44776.262567
 42
0.006141
  0
VERTEX
  8
0
 10
14714.992055
 20
44766.077273
 42
0.006066
  0
VERTEX
  8
0
 10
14699.740647
 20
44755.645107
 42
0.016365
  0
VERTEX
  8
0
 10
14689.251101
 20
44747.757038
 42
0.019973
  0
VERTEX
  8
0
 10
14663.524841
 20
44725.309444
 42
0.021333
  0
VERTEX
  8
0
 10
14640.255949
 20
44701.348776
 42
0.021560
  0
VERTEX
  8
0
 10
14619.337424
 20
44675.742440
 42
0.021402
  0
VERTEX
  8
0
 10
14600.647415
 20
44648.368448
 42
0.052593
  0
VERTEX
  8
0
 10
14565.225069
 20
44575.258535
 42
0.052286
  0
VERTEX
  8
0
 10
14545.748974
 20
44496.223761
 42
0.052293
  0
VERTEX
  8
0
 10
14543.092813
 20
44414.878037
 42
0.052635
  0
VERTEX
  8
0
 10
14557.394117
 20
44334.936342
 42
0.069170
  0
VERTEX
  8
0
 10
14601.218984
 20
44236.884027
 42
0.069507
  0
VERTEX
  8
0
 10
14670.067051
 20
44154.683494
 42
0.069452
  0
VERTEX
  8
0
 10
14758.859299
 20
44094.445026
 42
0.068880
  0
VERTEX
  8
0
 10
14861.000000
 20
44060.611115
 42
0.010202
  0
VERTEX
  8
0
 10
14878.591034
 20
44057.737468
 42
0.014107
  0
VERTEX
  8
0
 10
14894.479849
 20
44055.929294
 42
0.013352
  0
VERTEX
  8
0
 10
14911.099301
 20
44054.957616
 42
0.007857
  0
VERTEX
  8
0
 10
14931.000000
 20
44054.639521
 42
0.007848
  0
VERTEX
  8
0
 10
14950.727843
 20
44054.943887
 42
0.013473
  0
VERTEX
  8
0
 10
14967.145238
 20
44055.898267
 42
0.014126
  0
VERTEX
  8
0
 10
14982.936602
 20
44057.694514
 42
0.009790
  0
VERTEX
  8
0
 10
15000.674981
 20
44060.577004
 42
0.036575
  0
VERTEX
  8
0
 10
15055.416135
 20
44074.775919
 42
0.036396
  0
VERTEX
  8
0
 10
15107.597848
 20
44096.817500
 42
0.036416
  0
VERTEX
  8
0
 10
15156.004727
 20
44126.178940
 42
0.036708
  0
VERTEX
  8
0
 10
15199.501722
 20
44162.181742
 42
0.029006
  0
VERTEX
  8
0
 10
15231.240724
 20
44196.387555
 42
0.030236
  0
VERTEX
  8
0
 10
15258.336139
 20
44233.584024
 42
0.030299
  0
VERTEX
  8
0
 10
15280.698234
 20
44273.700854
 42
0.029395
  0
VERTEX
  8
0
 10
15298.302058
 20
44316.627814
 42
0.045088
  0
VERTEX
  8
0
 10
15315.261107
 20
44385.843381
 42
0.046111
  0
VERTEX
  8
0
 10
15319.361941
 20
44456.453043
 42
0.046114
  0
VERTEX
  8
0
 10
15310.452801
 20
44526.612975
 42
0.045111
  0
VERTEX
  8
0
 10
15288.810978
 20
44594.494202
 42
0.044333
  0
VERTEX
  8
0
 10
15257.172515
 20
44654.183490
 42
0.043261
  0
VERTEX
  8
0
 10
15215.278284
 20
44707.888472
 42
0.043386
  0
VERTEX
  8
0
 10
15164.896433
 20
44753.443986
 42
0.045169
  0
VERTEX
  8
0
 10
15108.054037
 20
44788.934139
 42
0.006691
  0
VERTEX
  8
0
 10
15093.541474
 20
44796.024878
 42
0.010465
  0
VERTEX
  8
0
 10
15080.850935
 20
44801.694700
 42
0.010916
  0
VERTEX
  8
0
 10
15068.336677
 20
44806.655504
 42
0.008246
  0
VERTEX
  8
0
 10
15054.393533
 20
44811.573381
 42
0.014250
  0
VERTEX
  8
0
 10
15033.870623
 20
44817.789355
 42
0.012957
  0
VERTEX
  8
0
 10
15012.368486
 20
44823.044159
 42
0.012974
  0
VERTEX
  8
0
 10
14990.655452
 20
44827.171111
 42
0.014404
  0
VERTEX
  8
0
 10
14969.500000
 20
44830.003092
 42
0.017141
  0
VERTEX
  8
0
 10
14956.412549
 20
44830.920574
 42
0.005092
  0
VERTEX
  8
0
 10
14936.364116
 20
44831.432450
 42
0.005024
  0
VERTEX
  8
0
 10
14916.379356
 20
44831.538247
 42
0.018416
  0
SEQEND
  0
POLYLINE
  8
0
 66
1
 70
1
  0
VERTEX
  8
0
 10
14959.500000
 20
44645.388288
 42
-0.013297
  0
VERTEX
  8
0
 10
14968.822502
 20
44643.875885
 42
-0.010586
  0
VERTEX
  8
0
 10
14978.793347
 20
44641.765327
 42
-0.010535
  0
VERTEX
  8
0
 10
14988.728857
 20
44639.219538
 42
-0.012680
  0
VERTEX
  8
0
 10
14997.946877
 20
44636.395693
 42
-0.026132
  0
VERTEX
  8
0
 10
15007.573791
 20
44632.607684
 42
-0.008843
  0
VERTEX
  8
0
 10
15021.172504
 20
44626.125571
 42
-0.008955
  0
VERTEX
  8
0
 10
15034.641152
 20
44619.106689
 42
-0.023301
  0
VERTEX
  8
0
 10
15043.987704
 20
44613.441512
 42
-0.052001
  0
VERTEX
  8
0
 10
15077.315485
 20
44585.630160
 42
-0.052618
  0
VERTEX
  8
0
 10
15104.039860
 20
44551.642837
 42
-0.052781
  0
VERTEX
  8
0
 10
15123.014764
 20
44512.929736
 42
-0.052970
  0
VERTEX
  8
0
 10
15133.435510
 20
44471.148154
 42
-0.022174
  0
VERTEX
  8
0
 10
15134.505432
 20
44459.828869
 42
-0.009999
  0
VERTEX
  8
0
 10
15134.951506
 20
44444.917373
 42
-0.009974
  0
VERTEX
  8
0
 10
15134.802379
 20
44430.062873
 42
-0.023254
  0
VERTEX
  8
0
 10
15133.952543
 20
44418.973766
 42
-0.053987
  0
VERTEX
  8
0
 10
15123.715688
 20
44375.421405
 42
-0.054339
  0
VERTEX
  8
0
 10
15104.406952
 20
44335.171746
 42
-0.054420
  0
VERTEX
  8
0
 10
15076.911968
 20
44300.079236
 42
-0.054463
  0
VERTEX
  8
0
 10
15042.500000
 20
44271.756038
 42
-0.030259
  0
VERTEX
  8
0
 10
15022.594819
 20
44260.376889
 42
-0.027774
  0
VERTEX
  8
0
 10
15000.892857
 20
44251.117089
 42
-0.027564
  0
VERTEX
  8
0
 10
14978.123039
 20
44244.256594
 42
-0.028644
  0
VERTEX
  8
0
 10
14955.026234
 20
44240.047457
 42
-0.022484
  0
VERTEX
  8
0
 10
14945.073851
 20
44239.269325
 42
-0.008287
  0
VERTEX
  8
0
 10
14930.990226
 20
44239.037030
 42
-0.008284
  0
VERTEX
  8
0
 10
14916.910058
 20
44239.271459
 42
-0.022560
  0
VERTEX
  8
0
 10
14906.973766
 20
44240.051334
 42
-0.073881
  0
VERTEX
  8
0
 10
14847.730848
 20
44256.506731
 42
-0.075351
  0
VERTEX
  8
0
 10
14796.272997
 20
44289.405584
 42
-0.075455
  0
VERTEX
  8
0
 10
14756.930149
 20
44336.028611
 42
-0.074398
  0
VERTEX
  8
0
 10
14732.960122
 20
44392.445154
 42
-0.032873
  0
VERTEX
  8
0
 10
14728.359120
 20
44416.692932
 42
-0.029274
  0
VERTEX
  8
0
 10
14726.736972
 20
44442.298399
 42
-0.029328
  0
VERTEX
  8
0
 10
14728.116460
 20
44467.865987
 42
-0.033350
  0
VERTEX
  8
0
 10
14732.488590
 20
44492.000000
 42
-0.032947
  0
VERTEX
  8
0
 10
14741.072791
 20
44518.636432
 42
-0.034254
  0
VERTEX
  8
0
 10
14752.991412
 20
44543.556550
 42
-0.034328
  0
VERTEX
  8
0
 10
14768.173612
 20
44566.567259
 42
-0.033398
  0
VERTEX
  8
0
 10
14786.490525
 20
44587.509475
 42
-0.057124
  0
VERTEX
  8
0
 10
14823.486001
 20
44616.896094
 42
-0.058645
  0
VERTEX
  8
0
 10
14865.855501
 20
44636.842502
 42
-0.058430
  0
VERTEX
  8
0
 10
14911.842489
 20
44646.457373
 42
-0.055963
  0
SEQEND
  0
POLYLINE
  8
0
 66
1
 70
1
  0
VERTEX
  8
0
 10
21141.500000
 20
44831.376917
 42
0.058111
  0
VERTEX
  8
0
 10
21049.561086
 20
44814.517655
 42
0.059677
  0
VERTEX
  8
0
 10
20964.849352
 20
44777.026164
 42
0.059934
  0
VERTEX
  8
0
 10
20891.696189
 20
44720.765544
 42
0.059532
  0
VERTEX
  8
0
 10
20833.784620
 20
44648.643570
 42
0.048273
  0
VERTEX
  8
0
 10
20800.788352
 20
44582.237257
 42
0.047734
  0
VERTEX
  8
0
 10
20780.986103
 20
44510.487169
 42
0.047676
  0
VERTEX
  8
0
 10
20775.134391
 20
44436.200665
 42
0.047914
  0
VERTEX
  8
0
 10
20783.480375
 20
44362.278143
 42
0.074228
  0
VERTEX
  8
0
 10
20823.303413
 20
44255.301108
 42
0.073963
  0
VERTEX
  8
0
 10
20892.669096
 20
44164.471303
 42
0.073843
  0
VERTEX
  8
0
 10
20985.579997
 20
44097.646675
 42
0.073607
  0
VERTEX
  8
0
 10
21094.000000
 20
44060.612911
 42
0.039740
  0
VERTEX
  8
0
 10
21154.704620
 20
44054.352579
 42
0.039578
  0
VERTEX
  8
0
 10
21215.719744
 20
44057.759972
 42
0.039502
  0
VERTEX
  8
0
 10
21275.545918
 20
44070.753380
 42
0.039259
  0
VERTEX
  8
0
 10
21332.713024
 20
44093.012340
 42
0.014036
  0
VERTEX
  8
0
 10
21352.579307
 20
44103.300813
 42
0.014259
  0
VERTEX
  8
0
 10
21371.730858
 20
44114.636550
 42
0.014183
  0
VERTEX
  8
0
 10
21390.302836
 20
44127.107047
 42
0.013543
  0
VERTEX
  8
0
 10
21408.432038
 20
44140.796717
 42
0.019288
  0
VERTEX
  8
0
 10
21421.910290
 20
44152.438596
 42
0.009053
  0
VERTEX
  8
0
 10
21438.464310
 20
44168.461639
 42
0.009065
  0
VERTEX
  8
0
 10
21454.511405
 20
44185.161675
 42
0.018263
  0
VERTEX
  8
0
 10
21466.425358
 20
44199.000000
 42
0.062175
  0
VERTEX
  8
0
 10
21517.991355
 20
44283.087785
 42
0.063570
  0
VERTEX
  8
0
 10
21546.824615
 20
44376.649236
 42
0.063670
  0
VERTEX
  8
0
 10
21551.203438
 20
44474.319365
 42
0.062716
  0
VERTEX
  8
0
 10
21530.945925
 20
44570.476585
 42
0.028808
  0
VERTEX
  8
0
 10
21513.639168
 20
44612.519565
 42
0.029842
  0
VERTEX
  8
0
 10
21491.791230
 20
44651.783692
 42
0.029759
  0
VERTEX
  8
0
 10
21465.362159
 20
44688.266092
 42
0.028309
  0
VERTEX
  8
0
 10
21434.371462
 20
44722.000000
 42
0.041845
  0
VERTEX
  8
0
 10
21384.178811
 20
44763.216233
 42
0.042016
  0
VERTEX
  8
0
 10
21327.889980
 20
44795.436689
 42
0.041890
  0
VERTEX
  8
0
 10
21266.840974
 20
44817.871956
 42
0.041067
  0
VERTEX
  8
0
 10
21202.500000
 20
44830.003092
 42
0.017076
  0
VERTEX
  8
0
 10
21191.509014
 20
44830.775029
 42
0.003363
  0
VERTEX
  8
0
 10
21171.737793
 20
44831.353373
 42
0.003263
  0
VERTEX
  8
0
 10
21151.978660
 20
44831.669369
 42
0.018685
  0
SEQEND
  0
POLYLINE
  8
0
 66
1
 70
1
  0
VERTEX
  8
0
 10
21192.500000
 20
44645.378100
 42
-0.018579
  0
VERTEX
  8
0
 10
21207.925425
 20
44642.693665
 42
-0.021148
  0
VERTEX
  8
0
 10
21222.447247
 20
44638.958660
 42
-0.020783
  0
VERTEX
  8
0
 10
21236.817824
 20
44633.946425
 42
-0.016824
  0
VERTEX
  8
0
 10
21251.792613
 20
44627.423753
 42
-0.062587
  0
VERTEX
  8
0
 10
21295.075132
 20
44599.714621
 42
-0.063503
  0
VERTEX
  8
0
 10
21329.915961
 20
44562.278143
 42
-0.063327
  0
VERTEX
  8
0
 10
21354.321653
 20
44517.195455
 42
-0.061642
  0
VERTEX
  8
0
 10
21366.948666
 20
44467.026234
 42
-0.023140
  0
VERTEX
  8
0
 10
21367.792516
 20
44456.112613
 42
-0.010177
  0
VERTEX
  8
0
 10
21367.945288
 20
44441.622613
 42
-0.010206
  0
VERTEX
  8
0
 10
21367.504563
 20
44427.043858
 42
-0.021559
  0
VERTEX
  8
0
 10
21366.445949
 20
44415.784382
 42
-0.030717
  0
VERTEX
  8
0
 10
21361.314434
 20
44390.243174
 42
-0.031703
  0
VERTEX
  8
0
 10
21353.130450
 20
44365.798940
 42
-0.031802
  0
VERTEX
  8
0
 10
21341.950188
 20
44342.656402
 42
-0.031340
  0
VERTEX
  8
0
 10
21327.876363
 20
44321.000000
 42
-0.021101
  0
VERTEX
  8
0
 10
21321.020890
 20
44312.542168
 42
-0.010005
  0
VERTEX
  8
0
 10
21311.523725
 20
44302.210633
 42
-0.010015
  0
VERTEX
  8
0
 10
21301.575959
 20
44292.222690
 42
-0.020146
  0
VERTEX
  8
0
 10
21293.268029
 20
44284.831108
 42
-0.042625
  0
VERTEX
  8
0
 10
21264.514961
 20
44265.091968
 42
-0.043672
  0
VERTEX
  8
0
 10
21233.057872
 20
44250.698359
 42
-0.043546
  0
VERTEX
  8
0
 10
21199.491916
 20
44241.955695
 42
-0.041881
  0
VERTEX
  8
0
 10
21164.473766
 20
44239.005419
 42
-0.025727
  0
VERTEX
  8
0
 10
21140.344760
 20
44240.239604
 42
-0.030117
  0
VERTEX
  8
0
 10
21117.727305
 20
44243.953744
 42
-0.030536
  0
VERTEX
  8
0
 10
21095.990774
 20
44250.299171
 42
-0.027889
  0
VERTEX
  8
0
 10
21074.500000
 20
44259.406831
 42
-0.053409
  0
VERTEX
  8
0
 10
21036.546834
 20
44283.377868
 42
-0.055052
  0
VERTEX
  8
0
 10
21004.959325
 20
44314.628430
 42
-0.055107
  0
VERTEX
  8
0
 10
20980.978121
 20
44351.987705
 42
-0.053719
  0
VERTEX
  8
0
 10
20965.488590
 20
44394.000000
 42
-0.032445
  0
VERTEX
  8
0
 10
20961.119175
 20
44417.872807
 42
-0.029460
  0
VERTEX
  8
0
 10
20959.684817
 20
44442.897465
 42
-0.029114
  0
VERTEX
  8
0
 10
20961.202680
 20
44468.224211
 42
-0.029812
  0
VERTEX
  8
0
 10
20965.651709
 20
44493.000000
 42
-0.039721
  0
VERTEX
  8
0
 10
20974.447174
 20
44519.838869
 42
-0.033647
  0
VERTEX
  8
0
 10
20987.792577
 20
44546.549373
 42
-0.033648
  0
VERTEX
  8
0
 10
21004.599558
 20
44571.227589
 42
-0.039731
  0
VERTEX
  8
0
 10
21023.736966
 20
44591.994691
 42
-0.053873
  0
VERTEX
  8
0
 10
21060.682807
 20
44619.453896
 42
-0.056347
  0
VERTEX
  8
0
 10
21102.103729
 20
44637.898549
 42
-0.056389
  0
VERTEX
  8
0
 10
21146.568342
 20
44646.620904
 42
-0.054101
  0
SEQEND
  0
POLYLINE
  8
0
 66
1
 70
1
  0
VERTEX
  8
0
 10
10761.000000
 20
43833.305607
 42
0.026809
  0
VERTEX
  8
0
 10
10719.966573
 20
43828.668758
 42
0.023788
  0
VERTEX
  8
0
 10
10677.965693
 20
43819.554157
 42
0.023662
  0
VERTEX
  8
0
 10
10636.780712
 20
43806.426013
 42
0.025733
  0
VERTEX
  8
0
 10
10598.187999
 20
43789.773941
 42
0.054134
  0
VERTEX
  8
0
 10
10519.085438
 20
43739.409734
 42
0.054650
  0
VERTEX
  8
0
 10
10452.916672
 20
43673.383649
 42
0.054682
  0
VERTEX
  8
0
 10
10402.655798
 20
43594.628723
 42
0.054320
  0
VERTEX
  8
0
 10
10370.526927
 20
43506.677550
 42
0.014409
  0
VERTEX
  8
0
 10
10365.077674
 20
43481.469340
 42
0.016866
  0
VERTEX
  8
0
 10
10361.412532
 20
43457.275725
 42
0.016442
  0
VERTEX
  8
0
 10
10359.322032
 20
43432.369610
 42
0.012520
  0
VERTEX
  8
0
 10
10358.615233
 20
43405.000000
 42
0.005184
  0
VERTEX
  8
0
 10
10358.800270
 20
43385.701645
 42
0.011958
  0
VERTEX
  8
0
 10
10359.436443
 20
43371.209653
 42
0.012849
  0
VERTEX
  8
0
 10
10360.730544
 20
43357.406643
 42
0.006957
  0
VERTEX
  8
0
 10
10362.994073
 20
43340.500000
 42
0.041649
  0
VERTEX
  8
0
 10
10379.001900
 20
43272.211461
 42
0.040941
  0
VERTEX
  8
0
 10
10406.170244
 20
43207.108740
 42
0.040913
  0
VERTEX
  8
0
 10
10443.604562
 20
43147.261875
 42
0.041467
  0
VERTEX
  8
0
 10
10490.132614
 20
43094.598868
 42
0.034980
  0
VERTEX
  8
0
 10
10536.732762
 20
43055.795870
 42
0.035220
  0
VERTEX
  8
0
 10
10588.184245
 20
43023.966119
 42
0.035251
  0
VERTEX
  8
0
 10
10643.549501
 20
42999.696648
 42
0.035177
  0
VERTEX
  8
0
 10
10701.813864
 20
42983.425376
 42
0.009087
  0
VERTEX
  8
0
 10
10724.124470
 20
42979.277178
 42
0.018442
  0
VERTEX
  8
0
 10
10741.822915
 20
42976.985333
 42
0.016667
  0
VERTEX
  8
0
 10
10760.741598
 20
42975.876055
 42
0.006128
  0
VERTEX
  8
0
 10
10787.500000
 20
42975.528719
 42
0.004605
  0
VERTEX
  8
0
 10
10812.903095
 20
42975.744312
 42
0.015129
  0
VERTEX
  8
0
 10
10829.656705
 20
42976.548304
 42
0.017496
  0
VERTEX
  8
0
 10
10845.021759
 20
42978.295046
 42
0.007932
  0
VERTEX
  8
0
 10
10865.000000
 20
42981.602189
 42
0.043210
  0
VERTEX
  8
0
 10
10935.169510
 20
43000.741347
 42
0.041941
  0
VERTEX
  8
0
 10
11001.745254
 20
43031.797965
 42
0.042041
  0
VERTEX
  8
0
 10
11062.056368
 20
43073.444888
 42
0.043891
  0
VERTEX
  8
0
 10
11113.612135
 20
43124.051049
 42
0.037244
  0
VERTEX
  8
0
 10
11152.567442
 20
43177.197973
 42
0.038532
  0
VERTEX
  8
0
 10
11182.711584
 20
43234.953178
 42
0.038363
  0
VERTEX
  8
0
 10
11203.742299
 20
43296.892479
 42
0.036254
  0
VERTEX
  8
0
 10
11215.556196
 20
43362.500000
 42
0.017233
  0
VERTEX
  8
0
 10
11216.762981
 20
43379.415321
 42
0.007442
  0
VERTEX
  8
0
 10
11217.257195
 20
43402.003505
 42
0.007416
  0
VERTEX
  8
0
 10
11217.080869
 20
43424.493489
 42
0.018191
  0
VERTEX
  8
0
 10
11216.105041
 20
43441.000000
 42
0.036857
  0
VERTEX
  8
0
 10
11204.573709
 20
43508.538567
 42
0.039309
  0
VERTEX
  8
0
 10
11183.394278
 20
43572.158717
 42
0.039574
  0
VERTEX
  8
0
 10
11152.676673
 20
43631.298769
 42
0.038396
  0
VERTEX
  8
0
 10
11112.748571
 20
43685.500000
 42
0.014873
  0
VERTEX
  8
0
 10
11101.035762
 20
43698.291419
 42
0.007874
  0
VERTEX
  8
0
 10
11085.804718
 20
43713.476750
 42
0.007872
  0
VERTEX
  8
0
 10
11070.164724
 20
43728.117297
 42
0.015456
  0
VERTEX
  8
0
 10
11057.191438
 20
43739.172710
 42
0.033363
  0
VERTEX
  8
0
 10
11009.318095
 20
43772.500062
 42
0.033770
  0
VERTEX
  8
0
 10
10957.625843
 20
43799.013912
 42
0.033865
  0
VERTEX
  8
0
 10
10902.978673
 20
43818.265424
 42
0.033979
  0
VERTEX
  8
0
 10
10846.294019
 20
43829.937667
 42
0.013011
  0
VERTEX
  8
0
 10
10825.542452
 20
43832.211240
 42
0.010911
  0
VERTEX
  8
0
 10
10803.444651
 20
43833.567228
 42
0.010964
  0
VERTEX
  8
0
 10
10781.446796
 20
43833.953058
 42
0.013633
  0
SEQEND
  0
POLYLINE
  8
0
 66
1
 70
1
  0
VERTEX
  8
0
 10
10817.402070
 20
43647.908666
 42
-0.076399
  0
VERTEX
  8
0
 10
10888.733197
 20
43627.781704
 42
-0.075385
  0
VERTEX
  8
0
 10
10951.092455
 20
43587.104029
 42
-0.075527
  0
VERTEX
  8
0
 10
10998.497141
 20
43529.847754
 42
-0.077145
  0
VERTEX
  8
0
 10
11026.336013
 20
43461.500000
 42
-0.011056
  0
VERTEX
  8
0
 10
11029.012169
 20
43448.987089
 42
-0.015276
  0
VERTEX
  8
0
 10
11030.819415
 20
43437.646840
 42
-0.014673
  0
VERTEX
  8
0
 10
11031.978737
 20
43425.872249
 42
-0.009107
  0
VERTEX
  8
0
 10
11032.681079
 20
43412.000000
 42
-0.019915
  0
VERTEX
  8
0
 10
11032.515641
 20
43389.797872
 42
-0.023958
  0
VERTEX
  8
0
 10
11030.531931
 20
43369.019975
 42
-0.023956
  0
VERTEX
  8
0
 10
11026.569298
 20
43348.525428
 42
-0.019904
  0
VERTEX
  8
0
 10
11020.459763
 20
43327.174364
 42
-0.063090
  0
VERTEX
  8
0
 10
10994.069616
 20
43271.768702
 42
-0.062965
  0
VERTEX
  8
0
 10
10954.682273
 20
43224.652937
 42
-0.062918
  0
VERTEX
  8
0
 10
10904.778239
 20
43188.794303
 42
-0.062827
  0
VERTEX
  8
0
 10
10847.500000
 20
43166.452337
 42
-0.011699
  0
VERTEX
  8
0
 10
10832.074729
 20
43162.953974
 42
-0.021088
  0
VERTEX
  8
0
 10
10819.272507
 20
43160.921391
 42
-0.019711
  0
VERTEX
  8
0
 10
10805.777496
 20
43159.895605
 42
-0.008855
  0
VERTEX
  8
0
 10
10788.000000
 20
43159.562420
 42
-0.009241
  0
VERTEX
  8
0
 10
10770.075549
 20
43159.875254
 42
-0.019677
  0
VERTEX
  8
0
 10
10756.253001
 20
43160.917798
 42
-0.020949
  0
VERTEX
  8
0
 10
10743.107492
 20
43162.992311
 42
-0.012018
  0
VERTEX
  8
0
 10
10727.450929
 20
43166.533667
 42
-0.012287
  0
VERTEX
  8
0
 10
10715.097398
 20
43169.966626
 42
-0.015481
  0
VERTEX
  8
0
 10
10703.855982
 20
43173.774256
 42
-0.014728
  0
VERTEX
  8
0
 10
10692.433348
 20
43178.429562
 42
-0.009552
  0
VERTEX
  8
0
 10
10679.500000
 20
43184.448260
 42
-0.020894
  0
VERTEX
  8
0
 10
10660.690289
 20
43194.637272
 42
-0.023291
  0
VERTEX
  8
0
 10
10643.488515
 20
43206.025560
 42
-0.023059
  0
VERTEX
  8
0
 10
10627.272599
 20
43219.071177
 42
-0.019700
  0
VERTEX
  8
0
 10
10611.417507
 20
43234.230835
 42
-0.031445
  0
VERTEX
  8
0
 10
10590.531126
 20
43258.750346
 42
-0.033103
  0
VERTEX
  8
0
 10
10573.273174
 20
43285.293613
 42
-0.033266
  0
VERTEX
  8
0
 10
10559.741004
 20
43313.755624
 42
-0.032435
  0
VERTEX
  8
0
 10
10549.970869
 20
43344.000000
 42
-0.066262
  0
VERTEX
  8
0
 10
10542.547226
 20
43408.111195
 42
-0.065691
  0
VERTEX
  8
0
 10
10552.107905
 20
43472.130004
 42
-0.065831
  0
VERTEX
  8
0
 10
10577.914945
 20
43531.358843
 42
-0.067048
  0
VERTEX
  8
0
 10
10618.102499
 20
43581.434906
 42
-0.041736
  0
VERTEX
  8
0
 10
10650.942725
 20
43607.839477
 42
-0.042907
  0
VERTEX
  8
0
 10
10687.420137
 20
43628.148171
 42
-0.042870
  0
VERTEX
  8
0
 10
10726.858988
 20
43641.946684
 42
-0.041517
  0
VERTEX
  8
0
 10
10768.500000
 20
43649.004092
 42
-0.019214
  0
VERTEX
  8
0
 10
10778.671574
 20
43649.477176
 42
-0.007613
  0
VERTEX
  8
0
 10
10792.664968
 20
43649.376815
 42
-0.007664
  0
VERTEX
  8
0
 10
10806.768178
 20
43648.844531
 42
-0.017367
  0
SEQEND
  0
POLYLINE
  8
0
 66
1
 70
1
  0
VERTEX
  8
0
 10
14900.500000
 20
43791.974481
 42
0.038572
  0
VERTEX
  8
0
 10
14836.399165
 20
43781.298583
 42
0.041699
  0
VERTEX
  8
0
 10
14776.415388
 20
43761.054560
 42
0.041718
  0
VERTEX
  8
0
 10
14720.646471
 20
43731.148449
 42
0.038677
  0
VERTEX
  8
0
 10
14669.089970
 20
43691.716089
 42
0.023141
  0
VERTEX
  8
0
 10
14648.027078
 20
43671.023916
 42
0.018552
  0
VERTEX
  8
0
 10
14627.282485
 20
43646.933079
 42
0.018408
  0
VERTEX
  8
0
 10
14608.190627
 20
43621.128927
 42
0.021552
  0
VERTEX
  8
0
 10
14592.090232
 20
43595.281015
 42
0.026416
  0
VERTEX
  8
0
 10
14574.683949
 20
43560.251166
 42
0.025074
  0
VERTEX
  8
0
 10
14560.729093
 20
43522.974181
 42
0.024687
  0
VERTEX
  8
0
 10
14550.389064
 20
43483.901140
 42
0.023764
  0
VERTEX
  8
0
 10
14543.793731
 20
43443.500000
 42
0.023247
  0
VERTEX
  8
0
 10
14542.691694
 20
43427.273840
 42
0.006971
  0
VERTEX
  8
0
 10
14542.508742
 20
43402.498411
 42
0.007032
  0
VERTEX
  8
0
 10
14543.021201
 20
43377.651526
 42
0.022023
  0
VERTEX
  8
0
 10
14544.334793
 20
43361.000000
 42
0.018728
  0
VERTEX
  8
0
 10
14549.861350
 20
43326.800996
 42
0.021562
  0
VERTEX
  8
0
 10
14557.742552
 20
43294.704612
 42
0.021924
  0
VERTEX
  8
0
 10
14568.222651
 20
43263.881237
 42
0.020730
  0
VERTEX
  8
0
 10
14581.537182
 20
43233.500000
 42
0.040943
  0
VERTEX
  8
0
 10
14613.839223
 20
43179.161267
 42
0.040755
  0
VERTEX
  8
0
 10
14654.608852
 20
43130.722473
 42
0.040696
  0
VERTEX
  8
0
 10
14702.757209
 20
43089.476022
 42
0.040567
  0
VERTEX
  8
0
 10
14757.000000
 20
43056.524153
 42
0.068239
  0
VERTEX
  8
0
 10
14856.265857
 20
43022.683660
 42
0.067742
  0
VERTEX
  8
0
 10
14961.230441
 20
43016.693292
 42
0.067732
  0
VERTEX
  8
0
 10
15063.991724
 20
43038.975100
 42
0.068183
  0
VERTEX
  8
0
 10
15156.808759
 20
43087.880663
 42
0.017418
  0
VERTEX
  8
0
 10
15176.026249
 20
43102.670373
 42
0.014220
  0
VERTEX
  8
0
 10
15195.549564
 20
43119.765877
 42
0.014319
  0
VERTEX
  8
0
 10
15213.893198
 20
43137.777650
 42
0.018697
  0
VERTEX
  8
0
 10
15229.547331
 20
43155.322831
 42
0.060149
  0
VERTEX
  8
0
 10
15280.822450
 20
43235.150960
 42
0.061127
  0
VERTEX
  8
0
 10
15311.283907
 20
43324.460961
 42
0.061162
  0
VERTEX
  8
0
 10
15319.237294
 20
43418.439235
 42
0.060341
  0
VERTEX
  8
0
 10
15304.303649
 20
43512.000000
 42
0.027627
  0
VERTEX
  8
0
 10
15291.024794
 20
43550.260627
 42
0.025725
  0
VERTEX
  8
0
 10
15273.330770
 20
43587.773457
 42
0.025668
  0
VERTEX
  8
0
 10
15251.831782
 20
43623.356303
 42
0.027178
  0
VERTEX
  8
0
 10
15227.175491
 20
43655.846269
 42
0.009896
  0
VERTEX
  8
0
 10
15222.533655
 20
43661.103616
 42
0.004030
  0
VERTEX
  8
0
 10
15216.021796
 20
43668.077498
 42
0.003986
  0
VERTEX
  8
0
 10
15208.900246
 20
43675.463319
 42
0.005074
  0
VERTEX
  8
0
 10
15202.208040
 20
43682.156793
 42
0.040526
  0
VERTEX
  8
0
 10
15153.041859
 20
43723.095300
 42
0.041971
  0
VERTEX
  8
0
 10
15098.467445
 20
43755.030255
 42
0.041696
  0
VERTEX
  8
0
 10
15038.984716
 20
43777.569402
 42
0.038958
  0
VERTEX
  8
0
 10
14975.219759
 20
43790.560420
 42
0.020466
  0
VERTEX
  8
0
 10
14960.714353
 20
43791.755176
 42
0.005583
  0
VERTEX
  8
0
 10
14937.740668
 20
43792.446640
 42
0.005544
  0
VERTEX
  8
0
 10
14914.790720
 20
43792.626455
 42
0.021172
  0
SEQEND
  0
POLYLINE
  8
0
 66
1
 70
1
  0
VERTEX
  8
0
 10
14960.642261
 20
43606.471690
 42
-0.018117
  0
VERTEX
  8
0
 10
14976.400480
 20
43603.568075
 42
-0.020252
  0
VERTEX
  8
0
 10
14991.324290
 20
43599.614871
 42
-0.020264
  0
VERTEX
  8
0
 10
15005.871356
 20
43594.469594
 42
-0.018183
  0
VERTEX
  8
0
 10
15020.500000
 20
43587.992019
 42
-0.061412
  0
VERTEX
  8
0
 10
15062.327902
 20
43560.833138
 42
-0.061441
  0
VERTEX
  8
0
 10
15096.299329
 20
43524.331910
 42
-0.061243
  0
VERTEX
  8
0
 10
15120.468994
 20
43480.554352
 42
-0.060311
  0
VERTEX
  8
0
 10
15133.471279
 20
43431.999199
 42
-0.023516
  0
VERTEX
  8
0
 10
15134.507667
 20
43421.023386
 42
-0.009487
  0
VERTEX
  8
0
 10
15134.931353
 20
43405.975879
 42
-0.009482
  0
VERTEX
  8
0
 10
15134.784098
 20
43390.931404
 42
-0.023676
  0
VERTEX
  8
0
 10
15133.948666
 20
43379.973766
 42
-0.060678
  0
VERTEX
  8
0
 10
15121.806833
 20
43331.337862
 42
-0.061126
  0
VERTEX
  8
0
 10
15098.363698
 20
43287.169161
 42
-0.061196
  0
VERTEX
  8
0
 10
15064.966067
 20
43250.021712
 42
-0.061074
  0
VERTEX
  8
0
 10
15023.548883
 20
43222.033892
 42
-0.066814
  0
VERTEX
  8
0
 10
14973.430432
 20
43204.370476
 42
-0.064899
  0
VERTEX
  8
0
 10
14919.919123
 20
43200.306773
 42
-0.064993
  0
VERTEX
  8
0
 10
14867.224808
 20
43210.092899
 42
-0.067366
  0
VERTEX
  8
0
 10
14819.500000
 20
43233.026373
 42
-0.051847
  0
VERTEX
  8
0
 10
14785.366688
 20
43260.973892
 42
-0.054101
  0
VERTEX
  8
0
 10
14758.258806
 20
43294.979020
 42
-0.054147
  0
VERTEX
  8
0
 10
14739.094434
 20
43333.980163
 42
-0.052096
  0
VERTEX
  8
0
 10
14728.440150
 20
43376.694949
 42
-0.027559
  0
VERTEX
  8
0
 10
14726.877911
 20
43394.978655
 42
-0.021196
  0
VERTEX
  8
0
 10
14727.123418
 20
43415.013446
 42
-0.020987
  0
VERTEX
  8
0
 10
14729.080910
 20
43435.212679
 42
-0.025055
  0
VERTEX
  8
0
 10
14732.668281
 20
43454.000000
 42
-0.063273
  0
VERTEX
  8
0
 10
14750.118104
 20
43499.644837
 42
-0.059843
  0
VERTEX
  8
0
 10
14778.687581
 20
43540.428323
 42
-0.059697
  0
VERTEX
  8
0
 10
14816.178117
 20
43573.371694
 42
-0.062354
  0
VERTEX
  8
0
 10
14859.865351
 20
43595.956640
 42
-0.019718
  0
VERTEX
  8
0
 10
14872.948820
 20
43600.193178
 42
-0.014440
  0
VERTEX
  8
0
 10
14887.757943
 20
43603.893365
 42
-0.014426
  0
VERTEX
  8
0
 10
14902.777643
 20
43606.737082
 42
-0.019496
  0
VERTEX
  8
0
 10
14916.500000
 20
43608.381696
 42
-0.023384
  0
VERTEX
  8
0
 10
14925.113305
 20
43608.670642
 42
-0.007504
  0
VERTEX
  8
0
 10
14937.906952
 20
43608.309331
 42
-0.007709
  0
VERTEX
  8
0
 10
14950.932886
 20
43607.544359
 42
-0.017979
  0
SEQEND
  0
POLYLINE
  8
0
 66
1
 70
1
  0
VERTEX
  8
0
 10
21133.500000
 20
43791.971840
 42
0.022123
  0
VERTEX
  8
0
 10
21095.648224
 20
43786.949860
 42
0.023985
  0
VERTEX
  8
0
 10
21059.411129
 20
43778.690259
 42
0.024200
  0
VERTEX
  8
0
 10
21024.429659
 20
43767.080067
 42
0.023413
  0
VERTEX
  8
0
 10
20990.335761
 20
43752.031600
 42
0.058702
  0
VERTEX
  8
0
 10
20914.086264
 20
43702.102355
 42
0.058817
  0
VERTEX
  8
0
 10
20851.584200
 20
43635.849569
 42
0.058843
  0
VERTEX
  8
0
 10
20806.247984
 20
43556.893030
 42
0.058848
  0
VERTEX
  8
0
 10
20780.552657
 20
43469.550177
 42
0.008069
  0
VERTEX
  8
0
 10
20777.921450
 20
43452.421288
 42
0.015355
  0
VERTEX
  8
0
 10
20776.452589
 20
43438.560264
 42
0.013799
  0
VERTEX
  8
0
 10
20775.749685
 20
43423.702537
 42
0.005277
  0
VERTEX
  8
0
 10
20775.560782
 20
43403.000000
 42
0.002798
  0
VERTEX
  8
0
 10
20775.675303
 20
43386.701999
 42
0.009135
  0
VERTEX
  8
0
 10
20776.008508
 20
43375.919610
 42
0.012146
  0
VERTEX
  8
0
 10
20776.671341
 20
43366.911965
 42
0.009016
  0
VERTEX
  8
0
 10
20777.824066
 20
43357.000000
 42
0.031267
  0
VERTEX
  8
0
 10
20788.624062
 20
43302.696772
 42
0.035225
  0
VERTEX
  8
0
 10
20805.826012
 20
43252.353510
 42
0.035466
  0
VERTEX
  8
0
 10
20829.802609
 20
43205.219809
 42
0.032539
  0
VERTEX
  8
0
 10
20860.827998
 20
43160.500000
 42
0.020191
  0
VERTEX
  8
0
 10
20872.485403
 20
43146.991260
 42
0.008421
  0
VERTEX
  8
0
 10
20889.229076
 20
43129.695625
 42
0.008423
  0
VERTEX
  8
0
 10
20906.551731
 20
43112.968013
 42
0.020109
  0
VERTEX
  8
0
 10
20920.099063
 20
43101.303281
 42
0.025318
  0
VERTEX
  8
0
 10
20954.962816
 20
43076.412220
 42
0.027093
  0
VERTEX
  8
0
 10
20991.404442
 20
43055.777249
 42
0.027338
  0
VERTEX
  8
0
 10
21029.548120
 20
43039.361962
 42
0.026814
  0
VERTEX
  8
0
 10
21069.500000
 20
43027.085630
 42
0.026126
  0
VERTEX
  8
0
 10
21108.991767
 20
43019.397783
 42
0.025707
  0
VERTEX
  8
0
 10
21149.284088
 20
43015.817681
 42
0.025628
  0
VERTEX
  8
0
 10
21189.855102
 20
43016.386805
 42
0.025581
  0
VERTEX
  8
0
 10
21230.179960
 20
43021.102826
 42
0.065207
  0
VERTEX
  8
0
 10
21324.121478
 20
43049.936312
 42
0.063563
  0
VERTEX
  8
0
 10
21408.363102
 20
43102.165207
 42
0.063411
  0
VERTEX
  8
0
 10
21476.953022
 20
43174.013616
 42
0.064329
  0
VERTEX
  8
0
 10
21524.956180
 20
43260.425948
 42
0.031875
  0
VERTEX
  8
0
 10
21540.170228
 20
43307.139317
 42
0.031260
  0
VERTEX
  8
0
 10
21549.442528
 20
43355.711957
 42
0.031356
  0
VERTEX
  8
0
 10
21552.567760
 20
43404.912580
 42
0.032548
  0
VERTEX
  8
0
 10
21549.437819
 20
43453.500000
 42
0.059026
  0
VERTEX
  8
0
 10
21526.829636
 20
43543.041399
 42
0.059484
  0
VERTEX
  8
0
 10
21483.962971
 20
43624.569896
 42
0.059473
  0
VERTEX
  8
0
 10
21423.098493
 20
43693.727913
 42
0.058963
  0
VERTEX
  8
0
 10
21347.500000
 20
43746.847124
 42
0.024031
  0
VERTEX
  8
0
 10
21314.838789
 20
43762.489937
 42
0.023806
  0
VERTEX
  8
0
 10
21280.725959
 20
43774.980882
 42
0.023482
  0
VERTEX
  8
0
 10
21245.122198
 20
43784.316819
 42
0.021966
  0
VERTEX
  8
0
 10
21208.000000
 20
43790.519682
 42
0.019575
  0
VERTEX
  8
0
 10
21193.108834
 20
43791.750895
 42
0.005965
  0
VERTEX
  8
0
 10
21170.495726
 20
43792.461604
 42
0.005896
  0
VERTEX
  8
0
 10
21147.948122
 20
43792.635182
 42
0.020896
  0
SEQEND
  0
POLYLINE
  8
0
 66
1
 70
1
  0
VERTEX
  8
0
 10
21193.642261
 20
43606.471690
 42
-0.039533
  0
VERTEX
  8
0
 10
21225.669549
 20
43599.141041
 42
-0.040836
  0
VERTEX
  8
0
 10
21255.782917
 20
43586.915182
 42
-0.040811
  0
VERTEX
  8
0
 10
21283.525396
 20
43569.949406
 42
-0.039385
  0
VERTEX
  8
0
 10
21308.500000
 20
43548.519020
 42
-0.040815
  0
VERTEX
  8
0
 10
21330.547137
 20
43522.413339
 42
-0.042040
  0
VERTEX
  8
0
 10
21347.816791
 20
43493.320045
 42
-0.041947
  0
VERTEX
  8
0
 10
21360.007254
 20
43461.686018
 42
-0.040269
  0
VERTEX
  8
0
 10
21366.952543
 20
43428.026234
 42
-0.022774
  0
VERTEX
  8
0
 10
21367.785093
 20
43417.297899
 42
-0.010305
  0
VERTEX
  8
0
 10
21367.944430
 20
43403.196851
 42
-0.010337
  0
VERTEX
  8
0
 10
21367.516177
 20
43388.917270
 42
-0.019925
  0
VERTEX
  8
0
 10
21366.482411
 20
43377.525610
 42
-0.070992
  0
VERTEX
  8
0
 10
21351.072194
 20
43322.294215
 42
-0.070480
  0
VERTEX
  8
0
 10
21320.803704
 20
43273.427320
 42
-0.070414
  0
VERTEX
  8
0
 10
21278.123219
 20
43234.853044
 42
-0.070635
  0
VERTEX
  8
0
 10
21226.458481
 20
43209.687047
 42
-0.088996
  0
VERTEX
  8
0
 10
21155.539319
 20
43200.074796
 42
-0.088228
  0
VERTEX
  8
0
 10
21085.470757
 20
43215.655805
 42
-0.088139
  0
VERTEX
  8
0
 10
21025.013550
 20
43254.460910
 42
-0.088580
  0
VERTEX
  8
0
 10
20981.746128
 20
43311.655701
 42
-0.024655
  0
VERTEX
  8
0
 10
20973.207726
 20
43330.691420
 42
-0.026366
  0
VERTEX
  8
0
 10
20966.797628
 20
43350.058875
 42
-0.026240
  0
VERTEX
  8
0
 10
20962.437458
 20
43370.079334
 42
-0.023942
  0
VERTEX
  8
0
 10
20960.032191
 20
43391.069042
 42
-0.097132
  0
VERTEX
  8
0
 10
20969.965781
 20
43468.597011
 42
-0.096574
  0
VERTEX
  8
0
 10
21008.446866
 20
43536.807744
 42
-0.096389
  0
VERTEX
  8
0
 10
21069.808044
 20
43585.663442
 42
-0.096341
  0
VERTEX
  8
0
 10
21145.022444
 20
43607.956635
 42
-0.020899
  0
VERTEX
  8
0
 10
21155.620714
 20
43608.532322
 42
-0.010752
  0
VERTEX
  8
0
 10
21168.915109
 20
43608.412274
 42
-0.010734
  0
VERTEX
  8
0
 10
21182.396398
 20
43607.710628
 42
-0.018132
  0
SEQEND
  0
POLYLINE
  8
0
 66
1
 70
1
  0
VERTEX
  8
0
 10
4836.500000
 20
42810.931509
 42
0.018238
  0
VERTEX
  8
0
 10
4807.730655
 20
42808.609523
 42
0.017501
  0
VERTEX
  8
0
 10
4778.805218
 20
42804.178463
 42
0.017254
  0
VERTEX
  8
0
 10
4749.852133
 20
42797.658052
 42
0.016537
  0
VERTEX
  8
0
 10
4721.000000
 20
42789.076904
 42
0.057869
  0
VERTEX
  8
0
 10
4631.240884
 20
42747.064573
 42
0.058111
  0
VERTEX
  8
0
 10
4553.637159
 20
42685.649654
 42
0.058053
  0
VERTEX
  8
0
 10
4492.182630
 20
42607.962335
 42
0.057533
  0
VERTEX
  8
0
 10
4450.011864
 20
42518.000000
 42
0.012864
  0
VERTEX
  8
0
 10
4443.493535
 20
42496.753441
 42
0.012964
  0
VERTEX
  8
0
 10
4438.094888
 20
42475.254468
 42
0.012729
  0
VERTEX
  8
0
 10
4433.733034
 20
42453.128370
 42
0.011428
  0
VERTEX
  8
0
 10
4430.324335
 20
42430.000000
 42
0.023290
  0
VERTEX
  8
0
 10
4428.833261
 20
42410.649094
 42
0.007589
  0
VERTEX
  8
0
 10
4428.398968
 20
42381.992912
 42
0.007587
  0
VERTEX
  8
0
 10
4428.834409
 20
42353.340507
 42
0.023340
  0
VERTEX
  8
0
 10
4430.326577
 20
42334.009984
 42
0.027318
  0
VERTEX
  8
0
 10
4439.726714
 20
42281.858402
 42
0.029920
  0
VERTEX
  8
0
 10
4454.562481
 20
42232.641541
 42
0.030273
  0
VERTEX
  8
0
 10
4474.977670
 20
42186.068622
 42
0.029384
  0
VERTEX
  8
0
 10
4501.048206
 20
42141.817350
 42
0.022511
  0
VERTEX
  8
0
 10
4522.545232
 20
42112.712351
 42
0.020546
  0
VERTEX
  8
0
 10
4547.206084
 20
42084.723224
 42
0.020585
  0
VERTEX
  8
0
 10
4574.028351
 20
42058.907467
 42
0.022840
  0
VERTEX
  8
0
 10
4602.000000
 20
42036.313627
 42
0.040829
  0
VERTEX
  8
0
 10
4662.828986
 20
41998.838182
 42
0.041226
  0
VERTEX
  8
0
 10
4728.746195
 20
41971.885826
 42
0.041470
  0
VERTEX
  8
0
 10
4797.811560
 20
41956.235350
 42
0.042393
  0
VERTEX
  8
0
 10
4868.000000
 20
41952.356188
 42
0.045738
  0
VERTEX
  8
0
 10
4949.924323
 20
41962.312465
 42
0.048165
  0
VERTEX
  8
0
 10
5027.199433
 20
41986.947023
 42
0.048342
  0
VERTEX
  8
0
 10
5098.085776
 20
42025.807718
 42
0.046734
  0
VERTEX
  8
0
 10
5161.068099
 20
42077.945989
 42
0.041520
  0
VERTEX
  8
0
 10
5207.866390
 20
42133.178140
 42
0.042796
  0
VERTEX
  8
0
 10
5244.364924
 20
42194.848329
 42
0.042497
  0
VERTEX
  8
0
 10
5270.034392
 20
42262.244483
 42
0.039810
  0
VERTEX
  8
0
 10
5284.635421
 20
42334.500000
 42
0.022015
  0
VERTEX
  8
0
 10
5285.989822
 20
42352.336454
 42
0.006341
  0
VERTEX
  8
0
 10
5286.517860
 20
42380.001390
 42
0.006211
  0
VERTEX
  8
0
 10
5286.352068
 20
42407.546822
 42
0.024365
  0
VERTEX
  8
0
 10
5285.211747
 20
42424.500000
 42
0.027449
  0
VERTEX
  8
0
 10
5275.836591
 20
42478.865765
 42
0.030939
  0
VERTEX
  8
0
 10
5260.806760
 20
42529.693478
 42
0.031430
  0
VERTEX
  8
0
 10
5239.872646
 20
42577.569581
 42
0.030200
  0
VERTEX
  8
0
 10
5212.854666
 20
42623.113461
 42
0.027464
  0
VERTEX
  8
0
 10
5185.006028
 20
42659.691596
 42
0.026219
  0
VERTEX
  8
0
 10
5152.905029
 20
42693.597200
 42
0.026357
  0
VERTEX
  8
0
 10
5117.615925
 20
42723.782396
 42
0.028531
  0
VERTEX
  8
0
 10
5080.236501
 20
42749.237458
 42
0.035884
  0
VERTEX
  8
0
 10
5023.054694
 20
42778.217012
 42
0.037373
  0
VERTEX
  8
0
 10
4963.078139
 20
42798.267281
 42
0.037339
  0
VERTEX
  8
0
 10
4900.734357
 20
42809.178794
 42
0.035687
  0
SEQEND
  0
POLYLINE
  8
0
 66
1
 70
1
  0
VERTEX
  8
0
 10
4899.000000
 20
42623.675713
 42
-0.037375
  0
VERTEX
  8
0
 10
4936.247455
 20
42614.195657
 42
-0.039555
  0
VERTEX
  8
0
 10
4970.938119
 20
42599.405505
 42
-0.039517
  0
VERTEX
  8
0
 10
5002.895750
 20
42579.321977
 42
-0.037163
  0
VERTEX
  8
0
 10
5032.005230
 20
42554.080236
 42
-0.074138
  0
VERTEX
  8
0
 10
5074.478146
 20
42496.331830
 42
-0.074024
  0
VERTEX
  8
0
 10
5098.286049
 20
42428.675568
 42
-0.073722
  0
VERTEX
  8
0
 10
5101.409208
 20
42356.770030
 42
-0.072593
  0
VERTEX
  8
0
 10
5083.600278
 20
42286.644899
 42
-0.050070
  0
VERTEX
  8
0
 10
5061.655151
 20
42245.865079
 42
-0.046935
  0
VERTEX
  8
0
 10
5031.619502
 20
42209.290701
 42
-0.046867
  0
VERTEX
  8
0
 10
4995.242003
 20
42178.911681
 42
-0.049594
  0
VERTEX
  8
0
 10
4954.500000
 20
42156.494725
 42
-0.023954
  0
VERTEX
  8
0
 10
4930.811283
 20
42147.686157
 42
-0.027147
  0
VERTEX
  8
0
 10
4907.349694
 20
42141.599798
 42
-0.026947
  0
VERTEX
  8
0
 10
4883.213134
 20
42138.058943
 42
-0.022949
  0
VERTEX
  8
0
 10
4857.500000
 20
42136.878114
 42
-0.028677
  0
VERTEX
  8
0
 10
4826.472738
 20
42138.659093
 42
-0.032867
  0
VERTEX
  8
0
 10
4797.262671
 20
42143.986077
 42
-0.032846
  0
VERTEX
  8
0
 10
4768.986674
 20
42153.098735
 42
-0.028573
  0
VERTEX
  8
0
 10
4740.753260
 20
42166.203496
 42
-0.018276
  0
VERTEX
  8
0
 10
4725.274817
 20
42175.236072
 42
-0.020335
  0
VERTEX
  8
0
 10
4711.055346
 20
42185.078411
 42
-0.019807
  0
VERTEX
  8
0
 10
4697.365301
 20
42196.279303
 42
-0.015722
  0
VERTEX
  8
0
 10
4683.472488
 20
42209.398790
 42
-0.040228
  0
VERTEX
  8
0
 10
4657.339813
 20
42240.288668
 42
-0.041883
  0
VERTEX
  8
0
 10
4636.883884
 20
42274.566995
 42
-0.041683
  0
VERTEX
  8
0
 10
4622.348717
 20
42311.931265
 42
-0.039089
  0
VERTEX
  8
0
 10
4613.827513
 20
42352.000000
 42
-0.025482
  0
VERTEX
  8
0
 10
4612.869262
 20
42363.885090
 42
-0.007538
  0
VERTEX
  8
0
 10
4612.605876
 20
42382.143156
 42
-0.007481
  0
VERTEX
  8
0
 10
4612.890330
 20
42400.362733
 42
-0.026564
  0
VERTEX
  8
0
 10
4613.866515
 20
42412.000000
 42
-0.032119
  0
VERTEX
  8
0
 10
4620.865792
 20
42446.348535
 42
-0.034830
  0
VERTEX
  8
0
 10
4632.077970
 20
42478.569922
 42
-0.035044
  0
VERTEX
  8
0
 10
4647.580811
 20
42508.747804
 42
-0.033336
  0
VERTEX
  8
0
 10
4667.380053
 20
42537.000000
 42
-0.018331
  0
VERTEX
  8
0
 10
4674.422832
 20
42545.118439
 42
-0.008693
  0
VERTEX
  8
0
 10
4684.051762
 20
42555.076211
 42
-0.008703
  0
VERTEX
  8
0
 10
4694.074904
 20
42564.744796
 42
-0.017347
  0
VERTEX
  8
0
 10
4702.395039
 20
42571.973176
 42
-0.033774
  0
VERTEX
  8
0
 10
4729.157467
 20
42590.801064
 42
-0.032313
  0
VERTEX
  8
0
 10
4758.599299
 20
42606.164687
 42
-0.032499
  0
VERTEX
  8
0
 10
4789.596739
 20
42617.528090
 42
-0.035179
  0
VERTEX
  8
0
 10
4821.000000
 20
42624.421149
 42
-0.004611
  0
VERTEX
  8
0
 10
4831.738963
 20
42625.896461
 42
-0.018903
  0
VERTEX
  8
0
 10
4838.286075
 20
42626.484002
 42
-0.014208
  0
VERTEX
  8
0
 10
4845.651944
 20
42626.655538
 42
-0.001812
  0
VERTEX
  8
0
 10
4861.500000
 20
42626.516795
 42
-0.003855
  0
VERTEX
  8
0
 10
4874.303423
 20
42626.259566
 42
-0.011956
  0
VERTEX
  8
0
 10
4882.931912
 20
42625.813008
 42
-0.015038
  0
VERTEX
  8
0
 10
4890.399387
 20
42625.020801
 42
-0.009686
  0
SEQEND
  0
POLYLINE
  8
0
 66
1
 70
1
  0
VERTEX
  8
0
 10
10767.500000
 20
42810.958522
 42
0.053587
  0
VERTEX
  8
0
 10
10678.171208
 20
42797.216935
 42
0.052731
  0
VERTEX
  8
0
 10
10593.288991
 20
42764.774559
 42
0.052697
  0
VERTEX
  8
0
 10
10517.021674
 20
42715.270391
 42
0.053379
  0
VERTEX
  8
0
 10
10453.152084
 20
42651.107780
 42
0.026111
  0
VERTEX
  8
0
 10
10426.803706
 20
42614.529795
 42
0.025890
  0
VERTEX
  8
0
 10
10404.330237
 20
42575.303247
 42
0.026009
  0
VERTEX
  8
0
 10
10386.125161
 20
42534.149816
 42
0.026957
  0
VERTEX
  8
0
 10
10372.535953
 20
42491.811951
 42
0.014360
  0
VERTEX
  8
0
 10
10366.006990
 20
42463.669433
 42
0.018525
  0
VERTEX
  8
0
 10
10361.722523
 20
42437.486621
 42
0.018273
  0
VERTEX
  8
0
 10
10359.348943
 20
42410.770036
 42
0.013370
  0
VERTEX
  8
0
 10
10358.594695
 20
42381.000000
 42
0.019741
  0
VERTEX
  8
0
 10
10360.150810
 20
42342.960068
 42
0.022572
  0
VERTEX
  8
0
 10
10364.707601
 20
42306.841556
 42
0.022876
  0
VERTEX
  8
0
 10
10372.429998
 20
42271.711338
 42
0.021411
  0
VERTEX
  8
0
 10
10383.470536
 20
42236.634980
 42
0.024766
  0
VERTEX
  8
0
 10
10400.297721
 20
42196.530820
 42
0.024950
  0
VERTEX
  8
0
 10
10420.970798
 20
42158.389392
 42
0.025016
  0
VERTEX
  8
0
 10
10445.282344
 20
42122.592860
 42
0.025211
  0
VERTEX
  8
0
 10
10472.988731
 20
42089.500000
 42
0.020625
  0
VERTEX
  8
0
 10
10495.562832
 20
42067.073979
 42
0.017263
  0
VERTEX
  8
0
 10
10521.252392
 20
42045.155970
 42
0.017369
  0
VERTEX
  8
0
 10
10548.186956
 20
42025.223793
 42
0.021853
  0
VERTEX
  8
0
 10
10574.500000
 20
42008.776258
 42
0.039899
  0
VERTEX
  8
0
 10
10638.580423
 20
41978.983716
 42
0.040843
  0
VERTEX
  8
0
 10
10706.084344
 20
41960.025138
 42
0.040979
  0
VERTEX
  8
0
 10
10775.558857
 20
41952.334726
 42
0.040733
  0
VERTEX
  8
0
 10
10845.500000
 20
41956.051231
 42
0.052983
  0
VERTEX
  8
0
 10
10933.594580
 20
41977.644473
 42
0.052900
  0
VERTEX
  8
0
 10
11015.233121
 20
42017.276241
 42
0.052886
  0
VERTEX
  8
0
 10
11086.758029
 20
42073.168344
 42
0.052895
  0
VERTEX
  8
0
 10
11144.962135
 20
42142.818081
 42
0.040762
  0
VERTEX
  8
0
 10
11178.226502
 20
42202.434278
 42
0.039122
  0
VERTEX
  8
0
 10
11201.912237
 20
42267.470294
 42
0.039336
  0
VERTEX
  8
0
 10
11215.076781
 20
42335.036690
 42
0.042315
  0
VERTEX
  8
0
 10
11217.039056
 20
42402.181041
 42
0.018076
  0
VERTEX
  8
0
 10
11213.683156
 20
42438.750744
 42
0.021234
  0
VERTEX
  8
0
 10
11207.791431
 20
42473.048758
 42
0.021493
  0
VERTEX
  8
0
 10
11199.088053
 20
42506.360119
 42
0.019422
  0
VERTEX
  8
0
 10
11187.299154
 20
42539.966601
 42
0.066952
  0
VERTEX
  8
0
 10
11131.615109
 20
42639.533798
 42
0.066664
  0
VERTEX
  8
0
 10
11051.530833
 20
42721.013644
 42
0.066660
  0
VERTEX
  8
0
 10
10952.825209
 20
42778.553296
 42
0.066934
  0
VERTEX
  8
0
 10
10842.594885
 20
42807.993917
 42
0.012109
  0
VERTEX
  8
0
 10
10830.087626
 20
42809.288085
 42
0.003273
  0
VERTEX
  8
0
 10
10810.215023
 20
42810.728275
 42
0.001618
  0
VERTEX
  8
0
 10
10789.692521
 20
42812.013905
 42
0.048169
  0
VERTEX
  8
0
 10
10784.500000
 20
42811.822024
 42
-0.020339
  0
VERTEX
  8
0
 10
10783.744080
 20
42811.751881
 42
-0.000276
  0
VERTEX
  8
0
 10
10779.093750
 20
42811.513098
 42
-0.000782
  0
VERTEX
  8
0
 10
10773.704263
 20
42811.247799
 42
-0.000514
  0
SEQEND
  0
POLYLINE
  8
0
 66
1
 70
1
  0
VERTEX
  8
0
 10
10825.000000
 20
42624.513550
 42
-0.045894
  0
VERTEX
  8
0
 10
10868.886334
 20
42613.339514
 42
-0.045672
  0
VERTEX
  8
0
 10
10910.073367
 20
42594.334563
 42
-0.045622
  0
VERTEX
  8
0
 10
10947.165752
 20
42568.145189
 42
-0.045587
  0
VERTEX
  8
0
 10
10978.904174
 20
42535.656965
 42
-0.024352
  0
VERTEX
  8
0
 10
10990.132997
 20
42520.382469
 42
-0.017721
  0
VERTEX
  8
0
 10
11001.151791
 20
42502.401789
 42
-0.017619
  0
VERTEX
  8
0
 10
11010.956026
 20
42483.528865
 42
-0.022813
  0
VERTEX
  8
0
 10
11018.520984
 20
42465.549071
 42
-0.016366
  0
VERTEX
  8
0
 10
11021.998412
 20
42455.052676
 42
-0.010141
  0
VERTEX
  8
0
 10
11025.424084
 20
42442.524183
 42
-0.009991
  0
VERTEX
  8
0
 10
11028.424936
 20
42429.511272
 42
-0.013062
  0
VERTEX
  8
0
 10
11030.617327
 20
42417.500000
 42
-0.027656
  0
VERTEX
  8
0
 10
11032.111631
 20
42402.473677
 42
-0.010906
  0
VERTEX
  8
0
 10
11032.569250
 20
42381.687180
 42
-0.010892
  0
VERTEX
  8
0
 10
11032.121064
 20
42360.924012
 42
-0.028057
  0
VERTEX
  8
0
 10
11030.631731
 20
42346.000000
 42
-0.039341
  0
VERTEX
  8
0
 10
11021.220413
 20
42306.553539
 42
-0.041264
  0
VERTEX
  8
0
 10
11005.850494
 20
42269.721538
 42
-0.041273
  0
VERTEX
  8
0
 10
10984.644534
 20
42235.920675
 42
-0.039394
  0
VERTEX
  8
0
 10
10957.872100
 20
42205.491258
 42
-0.043714
  0
VERTEX
  8
0
 10
10923.958464
 20
42177.890980
 42
-0.045679
  0
VERTEX
  8
0
 10
10886.240291
 20
42157.066681
 42
-0.045597
  0
VERTEX
  8
0
 10
10845.304111
 20
42143.408595
 42
-0.043254
  0
VERTEX
  8
0
 10
10801.836009
 20
42137.085831
 42
-0.052782
  0
VERTEX
  8
0
 10
10750.116665
 20
42139.543000
 42
-0.053107
  0
VERTEX
  8
0
 10
10700.170199
 20
42152.779266
 42
-0.053110
  0
VERTEX
  8
0
 10
10654.134319
 20
42176.238608
 42
-0.052795
  0
VERTEX
  8
0
 10
10613.972330
 20
42208.909122
 42
-0.018489
  0
VERTEX
  8
0
 10
10600.433274
 20
42223.576102
 42
-0.021800
  0
VERTEX
  8
0
 10
10588.777883
 20
42238.444032
 42
-0.021517
  0
VERTEX
  8
0
 10
10578.338304
 20
42254.439393
 42
-0.017191
  0
VERTEX
  8
0
 10
10568.452036
 20
42272.500000
 42
-0.024056
  0
VERTEX
  8
0
 10
10558.442632
 20
42295.012995
 42
-0.026317
  0
VERTEX
  8
0
 10
10550.975314
 20
42317.726276
 42
-0.026070
  0
VERTEX
  8
0
 10
10545.881154
 20
42341.293116
 42
-0.022740
  0
VERTEX
  8
0
 10
10542.978073
 20
42366.363543
 42
-0.048353
  0
VERTEX
  8
0
 10
10544.174271
 20
42410.955791
 42
-0.045704
  0
VERTEX
  8
0
 10
10553.863995
 20
42455.371414
 42
-0.045423
  0
VERTEX
  8
0
 10
10571.543401
 20
42497.548475
 42
-0.046458
  0
VERTEX
  8
0
 10
10596.438167
 20
42535.500000
 42
-0.019584
  0
VERTEX
  8
0
 10
10603.852566
 20
42544.081454
 42
-0.008944
  0
VERTEX
  8
0
 10
10614.160110
 20
42554.719543
 42
-0.008968
  0
VERTEX
  8
0
 10
10624.958580
 20
42565.093580
 42
-0.017506
  0
VERTEX
  8
0
 10
10633.992825
 20
42572.896695
 42
-0.035882
  0
VERTEX
  8
0
 10
10662.587660
 20
42592.698291
 42
-0.034909
  0
VERTEX
  8
0
 10
10693.977154
 20
42608.412510
 42
-0.034895
  0
VERTEX
  8
0
 10
10727.260624
 20
42619.612193
 42
-0.035784
  0
VERTEX
  8
0
 10
10761.500000
 20
42625.959266
 42
-0.026789
  0
VERTEX
  8
0
 10
10773.622584
 20
42626.665469
 42
-0.006847
  0
VERTEX
  8
0
 10
10793.289270
 20
42626.487091
 42
-0.006842
  0
VERTEX
  8
0
 10
10812.941357
 20
42625.770507
 42
-0.026872
  0
SEQEND
  0
POLYLINE
  8
0
 66
1
 70
1
  0
VERTEX
  8
0
 10
14903.000000
 20
42753.377443
 42
0.020747
  0
VERTEX
  8
0
 10
14863.541715
 20
42748.193336
 42
0.024281
  0
VERTEX
  8
0
 10
14826.697959
 20
42739.928239
 42
0.024841
  0
VERTEX
  8
0
 10
14791.569888
 20
42728.330087
 42
0.023816
  0
VERTEX
  8
0
 10
14757.255194
 20
42713.162526
 42
0.080081
  0
VERTEX
  8
0
 10
14656.260961
 20
42640.505878
 42
0.080555
  0
VERTEX
  8
0
 10
14583.454173
 20
42539.927795
 42
0.080533
  0
VERTEX
  8
0
 10
14546.149038
 20
42421.471184
 42
0.079977
  0
VERTEX
  8
0
 10
14548.046004
 20
42297.000000
 42
0.024466
  0
VERTEX
  8
0
 10
14555.809043
 20
42262.889546
 42
0.021940
  0
VERTEX
  8
0
 10
14567.103048
 20
42228.413064
 42
0.021923
  0
VERTEX
  8
0
 10
14581.386279
 20
42195.029279
 42
0.024313
  0
VERTEX
  8
0
 10
14598.102666
 20
42164.191410
 42
0.052046
  0
VERTEX
  8
0
 10
14646.896671
 20
42099.919556
 42
0.051602
  0
VERTEX
  8
0
 10
14708.040020
 20
42046.902630
 42
0.051765
  0
VERTEX
  8
0
 10
14778.550009
 20
42007.667264
 42
0.053054
  0
VERTEX
  8
0
 10
14855.041387
 20
41984.145016
 42
0.007895
  0
VERTEX
  8
0
 10
14875.237130
 20
41980.542184
 42
0.018374
  0
VERTEX
  8
0
 10
14890.488997
 20
41978.641138
 42
0.016515
  0
VERTEX
  8
0
 10
14906.779074
 20
41977.756817
 42
0.005301
  0
VERTEX
  8
0
 10
14931.000000
 20
41977.500000
 42
0.004960
  0
VERTEX
  8
0
 10
14954.227828
 20
41977.730424
 42
0.014814
  0
VERTEX
  8
0
 10
14970.101102
 20
41978.516258
 42
0.017435
  0
VERTEX
  8
0
 10
14984.438593
 20
41980.157258
 42
0.009358
  0
VERTEX
  8
0
 10
15002.000000
 20
41983.127348
 42
0.075752
  0
VERTEX
  8
0
 10
15113.206014
 20
42022.148861
 42
0.076023
  0
VERTEX
  8
0
 10
15207.590220
 20
42092.486659
 42
0.076080
  0
VERTEX
  8
0
 10
15276.583684
 20
42187.765197
 42
0.076042
  0
VERTEX
  8
0
 10
15313.937136
 20
42299.333609
 42
0.018960
  0
VERTEX
  8
0
 10
15317.178852
 20
42323.496678
 42
0.013546
  0
VERTEX
  8
0
 10
15319.042665
 20
42350.719814
 42
0.013658
  0
VERTEX
  8
0
 10
15319.417230
 20
42377.560253
 42
0.021689
  0
VERTEX
  8
0
 10
15318.114444
 20
42400.500000
 42
0.029423
  0
VERTEX
  8
0
 10
15310.209308
 20
42449.819931
 42
0.031527
  0
VERTEX
  8
0
 10
15296.683489
 20
42496.717332
 42
0.031747
  0
VERTEX
  8
0
 10
15277.472776
 20
42541.246154
 42
0.030726
  0
VERTEX
  8
0
 10
15252.593934
 20
42583.494003
 42
0.048840
  0
VERTEX
  8
0
 10
15205.034050
 20
42640.973843
 42
0.048079
  0
VERTEX
  8
0
 10
15146.994133
 20
42688.474890
 42
0.048075
  0
VERTEX
  8
0
 10
15080.946281
 20
42724.019650
 42
0.048818
  0
VERTEX
  8
0
 10
15009.661373
 20
42746.076683
 42
0.009199
  0
VERTEX
  8
0
 10
14990.590811
 20
42749.628189
 42
0.016284
  0
VERTEX
  8
0
 10
14974.733905
 20
42751.752247
 42
0.015306
  0
VERTEX
  8
0
 10
14958.122299
 20
42752.916729
 42
0.007100
  0
VERTEX
  8
0
 10
14936.500000
 20
42753.461255
 42
0.001440
  0
VERTEX
  8
0
 10
14925.064186
 20
42753.553885
 42
0.001931
  0
VERTEX
  8
0
 10
14914.696875
 20
42753.567978
 42
0.001330
  0
VERTEX
  8
0
 10
14906.001640
 20
42753.523089
 42
0.020333
  0
SEQEND
  0
POLYLINE
  8
0
 66
1
 70
1
  0
VERTEX
  8
0
 10
14950.144045
 20
42568.974140
 42
-0.077054
  0
VERTEX
  8
0
 10
15011.758737
 20
42553.074440
 42
-0.077803
  0
VERTEX
  8
0
 10
15065.439716
 20
42519.296562
 42
-0.078053
  0
VERTEX
  8
0
 10
15106.095089
 20
42470.839675
 42
-0.078300
  0
VERTEX
  8
0
 10
15129.883522
 20
42412.303592
 42
-0.025557
  0
VERTEX
  8
0
 10
15133.083540
 20
42394.579260
 42
-0.019926
  0
VERTEX
  8
0
 10
15134.797516
 20
42375.079231
 42
-0.019968
  0
VERTEX
  8
0
 10
15134.951597
 20
42355.560947
 42
-0.026122
  0
VERTEX
  8
0
 10
15133.450051
 20
42337.784382
 42
-0.102814
  0
VERTEX
  8
0
 10
15105.555534
 20
42259.279328
 42
-0.103129
  0
VERTEX
  8
0
 10
15048.713377
 20
42198.488964
 42
-0.102977
  0
VERTEX
  8
0
 10
14972.238953
 20
42165.415377
 42
-0.102211
  0
VERTEX
  8
0
 10
14888.704031
 20
42165.478507
 42
-0.032587
  0
VERTEX
  8
0
 10
14865.246789
 20
42171.960938
 42
-0.029231
  0
VERTEX
  8
0
 10
14841.935293
 20
42181.631093
 42
-0.029142
  0
VERTEX
  8
0
 10
14819.835853
 20
42193.990651
 42
-0.031840
  0
VERTEX
  8
0
 10
14800.000000
 20
42208.509802
 42
-0.033431
  0
VERTEX
  8
0
 10
14780.831482
 20
42226.814617
 42
-0.031845
  0
VERTEX
  8
0
 10
14763.935626
 20
42247.796594
 42
-0.031821
  0
VERTEX
  8
0
 10
14749.829501
 20
42270.770885
 42
-0.033258
  0
VERTEX
  8
0
 10
14738.984855
 20
42295.020288
 42
-0.040116
  0
VERTEX
  8
0
 10
14730.803099
 20
42324.146167
 42
-0.036480
  0
VERTEX
  8
0
 10
14727.041464
 20
42355.150667
 42
-0.036238
  0
VERTEX
  8
0
 10
14727.816114
 20
42386.587014
 42
-0.038268
  0
VERTEX
  8
0
 10
14733.148877
 20
42417.000000
 42
-0.090355
  0
VERTEX
  8
0
 10
14762.878926
 20
42481.773595
 42
-0.087550
  0
VERTEX
  8
0
 10
14813.810436
 20
42532.727791
 42
-0.087548
  0
VERTEX
  8
0
 10
14879.106344
 20
42563.174369
 42
-0.090345
  0
SEQEND
  0
POLYLINE
  8
0
 66
1
 70
1
  0
VERTEX
  8
0
 10
21136.000000
 20
42753.371425
 42
0.021090
  0
VERTEX
  8
0
 10
21096.638646
 20
42748.225707
 42
0.024385
  0
VERTEX
  8
0
 10
21059.741094
 20
42739.938725
 42
0.024856
  0
VERTEX
  8
0
 10
21024.450428
 20
42728.267662
 42
0.023685
  0
VERTEX
  8
0
 10
20989.904948
 20
42712.987343
 42
0.053613
  0
VERTEX
  8
0
 10
20919.346301
 20
42667.667968
 42
0.054411
  0
VERTEX
  8
0
 10
20860.424528
 20
42608.583378
 42
0.054305
  0
VERTEX
  8
0
 10
20815.542424
 20
42538.065201
 42
0.053010
  0
VERTEX
  8
0
 10
20786.458106
 20
42458.971666
 42
0.014620
  0
VERTEX
  8
0
 10
20781.288732
 20
42435.548593
 42
0.018384
  0
VERTEX
  8
0
 10
20777.941832
 20
42413.583654
 42
0.017518
  0
VERTEX
  8
0
 10
20776.112139
 20
42390.592361
 42
0.011457
  0
VERTEX
  8
0
 10
20775.541134
 20
42364.000000
 42
0.012367
  0
VERTEX
  8
0
 10
20776.231482
 20
42337.631788
 42
0.018079
  0
VERTEX
  8
0
 10
20778.250767
 20
42314.496737
 42
0.018594
  0
VERTEX
  8
0
 10
20781.879941
 20
42292.065300
 42
0.014254
  0
VERTEX
  8
0
 10
20787.447342
 20
42267.861398
 42
0.070270
  0
VERTEX
  8
0
 10
20829.504416
 20
42166.956050
 42
0.070706
  0
VERTEX
  8
0
 10
20897.792720
 20
42081.883265
 42
0.070670
  0
VERTEX
  8
0
 10
20987.114485
 20
42019.171363
 42
0.070081
  0
VERTEX
  8
0
 10
21090.618520
 20
41983.592529
 42
0.008738
  0
VERTEX
  8
0
 10
21109.085764
 20
41980.352431
 42
0.018323
  0
VERTEX
  8
0
 10
21123.557674
 20
41978.613783
 42
0.015653
  0
VERTEX
  8
0
 10
21139.472924
 20
41977.791483
 42
0.004822
  0
VERTEX
  8
0
 10
21163.500000
 20
41977.535004
 42
0.004847
  0
VERTEX
  8
0
 10
21187.074863
 20
41977.739277
 42
0.014925
  0
VERTEX
  8
0
 10
21203.004453
 20
41978.507794
 42
0.017692
  0
VERTEX
  8
0
 10
21217.346053
 20
41980.141675
 42
0.009360
  0
VERTEX
  8
0
 10
21235.000000
 20
41983.127348
 42
0.071290
  0
VERTEX
  8
0
 10
21340.363262
 20
42019.051632
 42
0.071985
  0
VERTEX
  8
0
 10
21431.009434
 20
42083.036357
 42
0.071947
  0
VERTEX
  8
0
 10
21499.834660
 20
42170.128485
 42
0.071094
  0
VERTEX
  8
0
 10
21541.503970
 20
42273.500000
 42
0.011199
  0
VERTEX
  8
0
 10
21544.354598
 20
42286.317900
 42
0.007348
  0
VERTEX
  8
0
 10
21547.088486
 20
42301.194644
 42
0.007258
  0
VERTEX
  8
0
 10
21549.435592
 20
42316.462944
 42
0.009463
  0
VERTEX
  8
0
 10
21551.115193
 20
42330.500000
 42
0.019066
  0
VERTEX
  8
0
 10
21552.079063
 20
42346.017460
 42
0.007688
  0
VERTEX
  8
0
 10
21552.260181
 20
42367.247593
 42
0.007732
  0
VERTEX
  8
0
 10
21551.782956
 20
42388.635941
 42
0.017430
  0
VERTEX
  8
0
 10
21550.606556
 20
42404.804872
 42
0.041460
  0
VERTEX
  8
0
 10
21537.924019
 20
42470.622850
 42
0.042831
  0
VERTEX
  8
0
 10
21514.639693
 20
42532.701297
 42
0.042974
  0
VERTEX
  8
0
 10
21481.205406
 20
42589.719524
 42
0.042315
  0
VERTEX
  8
0
 10
21438.361383
 20
42640.501362
 42
0.041671
  0
VERTEX
  8
0
 10
21389.185084
 20
42682.099184
 42
0.041573
  0
VERTEX
  8
0
 10
21333.754555
 20
42715.003603
 42
0.041467
  0
VERTEX
  8
0
 10
21273.504038
 20
42738.353665
 42
0.041004
  0
VERTEX
  8
0
 10
21210.000000
 20
42751.549489
 42
0.020642
  0
VERTEX
  8
0
 10
21196.690076
 20
42752.638513
 42
0.003936
  0
VERTEX
  8
0
 10
21172.412535
 20
42753.427514
 42
0.003705
  0
VERTEX
  8
0
 10
21148.138884
 20
42753.845213
 42
0.024409
  0
SEQEND
  0
POLYLINE
  8
0
 66
1
 70
1
  0
VERTEX
  8
0
 10
21197.500000
 20
42567.053858
 42
-0.044889
  0
VERTEX
  8
0
 10
21234.585523
 20
42557.177450
 42
-0.046896
  0
VERTEX
  8
0
 10
21268.741901
 20
42540.942075
 42
-0.047066
  0
VERTEX
  8
0
 10
21299.166765
 20
42518.688943
 42
-0.045867
  0
VERTEX
  8
0
 10
21325.183420
 20
42490.960895
 42
-0.075485
  0
VERTEX
  8
0
 10
21354.910610
 20
42437.966716
 42
-0.074584
  0
VERTEX
  8
0
 10
21367.726487
 20
42378.317227
 42
-0.074474
  0
VERTEX
  8
0
 10
21362.483563
 20
42317.454527
 42
-0.074909
  0
VERTEX
  8
0
 10
21339.635070
 20
42260.930472
 42
-0.033058
  0
VERTEX
  8
0
 10
21326.361276
 20
42241.518851
 42
-0.027309
  0
VERTEX
  8
0
 10
21309.822003
 20
42222.679272
 42
-0.027291
  0
VERTEX
  8
0
 10
21291.314062
 20
42205.740641
 42
-0.032870
  0
VERTEX
  8
0
 10
21272.139249
 20
42192.026357
 42
-0.024063
  0
VERTEX
  8
0
 10
21254.256648
 20
42182.092983
 42
-0.025258
  0
VERTEX
  8
0
 10
21235.784527
 20
42174.099162
 42
-0.024847
  0
VERTEX
  8
0
 10
21216.318056
 20
42167.901529
 42
-0.021768
  0
VERTEX
  8
0
 10
21195.457052
 20
42163.345654
 42
-0.031749
  0
VERTEX
  8
0
 10
21182.596153
 20
42161.951115
 42
-0.011128
  0
VERTEX
  8
0
 10
21164.003841
 20
42161.536858
 42
-0.011137
  0
VERTEX
  8
0
 10
21145.402923
 20
42161.950833
 42
-0.031538
  0
VERTEX
  8
0
 10
21132.500000
 20
42163.344308
 42
-0.036657
  0
VERTEX
  8
0
 10
21099.239551
 20
42171.621859
 42
-0.041493
  0
VERTEX
  8
0
 10
21068.956512
 20
42184.430138
 42
-0.041870
  0
VERTEX
  8
0
 10
21041.435957
 20
42201.944573
 42
-0.038606
  0
VERTEX
  8
0
 10
21016.404190
 20
42224.239280
 42
-0.051431
  0
VERTEX
  8
0
 10
20990.302940
 20
42257.647531
 42
-0.053001
  0
VERTEX
  8
0
 10
20971.876179
 20
42295.354906
 42
-0.052727
  0
VERTEX
  8
0
 10
20961.719302
 20
42336.275988
 42
-0.049925
  0
VERTEX
  8
0
 10
20960.080651
 20
42379.189053
 42
-0.085125
  0
VERTEX
  8
0
 10
20975.519489
 20
42444.701108
 42
-0.083019
  0
VERTEX
  8
0
 10
21011.977292
 20
42501.965104
 42
-0.082796
  0
VERTEX
  8
0
 10
21065.180339
 20
42544.374225
 42
-0.084019
  0
VERTEX
  8
0
 10
21129.000000
 20
42566.958342
 42
-0.024758
  0
VERTEX
  8
0
 10
21145.172543
 20
42568.957199
 42
-0.018020
  0
VERTEX
  8
0
 10
21163.285522
 20
42569.635496
 42
-0.018032
  0
VERTEX
  8
0
 10
21181.381233
 20
42569.007940
 42
-0.024963
  0
SEQEND
  0
POLYLINE
  8
0
 66
1
 70
1
  0
VERTEX
  8
0
 10
14900.500000
 20
41714.325972
 42
0.032307
  0
VERTEX
  8
0
 10
14849.124943
 20
41706.621975
 42
0.032787
  0
VERTEX
  8
0
 10
14799.429883
 20
41692.386353
 42
0.032915
  0
VERTEX
  8
0
 10
14752.205319
 20
41671.841686
 42
0.033143
  0
VERTEX
  8
0
 10
14708.199237
 20
41645.318494
 42
0.023936
  0
VERTEX
  8
0
 10
14681.843263
 20
41625.009204
 42
0.020183
  0
VERTEX
  8
0
 10
14655.944241
 20
41601.133797
 42
0.020195
  0
VERTEX
  8
0
 10
14632.072333
 20
41575.265627
 42
0.024061
  0
VERTEX
  8
0
 10
14611.802408
 20
41548.974172
 42
0.047212
  0
VERTEX
  8
0
 10
14576.334078
 20
41486.203187
 42
0.046081
  0
VERTEX
  8
0
 10
14552.926722
 20
41417.387233
 42
0.046096
  0
VERTEX
  8
0
 10
14542.524480
 20
41345.469475
 42
0.047307
  0
VERTEX
  8
0
 10
14545.622841
 20
41273.500000
 42
0.060809
  0
VERTEX
  8
0
 10
14569.714259
 20
41182.585269
 42
0.060573
  0
VERTEX
  8
0
 10
14614.988684
 20
41100.006195
 42
0.060622
  0
VERTEX
  8
0
 10
14678.694586
 20
41030.738562
 42
0.061085
  0
VERTEX
  8
0
 10
14757.000000
 20
40978.976790
 42
0.022187
  0
VERTEX
  8
0
 10
14790.501392
 20
40964.108287
 42
0.023907
  0
VERTEX
  8
0
 10
14824.373933
 20
40952.675029
 42
0.023818
  0
VERTEX
  8
0
 10
14859.299606
 20
40944.493807
 42
0.021686
  0
VERTEX
  8
0
 10
14895.954521
 20
40939.361791
 42
0.018861
  0
VERTEX
  8
0
 10
14914.788307
 20
40938.267791
 42
0.009680
  0
VERTEX
  8
0
 10
14938.438316
 20
40938.245421
 42
0.009678
  0
VERTEX
  8
0
 10
14962.026731
 20
40939.136735
 42
0.019218
  0
VERTEX
  8
0
 10
14980.646702
 20
40940.921405
 42
0.051753
  0
VERTEX
  8
0
 10
15061.085452
 20
40960.384642
 42
0.052913
  0
VERTEX
  8
0
 10
15135.175807
 20
40995.858872
 42
0.053149
  0
VERTEX
  8
0
 10
15199.885118
 20
41045.921278
 42
0.053126
  0
VERTEX
  8
0
 10
15252.597289
 20
41108.505997
 42
0.030757
  0
VERTEX
  8
0
 10
15277.474380
 20
41150.738380
 42
0.031767
  0
VERTEX
  8
0
 10
15296.683021
 20
41195.259323
 42
0.031539
  0
VERTEX
  8
0
 10
15310.207853
 20
41242.160554
 42
0.029406
  0
VERTEX
  8
0
 10
15318.114444
 20
41291.500000
 42
0.021689
  0
VERTEX
  8
0
 10
15319.417230
 20
41314.439747
 42
0.013658
  0
VERTEX
  8
0
 10
15319.042665
 20
41341.280186
 42
0.013546
  0
VERTEX
  8
0
 10
15317.178852
 20
41368.503322
 42
0.018960
  0
VERTEX
  8
0
 10
15313.937136
 20
41392.666391
 42
0.050746
  0
VERTEX
  8
0
 10
15292.845469
 20
41468.087511
 42
0.050156
  0
VERTEX
  8
0
 10
15256.935513
 20
41538.031061
 42
0.050271
  0
VERTEX
  8
0
 10
15207.908619
 20
41599.281231
 42
0.051466
  0
VERTEX
  8
0
 10
15148.000000
 20
41648.977213
 42
0.029968
  0
VERTEX
  8
0
 10
15105.889817
 20
41673.634944
 42
0.031348
  0
VERTEX
  8
0
 10
15061.749726
 20
41692.669421
 42
0.031477
  0
VERTEX
  8
0
 10
15015.750254
 20
41705.972838
 42
0.030759
  0
VERTEX
  8
0
 10
14968.089386
 20
41713.522315
 42
0.016435
  0
VERTEX
  8
0
 10
14954.736670
 20
41714.361002
 42
0.004493
  0
VERTEX
  8
0
 10
14933.631234
 20
41714.801642
 42
0.004300
  0
VERTEX
  8
0
 10
14912.654399
 20
41714.870647
 42
0.019739
  0
SEQEND
  0
POLYLINE
  8
0
 66
1
 70
1
  0
VERTEX
  8
0
 10
14963.503065
 20
41528.594349
 42
-0.063402
  0
VERTEX
  8
0
 10
15014.402601
 20
41513.171928
 42
-0.064829
  0
VERTEX
  8
0
 10
15059.395414
 20
41485.567033
 42
-0.064928
  0
VERTEX
  8
0
 10
15095.763625
 20
41447.404691
 42
-0.063929
  0
VERTEX
  8
0
 10
15121.354586
 20
41401.000000
 42
-0.040122
  0
VERTEX
  8
0
 10
15130.158918
 20
41372.138782
 42
-0.036440
  0
VERTEX
  8
0
 10
15134.601413
 20
41341.293752
 42
-0.036263
  0
VERTEX
  8
0
 10
15134.529408
 20
41309.973623
 42
-0.038751
  0
VERTEX
  8
0
 10
15129.883522
 20
41279.696408
 42
-0.056365
  0
VERTEX
  8
0
 10
15114.800536
 20
41237.371609
 42
-0.055048
  0
VERTEX
  8
0
 10
15090.553685
 20
41199.117372
 42
-0.054961
  0
VERTEX
  8
0
 10
15058.502881
 20
41167.023253
 42
-0.055834
  0
VERTEX
  8
0
 10
15020.390326
 20
41142.877759
 42
-0.082824
  0
VERTEX
  8
0
 10
14956.080211
 20
41123.834583
 42
-0.082688
  0
VERTEX
  8
0
 10
14889.032521
 20
41126.677940
 42
-0.082574
  0
VERTEX
  8
0
 10
14826.447240
 20
41151.107959
 42
-0.082277
  0
VERTEX
  8
0
 10
14775.047046
 20
41194.500000
 42
-0.035846
  0
VERTEX
  8
0
 10
14758.135510
 20
41217.508835
 42
-0.035321
  0
VERTEX
  8
0
 10
14744.590715
 20
41242.807717
 42
-0.035047
  0
VERTEX
  8
0
 10
14734.653187
 20
41269.957527
 42
-0.034082
  0
VERTEX
  8
0
 10
14728.493344
 20
41298.482793
 42
-0.024127
  0
VERTEX
  8
0
 10
14727.301184
 20
41310.824587
 42
-0.012145
  0
VERTEX
  8
0
 10
14726.929307
 20
41326.470763
 42
-0.012148
  0
VERTEX
  8
0
 10
14727.320316
 20
41342.221215
 42
-0.022615
  0
VERTEX
  8
0
 10
14728.523029
 20
41354.932536
 42
-0.060721
  0
VERTEX
  8
0
 10
14741.330792
 20
41402.913615
 42
-0.061238
  0
VERTEX
  8
0
 10
14765.265440
 20
41446.264218
 42
-0.061063
  0
VERTEX
  8
0
 10
14799.060361
 20
41482.630469
 42
-0.059755
  0
VERTEX
  8
0
 10
14840.871905
 20
41510.065181
 42
-0.022067
  0
VERTEX
  8
0
 10
14856.071999
 20
41516.801982
 42
-0.020584
  0
VERTEX
  8
0
 10
14872.160215
 20
41522.346799
 42
-0.020292
  0
VERTEX
  8
0
 10
14888.887239
 20
41526.620762
 42
-0.019952
  0
VERTEX
  8
0
 10
14906.000000
 20
41529.552680
 42
-0.026755
  0
VERTEX
  8
0
 10
14917.975965
 20
41530.468054
 42
-0.009864
  0
VERTEX
  8
0
 10
14934.922909
 20
41530.519955
 42
-0.009818
  0
VERTEX
  8
0
 10
14951.807721
 20
41529.906788
 42
-0.027916
  0
SEQEND
  0
POLYLINE
  8
0
 66
1
 70
1
  0
VERTEX
  8
0
 10
21133.500000
 20
41714.381667
 42
0.008553
  0
VERTEX
  8
0
 10
21114.252926
 20
41712.155150
 42
0.010525
  0
VERTEX
  8
0
 10
21096.386938
 20
41709.394195
 42
0.011007
  0
VERTEX
  8
0
 10
21079.370321
 20
41706.008706
 42
0.011323
  0
VERTEX
  8
0
 10
21062.679937
 20
41701.905781
 42
0.033168
  0
VERTEX
  8
0
 10
21012.836355
 20
41684.832983
 42
0.034334
  0
VERTEX
  8
0
 10
20966.284346
 20
41661.480862
 42
0.034254
  0
VERTEX
  8
0
 10
20923.268747
 20
41631.920903
 42
0.032691
  0
VERTEX
  8
0
 10
20883.972661
 20
41596.333126
 42
0.057420
  0
VERTEX
  8
0
 10
20830.291236
 20
41526.418803
 42
0.057229
  0
VERTEX
  8
0
 10
20793.845055
 20
41446.052051
 42
0.057056
  0
VERTEX
  8
0
 10
20776.487719
 20
41359.284257
 42
0.056419
  0
VERTEX
  8
0
 10
20779.087032
 20
41270.500000
 42
0.037205
  0
VERTEX
  8
0
 10
20791.066093
 20
41216.000761
 42
0.035975
  0
VERTEX
  8
0
 10
20811.085776
 20
41163.239570
 42
0.035874
  0
VERTEX
  8
0
 10
20838.527564
 20
41113.750652
 42
0.036510
  0
VERTEX
  8
0
 10
20872.617783
 20
41069.000000
 42
0.047048
  0
VERTEX
  8
0
 10
20926.112695
 20
41018.885368
 42
0.047670
  0
VERTEX
  8
0
 10
20987.809144
 20
40979.904072
 42
0.047446
  0
VERTEX
  8
0
 10
21056.051566
 20
40953.167875
 42
0.045742
  0
VERTEX
  8
0
 10
21128.954521
 20
40939.361791
 42
0.018861
  0
VERTEX
  8
0
 10
21147.788307
 20
40938.267791
 42
0.009680
  0
VERTEX
  8
0
 10
21171.438316
 20
40938.245421
 42
0.009678
  0
VERTEX
  8
0
 10
21195.026731
 20
40939.136735
 42
0.019218
  0
VERTEX
  8
0
 10
21213.646702
 20
40940.921405
 42
0.059768
  0
VERTEX
  8
0
 10
21305.922753
 20
40964.816044
 42
0.061211
  0
VERTEX
  8
0
 10
21389.126795
 20
41009.736747
 42
0.061432
  0
VERTEX
  8
0
 10
21458.728846
 20
41073.292737
 42
0.060988
  0
VERTEX
  8
0
 10
21511.000772
 20
41152.001542
 42
0.027653
  0
VERTEX
  8
0
 10
21529.213064
 20
41194.005668
 42
0.030220
  0
VERTEX
  8
0
 10
21542.066836
 20
41236.550156
 42
0.030228
  0
VERTEX
  8
0
 10
21549.695654
 20
41280.323282
 42
0.027698
  0
VERTEX
  8
0
 10
21552.289583
 20
41326.000000
 42
0.007027
  0
VERTEX
  8
0
 10
21552.066214
 20
41343.574697
 42
0.012561
  0
VERTEX
  8
0
 10
21551.316956
 20
41358.002883
 42
0.012795
  0
VERTEX
  8
0
 10
21549.855962
 20
41372.193690
 42
0.007626
  0
VERTEX
  8
0
 10
21547.428722
 20
41389.000000
 42
0.051972
  0
VERTEX
  8
0
 10
21526.934473
 20
41465.261271
 42
0.050805
  0
VERTEX
  8
0
 10
21491.045895
 20
41536.280414
 42
0.050839
  0
VERTEX
  8
0
 10
21441.599457
 20
41598.561993
 42
0.052182
  0
VERTEX
  8
0
 10
21381.000000
 20
41648.977213
 42
0.028242
  0
VERTEX
  8
0
 10
21341.464125
 20
41672.311024
 42
0.029664
  0
VERTEX
  8
0
 10
21300.180778
 20
41690.618271
 42
0.029497
  0
VERTEX
  8
0
 10
21256.800978
 20
41703.994824
 42
0.027272
  0
VERTEX
  8
0
 10
21211.000000
 20
41712.594405
 42
0.023580
  0
VERTEX
  8
0
 10
21198.106669
 20
41713.678912
 42
0.003427
  0
VERTEX
  8
0
 10
21171.785543
 20
41714.466444
 42
0.003222
  0
VERTEX
  8
0
 10
21145.397438
 20
41714.904867
 42
0.027065
  0
SEQEND
  0
POLYLINE
  8
0
 66
1
 70
1
  0
VERTEX
  8
0
 10
21201.222196
 20
41527.579038
 42
-0.030998
  0
VERTEX
  8
0
 10
21225.089067
 20
41521.540017
 42
-0.028768
  0
VERTEX
  8
0
 10
21248.646584
 20
41512.475384
 42
-0.029003
  0
VERTEX
  8
0
 10
21270.807809
 20
41500.858100
 42
-0.032971
  0
VERTEX
  8
0
 10
21290.500000
 20
41487.190211
 42
-0.068192
  0
VERTEX
  8
0
 10
21329.572431
 20
41446.242401
 42
-0.069693
  0
VERTEX
  8
0
 10
21355.846387
 20
41396.581854
 42
-0.069442
  0
VERTEX
  8
0
 10
21367.528676
 20
41341.450569
 42
-0.066921
  0
VERTEX
  8
0
 10
21363.907773
 20
41284.500000
 42
-0.026386
  0
VERTEX
  8
0
 10
21359.854195
 20
41268.618128
 42
-0.019282
  0
VERTEX
  8
0
 10
21353.761189
 20
41251.459875
 42
-0.019031
  0
VERTEX
  8
0
 10
21346.239193
 20
41234.517455
 42
-0.023035
  0
VERTEX
  8
0
 10
21337.871883
 20
41219.271954
 42
-0.022627
  0
VERTEX
  8
0
 10
21329.164669
 20
41206.358729
 42
-0.018256
  0
VERTEX
  8
0
 10
21318.707771
 20
41193.294893
 42
-0.018209
  0
VERTEX
  8
0
 10
21307.290158
 20
41180.988074
 42
-0.022092
  0
VERTEX
  8
0
 10
21295.692727
 20
41170.350192
 42
-0.090911
  0
VERTEX
  8
0
 10
21231.167580
 20
41133.681651
 42
-0.091454
  0
VERTEX
  8
0
 10
21157.968340
 20
41122.390376
 42
-0.091453
  0
VERTEX
  8
0
 10
21085.557174
 20
41137.956967
 42
-0.090907
  0
VERTEX
  8
0
 10
21023.293180
 20
41178.348245
 42
-0.086434
  0
VERTEX
  8
0
 10
20981.837643
 20
41233.844860
 42
-0.085222
  0
VERTEX
  8
0
 10
20961.327573
 20
41300.360133
 42
-0.085191
  0
VERTEX
  8
0
 10
20964.174806
 20
41369.928668
 42
-0.086283
  0
VERTEX
  8
0
 10
20990.082639
 20
41434.229995
 42
-0.023715
  0
VERTEX
  8
0
 10
20999.339233
 20
41447.685844
 42
-0.017842
  0
VERTEX
  8
0
 10
21010.714350
 20
41461.590280
 42
-0.017899
  0
VERTEX
  8
0
 10
21022.994827
 20
41474.584912
 42
-0.024607
  0
VERTEX
  8
0
 10
21034.984739
 20
41485.285763
 42
-0.034755
  0
VERTEX
  8
0
 10
21058.305401
 20
41501.583742
 42
-0.034543
  0
VERTEX
  8
0
 10
21083.705296
 20
41514.531485
 42
-0.034392
  0
VERTEX
  8
0
 10
21110.756527
 20
41523.906325
 42
-0.033779
  0
VERTEX
  8
0
 10
21139.000000
 20
41529.552680
 42
-0.026044
  0
VERTEX
  8
0
 10
21152.862547
 20
41530.632070
 42
-0.014336
  0
VERTEX
  8
0
 10
21169.876311
 20
41530.580371
 42
-0.014313
  0
VERTEX
  8
0
 10
21186.995395
 20
41529.546268
 42
-0.024228
  0
SEQEND
  0
POLYLINE
  8
0
 66
1
 70
1
  0
VERTEX
  8
0
 10
7697.000000
 20
41378.957804
 42
0.031551
  0
VERTEX
  8
0
 10
7670.711162
 20
41374.436675
 42
0.028284
  0
VERTEX
  8
0
 10
7644.197838
 20
41366.526308
 42
0.028366
  0
VERTEX
  8
0
 10
7618.830183
 20
41355.704730
 42
0.032280
  0
VERTEX
  8
0
 10
7595.968001
 20
41342.478621
 42
0.030269
  0
VERTEX
  8
0
 10
7574.344148
 20
41326.056134
 42
0.028870
  0
VERTEX
  8
0
 10
7554.497131
 20
41306.896680
 42
0.029075
  0
VERTEX
  8
0
 10
7537.126079
 20
41285.727492
 42
0.031864
  0
VERTEX
  8
0
 10
7522.899239
 20
41263.301632
 42
0.000000
  0
VERTEX
  8
0
 10
7519.500000
 20
41257.103264
 42
0.000000
  0
VERTEX
  8
0
 10
7458.500000
 20
41256.748121
 42
0.000600
  0
VERTEX
  8
0
 10
7419.972843
 20
41256.477552
 42
0.006989
  0
VERTEX
  8
0
 10
7404.910581
 20
41256.143101
 42
0.018318
  0
VERTEX
  8
0
 10
7396.195064
 20
41255.507399
 42
0.038069
  0
VERTEX
  8
0
 10
7389.500000
 20
41254.250727
 42
0.051746
  0
VERTEX
  8
0
 10
7367.679709
 20
41245.911630
 42
0.055417
  0
VERTEX
  8
0
 10
7348.575565
 20
41233.417976
 42
0.056004
  0
VERTEX
  8
0
 10
7332.847969
 20
41217.166517
 42
0.054916
  0
VERTEX
  8
0
 10
7320.999054
 20
41197.727456
 42
0.077905
  0
VERTEX
  8
0
 10
7312.451146
 20
41168.244424
 42
0.075505
  0
VERTEX
  8
0
 10
7313.196635
 20
41137.227987
 42
0.075602
  0
VERTEX
  8
0
 10
7323.112117
 20
41107.865891
 42
0.078426
  0
VERTEX
  8
0
 10
7341.221203
 20
41083.190944
 42
0.028692
  0
VERTEX
  8
0
 10
7351.324597
 20
41074.261855
 42
0.032682
  0
VERTEX
  8
0
 10
7361.970836
 20
41066.961668
 42
0.032389
  0
VERTEX
  8
0
 10
7373.563338
 20
41061.058898
 42
0.027268
  0
VERTEX
  8
0
 10
7386.500000
 20
41056.311809
 42
0.000000
  0
VERTEX
  8
0
 10
7395.500000
 20
41053.555660
 42
0.000000
  0
VERTEX
  8
0
 10
7457.447425
 20
41053.027830
 42
0.000000
  0
VERTEX
  8
0
 10
7519.394851
 20
41052.500000
 42
0.000000
  0
VERTEX
  8
0
 10
7524.180552
 20
41044.194432
 42
0.055431
  0
VERTEX
  8
0
 10
7555.557048
 20
41001.474468
 42
0.059090
  0
VERTEX
  8
0
 10
7594.946835
 20
40967.719250
 42
0.059162
  0
VERTEX
  8
0
 10
7641.094323
 20
40944.144972
 42
0.055799
  0
VERTEX
  8
0
 10
7692.399103
 20
40931.447361
 42
0.021665
  0
VERTEX
  8
0
 10
7703.675697
 20
40930.454582
 42
0.009207
  0
VERTEX
  8
0
 10
7718.840565
 20
40930.059078
 42
0.009223
  0
VERTEX
  8
0
 10
7734.049511
 20
40930.223123
 42
0.021023
  0
VERTEX
  8
0
 10
7745.500000
 20
40931.040601
 42
0.014595
  0
VERTEX
  8
0
 10
7756.587422
 20
40932.631337
 42
0.010856
  0
VERTEX
  8
0
 10
7768.723617
 20
40935.008181
 42
0.010877
  0
VERTEX
  8
0
 10
7780.709072
 20
40937.901430
 42
0.014942
  0
VERTEX
  8
0
 10
7791.337351
 20
40941.055700
 42
0.022282
  0
VERTEX
  8
0
 10
7803.474736
 20
40945.665023
 42
0.010818
  0
VERTEX
  8
0
 10
7818.566185
 20
40952.570411
 42
0.010792
  0
VERTEX
  8
0
 10
7833.243908
 20
40960.069624
 42
0.023971
  0
VERTEX
  8
0
 10
7844.000000
 20
40966.544435
 42
0.029931
  0
VERTEX
  8
0
 10
7865.814879
 20
40983.115810
 42
0.028483
  0
VERTEX
  8
0
 10
7885.879854
 20
41002.433835
 42
0.028985
  0
VERTEX
  8
0
 10
7903.265227
 20
41023.521725
 42
0.034223
  0
VERTEX
  8
0
 10
7917.064824
 20
41045.382352
 42
0.000000
  0
VERTEX
  8
0
 10
7921.127655
 20
41052.914577
 42
0.000000
  0
VERTEX
  8
0
 10
7982.813828
 20
41053.234115
 42
0.000573
  0
VERTEX
  8
0
 10
8022.129657
 20
41053.482807
 42
0.007077
  0
VERTEX
  8
0
 10
8037.093953
 20
41053.806458
 42
0.019084
  0
VERTEX
  8
0
 10
8045.661899
 20
41054.441141
 42
0.040673
  0
VERTEX
  8
0
 10
8052.175433
 20
41055.716844
 42
0.029704
  0
VERTEX
  8
0
 10
8065.977889
 20
41060.507817
 42
0.033653
  0
VERTEX
  8
0
 10
8078.529144
 20
41066.738341
 42
0.034449
  0
VERTEX
  8
0
 10
8089.874093
 20
41074.448633
 42
0.034258
  0
VERTEX
  8
0
 10
8100.075335
 20
41083.656813
 42
0.026833
  0
VERTEX
  8
0
 10
8108.697257
 20
41093.599484
 42
0.033127
  0
VERTEX
  8
0
 10
8115.566019
 20
41103.759173
 42
0.032782
  0
VERTEX
  8
0
 10
8121.087029
 20
41114.826839
 42
0.025393
  0
VERTEX
  8
0
 10
8125.661526
 20
41127.500000
 42
0.015898
  0
VERTEX
  8
0
 10
8127.216766
 20
41133.257296
 42
0.032817
  0
VERTEX
  8
0
 10
8127.988864
 20
41137.853506
 42
0.021659
  0
VERTEX
  8
0
 10
8128.318292
 20
41143.575346
 42
0.003683
  0
VERTEX
  8
0
 10
8128.392952
 20
41154.500000
 42
0.004130
  0
VERTEX
  8
0
 10
8128.304959
 20
41164.507710
 42
0.016540
  0
VERTEX
  8
0
 10
8127.998036
 20
41170.625225
 42
0.024894
  0
VERTEX
  8
0
 10
8127.366800
 20
41175.343954
 42
0.022039
  0
VERTEX
  8
0
 10
8126.251674
 20
41180.175433
 42
0.028866
  0
VERTEX
  8
0
 10
8121.659925
 20
41193.641653
 42
0.034795
  0
VERTEX
  8
0
 10
8115.775874
 20
41205.641402
 42
0.035094
  0
VERTEX
  8
0
 10
8108.332065
 20
41216.625002
 42
0.030266
  0
VERTEX
  8
0
 10
8099.072959
 20
41227.048921
 42
0.035032
  0
VERTEX
  8
0
 10
8086.908171
 20
41237.588939
 42
0.041004
  0
VERTEX
  8
0
 10
8073.987883
 20
41245.724673
 42
0.041150
  0
VERTEX
  8
0
 10
8059.953845
 20
41251.620930
 42
0.035726
  0
VERTEX
  8
0
 10
8044.465912
 20
41255.477983
 42
0.029561
  0
VERTEX
  8
0
 10
8037.501624
 20
41256.272154
 42
0.007852
  0
VERTEX
  8
0
 10
8026.324398
 20
41256.705318
 42
0.004770
  0
VERTEX
  8
0
 10
8008.954134
 20
41256.939649
 42
0.000987
  0
VERTEX
  8
0
 10
7978.389334
 20
41257.000000
 42
0.000000
  0
VERTEX
  8
0
 10
7921.040648
 20
41257.000000
 42
0.000000
  0
VERTEX
  8
0
 10
7918.873257
 20
41261.248437
 42
0.017328
  0
VERTEX
  8
0
 10
7915.124373
 20
41268.007595
 42
0.008825
  0
VERTEX
  8
0
 10
7909.974431
 20
41276.245679
 42
0.008680
  0
VERTEX
  8
0
 10
7904.276504
 20
41284.687817
 42
0.011526
  0
VERTEX
  8
0
 10
7898.788049
 20
41292.150624
 42
0.047585
  0
VERTEX
  8
0
 10
7869.542107
 20
41323.401697
 42
0.047292
  0
VERTEX
  8
0
 10
7834.858487
 20
41348.632630
 42
0.047263
  0
VERTEX
  8
0
 10
7796.030562
 20
41366.909579
 42
0.047405
  0
VERTEX
  8
0
 10
7754.500000
 20
41377.547308
 42
0.025290
  0
VERTEX
  8
0
 10
7743.146598
 20
41378.748894
 42
0.007587
  0
VERTEX
  8
0
 10
7725.769754
 20
41379.439107
 42
0.007583
  0
VERTEX
  8
0
 10
7708.382608
 20
41379.601834
 42
0.025361
  0
SEQEND
  0
POLYLINE
  8
0
 66
1
 70
1
  0
VERTEX
  8
0
 10
7743.789414
 20
41357.944588
 42
-0.036881
  0
VERTEX
  8
0
 10
7770.523019
 20
41353.024923
 42
-0.032995
  0
VERTEX
  8
0
 10
7797.290506
 20
41344.104407
 42
-0.032765
  0
VERTEX
  8
0
 10
7822.845197
 20
41331.660420
 42
-0.035031
  0
VERTEX
  8
0
 10
7845.960895
 20
41316.226777
 42
-0.020563
  0
VERTEX
  8
0
 10
7854.767787
 20
41308.811096
 42
-0.011324
  0
VERTEX
  8
0
 10
7864.941390
 20
41299.071288
 42
-0.011324
  0
VERTEX
  8
0
 10
7874.575946
 20
41288.972639
 42
-0.022432
  0
VERTEX
  8
0
 10
7881.659119
 20
41280.466627
 42
-0.008707
  0
VERTEX
  8
0
 10
7886.445585
 20
41273.930856
 42
-0.006071
  0
VERTEX
  8
0
 10
7891.626289
 20
41266.399558
 42
-0.001883
  0
VERTEX
  8
0
 10
7896.595250
 20
41258.924144
 42
-0.146760
  0
VERTEX
  8
0
 10
7897.000000
 20
41257.574894
 42
-0.413248
  0
VERTEX
  8
0
 10
7896.763947
 20
41257.338061
 42
-0.000010
  0
VERTEX
  8
0
 10
7845.153125
 20
41257.168875
 42
-0.000509
  0
VERTEX
  8
0
 10
7788.179079
 20
41257.041311
 42
-0.000305
  0
VERTEX
  8
0
 10
7720.500000
 20
41257.000000
 42
-0.000304
  0
VERTEX
  8
0
 10
7652.820921
 20
41257.041098
 42
-0.000506
  0
VERTEX
  8
0
 10
7595.846875
 20
41257.168004
 42
-0.000010
  0
VERTEX
  8
0
 10
7544.234842
 20
41257.336317
 42
-0.413253
  0
VERTEX
  8
0
 10
7544.000000
 20
41257.571930
 42
-0.139440
  0
VERTEX
  8
0
 10
7544.454350
 20
41259.169450
 42
-0.005062
  0
VERTEX
  8
0
 10
7547.871933
 20
41264.568729
 42
-0.009124
  0
VERTEX
  8
0
 10
7552.062308
 20
41270.791003
 42
-0.006816
  0
VERTEX
  8
0
 10
7556.898289
 20
41277.500000
 42
-0.022896
  0
VERTEX
  8
0
 10
7564.736605
 20
41287.114443
 42
-0.012119
  0
VERTEX
  8
0
 10
7575.268771
 20
41298.329639
 42
-0.012115
  0
VERTEX
  8
0
 10
7586.264634
 20
41308.956401
 42
-0.024306
  0
VERTEX
  8
0
 10
7595.533373
 20
41316.692310
 42
-0.029149
  0
VERTEX
  8
0
 10
7617.687364
 20
41331.481248
 42
-0.032244
  0
VERTEX
  8
0
 10
7640.695558
 20
41343.049277
 42
-0.032444
  0
VERTEX
  8
0
 10
7664.868157
 20
41351.505932
 42
-0.030257
  0
VERTEX
  8
0
 10
7690.500000
 20
41357.000662
 42
-0.021683
  0
VERTEX
  8
0
 10
7702.236766
 20
41358.265126
 42
-0.011563
  0
VERTEX
  8
0
 10
7716.827330
 20
41358.861293
 42
-0.011550
  0
VERTEX
  8
0
 10
7731.562277
 20
41358.781910
 42
-0.019947
  0
SEQEND
  0
POLYLINE
  8
0
 66
1
 70
1
  0
VERTEX
  8
0
 10
7897.000000
 20
41052.428070
 42
-0.139270
  0
VERTEX
  8
0
 10
7896.548922
 20
41050.840039
 42
-0.005105
  0
VERTEX
  8
0
 10
7893.170702
 20
41045.496069
 42
-0.009249
  0
VERTEX
  8
0
 10
7889.055906
 20
41039.382774
 42
-0.007194
  0
VERTEX
  8
0
 10
7884.364403
 20
41032.884615
 42
-0.049125
  0
VERTEX
  8
0
 10
7857.376099
 20
41003.201362
 42
-0.049277
  0
VERTEX
  8
0
 10
7825.141947
 20
40979.387923
 42
-0.049110
  0
VERTEX
  8
0
 10
7788.763368
 20
40962.276852
 42
-0.048129
  0
VERTEX
  8
0
 10
7749.500000
 20
40952.446215
 42
-0.024943
  0
VERTEX
  8
0
 10
7736.741586
 20
40951.175462
 42
-0.012298
  0
VERTEX
  8
0
 10
7720.444216
 20
40950.771153
 42
-0.012294
  0
VERTEX
  8
0
 10
7704.170705
 20
40951.167943
 42
-0.025321
  0
VERTEX
  8
0
 10
7691.500000
 20
40952.434089
 42
-0.029919
  0
VERTEX
  8
0
 10
7666.042178
 20
40957.861516
 42
-0.031214
  0
VERTEX
  8
0
 10
7641.782257
 20
40966.232896
 42
-0.031294
  0
VERTEX
  8
0
 10
7618.810247
 20
40977.535836
 42
-0.030409
  0
VERTEX
  8
0
 10
7597.197294
 20
40991.715077
 42
-0.021922
  0
VERTEX
  8
0
 10
7588.987021
 20
40998.426053
 42
-0.009814
  0
VERTEX
  8
0
 10
7578.768473
 20
41007.921160
 42
-0.009833
  0
VERTEX
  8
0
 10
7568.886016
 20
41017.855359
 42
-0.020871
  0
VERTEX
  8
0
 10
7561.722608
 20
41026.000000
 42
-0.013543
  0
VERTEX
  8
0
 10
7556.521373
 20
41032.805566
 42
-0.007285
  0
VERTEX
  8
0
 10
7550.462280
 20
41041.457974
 42
-0.002603
  0
VERTEX
  8
0
 10
7544.560777
 20
41050.250383
 42
-0.147540
  0
VERTEX
  8
0
 10
7544.000000
 20
41052.109440
 42
-0.412701
  0
VERTEX
  8
0
 10
7544.384985
 20
41052.496420
 42
-0.000030
  0
VERTEX
  8
0
 10
7593.797487
 20
41052.748739
 42
-0.000831
  0
VERTEX
  8
0
 10
7650.133883
 20
41052.939390
 42
-0.000431
  0
VERTEX
  8
0
 10
7720.500000
 20
41053.000000
 42
-0.000304
  0
VERTEX
  8
0
 10
7788.179079
 20
41052.958902
 42
-0.000506
  0
VERTEX
  8
0
 10
7845.153125
 20
41052.831996
 42
-0.000010
  0
VERTEX
  8
0
 10
7896.765158
 20
41052.663683
 42
-0.413253
  0
SEQEND
  0
POLYLINE
  8
0
 66
1
 70
1
  0
VERTEX
  8
0
 10
14908.500000
 20
40675.977918
 42
0.044557
  0
VERTEX
  8
0
 10
14839.768485
 20
40665.731382
 42
0.044762
  0
VERTEX
  8
0
 10
14774.050206
 20
40643.477108
 42
0.044793
  0
VERTEX
  8
0
 10
14713.382411
 20
40609.899423
 42
0.044745
  0
VERTEX
  8
0
 10
14659.641288
 20
40566.043332
 42
0.042220
  0
VERTEX
  8
0
 10
14615.139429
 20
40514.531564
 42
0.044475
  0
VERTEX
  8
0
 10
14580.790458
 20
40457.129510
 42
0.044231
  0
VERTEX
  8
0
 10
14556.986869
 20
40394.260202
 42
0.040877
  0
VERTEX
  8
0
 10
14543.826785
 20
40326.500000
 42
0.021571
  0
VERTEX
  8
0
 10
14542.810966
 20
40311.357410
 42
0.005969
  0
VERTEX
  8
0
 10
14542.527062
 20
40287.522174
 42
0.005975
  0
VERTEX
  8
0
 10
14542.812617
 20
40263.681363
 42
0.021462
  0
VERTEX
  8
0
 10
14543.828917
 20
40248.500000
 42
0.015763
  0
VERTEX
  8
0
 10
14547.649411
 20
40221.639098
 42
0.016976
  0
VERTEX
  8
0
 10
14553.082979
 20
40195.734658
 42
0.017073
  0
VERTEX
  8
0
 10
14560.228098
 20
40170.396058
 42
0.016351
  0
VERTEX
  8
0
 10
14569.177788
 20
40145.231165
 42
0.075124
  0
VERTEX
  8
0
 10
14626.965472
 20
40045.315184
 42
0.074570
  0
VERTEX
  8
0
 10
14711.820545
 20
39966.642780
 42
0.074589
  0
VERTEX
  8
0
 10
14816.000631
 20
39916.338408
 42
0.075221
  0
VERTEX
  8
0
 10
14930.050106
 20
39899.010317
 42
0.041704
  0
VERTEX
  8
0
 10
14995.631082
 20
39904.448607
 42
0.042580
  0
VERTEX
  8
0
 10
15058.928917
 20
39920.692309
 42
0.042472
  0
VERTEX
  8
0
 10
15118.705483
 20
39947.473281
 42
0.041062
  0
VERTEX
  8
0
 10
15173.820123
 20
39984.230232
 42
0.020354
  0
VERTEX
  8
0
 10
15187.199374
 20
39995.752360
 42
0.007830
  0
VERTEX
  8
0
 10
15204.852845
 20
40012.778744
 42
0.007800
  0
VERTEX
  8
0
 10
15221.914893
 20
40030.296518
 42
0.021177
  0
VERTEX
  8
0
 10
15233.265203
 20
40043.388216
 42
0.011731
  0
VERTEX
  8
0
 10
15246.886513
 20
40061.363445
 42
0.015264
  0
VERTEX
  8
0
 10
15258.453490
 20
40078.472898
 42
0.015202
  0
VERTEX
  8
0
 10
15268.991695
 20
40096.313321
 42
0.011481
  0
VERTEX
  8
0
 10
15279.505861
 20
40116.500000
 42
0.009653
  0
VERTEX
  8
0
 10
15287.147642
 20
40132.820174
 42
0.011578
  0
VERTEX
  8
0
 10
15293.680938
 20
40148.470640
 42
0.011908
  0
VERTEX
  8
0
 10
15299.327271
 20
40164.011649
 42
0.011466
  0
VERTEX
  8
0
 10
15304.303649
 20
40180.000000
 42
0.045469
  0
VERTEX
  8
0
 10
15317.747217
 20
40250.687143
 42
0.046428
  0
VERTEX
  8
0
 10
15318.052657
 20
40322.138692
 42
0.046452
  0
VERTEX
  8
0
 10
15305.171816
 20
40392.385747
 42
0.045612
  0
VERTEX
  8
0
 10
15279.499229
 20
40459.500000
 42
0.059213
  0
VERTEX
  8
0
 10
15229.860549
 20
40536.131730
 42
0.058994
  0
VERTEX
  8
0
 10
15163.588659
 20
40599.102490
 42
0.058951
  0
VERTEX
  8
0
 10
15084.395700
 20
40644.892874
 42
0.058964
  0
VERTEX
  8
0
 10
14996.709747
 20
40670.934245
 42
0.016283
  0
VERTEX
  8
0
 10
14975.770002
 20
40673.849508
 42
0.012164
  0
VERTEX
  8
0
 10
14952.538313
 20
40675.745748
 42
0.012196
  0
VERTEX
  8
0
 10
14929.337973
 20
40676.505247
 42
0.016819
  0
SEQEND
  0
POLYLINE
  8
0
 66
1
 70
1
  0
VERTEX
  8
0
 10
14964.500000
 20
40489.593357
 42
-0.033380
  0
VERTEX
  8
0
 10
14995.158711
 20
40481.860191
 42
-0.038193
  0
VERTEX
  8
0
 10
15023.111221
 20
40470.364813
 42
-0.038841
  0
VERTEX
  8
0
 10
15048.587403
 20
40454.949349
 42
-0.036827
  0
VERTEX
  8
0
 10
15071.861196
 20
40435.527643
 42
-0.018392
  0
VERTEX
  8
0
 10
15085.091484
 20
40421.745658
 42
-0.023634
  0
VERTEX
  8
0
 10
15096.150252
 20
40408.096491
 42
-0.024028
  0
VERTEX
  8
0
 10
15105.727688
 20
40393.656322
 42
-0.020132
  0
VERTEX
  8
0
 10
15114.497962
 20
40377.500000
 42
-0.021059
  0
VERTEX
  8
0
 10
15121.379233
 20
40361.879866
 42
-0.021021
  0
VERTEX
  8
0
 10
15126.926620
 20
40345.726928
 42
-0.020925
  0
VERTEX
  8
0
 10
15131.120036
 20
40329.091255
 42
-0.020415
  0
VERTEX
  8
0
 10
15133.948666
 20
40312.026234
 42
-0.023339
  0
VERTEX
  8
0
 10
15134.799212
 20
40300.968747
 42
-0.009937
  0
VERTEX
  8
0
 10
15134.951098
 20
40286.117093
 42
-0.009962
  0
VERTEX
  8
0
 10
15134.510177
 20
40271.210063
 42
-0.022276
  0
VERTEX
  8
0
 10
15133.446060
 20
40259.927487
 42
-0.066004
  0
VERTEX
  8
0
 10
15119.044999
 20
40207.973281
 42
-0.065974
  0
VERTEX
  8
0
 10
15091.601256
 20
40161.558021
 42
-0.065999
  0
VERTEX
  8
0
 10
15053.026003
 20
40123.908002
 42
-0.066143
  0
VERTEX
  8
0
 10
15006.000000
 20
40097.643110
 42
-0.022874
  0
VERTEX
  8
0
 10
14987.797806
 20
40091.377372
 42
-0.025694
  0
VERTEX
  8
0
 10
14969.787231
 20
40087.076501
 42
-0.025216
  0
VERTEX
  8
0
 10
14951.134185
 20
40084.588345
 42
-0.020550
  0
VERTEX
  8
0
 10
14931.000000
 20
40083.760494
 42
-0.020257
  0
VERTEX
  8
0
 10
14911.230835
 20
40084.561743
 42
-0.024470
  0
VERTEX
  8
0
 10
14892.813322
 20
40086.968602
 42
-0.025076
  0
VERTEX
  8
0
 10
14875.109227
 20
40091.095581
 42
-0.023391
  0
VERTEX
  8
0
 10
14857.482632
 20
40097.053157
 42
-0.064941
  0
VERTEX
  8
0
 10
14809.746796
 20
40123.280703
 42
-0.066998
  0
VERTEX
  8
0
 10
14770.901580
 20
40160.639975
 42
-0.066941
  0
VERTEX
  8
0
 10
14743.291630
 20
40206.971324
 42
-0.064649
  0
VERTEX
  8
0
 10
14728.492488
 20
40259.500000
 42
-0.024305
  0
VERTEX
  8
0
 10
14727.272519
 20
40272.050842
 42
-0.012114
  0
VERTEX
  8
0
 10
14726.888112
 20
40288.018309
 42
-0.012110
  0
VERTEX
  8
0
 10
14727.276621
 20
40303.953275
 42
-0.024810
  0
VERTEX
  8
0
 10
14728.501448
 20
40316.385410
 42
-0.032430
  0
VERTEX
  8
0
 10
14734.358143
 20
40343.510329
 42
-0.032981
  0
VERTEX
  8
0
 10
14743.649485
 20
40369.492992
 42
-0.033265
  0
VERTEX
  8
0
 10
14756.186075
 20
40393.818225
 42
-0.034320
  0
VERTEX
  8
0
 10
14771.721995
 20
40416.000000
 42
-0.018475
  0
VERTEX
  8
0
 10
14778.298128
 20
40423.550290
 42
-0.008862
  0
VERTEX
  8
0
 10
14787.256637
 20
40432.766557
 42
-0.008853
  0
VERTEX
  8
0
 10
14796.507625
 20
40441.632545
 42
-0.019082
  0
VERTEX
  8
0
 10
14804.000000
 20
40448.050145
 42
-0.034241
  0
VERTEX
  8
0
 10
14826.283180
 20
40463.349562
 42
-0.032725
  0
VERTEX
  8
0
 10
14850.777542
 20
40475.723779
 42
-0.032505
  0
VERTEX
  8
0
 10
14876.845986
 20
40484.868208
 42
-0.032713
  0
VERTEX
  8
0
 10
14903.824421
 20
40490.533425
 42
-0.029795
  0
VERTEX
  8
0
 10
14916.087098
 20
40491.541304
 42
-0.009482
  0
VERTEX
  8
0
 10
14934.420330
 20
40491.604931
 42
-0.009381
  0
VERTEX
  8
0
 10
14952.674679
 20
40490.979423
 42
-0.031844
  0
SEQEND
  0
POLYLINE
  8
0
 66
1
 70
1
  0
VERTEX
  8
0
 10
21141.500000
 20
40675.977918
 42
0.060970
  0
VERTEX
  8
0
 10
21048.002852
 20
40658.894327
 42
0.061493
  0
VERTEX
  8
0
 10
20961.675818
 20
40619.788369
 42
0.061317
  0
VERTEX
  8
0
 10
20887.242222
 20
40560.738594
 42
0.060002
  0
VERTEX
  8
0
 10
20828.727595
 20
40485.000000
 42
0.033213
  0
VERTEX
  8
0
 10
20806.758841
 20
40441.915817
 42
0.031722
  0
VERTEX
  8
0
 10
20790.301700
 20
40395.644516
 42
0.031473
  0
VERTEX
  8
0
 10
20779.724278
 20
40347.292602
 42
0.031482
  0
VERTEX
  8
0
 10
20775.300790
 20
40298.000000
 42
0.047549
  0
VERTEX
  8
0
 10
20780.425390
 20
40223.270963
 42
0.048813
  0
VERTEX
  8
0
 10
20799.587720
 20
40151.539134
 42
0.048623
  0
VERTEX
  8
0
 10
20832.382518
 20
40084.635564
 42
0.046469
  0
VERTEX
  8
0
 10
20877.912757
 20
40024.218550
 42
0.022306
  0
VERTEX
  8
0
 10
20898.408577
 20
40003.635563
 42
0.018175
  0
VERTEX
  8
0
 10
20922.067292
 20
39983.440971
 42
0.018056
  0
VERTEX
  8
0
 10
20947.328598
 20
39964.862906
 42
0.021021
  0
VERTEX
  8
0
 10
20972.643904
 20
39949.133198
 42
0.032482
  0
VERTEX
  8
0
 10
21017.263400
 20
39927.634863
 42
0.031673
  0
VERTEX
  8
0
 10
21064.664617
 20
39911.888337
 42
0.031681
  0
VERTEX
  8
0
 10
21113.663506
 20
39902.258328
 42
0.032536
  0
VERTEX
  8
0
 10
21163.050106
 20
39899.010317
 42
0.047975
  0
VERTEX
  8
0
 10
21238.313001
 20
39906.201047
 42
0.048915
  0
VERTEX
  8
0
 10
21310.314797
 20
39927.599496
 42
0.049004
  0
VERTEX
  8
0
 10
21376.670587
 20
39962.530693
 42
0.048504
  0
VERTEX
  8
0
 10
21435.208040
 20
40009.811994
 42
0.013824
  0
VERTEX
  8
0
 10
21453.403101
 20
40028.697048
 42
0.016958
  0
VERTEX
  8
0
 10
21469.280233
 20
40047.348083
 42
0.017351
  0
VERTEX
  8
0
 10
21483.552961
 20
40066.653662
 42
0.015810
  0
VERTEX
  8
0
 10
21496.923827
 20
40087.500000
 42
0.058304
  0
VERTEX
  8
0
 10
21534.657378
 20
40171.495710
 42
0.059500
  0
VERTEX
  8
0
 10
21551.648744
 20
40261.356560
 42
0.059497
  0
VERTEX
  8
0
 10
21547.001367
 20
40352.695604
 42
0.058287
  0
VERTEX
  8
0
 10
21521.008443
 20
40441.044574
 42
0.067336
  0
VERTEX
  8
0
 10
21468.484720
 20
40529.257418
 42
0.066383
  0
VERTEX
  8
0
 10
21394.187757
 20
40600.828266
 42
0.066344
  0
VERTEX
  8
0
 10
21303.689918
 20
40650.461009
 42
0.067122
  0
VERTEX
  8
0
 10
21203.709747
 20
40674.410003
 42
0.010937
  0
VERTEX
  8
0
 10
21188.658251
 20
40675.604441
 42
0.008030
  0
VERTEX
  8
0
 10
21171.929058
 20
40676.295043
 42
0.008114
  0
VERTEX
  8
0
 10
21155.523720
 20
40676.442216
 42
0.012920
  0
SEQEND
  0
POLYLINE
  8
0
 66
1
 70
1
  0
VERTEX
  8
0
 10
21199.500000
 20
40489.125142
 42
-0.035559
  0
VERTEX
  8
0
 10
21231.248063
 20
40480.776402
 42
-0.040495
  0
VERTEX
  8
0
 10
21260.081742
 20
40468.272497
 42
-0.040735
  0
VERTEX
  8
0
 10
21286.379420
 20
40451.358981
 42
-0.036774
  0
VERTEX
  8
0
 10
21310.567050
 20
40429.865510
 42
-0.039037
  0
VERTEX
  8
0
 10
21331.372291
 20
40404.798480
 42
-0.040316
  0
VERTEX
  8
0
 10
21347.778547
 20
40377.061174
 42
-0.040315
  0
VERTEX
  8
0
 10
21359.521379
 20
40347.049484
 42
-0.039028
  0
VERTEX
  8
0
 10
21366.451815
 20
40315.215618
 42
-0.021493
  0
VERTEX
  8
0
 10
21367.505752
 20
40303.960309
 42
-0.010154
  0
VERTEX
  8
0
 10
21367.944537
 20
40289.377301
 42
-0.010125
  0
VERTEX
  8
0
 10
21367.792657
 20
40274.882981
 42
-0.023069
  0
VERTEX
  8
0
 10
21366.952543
 20
40263.973766
 42
-0.066209
  0
VERTEX
  8
0
 10
21353.025421
 20
40210.593058
 42
-0.067171
  0
VERTEX
  8
0
 10
21325.672085
 20
40162.993762
 42
-0.067372
  0
VERTEX
  8
0
 10
21286.765702
 20
40124.463711
 42
-0.067284
  0
VERTEX
  8
0
 10
21239.000000
 20
40097.643110
 42
-0.022853
  0
VERTEX
  8
0
 10
21220.784530
 20
40091.371951
 42
-0.025636
  0
VERTEX
  8
0
 10
21202.753159
 20
40087.062289
 42
-0.025187
  0
VERTEX
  8
0
 10
21184.096162
 20
40084.566480
 42
-0.020658
  0
VERTEX
  8
0
 10
21164.000000
 20
40083.735838
 42
-0.020873
  0
VERTEX
  8
0
 10
21143.410257
 20
40084.595761
 42
-0.026425
  0
VERTEX
  8
0
 10
21124.543146
 20
40087.183755
 42
-0.026678
  0
VERTEX
  8
0
 10
21106.201330
 20
40091.720928
 42
-0.021980
  0
VERTEX
  8
0
 10
21087.194665
 20
40098.439894
 42
-0.065950
  0
VERTEX
  8
0
 10
21040.859888
 20
40124.690627
 42
-0.065355
  0
VERTEX
  8
0
 10
21002.797905
 20
40162.170462
 42
-0.065322
  0
VERTEX
  8
0
 10
20975.683689
 20
40208.222895
 42
-0.065766
  0
VERTEX
  8
0
 10
20961.445376
 20
40259.606092
 42
-0.022235
  0
VERTEX
  8
0
 10
20960.215544
 20
40272.579719
 42
-0.012609
  0
VERTEX
  8
0
 10
20959.823659
 20
40288.356881
 42
-0.012618
  0
VERTEX
  8
0
 10
20960.224413
 20
40303.997615
 42
-0.024115
  0
VERTEX
  8
0
 10
20961.467114
 20
40316.500000
 42
-0.079499
  0
VERTEX
  8
0
 10
20981.398535
 20
40379.599008
 42
-0.081317
  0
VERTEX
  8
0
 10
21019.919729
 20
40432.777564
 42
-0.081215
  0
VERTEX
  8
0
 10
21073.435100
 20
40470.946191
 42
-0.079022
  0
VERTEX
  8
0
 10
21136.824421
 20
40490.537979
 42
-0.029856
  0
VERTEX
  8
0
 10
21149.870324
 20
40491.614688
 42
-0.011298
  0
VERTEX
  8
0
 10
21168.167006
 20
40491.615716
 42
-0.011307
  0
VERTEX
  8
0
 10
21186.457923
 20
40490.789283
 42
-0.029582
  0
SEQEND
  0
POLYLINE
  8
0
 66
1
 70
1
  0
VERTEX
  8
0
 10
14911.000000
 20
39637.314010
 42
0.012253
  0
VERTEX
  8
0
 10
14900.304233
 20
39636.556313
 42
0.005658
  0
VERTEX
  8
0
 10
14886.434074
 20
39635.072930
 42
0.005672
  0
VERTEX
  8
0
 10
14872.383750
 20
39633.247430
 42
0.010471
  0
VERTEX
  8
0
 10
14861.016034
 20
39631.395568
 42
0.044262
  0
VERTEX
  8
0
 10
14794.151008
 20
39612.825786
 42
0.044647
  0
VERTEX
  8
0
 10
14731.802811
 20
39582.816216
 42
0.044577
  0
VERTEX
  8
0
 10
14675.685740
 20
39542.164200
 42
0.043841
  0
VERTEX
  8
0
 10
14627.319622
 20
39492.000000
 42
0.015579
  0
VERTEX
  8
0
 10
14618.460793
 20
39480.307274
 42
0.007332
  0
VERTEX
  8
0
 10
14607.716891
 20
39464.688612
 42
0.007345
  0
VERTEX
  8
0
 10
14597.335615
 20
39448.605838
 42
0.014115
  0
VERTEX
  8
0
 10
14589.574708
 20
39435.368613
 42
0.041376
  0
VERTEX
  8
0
 10
14564.336924
 20
39378.754919
 42
0.039651
  0
VERTEX
  8
0
 10
14548.331963
 20
39317.950256
 42
0.039636
  0
VERTEX
  8
0
 10
14542.121891
 20
39255.358174
 42
0.041271
  0
VERTEX
  8
0
 10
14546.018338
 20
39193.427946
 42
0.056498
  0
VERTEX
  8
0
 10
14568.684291
 20
39107.604769
 42
0.057225
  0
VERTEX
  8
0
 10
14609.921516
 20
39029.430028
 42
0.057242
  0
VERTEX
  8
0
 10
14667.791272
 20
38962.656941
 42
0.056596
  0
VERTEX
  8
0
 10
14739.500000
 20
38910.452444
 42
0.025549
  0
VERTEX
  8
0
 10
14774.247940
 20
38893.014614
 42
0.025637
  0
VERTEX
  8
0
 10
14810.554215
 20
38879.234044
 42
0.025176
  0
VERTEX
  8
0
 10
14848.711990
 20
38869.035789
 42
0.022771
  0
VERTEX
  8
0
 10
14889.000000
 20
38862.315493
 42
0.021118
  0
VERTEX
  8
0
 10
14905.324497
 20
38861.047484
 42
0.007212
  0
VERTEX
  8
0
 10
14929.078806
 20
38860.551775
 42
0.007138
  0
VERTEX
  8
0
 10
14952.731045
 20
38860.737103
 42
0.022706
  0
VERTEX
  8
0
 10
14968.500000
 20
38861.803399
 42
0.019683
  0
VERTEX
  8
0
 10
15005.408839
 20
38867.467815
 42
0.022933
  0
VERTEX
  8
0
 10
15039.894900
 20
38875.815799
 42
0.023362
  0
VERTEX
  8
0
 10
15072.907854
 20
38887.126234
 42
0.022014
  0
VERTEX
  8
0
 10
15105.398606
 20
38901.667252
 42
0.019068
  0
VERTEX
  8
0
 10
15133.034354
 20
38916.871204
 42
0.021750
  0
VERTEX
  8
0
 10
15158.207494
 20
38933.529411
 42
0.021573
  0
VERTEX
  8
0
 10
15182.012898
 20
38952.436677
 42
0.018188
  0
VERTEX
  8
0
 10
15205.546091
 20
38974.392287
 42
0.017259
  0
VERTEX
  8
0
 10
15227.425456
 20
38997.916835
 42
0.021587
  0
VERTEX
  8
0
 10
15245.972232
 20
39021.255075
 42
0.021770
  0
VERTEX
  8
0
 10
15262.312970
 20
39045.937256
 42
0.018082
  0
VERTEX
  8
0
 10
15277.553771
 20
39073.500000
 42
0.055117
  0
VERTEX
  8
0
 10
15307.697174
 20
39153.869630
 42
0.055589
  0
VERTEX
  8
0
 10
15319.440332
 20
39238.650509
 42
0.055550
  0
VERTEX
  8
0
 10
15312.219332
 20
39323.990958
 42
0.054889
  0
VERTEX
  8
0
 10
15286.391376
 20
39406.011612
 42
0.017607
  0
VERTEX
  8
0
 10
15275.630849
 20
39428.290731
 42
0.015444
  0
VERTEX
  8
0
 10
15262.876201
 20
39450.773098
 42
0.015321
  0
VERTEX
  8
0
 10
15248.637709
 20
39472.621387
 42
0.016521
  0
VERTEX
  8
0
 10
15233.425358
 20
39493.000000
 42
0.018263
  0
VERTEX
  8
0
 10
15221.511405
 20
39506.838325
 42
0.009065
  0
VERTEX
  8
0
 10
15205.464310
 20
39523.538361
 42
0.009053
  0
VERTEX
  8
0
 10
15188.910290
 20
39539.561404
 42
0.019288
  0
VERTEX
  8
0
 10
15175.432038
 20
39551.203283
 42
0.044091
  0
VERTEX
  8
0
 10
15115.838558
 20
39590.736721
 42
0.045729
  0
VERTEX
  8
0
 10
15050.942906
 20
39618.650321
 42
0.045802
  0
VERTEX
  8
0
 10
14982.152785
 20
39634.269799
 42
0.044517
  0
SEQEND
  0
POLYLINE
  8
0
 66
1
 70
1
  0
VERTEX
  8
0
 10
14959.072513
 20
39451.446060
 42
-0.082111
  0
VERTEX
  8
0
 10
15022.848630
 20
39431.547404
 42
-0.082468
  0
VERTEX
  8
0
 10
15076.718292
 20
39392.199723
 42
-0.082274
  0
VERTEX
  8
0
 10
15115.074325
 20
39337.460872
 42
-0.081187
  0
VERTEX
  8
0
 10
15133.952543
 20
39273.026234
 42
-0.014765
  0
VERTEX
  8
0
 10
15134.356272
 20
39268.718977
 42
-0.005090
  0
VERTEX
  8
0
 10
15134.692309
 20
39262.473100
 42
-0.005053
  0
VERTEX
  8
0
 10
15134.923202
 20
39255.575711
 42
-0.005839
  0
VERTEX
  8
0
 10
15135.000000
 20
39249.000000
 42
-0.005839
  0
VERTEX
  8
0
 10
15134.923202
 20
39242.424289
 42
-0.005053
  0
VERTEX
  8
0
 10
15134.692309
 20
39235.526900
 42
-0.005090
  0
VERTEX
  8
0
 10
15134.356272
 20
39229.281023
 42
-0.014765
  0
VERTEX
  8
0
 10
15133.952543
 20
39224.973766
 42
-0.067499
  0
VERTEX
  8
0
 10
15119.672889
 20
39170.811994
 42
-0.068334
  0
VERTEX
  8
0
 10
15091.520833
 20
39122.657466
 42
-0.068502
  0
VERTEX
  8
0
 10
15051.503342
 20
39083.968802
 42
-0.068390
  0
VERTEX
  8
0
 10
15002.500000
 20
39057.505373
 42
-0.022484
  0
VERTEX
  8
0
 10
14985.283640
 20
39051.921506
 42
-0.023885
  0
VERTEX
  8
0
 10
14967.976953
 20
39048.034873
 42
-0.023402
  0
VERTEX
  8
0
 10
14950.056889
 20
39045.758474
 42
-0.019892
  0
VERTEX
  8
0
 10
14931.000000
 20
39045.000000
 42
-0.007262
  0
VERTEX
  8
0
 10
14923.475488
 20
39045.109291
 42
-0.006563
  0
VERTEX
  8
0
 10
14915.698707
 20
39045.437453
 42
-0.006810
  0
VERTEX
  8
0
 10
14908.522878
 20
39045.932781
 42
-0.014012
  0
VERTEX
  8
0
 10
14902.927487
 20
39046.553940
 42
-0.080592
  0
VERTEX
  8
0
 10
14840.127786
 20
39065.940178
 42
-0.081119
  0
VERTEX
  8
0
 10
14786.836859
 20
39104.157465
 42
-0.080899
  0
VERTEX
  8
0
 10
14748.363338
 20
39157.446318
 42
-0.079536
  0
VERTEX
  8
0
 10
14728.502679
 20
39220.500000
 42
-0.028665
  0
VERTEX
  8
0
 10
14726.860353
 20
39238.885537
 42
-0.021053
  0
VERTEX
  8
0
 10
14727.071678
 20
39259.355110
 42
-0.020981
  0
VERTEX
  8
0
 10
14729.010419
 20
39279.836053
 42
-0.027592
  0
VERTEX
  8
0
 10
14732.582943
 20
39298.262372
 42
-0.073647
  0
VERTEX
  8
0
 10
14755.746461
 20
39354.025656
 42
-0.073787
  0
VERTEX
  8
0
 10
14794.066141
 20
39400.640834
 42
-0.073910
  0
VERTEX
  8
0
 10
14844.207516
 20
39434.060985
 42
-0.074281
  0
VERTEX
  8
0
 10
14901.815962
 20
39451.381380
 42
-0.025269
  0
VERTEX
  8
0
 10
14913.892946
 20
39452.510755
 42
-0.010397
  0
VERTEX
  8
0
 10
14930.334755
 20
39452.871270
 42
-0.010418
  0
VERTEX
  8
0
 10
14946.819413
 20
39452.546400
 42
-0.024516
  0
SEQEND
  0
POLYLINE
  8
0
 66
1
 70
1
  0
VERTEX
  8
0
 10
15950.000000
 20
39637.314010
 42
0.007956
  0
VERTEX
  8
0
 10
15946.532005
 20
39637.098270
 42
0.002113
  0
VERTEX
  8
0
 10
15941.007835
 20
39636.642794
 42
0.002143
  0
VERTEX
  8
0
 10
15934.729426
 20
39636.071290
 42
0.002205
  0
VERTEX
  8
0
 10
15928.516034
 20
39635.451182
 42
0.055918
  0
VERTEX
  8
0
 10
15845.420723
 20
39617.252791
 42
0.054655
  0
VERTEX
  8
0
 10
15767.737616
 20
39581.010428
 42
0.054728
  0
VERTEX
  8
0
 10
15699.843740
 20
39528.851627
 42
0.056367
  0
VERTEX
  8
0
 10
15645.639543
 20
39463.677167
 42
0.030058
  0
VERTEX
  8
0
 10
15620.658570
 20
39420.152778
 42
0.032487
  0
VERTEX
  8
0
 10
15601.797830
 20
39375.040556
 42
0.032503
  0
VERTEX
  8
0
 10
15588.946983
 20
39327.886063
 42
0.030148
  0
VERTEX
  8
0
 10
15581.913322
 20
39278.262893
 42
0.017861
  0
VERTEX
  8
0
 10
15581.135180
 20
39260.907798
 42
0.008640
  0
VERTEX
  8
0
 10
15581.317318
 20
39238.674657
 42
0.008632
  0
VERTEX
  8
0
 10
15582.264216
 20
39216.530951
 42
0.018462
  0
VERTEX
  8
0
 10
15583.920009
 20
39199.500000
 42
0.029430
  0
VERTEX
  8
0
 10
15593.256540
 20
39151.645113
 42
0.031146
  0
VERTEX
  8
0
 10
15608.023958
 20
39106.139479
 42
0.031247
  0
VERTEX
  8
0
 10
15628.277745
 20
39062.954531
 42
0.030031
  0
VERTEX
  8
0
 10
15653.996406
 20
39022.029166
 42
0.027868
  0
VERTEX
  8
0
 10
15679.663217
 20
38990.082531
 42
0.025987
  0
VERTEX
  8
0
 10
15709.299114
 20
38960.393993
 42
0.025959
  0
VERTEX
  8
0
 10
15741.889056
 20
38933.909250
 42
0.027655
  0
VERTEX
  8
0
 10
15776.388390
 20
38911.541681
 42
0.025319
  0
VERTEX
  8
0
 10
15811.570384
 20
38893.701915
 42
0.025779
  0
VERTEX
  8
0
 10
15848.168052
 20
38879.628390
 42
0.025403
  0
VERTEX
  8
0
 10
15886.532298
 20
38869.226359
 42
0.023079
  0
VERTEX
  8
0
 10
15927.000000
 20
38862.370270
 42
0.021471
  0
VERTEX
  8
0
 10
15945.045485
 20
38860.946388
 42
0.008900
  0
VERTEX
  8
0
 10
15969.516788
 20
38860.505714
 42
0.008898
  0
VERTEX
  8
0
 10
15993.981624
 20
38860.936118
 42
0.021541
  0
VERTEX
  8
0
 10
16012.000000
 20
38862.352807
 42
0.032161
  0
VERTEX
  8
0
 10
16067.808161
 20
38872.845265
 42
0.036349
  0
VERTEX
  8
0
 10
16119.498466
 20
38890.136090
 42
0.036420
  0
VERTEX
  8
0
 10
16168.053487
 20
38914.695571
 42
0.032524
  0
VERTEX
  8
0
 10
16214.500000
 20
38946.890192
 42
0.019865
  0
VERTEX
  8
0
 10
16227.617417
 20
38958.184815
 42
0.008784
  0
VERTEX
  8
0
 10
16244.065405
 20
38974.075339
 42
0.008802
  0
VERTEX
  8
0
 10
16260.013192
 20
38990.605630
 42
0.018947
  0
VERTEX
  8
0
 10
16271.572063
 20
39004.000000
 42
0.032477
  0
VERTEX
  8
0
 10
16303.066991
 20
39049.143782
 42
0.035645
  0
VERTEX
  8
0
 10
16327.371980
 20
39096.642534
 42
0.035465
  0
VERTEX
  8
0
 10
16344.779561
 20
39147.331345
 42
0.031532
  0
VERTEX
  8
0
 10
16355.682666
 20
39202.000000
 42
0.025842
  0
VERTEX
  8
0
 10
16357.204509
 20
39220.485692
 42
0.007587
  0
VERTEX
  8
0
 10
16357.640132
 20
39248.967941
 42
0.007595
  0
VERTEX
  8
0
 10
16357.210720
 20
39277.459070
 42
0.025690
  0
VERTEX
  8
0
 10
16355.693872
 20
39296.000000
 42
0.033568
  0
VERTEX
  8
0
 10
16344.246013
 20
39352.442865
 42
0.036418
  0
VERTEX
  8
0
 10
16325.555608
 20
39405.276242
 42
0.036620
  0
VERTEX
  8
0
 10
16299.508090
 20
39454.580339
 42
0.034707
  0
VERTEX
  8
0
 10
16266.123924
 20
39500.500000
 42
0.015876
  0
VERTEX
  8
0
 10
16256.549744
 20
39511.203545
 42
0.007034
  0
VERTEX
  8
0
 10
16243.276244
 20
39524.740336
 42
0.007043
  0
VERTEX
  8
0
 10
16229.592704
 20
39537.931113
 42
0.015442
  0
VERTEX
  8
0
 10
16218.677169
 20
39547.545364
 42
0.045568
  0
VERTEX
  8
0
 10
16158.715708
 20
39588.579941
 42
0.046689
  0
VERTEX
  8
0
 10
16092.787606
 20
39617.687166
 42
0.046685
  0
VERTEX
  8
0
 10
16022.599099
 20
39634.058368
 42
0.045547
  0
SEQEND
  0
POLYLINE
  8
0
 66
1
 70
1
  0
VERTEX
  8
0
 10
15998.072513
 20
39451.446060
 42
-0.055820
  0
VERTEX
  8
0
 10
16041.749834
 20
39440.288497
 42
-0.055286
  0
VERTEX
  8
0
 10
16082.029146
 20
39419.722054
 42
-0.055160
  0
VERTEX
  8
0
 10
16116.902746
 20
39390.777746
 42
-0.055073
  0
VERTEX
  8
0
 10
16144.625356
 20
39354.894860
 42
-0.075917
  0
VERTEX
  8
0
 10
16167.834420
 20
39299.416959
 42
-0.073781
  0
VERTEX
  8
0
 10
16173.738476
 20
39238.982021
 42
-0.073628
  0
VERTEX
  8
0
 10
16161.837702
 20
39179.325465
 42
-0.075092
  0
VERTEX
  8
0
 10
16133.197079
 20
39126.117306
 42
-0.021206
  0
VERTEX
  8
0
 10
16126.545669
 20
39117.994010
 42
-0.009274
  0
VERTEX
  8
0
 10
16117.083268
 20
39107.776692
 42
-0.009288
  0
VERTEX
  8
0
 10
16107.221988
 20
39097.891362
 42
-0.020585
  0
VERTEX
  8
0
 10
16099.268029
 20
39090.817843
 42
-0.034568
  0
VERTEX
  8
0
 10
16076.568094
 20
39074.728268
 42
-0.033756
  0
VERTEX
  8
0
 10
16051.691695
 20
39061.777072
 42
-0.033780
  0
VERTEX
  8
0
 10
16025.316581
 20
39052.298953
 42
-0.034732
  0
VERTEX
  8
0
 10
15998.148154
 20
39046.564490
 42
-0.022905
  0
VERTEX
  8
0
 10
15985.695920
 20
39045.405834
 42
-0.011727
  0
VERTEX
  8
0
 10
15970.008230
 20
39045.036668
 42
-0.011727
  0
VERTEX
  8
0
 10
15954.302141
 20
39045.403911
 42
-0.022644
  0
VERTEX
  8
0
 10
15941.784382
 20
39046.560219
 42
-0.065884
  0
VERTEX
  8
0
 10
15890.361676
 20
39060.734867
 42
-0.065356
  0
VERTEX
  8
0
 10
15844.242744
 20
39087.823304
 42
-0.065403
  0
VERTEX
  8
0
 10
15806.705449
 20
39125.876312
 42
-0.066148
  0
VERTEX
  8
0
 10
15780.439894
 20
39172.194665
 42
-0.021964
  0
VERTEX
  8
0
 10
15773.715838
 20
39191.213815
 42
-0.026616
  0
VERTEX
  8
0
 10
15769.169781
 20
39209.576854
 42
-0.026394
  0
VERTEX
  8
0
 10
15766.573989
 20
39228.448579
 42
-0.020982
  0
VERTEX
  8
0
 10
15765.711181
 20
39249.000000
 42
-0.020982
  0
VERTEX
  8
0
 10
15766.573989
 20
39269.551421
 42
-0.026394
  0
VERTEX
  8
0
 10
15769.169781
 20
39288.423146
 42
-0.026616
  0
VERTEX
  8
0
 10
15773.715838
 20
39306.786185
 42
-0.021964
  0
VERTEX
  8
0
 10
15780.439894
 20
39325.805335
 42
-0.053308
  0
VERTEX
  8
0
 10
15800.490671
 20
39363.372990
 42
-0.051834
  0
VERTEX
  8
0
 10
15828.195314
 20
39396.241549
 42
-0.051971
  0
VERTEX
  8
0
 10
15861.991217
 20
39422.634596
 42
-0.054184
  0
VERTEX
  8
0
 10
15900.048304
 20
39441.060996
 42
-0.011418
  0
VERTEX
  8
0
 10
15909.757636
 20
39444.276551
 42
-0.010725
  0
VERTEX
  8
0
 10
15919.807691
 20
39447.117896
 42
-0.011130
  0
VERTEX
  8
0
 10
15929.473295
 20
39449.399595
 42
-0.016737
  0
VERTEX
  8
0
 10
15938.000000
 20
39450.916760
 42
0.000094
  0
VERTEX
  8
0
 10
15941.054707
 20
39451.355976
 42
0.000102
  0
VERTEX
  8
0
 10
15944.031250
 20
39451.785143
 42
0.000096
  0
VERTEX
  8
0
 10
15946.584183
 20
39452.154261
 42
0.000491
  0
VERTEX
  8
0
 10
15948.000000
 20
39452.360665
 42
-0.035597
  0
VERTEX
  8
0
 10
15956.004909
 20
39452.958803
 42
-0.005421
  0
VERTEX
  8
0
 10
15972.030238
 20
39452.839850
 42
-0.006122
  0
VERTEX
  8
0
 10
15988.154187
 20
39452.347795
 42
-0.023962
  0
SEQEND
  0
POLYLINE
  8
0
 66
1
 70
1
  0
VERTEX
  8
0
 10
16988.500000
 20
39637.391804
 42
0.050918
  0
VERTEX
  8
0
 10
16905.214170
 20
39623.501278
 42
0.053499
  0
VERTEX
  8
0
 10
16827.908527
 20
39593.169450
 42
0.053912
  0
VERTEX
  8
0
 10
16759.309165
 20
39547.385242
 42
0.053226
  0
VERTEX
  8
0
 10
16701.754426
 20
39487.816772
 42
0.033607
  0
VERTEX
  8
0
 10
16672.609311
 20
39444.724187
 42
0.033914
  0
VERTEX
  8
0
 10
16649.598971
 20
39398.243075
 42
0.033499
  0
VERTEX
  8
0
 10
16632.851944
 20
39348.524982
 42
0.031112
  0
VERTEX
  8
0
 10
16622.393478
 20
39295.775205
 42
0.022324
  0
VERTEX
  8
0
 10
16621.059177
 20
39280.803078
 42
0.006293
  0
VERTEX
  8
0
 10
16620.317155
 20
39257.372436
 42
0.006411
  0
VERTEX
  8
0
 10
16620.169756
 20
39233.791940
 42
0.020011
  0
VERTEX
  8
0
 10
16620.908797
 20
39217.939705
 42
0.049079
  0
VERTEX
  8
0
 10
16635.607570
 20
39139.257275
 42
0.051359
  0
VERTEX
  8
0
 10
16665.241790
 20
39066.208515
 42
0.051538
  0
VERTEX
  8
0
 10
16709.029310
 20
39000.952591
 42
0.050081
  0
VERTEX
  8
0
 10
16765.620484
 20
38945.334414
 42
0.013428
  0
VERTEX
  8
0
 10
16776.744107
 20
38936.881806
 42
0.007062
  0
VERTEX
  8
0
 10
16790.988329
 20
38926.951349
 42
0.007062
  0
VERTEX
  8
0
 10
16805.558072
 20
38917.393873
 42
0.012988
  0
VERTEX
  8
0
 10
16817.718985
 20
38910.096474
 42
0.033397
  0
VERTEX
  8
0
 10
16862.029535
 20
38888.816140
 42
0.031062
  0
VERTEX
  8
0
 10
16909.853455
 20
38873.028655
 42
0.031033
  0
VERTEX
  8
0
 10
16959.311454
 20
38863.275502
 42
0.033176
  0
VERTEX
  8
0
 10
17008.500000
 20
38860.008134
 42
0.083562
  0
VERTEX
  8
0
 10
17135.193990
 20
38881.330578
 42
0.083226
  0
VERTEX
  8
0
 10
17248.125115
 20
38942.958065
 42
0.083115
  0
VERTEX
  8
0
 10
17334.906334
 20
39038.126445
 42
0.083028
  0
VERTEX
  8
0
 10
17386.004518
 20
39156.401071
 42
0.016015
  0
VERTEX
  8
0
 10
17391.401252
 20
39181.707689
 42
0.018571
  0
VERTEX
  8
0
 10
17394.860840
 20
39206.091135
 42
0.018036
  0
VERTEX
  8
0
 10
17396.568800
 20
39231.266999
 42
0.013633
  0
VERTEX
  8
0
 10
17396.690879
 20
39258.977429
 42
0.011383
  0
VERTEX
  8
0
 10
17395.617837
 20
39282.480777
 42
0.016503
  0
VERTEX
  8
0
 10
17393.515234
 20
39303.147492
 42
0.016779
  0
VERTEX
  8
0
 10
17390.086920
 20
39323.368246
 42
0.012373
  0
VERTEX
  8
0
 10
17384.992431
 20
39345.500000
 42
0.033371
  0
VERTEX
  8
0
 10
17368.748141
 20
39394.897290
 42
0.033604
  0
VERTEX
  8
0
 10
17346.107553
 20
39441.575018
 42
0.033575
  0
VERTEX
  8
0
 10
17317.397297
 20
39484.835728
 42
0.033188
  0
VERTEX
  8
0
 10
17283.052161
 20
39524.042798
 42
0.042063
  0
VERTEX
  8
0
 10
17232.811348
 20
39566.444028
 42
0.042730
  0
VERTEX
  8
0
 10
17176.436893
 20
39599.587934
 42
0.042592
  0
VERTEX
  8
0
 10
17115.071808
 20
39622.752610
 42
0.041235
  0
VERTEX
  8
0
 10
17050.000000
 20
39635.496491
 42
0.015221
  0
VERTEX
  8
0
 10
17037.384483
 20
39636.514652
 42
0.004821
  0
VERTEX
  8
0
 10
17018.514092
 20
39637.278382
 42
0.004618
  0
VERTEX
  8
0
 10
16999.824654
 20
39637.681633
 42
0.018965
  0
SEQEND
  0
POLYLINE
  8
0
 66
1
 70
1
  0
VERTEX
  8
0
 10
17035.198784
 20
39451.508149
 42
-0.083938
  0
VERTEX
  8
0
 10
17100.461517
 20
39431.410552
 42
-0.084594
  0
VERTEX
  8
0
 10
17155.291717
 20
39391.011337
 42
-0.084255
  0
VERTEX
  8
0
 10
17193.811048
 20
39334.573920
 42
-0.082370
  0
VERTEX
  8
0
 10
17211.939588
 20
39268.144045
 42
-0.058068
  0
VERTEX
  8
0
 10
17211.307454
 20
39222.881127
 42
-0.056275
  0
VERTEX
  8
0
 10
17200.326239
 20
39178.470378
 42
-0.055948
  0
VERTEX
  8
0
 10
17179.635214
 20
39137.393473
 42
-0.056092
  0
VERTEX
  8
0
 10
17150.367375
 20
39101.964979
 42
-0.095834
  0
VERTEX
  8
0
 10
17085.242296
 20
39059.558481
 42
-0.095941
  0
VERTEX
  8
0
 10
17009.026870
 20
39044.520565
 42
-0.096067
  0
VERTEX
  8
0
 10
16932.789934
 20
39059.027293
 42
-0.096370
  0
VERTEX
  8
0
 10
16867.597609
 20
39100.972778
 42
-0.039064
  0
VERTEX
  8
0
 10
16845.241641
 20
39126.012605
 42
-0.041720
  0
VERTEX
  8
0
 10
16827.595815
 20
39153.703610
 42
-0.041338
  0
VERTEX
  8
0
 10
16814.664161
 20
39184.176636
 42
-0.037034
  0
VERTEX
  8
0
 10
16806.344308
 20
39217.500000
 42
-0.031549
  0
VERTEX
  8
0
 10
16804.953197
 20
39230.383641
 42
-0.011094
  0
VERTEX
  8
0
 10
16804.538388
 20
39248.985754
 42
-0.011099
  0
VERTEX
  8
0
 10
16804.949436
 20
39267.592737
 42
-0.031432
  0
VERTEX
  8
0
 10
16806.337459
 20
39280.500000
 42
-0.035542
  0
VERTEX
  8
0
 10
16814.223729
 20
39312.583969
 42
-0.040247
  0
VERTEX
  8
0
 10
16826.346154
 20
39341.864302
 42
-0.040627
  0
VERTEX
  8
0
 10
16842.886502
 20
39368.590415
 42
-0.037517
  0
VERTEX
  8
0
 10
16863.937726
 20
39393.062274
 42
-0.017087
  0
VERTEX
  8
0
 10
16876.691803
 20
39404.973179
 42
-0.022722
  0
VERTEX
  8
0
 10
16889.109583
 20
39414.843964
 42
-0.022799
  0
VERTEX
  8
0
 10
16902.337590
 20
39423.521715
 42
-0.017391
  0
VERTEX
  8
0
 10
16917.536451
 20
39431.829289
 42
-0.023233
  0
VERTEX
  8
0
 10
16932.815736
 20
39438.634052
 42
-0.019529
  0
VERTEX
  8
0
 10
16949.564875
 20
39444.436193
 42
-0.019433
  0
VERTEX
  8
0
 10
16966.814309
 20
39448.943047
 42
-0.022274
  0
VERTEX
  8
0
 10
16983.596658
 20
39451.861189
 42
-0.024791
  0
VERTEX
  8
0
 10
16994.060386
 20
39452.679518
 42
-0.008829
  0
VERTEX
  8
0
 10
17009.056699
 20
39452.841736
 42
-0.008924
  0
VERTEX
  8
0
 10
17024.175568
 20
39452.468399
 42
-0.022182
  0
SEQEND
  0
POLYLINE
  8
0
 66
1
 70
1
  0
VERTEX
  8
0
 10
18028.500000
 20
39637.414108
 42
0.008094
  0
VERTEX
  8
0
 10
18002.583331
 20
39635.040054
 42
0.015111
  0
VERTEX
  8
0
 10
17981.710299
 20
39632.146351
 42
0.016112
  0
VERTEX
  8
0
 10
17961.964544
 20
39628.139657
 42
0.010815
  0
VERTEX
  8
0
 10
17939.673008
 20
39622.351485
 42
0.025916
  0
VERTEX
  8
0
 10
17903.563236
 20
39610.083818
 42
0.024939
  0
VERTEX
  8
0
 10
17868.437030
 20
39594.008723
 42
0.024705
  0
VERTEX
  8
0
 10
17834.764055
 20
39574.348983
 42
0.024298
  0
VERTEX
  8
0
 10
17803.000000
 20
39551.362086
 42
0.020649
  0
VERTEX
  8
0
 10
17783.423187
 20
39534.318996
 42
0.015562
  0
VERTEX
  8
0
 10
17763.314660
 20
39514.075888
 42
0.015510
  0
VERTEX
  8
0
 10
17744.412100
 20
39492.520561
 42
0.019909
  0
VERTEX
  8
0
 10
17728.470701
 20
39471.511165
 42
0.028117
  0
VERTEX
  8
0
 10
17706.120349
 20
39435.306076
 42
0.027030
  0
VERTEX
  8
0
 10
17687.647900
 20
39396.351278
 42
0.027029
  0
VERTEX
  8
0
 10
17673.485636
 20
39355.630705
 42
0.028115
  0
VERTEX
  8
0
 10
17664.015716
 20
39314.148825
 42
0.022321
  0
VERTEX
  8
0
 10
17660.041014
 20
39282.153272
 42
0.019811
  0
VERTEX
  8
0
 10
17658.721369
 20
39248.627361
 42
0.019835
  0
VERTEX
  8
0
 10
17660.059281
 20
39215.147441
 42
0.022539
  0
VERTEX
  8
0
 10
17664.051792
 20
39183.290253
 42
0.076606
  0
VERTEX
  8
0
 10
17701.439213
 20
39071.466788
 42
0.076118
  0
VERTEX
  8
0
 10
17770.817889
 20
38975.813831
 42
0.076121
  0
VERTEX
  8
0
 10
17865.637062
 20
38905.306784
 42
0.076622
  0
VERTEX
  8
0
 10
17977.000000
 20
38866.602058
 42
0.009262
  0
VERTEX
  8
0
 10
17994.819728
 20
38863.670973
 42
0.014283
  0
VERTEX
  8
0
 10
18010.329880
 20
38861.864647
 42
0.013680
  0
VERTEX
  8
0
 10
18026.394604
 20
38860.899327
 42
0.007620
  0
VERTEX
  8
0
 10
18046.000000
 20
38860.557773
 42
0.006559
  0
VERTEX
  8
0
 10
18065.298590
 20
38860.768882
 42
0.012962
  0
VERTEX
  8
0
 10
18080.600528
 20
38861.534313
 42
0.013882
  0
VERTEX
  8
0
 10
18095.144271
 20
38863.047419
 42
0.008870
  0
VERTEX
  8
0
 10
18111.952226
 20
38865.573369
 42
0.058928
  0
VERTEX
  8
0
 10
18199.261111
 20
38891.117154
 42
0.058553
  0
VERTEX
  8
0
 10
18278.406696
 20
38936.360946
 42
0.058604
  0
VERTEX
  8
0
 10
18344.849445
 20
38998.677081
 42
0.059226
  0
VERTEX
  8
0
 10
18394.748676
 20
39074.500000
 42
0.021095
  0
VERTEX
  8
0
 10
18408.567421
 20
39105.315349
 42
0.022157
  0
VERTEX
  8
0
 10
18419.491946
 20
39136.690322
 42
0.021732
  0
VERTEX
  8
0
 10
18427.767837
 20
39169.470400
 42
0.018746
  0
VERTEX
  8
0
 10
18433.649512
 20
39204.500000
 42
0.024160
  0
VERTEX
  8
0
 10
18435.107516
 20
39222.560253
 42
0.007994
  0
VERTEX
  8
0
 10
18435.539961
 20
39249.160497
 42
0.007959
  0
VERTEX
  8
0
 10
18435.124407
 20
39275.710737
 42
0.024916
  0
VERTEX
  8
0
 10
18433.673317
 20
39293.500000
 42
0.018547
  0
VERTEX
  8
0
 10
18427.622627
 20
39329.111202
 42
0.022091
  0
VERTEX
  8
0
 10
18419.207608
 20
39362.126925
 42
0.022627
  0
VERTEX
  8
0
 10
18408.117429
 20
39393.579894
 42
0.021412
  0
VERTEX
  8
0
 10
18394.047120
 20
39424.500000
 42
0.025979
  0
VERTEX
  8
0
 10
18373.046868
 20
39461.024021
 42
0.027405
  0
VERTEX
  8
0
 10
18348.713403
 20
39494.499481
 42
0.027278
  0
VERTEX
  8
0
 10
18320.752362
 20
39525.251734
 42
0.025235
  0
VERTEX
  8
0
 10
18288.904442
 20
39553.632848
 42
0.016317
  0
VERTEX
  8
0
 10
18277.760927
 20
39562.013304
 42
0.006870
  0
VERTEX
  8
0
 10
18262.272922
 20
39572.573746
 42
0.006911
  0
VERTEX
  8
0
 10
18246.307322
 20
39582.826921
 42
0.014275
  0
VERTEX
  8
0
 10
18233.500000
 20
39590.305243
 42
0.025124
  0
VERTEX
  8
0
 10
18199.646747
 20
39606.646487
 42
0.024062
  0
VERTEX
  8
0
 10
18163.839758
 20
39619.772517
 42
0.023971
  0
VERTEX
  8
0
 10
18126.796772
 20
39629.441274
 42
0.024460
  0
VERTEX
  8
0
 10
18089.246754
 20
39635.442324
 42
0.014442
  0
VERTEX
  8
0
 10
18076.330790
 20
39636.486672
 42
0.004838
  0
VERTEX
  8
0
 10
18057.411786
 20
39637.284079
 42
0.004382
  0
VERTEX
  8
0
 10
18038.809192
 20
39637.724726
 42
0.022524
  0
SEQEND
  0
POLYLINE
  8
0
 66
1
 70
1
  0
VERTEX
  8
0
 10
18074.344137
 20
39451.499486
 42
-0.073478
  0
VERTEX
  8
0
 10
18130.690556
 20
39435.477402
 42
-0.071903
  0
VERTEX
  8
0
 10
18180.459368
 20
39403.767261
 42
-0.071847
  0
VERTEX
  8
0
 10
18219.242025
 20
39359.235553
 42
-0.073176
  0
VERTEX
  8
0
 10
18243.544620
 20
39305.817736
 42
-0.045144
  0
VERTEX
  8
0
 10
18250.681583
 20
39268.836963
 42
-0.046468
  0
VERTEX
  8
0
 10
18250.963247
 20
39231.538420
 42
-0.046434
  0
VERTEX
  8
0
 10
18244.350203
 20
39194.804740
 42
-0.044949
  0
VERTEX
  8
0
 10
18231.030829
 20
39159.500000
 42
-0.066231
  0
VERTEX
  8
0
 10
18201.627080
 20
39114.899637
 42
-0.065871
  0
VERTEX
  8
0
 10
18161.536305
 20
39079.444800
 42
-0.065785
  0
VERTEX
  8
0
 10
18113.553085
 20
39055.601319
 42
-0.065758
  0
VERTEX
  8
0
 10
18061.016738
 20
39045.035553
 42
-0.065559
  0
VERTEX
  8
0
 10
18007.479581
 20
39048.455431
 42
-0.066215
  0
VERTEX
  8
0
 10
17956.846001
 20
39065.626800
 42
-0.066045
  0
VERTEX
  8
0
 10
17912.352086
 20
39095.488401
 42
-0.064654
  0
VERTEX
  8
0
 10
17876.817030
 20
39136.112376
 42
-0.067145
  0
VERTEX
  8
0
 10
17853.729847
 20
39183.247679
 42
-0.064124
  0
VERTEX
  8
0
 10
17843.489287
 20
39235.564341
 42
-0.064106
  0
VERTEX
  8
0
 10
17846.836367
 20
39288.782151
 42
-0.067038
  0
VERTEX
  8
0
 10
17863.593528
 20
39338.559777
 42
-0.060744
  0
VERTEX
  8
0
 10
17891.066091
 20
39380.497406
 42
-0.060870
  0
VERTEX
  8
0
 10
17927.794255
 20
39414.571329
 42
-0.061062
  0
VERTEX
  8
0
 10
17971.532461
 20
39438.714124
 42
-0.061840
  0
VERTEX
  8
0
 10
18019.620824
 20
39451.448556
 42
-0.022894
  0
VERTEX
  8
0
 10
18031.463632
 20
39452.512140
 42
-0.010715
  0
VERTEX
  8
0
 10
18046.857379
 20
39452.856388
 42
-0.010725
  0
VERTEX
  8
0
 10
18062.304000
 20
39452.539399
 42
-0.022098
  0
SEQEND
  0
POLYLINE
  8
0
 66
1
 70
1
  0
VERTEX
  8
0
 10
19060.500000
 20
39636.912252
 42
0.034781
  0
VERTEX
  8
0
 10
19008.144495
 20
39629.749640
 42
0.033744
  0
VERTEX
  8
0
 10
18956.739666
 20
39615.359090
 42
0.033641
  0
VERTEX
  8
0
 10
18907.586665
 20
39594.131287
 42
0.034077
  0
VERTEX
  8
0
 10
18861.945467
 20
39566.582359
 42
0.024132
  0
VERTEX
  8
0
 10
18836.652121
 20
39546.974666
 42
0.019428
  0
VERTEX
  8
0
 10
18811.393658
 20
39523.606342
 42
0.019428
  0
VERTEX
  8
0
 10
18788.025334
 20
39498.347879
 42
0.024132
  0
VERTEX
  8
0
 10
18768.417641
 20
39473.054533
 42
0.017054
  0
VERTEX
  8
0
 10
18755.524320
 20
39453.249333
 42
0.013523
  0
VERTEX
  8
0
 10
18742.925138
 20
39431.035430
 42
0.013585
  0
VERTEX
  8
0
 10
18731.621024
 20
39408.317967
 42
0.017912
  0
VERTEX
  8
0
 10
18722.639720
 20
39387.000000
 42
0.040172
  0
VERTEX
  8
0
 10
18705.374915
 20
39327.545316
 42
0.039766
  0
VERTEX
  8
0
 10
18697.764176
 20
39265.891519
 42
0.039739
  0
VERTEX
  8
0
 10
18700.008044
 20
39203.769338
 42
0.039994
  0
VERTEX
  8
0
 10
18712.056853
 20
39142.921490
 42
0.047491
  0
VERTEX
  8
0
 10
18738.314475
 20
39075.292084
 42
0.046680
  0
VERTEX
  8
0
 10
18776.984380
 20
39013.412761
 42
0.046584
  0
VERTEX
  8
0
 10
18826.547509
 20
38959.667528
 42
0.046885
  0
VERTEX
  8
0
 10
18885.103166
 20
38916.156207
 42
0.027542
  0
VERTEX
  8
0
 10
18921.678442
 20
38896.634017
 42
0.027206
  0
VERTEX
  8
0
 10
18960.325559
 20
38881.161253
 42
0.026726
  0
VERTEX
  8
0
 10
19001.093484
 20
38869.747562
 42
0.024562
  0
VERTEX
  8
0
 10
19044.009984
 20
38862.361847
 42
0.021336
  0
VERTEX
  8
0
 10
19060.263378
 20
38861.080938
 42
0.007242
  0
VERTEX
  8
0
 10
19083.969841
 20
38860.571254
 42
0.007247
  0
VERTEX
  8
0
 10
19107.689167
 20
38860.748686
 42
0.021226
  0
VERTEX
  8
0
 10
19124.000000
 20
38861.800875
 42
0.041032
  0
VERTEX
  8
0
 10
19190.627136
 20
38874.537500
 42
0.042957
  0
VERTEX
  8
0
 10
19253.219938
 20
38897.866626
 42
0.043291
  0
VERTEX
  8
0
 10
19310.472204
 20
38931.346581
 42
0.043025
  0
VERTEX
  8
0
 10
19361.231620
 20
38974.246528
 42
0.041209
  0
VERTEX
  8
0
 10
19403.385708
 20
39024.217784
 42
0.042590
  0
VERTEX
  8
0
 10
19436.253415
 20
39079.898802
 42
0.042284
  0
VERTEX
  8
0
 10
19459.399249
 20
39140.726164
 42
0.039468
  0
VERTEX
  8
0
 10
19472.643553
 20
39206.000000
 42
0.021558
  0
VERTEX
  8
0
 10
19473.954236
 20
39222.730337
 42
0.007246
  0
VERTEX
  8
0
 10
19474.458323
 20
39247.220626
 42
0.007197
  0
VERTEX
  8
0
 10
19474.255470
 20
39271.642988
 42
0.022614
  0
VERTEX
  8
0
 10
19473.142791
 20
39288.000000
 42
0.038992
  0
VERTEX
  8
0
 10
19460.533711
 20
39353.181746
 42
0.042048
  0
VERTEX
  8
0
 10
19438.150390
 20
39413.920288
 42
0.042479
  0
VERTEX
  8
0
 10
19406.169815
 20
39469.513304
 42
0.041451
  0
VERTEX
  8
0
 10
19365.018868
 20
39519.393889
 42
0.018779
  0
VERTEX
  8
0
 10
19340.088221
 20
39543.117428
 42
0.022909
  0
VERTEX
  8
0
 10
19314.993064
 20
39563.296113
 42
0.023025
  0
VERTEX
  8
0
 10
19288.266437
 20
39581.012632
 42
0.019315
  0
VERTEX
  8
0
 10
19258.436063
 20
39597.336554
 42
0.033392
  0
VERTEX
  8
0
 10
19211.536438
 20
39616.907507
 42
0.032818
  0
VERTEX
  8
0
 10
19162.178582
 20
39630.193945
 42
0.032787
  0
VERTEX
  8
0
 10
19111.459532
 20
39636.917131
 42
0.033179
  0
SEQEND
  0
POLYLINE
  8
0
 66
1
 70
1
  0
VERTEX
  8
0
 10
19119.500000
 20
39450.592774
 42
-0.014347
  0
VERTEX
  8
0
 10
19135.136175
 20
39447.274767
 42
-0.019155
  0
VERTEX
  8
0
 10
19149.097130
 20
39443.319181
 42
-0.019503
  0
VERTEX
  8
0
 10
19162.513661
 20
39438.369983
 42
-0.015793
  0
VERTEX
  8
0
 10
19176.500000
 20
39432.057095
 42
-0.061732
  0
VERTEX
  8
0
 10
19217.888353
 20
39405.007129
 42
-0.060964
  0
VERTEX
  8
0
 10
19251.618741
 20
39368.569347
 42
-0.060790
  0
VERTEX
  8
0
 10
19275.643294
 20
39324.969087
 42
-0.060732
  0
VERTEX
  8
0
 10
19288.487521
 20
39276.856895
 42
-0.022704
  0
VERTEX
  8
0
 10
19289.685163
 20
39264.175898
 42
-0.012134
  0
VERTEX
  8
0
 10
19290.070826
 20
39248.435513
 42
-0.012131
  0
VERTEX
  8
0
 10
19289.694971
 20
39232.798077
 42
-0.024205
  0
VERTEX
  8
0
 10
19288.500450
 20
39220.482793
 42
-0.038923
  0
VERTEX
  8
0
 10
19281.148590
 20
39188.048255
 42
-0.040685
  0
VERTEX
  8
0
 10
19268.932552
 20
39157.642889
 42
-0.040751
  0
VERTEX
  8
0
 10
19251.975780
 20
39129.661168
 42
-0.039312
  0
VERTEX
  8
0
 10
19230.519608
 20
39104.437177
 42
-0.039838
  0
VERTEX
  8
0
 10
19205.735336
 20
39083.232429
 42
-0.040338
  0
VERTEX
  8
0
 10
19178.000930
 20
39066.325363
 42
-0.040093
  0
VERTEX
  8
0
 10
19147.746753
 20
39054.006575
 42
-0.038361
  0
VERTEX
  8
0
 10
19115.465905
 20
39046.453340
 42
-0.025927
  0
VERTEX
  8
0
 10
19102.783308
 20
39045.163906
 42
-0.011946
  0
VERTEX
  8
0
 10
19086.188404
 20
39044.739205
 42
-0.011924
  0
VERTEX
  8
0
 10
19069.659145
 20
39045.105407
 42
-0.027104
  0
VERTEX
  8
0
 10
19057.232684
 20
39046.354634
 42
-0.037208
  0
VERTEX
  8
0
 10
19024.458249
 20
39053.986033
 42
-0.040628
  0
VERTEX
  8
0
 10
18994.168395
 20
39066.237700
 42
-0.040991
  0
VERTEX
  8
0
 10
18966.492793
 20
39083.111123
 42
-0.039225
  0
VERTEX
  8
0
 10
18941.500000
 20
39104.500136
 42
-0.040044
  0
VERTEX
  8
0
 10
18920.028400
 20
39129.761240
 42
-0.040681
  0
VERTEX
  8
0
 10
18902.984641
 20
39157.994142
 42
-0.040698
  0
VERTEX
  8
0
 10
18890.743207
 20
39188.602279
 42
-0.040152
  0
VERTEX
  8
0
 10
18883.553940
 20
39220.927487
 42
-0.022276
  0
VERTEX
  8
0
 10
18882.489823
 20
39232.210063
 42
-0.009962
  0
VERTEX
  8
0
 10
18882.048902
 20
39247.117093
 42
-0.009937
  0
VERTEX
  8
0
 10
18882.200788
 20
39261.968747
 42
-0.023339
  0
VERTEX
  8
0
 10
18883.051334
 20
39273.026234
 42
-0.059208
  0
VERTEX
  8
0
 10
18894.833690
 20
39320.817581
 42
-0.060113
  0
VERTEX
  8
0
 10
18917.450934
 20
39364.253117
 42
-0.060133
  0
VERTEX
  8
0
 10
18949.742269
 20
39401.049725
 42
-0.059323
  0
VERTEX
  8
0
 10
18990.000000
 20
39429.299829
 42
-0.025155
  0
VERTEX
  8
0
 10
19005.504273
 20
39436.657359
 42
-0.019784
  0
VERTEX
  8
0
 10
19022.953629
 20
39443.090565
 42
-0.019647
  0
VERTEX
  8
0
 10
19041.015504
 20
39448.174331
 42
-0.023543
  0
VERTEX
  8
0
 10
19058.366878
 20
39451.475376
 42
-0.029042
  0
VERTEX
  8
0
 10
19070.922558
 20
39452.518057
 42
-0.009806
  0
VERTEX
  8
0
 10
19089.285020
 20
39452.613079
 42
-0.009675
  0
VERTEX
  8
0
 10
19107.536049
 20
39451.996211
 42
-0.031829
  0
SEQEND
  0
POLYLINE
  8
0
 66
1
 70
1
  0
VERTEX
  8
0
 10
20099.500000
 20
39636.904884
 42
0.043863
  0
VERTEX
  8
0
 10
20031.597578
 20
39626.314939
 42
0.044246
  0
VERTEX
  8
0
 10
19966.789752
 20
39604.057486
 42
0.044340
  0
VERTEX
  8
0
 10
19907.034194
 20
39570.799385
 42
0.044447
  0
VERTEX
  8
0
 10
19854.130680
 20
39527.550037
 42
0.018860
  0
VERTEX
  8
0
 10
19830.543723
 20
39502.679600
 42
0.022705
  0
VERTEX
  8
0
 10
19810.392253
 20
39477.544934
 42
0.022841
  0
VERTEX
  8
0
 10
19792.701043
 20
39450.818749
 42
0.019512
  0
VERTEX
  8
0
 10
19776.503470
 20
39421.171568
 42
0.045016
  0
VERTEX
  8
0
 10
19751.480243
 20
39356.854730
 42
0.044604
  0
VERTEX
  8
0
 10
19738.275587
 20
39288.898987
 42
0.044499
  0
VERTEX
  8
0
 10
19737.315840
 20
39219.525254
 42
0.044357
  0
VERTEX
  8
0
 10
19748.639087
 20
39151.000000
 42
0.012967
  0
VERTEX
  8
0
 10
19752.203428
 20
39138.527246
 42
0.006987
  0
VERTEX
  8
0
 10
19757.206089
 20
39123.342681
 42
0.006955
  0
VERTEX
  8
0
 10
19762.736507
 20
39108.008633
 42
0.010899
  0
VERTEX
  8
0
 10
19767.960231
 20
39095.000000
 42
0.048670
  0
VERTEX
  8
0
 10
19802.983319
 20
39031.028932
 42
0.046843
  0
VERTEX
  8
0
 10
19850.108996
 20
38974.137787
 42
0.046836
  0
VERTEX
  8
0
 10
19907.007792
 20
38927.006010
 42
0.048627
  0
VERTEX
  8
0
 10
19971.000000
 20
38891.963350
 42
0.044257
  0
VERTEX
  8
0
 10
20038.197062
 20
38870.039635
 42
0.045463
  0
VERTEX
  8
0
 10
20107.598161
 20
38860.538795
 42
0.045550
  0
VERTEX
  8
0
 10
20177.448949
 20
38863.743617
 42
0.044778
  0
VERTEX
  8
0
 10
20245.981153
 20
38879.528757
 42
0.024729
  0
VERTEX
  8
0
 10
20282.008318
 20
38893.309066
 42
0.025046
  0
VERTEX
  8
0
 10
20316.341604
 20
38910.527612
 42
0.024987
  0
VERTEX
  8
0
 10
20348.857224
 20
38931.135905
 42
0.024347
  0
VERTEX
  8
0
 10
20379.448951
 20
38955.052660
 42
0.013944
  0
VERTEX
  8
0
 10
20389.802245
 20
38964.508367
 42
0.006650
  0
VERTEX
  8
0
 10
20402.606422
 20
38977.208078
 42
0.006639
  0
VERTEX
  8
0
 10
20415.014296
 20
38990.186763
 42
0.014612
  0
VERTEX
  8
0
 10
20424.067335
 20
39000.500000
 42
0.032084
  0
VERTEX
  8
0
 10
20453.221902
 20
39040.735078
 42
0.031581
  0
VERTEX
  8
0
 10
20477.159171
 20
39084.576770
 42
0.031630
  0
VERTEX
  8
0
 10
20495.351978
 20
39131.015543
 42
0.032419
  0
VERTEX
  8
0
 10
20507.365870
 20
39179.000000
 42
0.009616
  0
VERTEX
  8
0
 10
20510.281435
 20
39196.920775
 42
0.014120
  0
VERTEX
  8
0
 10
20512.094154
 20
39212.779813
 42
0.013517
  0
VERTEX
  8
0
 10
20513.057757
 20
39229.222107
 42
0.007850
  0
VERTEX
  8
0
 10
20513.370400
 20
39249.000000
 42
0.026869
  0
VERTEX
  8
0
 10
20510.931333
 20
39294.445533
 42
0.030260
  0
VERTEX
  8
0
 10
20503.624645
 20
39337.568556
 42
0.030331
  0
VERTEX
  8
0
 10
20491.186287
 20
39379.404582
 42
0.027247
  0
VERTEX
  8
0
 10
20473.397944
 20
39421.000000
 42
0.030714
  0
VERTEX
  8
0
 10
20449.531681
 20
39462.682982
 42
0.030952
  0
VERTEX
  8
0
 10
20420.794768
 20
39501.015312
 42
0.030891
  0
VERTEX
  8
0
 10
20387.486983
 20
39535.575854
 42
0.030322
  0
VERTEX
  8
0
 10
20349.976740
 20
39566.000000
 42
0.044037
  0
VERTEX
  8
0
 10
20293.368309
 20
39599.382774
 42
0.042260
  0
VERTEX
  8
0
 10
20231.014713
 20
39622.876552
 42
0.042194
  0
VERTEX
  8
0
 10
20165.499940
 20
39635.579925
 42
0.043584
  0
SEQEND
  0
POLYLINE
  8
0
 66
1
 70
1
  0
VERTEX
  8
0
 10
20152.883044
 20
39451.487580
 42
-0.018820
  0
VERTEX
  8
0
 10
20169.484130
 20
39448.486878
 42
-0.021098
  0
VERTEX
  8
0
 10
20185.182489
 20
39444.333525
 42
-0.021155
  0
VERTEX
  8
0
 10
20200.437368
 20
39438.883390
 42
-0.019129
  0
VERTEX
  8
0
 10
20215.708907
 20
39431.995754
 42
-0.052857
  0
VERTEX
  8
0
 10
20253.292185
 20
39408.035071
 42
-0.055070
  0
VERTEX
  8
0
 10
20284.444838
 20
39377.018667
 42
-0.055055
  0
VERTEX
  8
0
 10
20308.082358
 20
39339.942136
 42
-0.052778
  0
VERTEX
  8
0
 10
20323.463746
 20
39298.078184
 42
-0.032864
  0
VERTEX
  8
0
 10
20327.821067
 20
39274.260004
 42
-0.028817
  0
VERTEX
  8
0
 10
20329.278105
 20
39249.000000
 42
-0.028817
  0
VERTEX
  8
0
 10
20327.821067
 20
39223.739996
 42
-0.032864
  0
VERTEX
  8
0
 10
20323.463746
 20
39199.921816
 42
-0.027208
  0
VERTEX
  8
0
 10
20316.787790
 20
39178.420024
 42
-0.026722
  0
VERTEX
  8
0
 10
20307.782439
 20
39157.636867
 42
-0.026839
  0
VERTEX
  8
0
 10
20296.656328
 20
39138.022141
 42
-0.028053
  0
VERTEX
  8
0
 10
20283.642381
 20
39120.012296
 42
-0.047726
  0
VERTEX
  8
0
 10
20256.963046
 20
39092.892161
 42
-0.046470
  0
VERTEX
  8
0
 10
20225.398402
 20
39071.049364
 42
-0.046382
  0
VERTEX
  8
0
 10
20190.282206
 20
39055.377293
 42
-0.047156
  0
VERTEX
  8
0
 10
20153.072513
 20
39046.553940
 42
-0.022988
  0
VERTEX
  8
0
 10
20140.652284
 20
39045.400354
 42
-0.011709
  0
VERTEX
  8
0
 10
20124.976871
 20
39045.036163
 42
-0.011709
  0
VERTEX
  8
0
 10
20109.295057
 20
39045.406404
 42
-0.022894
  0
VERTEX
  8
0
 10
20096.851846
 20
39046.564490
 42
-0.082303
  0
VERTEX
  8
0
 10
20033.161245
 20
39066.463115
 42
-0.082323
  0
VERTEX
  8
0
 10
19979.300937
 20
39105.843178
 42
-0.082113
  0
VERTEX
  8
0
 10
19940.924941
 20
39160.595227
 42
-0.081300
  0
VERTEX
  8
0
 10
19922.047457
 20
39224.973766
 42
-0.014765
  0
VERTEX
  8
0
 10
19921.643728
 20
39229.281023
 42
-0.005090
  0
VERTEX
  8
0
 10
19921.307691
 20
39235.526900
 42
-0.005053
  0
VERTEX
  8
0
 10
19921.076798
 20
39242.424289
 42
-0.005839
  0
VERTEX
  8
0
 10
19921.000000
 20
39249.000000
 42
-0.016807
  0
VERTEX
  8
0
 10
19921.580733
 20
39266.271264
 42
-0.021996
  0
VERTEX
  8
0
 10
19923.333442
 20
39281.966760
 42
-0.022325
  0
VERTEX
  8
0
 10
19926.430760
 20
39297.259122
 42
-0.018202
  0
VERTEX
  8
0
 10
19931.061414
 20
39313.309613
 42
-0.070578
  0
VERTEX
  8
0
 10
19955.852339
 20
39363.574291
 42
-0.068598
  0
VERTEX
  8
0
 10
19993.846116
 20
39405.511517
 42
-0.068531
  0
VERTEX
  8
0
 10
20041.806587
 20
39435.638058
 42
-0.070199
  0
VERTEX
  8
0
 10
20095.736683
 20
39451.370806
 42
-0.025522
  0
VERTEX
  8
0
 10
20107.709067
 20
39452.483190
 42
-0.009893
  0
VERTEX
  8
0
 10
20124.363074
 20
39452.846778
 42
-0.009878
  0
VERTEX
  8
0
 10
20140.997869
 20
39452.552098
 42
-0.025936
  0
SEQEND
  0
POLYLINE
  8
0
 66
1
 70
1
  0
VERTEX
  8
0
 10
21144.000000
 20
39637.314010
 42
0.012253
  0
VERTEX
  8
0
 10
21133.304233
 20
39636.556313
 42
0.005658
  0
VERTEX
  8
0
 10
21119.434074
 20
39635.072930
 42
0.005672
  0
VERTEX
  8
0
 10
21105.383750
 20
39633.247430
 42
0.010471
  0
VERTEX
  8
0
 10
21094.016034
 20
39631.395568
 42
0.088260
  0
VERTEX
  8
0
 10
20965.570513
 20
39583.269357
 42
0.088759
  0
VERTEX
  8
0
 10
20861.893459
 20
39493.865399
 42
0.088898
  0
VERTEX
  8
0
 10
20795.767079
 20
39374.191653
 42
0.088894
  0
VERTEX
  8
0
 10
20775.313990
 20
39239.000000
 42
0.011157
  0
VERTEX
  8
0
 10
20776.401963
 20
39217.031993
 42
0.014582
  0
VERTEX
  8
0
 10
20778.429006
 20
39197.022530
 42
0.014860
  0
VERTEX
  8
0
 10
20781.580336
 20
39177.474925
 42
0.012375
  0
VERTEX
  8
0
 10
20786.056445
 20
39156.908928
 42
0.051060
  0
VERTEX
  8
0
 10
20812.569586
 20
39082.214872
 42
0.051178
  0
VERTEX
  8
0
 10
20853.653257
 20
39014.505694
 42
0.051118
  0
VERTEX
  8
0
 10
20907.683539
 20
38956.484201
 42
0.050706
  0
VERTEX
  8
0
 10
20972.500000
 20
38910.452444
 42
0.025500
  0
VERTEX
  8
0
 10
21007.191330
 20
38893.038728
 42
0.025522
  0
VERTEX
  8
0
 10
21043.465358
 20
38879.252644
 42
0.025121
  0
VERTEX
  8
0
 10
21081.510428
 20
38869.053154
 42
0.023037
  0
VERTEX
  8
0
 10
21121.500000
 20
38862.368314
 42
0.020734
  0
VERTEX
  8
0
 10
21139.708472
 20
38860.943230
 42
0.009131
  0
VERTEX
  8
0
 10
21163.870237
 20
38860.499007
 42
0.009120
  0
VERTEX
  8
0
 10
21187.983897
 20
38860.935914
 42
0.021211
  0
VERTEX
  8
0
 10
21206.000000
 20
38862.358001
 42
0.038232
  0
VERTEX
  8
0
 10
21270.483060
 20
38875.269263
 42
0.041612
  0
VERTEX
  8
0
 10
21330.369781
 20
38897.620795
 42
0.042087
  0
VERTEX
  8
0
 10
21385.133589
 20
38929.305907
 42
0.040913
  0
VERTEX
  8
0
 10
21434.377605
 20
38969.983849
 42
0.064950
  0
VERTEX
  8
0
 10
21497.803988
 20
39050.227493
 42
0.066141
  0
VERTEX
  8
0
 10
21538.051823
 20
39143.578043
 42
0.066192
  0
VERTEX
  8
0
 10
21552.507986
 20
39244.133132
 42
0.065223
  0
VERTEX
  8
0
 10
21540.319481
 20
39345.500000
 42
0.021415
  0
VERTEX
  8
0
 10
21530.976597
 20
39376.497009
 42
0.020969
  0
VERTEX
  8
0
 10
21518.958958
 20
39406.804383
 42
0.020909
  0
VERTEX
  8
0
 10
21504.407371
 20
39436.082760
 42
0.021000
  0
VERTEX
  8
0
 10
21487.480438
 20
39464.000000
 42
0.064238
  0
VERTEX
  8
0
 10
21421.631384
 20
39539.786504
 42
0.065051
  0
VERTEX
  8
0
 10
21338.965089
 20
39596.005571
 42
0.064936
  0
VERTEX
  8
0
 10
21244.491425
 20
39629.171168
 42
0.063621
  0
SEQEND
  0
POLYLINE
  8
0
 66
1
 70
1
  0
VERTEX
  8
0
 10
21192.072513
 20
39451.446060
 42
-0.061292
  0
VERTEX
  8
0
 10
21240.281867
 20
39438.569064
 42
-0.061297
  0
VERTEX
  8
0
 10
21283.929917
 20
39414.389458
 42
-0.061310
  0
VERTEX
  8
0
 10
21320.405822
 20
39380.354555
 42
-0.061365
  0
VERTEX
  8
0
 10
21347.527054
 20
39338.500000
 42
-0.026314
  0
VERTEX
  8
0
 10
21356.736527
 20
39316.703368
 42
-0.030577
  0
VERTEX
  8
0
 10
21363.085373
 20
39295.114370
 42
-0.030465
  0
VERTEX
  8
0
 10
21366.770317
 20
39272.842673
 42
-0.025770
  0
VERTEX
  8
0
 10
21368.000000
 20
39249.000000
 42
-0.025770
  0
VERTEX
  8
0
 10
21366.770317
 20
39225.157327
 42
-0.030465
  0
VERTEX
  8
0
 10
21363.085373
 20
39202.885630
 42
-0.030577
  0
VERTEX
  8
0
 10
21356.736527
 20
39181.296632
 42
-0.026314
  0
VERTEX
  8
0
 10
21347.527054
 20
39159.500000
 42
-0.061401
  0
VERTEX
  8
0
 10
21320.408831
 20
39117.656640
 42
-0.061274
  0
VERTEX
  8
0
 10
21283.924169
 20
39083.618441
 42
-0.061262
  0
VERTEX
  8
0
 10
21240.270280
 20
39059.431528
 42
-0.061328
  0
VERTEX
  8
0
 10
21192.072513
 20
39046.553940
 42
-0.014012
  0
VERTEX
  8
0
 10
21186.477122
 20
39045.932781
 42
-0.006810
  0
VERTEX
  8
0
 10
21179.301293
 20
39045.437453
 42
-0.006563
  0
VERTEX
  8
0
 10
21171.524512
 20
39045.109291
 42
-0.007262
  0
VERTEX
  8
0
 10
21164.000000
 20
39045.000000
 42
-0.007262
  0
VERTEX
  8
0
 10
21156.475488
 20
39045.109291
 42
-0.006563
  0
VERTEX
  8
0
 10
21148.698707
 20
39045.437453
 42
-0.006810
  0
VERTEX
  8
0
 10
21141.522878
 20
39045.932781
 42
-0.014012
  0
VERTEX
  8
0
 10
21135.927487
 20
39046.553940
 42
-0.074226
  0
VERTEX
  8
0
 10
21077.776949
 20
39063.701909
 42
-0.074648
  0
VERTEX
  8
0
 10
21027.294754
 20
39097.062775
 42
-0.074546
  0
VERTEX
  8
0
 10
20988.779993
 20
39143.823497
 42
-0.073706
  0
VERTEX
  8
0
 10
20965.488590
 20
39200.000000
 42
-0.029933
  0
VERTEX
  8
0
 10
20961.415717
 20
39221.638700
 42
-0.026381
  0
VERTEX
  8
0
 10
20959.730219
 20
39244.545502
 42
-0.026195
  0
VERTEX
  8
0
 10
20960.463310
 20
39267.679722
 42
-0.028346
  0
VERTEX
  8
0
 10
20963.625396
 20
39290.000000
 42
-0.037934
  0
VERTEX
  8
0
 10
20971.572768
 20
39318.358010
 42
-0.036502
  0
VERTEX
  8
0
 10
20983.793057
 20
39345.572884
 42
-0.036298
  0
VERTEX
  8
0
 10
20999.919103
 20
39370.866087
 42
-0.036546
  0
VERTEX
  8
0
 10
21019.500136
 20
39393.500000
 42
-0.039976
  0
VERTEX
  8
0
 10
21044.505479
 20
39414.760089
 42
-0.039901
  0
VERTEX
  8
0
 10
21072.590568
 20
39431.784872
 42
-0.039971
  0
VERTEX
  8
0
 10
21102.974068
 20
39444.107473
 42
-0.040429
  0
VERTEX
  8
0
 10
21134.815962
 20
39451.381380
 42
-0.025269
  0
VERTEX
  8
0
 10
21146.892946
 20
39452.510755
 42
-0.010397
  0
VERTEX
  8
0
 10
21163.334755
 20
39452.871270
 42
-0.010418
  0
VERTEX
  8
0
 10
21179.819413
 20
39452.546400
 42
-0.024516
  0
SEQEND
  0
POLYLINE
  8
0
 66
1
 70
1
  0
VERTEX
  8
0
 10
10660.500000
 20
36839.412217
 42
0.001800
  0
VERTEX
  8
0
 10
10647.014360
 20
36838.060868
 42
0.004819
  0
VERTEX
  8
0
 10
10637.421150
 20
36836.971127
 42
0.006025
  0
VERTEX
  8
0
 10
10629.173485
 20
36835.852575
 42
0.004750
  0
VERTEX
  8
0
 10
10620.272170
 20
36834.449409
 42
0.051582
  0
VERTEX
  8
0
 10
10545.394094
 20
36813.813138
 42
0.050044
  0
VERTEX
  8
0
 10
10475.509269
 20
36778.138013
 42
0.049991
  0
VERTEX
  8
0
 10
10414.038477
 20
36729.246733
 42
0.051240
  0
VERTEX
  8
0
 10
10364.060491
 20
36669.500000
 42
0.065119
  0
VERTEX
  8
0
 10
10318.446593
 20
36578.388287
 42
0.065893
  0
VERTEX
  8
0
 10
10298.035358
 20
36478.976566
 42
0.065981
  0
VERTEX
  8
0
 10
10304.200999
 20
36377.796883
 42
0.065593
  0
VERTEX
  8
0
 10
10336.501484
 20
36281.500000
 42
0.027431
  0
VERTEX
  8
0
 10
10358.269533
 20
36242.536356
 42
0.029006
  0
VERTEX
  8
0
 10
10383.805602
 20
36206.942133
 42
0.029044
  0
VERTEX
  8
0
 10
10413.255880
 20
36174.584211
 42
0.027658
  0
VERTEX
  8
0
 10
10446.720081
 20
36145.291089
 42
0.030570
  0
VERTEX
  8
0
 10
10484.909509
 20
36119.017768
 42
0.029704
  0
VERTEX
  8
0
 10
10526.376989
 20
36097.318634
 42
0.029724
  0
VERTEX
  8
0
 10
10570.093998
 20
36080.699688
 42
0.030716
  0
VERTEX
  8
0
 10
10615.000000
 20
36069.594643
 42
0.009007
  0
VERTEX
  8
0
 10
10633.296797
 20
36066.585472
 42
0.014978
  0
VERTEX
  8
0
 10
10648.818194
 20
36064.792006
 42
0.014175
  0
VERTEX
  8
0
 10
10665.003940
 20
36063.872706
 42
0.007097
  0
VERTEX
  8
0
 10
10685.500000
 20
36063.581759
 42
0.007097
  0
VERTEX
  8
0
 10
10705.996060
 20
36063.872706
 42
0.014175
  0
VERTEX
  8
0
 10
10722.181806
 20
36064.792006
 42
0.014978
  0
VERTEX
  8
0
 10
10737.703203
 20
36066.585472
 42
0.009007
  0
VERTEX
  8
0
 10
10756.000000
 20
36069.594643
 42
0.041774
  0
VERTEX
  8
0
 10
10817.565243
 20
36086.270444
 42
0.040895
  0
VERTEX
  8
0
 10
10875.963656
 20
36113.036221
 42
0.041004
  0
VERTEX
  8
0
 10
10929.082179
 20
36148.869240
 42
0.042506
  0
VERTEX
  8
0
 10
10974.951828
 20
36192.500000
 42
0.037707
  0
VERTEX
  8
0
 10
11012.116883
 20
36241.381338
 42
0.039665
  0
VERTEX
  8
0
 10
11040.817030
 20
36294.495885
 42
0.039540
  0
VERTEX
  8
0
 10
11060.841212
 20
36351.635130
 42
0.036995
  0
VERTEX
  8
0
 10
11072.173215
 20
36412.500000
 42
0.021893
  0
VERTEX
  8
0
 10
11073.295114
 20
36429.386602
 42
0.007260
  0
VERTEX
  8
0
 10
11073.494751
 20
36454.212838
 42
0.007216
  0
VERTEX
  8
0
 10
11072.976933
 20
36478.971574
 42
0.022824
  0
VERTEX
  8
0
 10
11071.635460
 20
36495.500000
 42
0.024412
  0
VERTEX
  8
0
 10
11064.018865
 20
36538.468080
 42
0.026998
  0
VERTEX
  8
0
 10
11052.429732
 20
36579.039675
 42
0.027428
  0
VERTEX
  8
0
 10
11036.734315
 20
36617.544312
 42
0.026957
  0
VERTEX
  8
0
 10
11016.837963
 20
36654.330297
 42
0.056007
  0
VERTEX
  8
0
 10
10962.893709
 20
36723.607082
 42
0.057184
  0
VERTEX
  8
0
 10
10895.265212
 20
36778.637981
 42
0.056922
  0
VERTEX
  8
0
 10
10816.630755
 20
36817.117561
 42
0.054572
  0
VERTEX
  8
0
 10
10730.219759
 20
36837.562894
 42
0.020477
  0
VERTEX
  8
0
 10
10717.703707
 20
36838.595932
 42
0.003721
  0
VERTEX
  8
0
 10
10694.422837
 20
36839.386876
 42
0.003305
  0
VERTEX
  8
0
 10
10671.084051
 20
36839.851576
 42
0.027400
  0
SEQEND
  0
POLYLINE
  8
0
 66
1
 70
1
  0
VERTEX
  8
0
 10
10718.000000
 20
36653.526823
 42
-0.080626
  0
VERTEX
  8
0
 10
10781.432564
 20
36632.079268
 42
-0.082429
  0
VERTEX
  8
0
 10
10834.280344
 20
36591.783942
 42
-0.082343
  0
VERTEX
  8
0
 10
10871.317109
 20
36536.534791
 42
-0.080225
  0
VERTEX
  8
0
 10
10888.966568
 20
36471.789414
 42
-0.045420
  0
VERTEX
  8
0
 10
10889.485897
 20
36437.731332
 42
-0.041253
  0
VERTEX
  8
0
 10
10883.950963
 20
36402.989876
 42
-0.041265
  0
VERTEX
  8
0
 10
10872.789883
 20
36369.638133
 42
-0.045508
  0
VERTEX
  8
0
 10
10856.581955
 20
36339.711889
 42
-0.053830
  0
VERTEX
  8
0
 10
10826.882828
 20
36304.082941
 42
-0.056758
  0
VERTEX
  8
0
 10
10790.747790
 20
36276.328501
 42
-0.056858
  0
VERTEX
  8
0
 10
10749.357284
 20
36257.446939
 42
-0.054359
  0
VERTEX
  8
0
 10
10704.144045
 20
36248.009442
 42
-0.069559
  0
VERTEX
  8
0
 10
10649.444979
 20
36250.293225
 42
-0.067953
  0
VERTEX
  8
0
 10
10597.001029
 20
36267.458645
 42
-0.067499
  0
VERTEX
  8
0
 10
10550.779387
 20
36298.193467
 42
-0.067065
  0
VERTEX
  8
0
 10
10514.297203
 20
36340.188565
 42
-0.086574
  0
VERTEX
  8
0
 10
10486.857085
 20
36403.562190
 42
-0.085453
  0
VERTEX
  8
0
 10
10482.322957
 20
36472.781409
 42
-0.085290
  0
VERTEX
  8
0
 10
10501.205641
 20
36539.642313
 42
-0.085799
  0
VERTEX
  8
0
 10
10541.299450
 20
36596.209351
 42
-0.040395
  0
VERTEX
  8
0
 10
10567.207014
 20
36618.131869
 42
-0.042024
  0
VERTEX
  8
0
 10
10595.975280
 20
36635.279900
 42
-0.041807
  0
VERTEX
  8
0
 10
10627.347532
 20
36647.446720
 42
-0.039161
  0
VERTEX
  8
0
 10
10661.000000
 20
36654.553226
 42
-0.026630
  0
VERTEX
  8
0
 10
10672.931560
 20
36655.468802
 42
-0.010336
  0
VERTEX
  8
0
 10
10689.502641
 20
36655.512982
 42
-0.010342
  0
VERTEX
  8
0
 10
10706.070229
 20
36654.871688
 42
-0.026449
  0
SEQEND
  0
POLYLINE
  8
0
 66
1
 70
1
  0
VERTEX
  8
0
 10
13932.500000
 20
36839.344862
 42
0.021509
  0
VERTEX
  8
0
 10
13892.416186
 20
36834.406794
 42
0.024931
  0
VERTEX
  8
0
 10
13854.862520
 20
36826.188719
 42
0.025424
  0
VERTEX
  8
0
 10
13818.963670
 20
36814.446266
 42
0.024217
  0
VERTEX
  8
0
 10
13783.839045
 20
36798.954377
 42
0.039744
  0
VERTEX
  8
0
 10
13730.184482
 20
36766.553881
 42
0.040713
  0
VERTEX
  8
0
 10
13682.794628
 20
36726.305544
 42
0.040694
  0
VERTEX
  8
0
 10
13642.533667
 20
36678.890769
 42
0.039629
  0
VERTEX
  8
0
 10
13610.083651
 20
36625.174152
 42
0.021280
  0
VERTEX
  8
0
 10
13596.165301
 20
36594.145269
 42
0.022460
  0
VERTEX
  8
0
 10
13585.209939
 20
36562.593061
 42
0.022157
  0
VERTEX
  8
0
 10
13577.008684
 20
36529.786965
 42
0.019573
  0
VERTEX
  8
0
 10
13571.340393
 20
36495.000000
 42
0.021677
  0
VERTEX
  8
0
 10
13570.011265
 20
36478.217997
 42
0.007365
  0
VERTEX
  8
0
 10
13569.498413
 20
36453.748886
 42
0.007363
  0
VERTEX
  8
0
 10
13569.706433
 20
36429.278873
 42
0.021726
  0
VERTEX
  8
0
 10
13570.826785
 20
36412.500000
 42
0.052956
  0
VERTEX
  8
0
 10
13589.375305
 20
36327.938777
 42
0.055255
  0
VERTEX
  8
0
 10
13625.117717
 20
36250.442464
 42
0.055641
  0
VERTEX
  8
0
 10
13676.694829
 20
36183.115514
 42
0.055116
  0
VERTEX
  8
0
 10
13742.000000
 20
36128.576728
 42
0.006045
  0
VERTEX
  8
0
 10
13755.101151
 20
36120.112752
 42
0.010742
  0
VERTEX
  8
0
 10
13766.120226
 20
36113.507307
 42
0.011125
  0
VERTEX
  8
0
 10
13777.144457
 20
36107.537781
 42
0.007082
  0
VERTEX
  8
0
 10
13790.218985
 20
36101.062054
 42
0.055934
  0
VERTEX
  8
0
 10
13872.211966
 20
36072.614174
 42
0.056263
  0
VERTEX
  8
0
 10
13958.306980
 20
36063.122784
 42
0.056208
  0
VERTEX
  8
0
 10
14044.428770
 20
36073.062432
 42
0.055616
  0
VERTEX
  8
0
 10
14126.500000
 20
36101.939059
 42
0.042225
  0
VERTEX
  8
0
 10
14182.909186
 20
36135.281707
 42
0.042494
  0
VERTEX
  8
0
 10
14232.786244
 20
36177.564122
 42
0.042435
  0
VERTEX
  8
0
 10
14274.857857
 20
36227.730319
 42
0.041861
  0
VERTEX
  8
0
 10
14308.072400
 20
36284.500000
 42
0.053056
  0
VERTEX
  8
0
 10
14335.169530
 20
36361.178586
 42
0.052318
  0
VERTEX
  8
0
 10
14345.691744
 20
36442.207905
 42
0.052351
  0
VERTEX
  8
0
 10
14339.164652
 20
36523.609377
 42
0.053256
  0
VERTEX
  8
0
 10
14315.867214
 20
36601.388306
 42
0.073684
  0
VERTEX
  8
0
 10
14256.554369
 20
36699.325763
 42
0.073915
  0
VERTEX
  8
0
 10
14171.445823
 20
36775.735215
 42
0.074067
  0
VERTEX
  8
0
 10
14067.960024
 20
36823.970395
 42
0.074471
  0
VERTEX
  8
0
 10
13955.104783
 20
36839.831897
 42
0.001394
  0
VERTEX
  8
0
 10
13947.687879
 20
36839.744195
 42
0.001732
  0
VERTEX
  8
0
 10
13940.790155
 20
36839.619488
 42
0.001410
  0
VERTEX
  8
0
 10
13934.999202
 20
36839.478380
 42
0.013096
  0
SEQEND
  0
POLYLINE
  8
0
 66
1
 70
1
  0
VERTEX
  8
0
 10
13978.144045
 20
36654.948535
 42
-0.057748
  0
VERTEX
  8
0
 10
14024.266946
 20
36644.801303
 42
-0.058410
  0
VERTEX
  8
0
 10
14066.656720
 20
36624.397284
 42
-0.058184
  0
VERTEX
  8
0
 10
14103.318627
 20
36594.657036
 42
-0.056489
  0
VERTEX
  8
0
 10
14132.558660
 20
36556.994731
 42
-0.045213
  0
VERTEX
  8
0
 10
14147.978437
 20
36525.631402
 42
-0.042887
  0
VERTEX
  8
0
 10
14157.838808
 20
36491.451423
 42
-0.042698
  0
VERTEX
  8
0
 10
14161.753588
 20
36455.938779
 42
-0.043916
  0
VERTEX
  8
0
 10
14159.513842
 20
36420.617484
 42
-0.077167
  0
VERTEX
  8
0
 10
14140.870918
 20
36361.427393
 42
-0.076328
  0
VERTEX
  8
0
 10
14105.110654
 20
36310.427761
 42
-0.076186
  0
VERTEX
  8
0
 10
14055.628639
 20
36272.432412
 42
-0.076436
  0
VERTEX
  8
0
 10
13997.093229
 20
36251.053210
 42
-0.061953
  0
VERTEX
  8
0
 10
13947.420299
 20
36247.377641
 42
-0.061463
  0
VERTEX
  8
0
 10
13898.220427
 20
36255.957788
 42
-0.061348
  0
VERTEX
  8
0
 10
13852.500802
 20
36276.263700
 42
-0.061298
  0
VERTEX
  8
0
 10
13813.060606
 20
36307.060606
 42
-0.069635
  0
VERTEX
  8
0
 10
13778.789406
 20
36352.485123
 42
-0.069947
  0
VERTEX
  8
0
 10
13758.368705
 20
36405.505048
 42
-0.069983
  0
VERTEX
  8
0
 10
13753.364190
 20
36462.075063
 42
-0.069828
  0
VERTEX
  8
0
 10
13764.149746
 20
36517.875979
 42
-0.057350
  0
VERTEX
  8
0
 10
13784.343020
 20
36560.225484
 42
-0.057837
  0
VERTEX
  8
0
 10
13813.580214
 20
36596.748453
 42
-0.057819
  0
VERTEX
  8
0
 10
13850.414741
 20
36625.613605
 42
-0.057246
  0
VERTEX
  8
0
 10
13893.000000
 20
36645.392655
 42
-0.005767
  0
VERTEX
  8
0
 10
13898.755045
 20
36647.229241
 42
-0.004869
  0
VERTEX
  8
0
 10
13904.884375
 20
36649.042553
 42
-0.004914
  0
VERTEX
  8
0
 10
13910.507503
 20
36650.587132
 42
-0.013619
  0
VERTEX
  8
0
 10
13914.500000
 20
36651.526198
 42
-0.020039
  0
VERTEX
  8
0
 10
13930.029662
 20
36654.091363
 42
-0.017478
  0
VERTEX
  8
0
 10
13946.440416
 20
36655.550402
 42
-0.017586
  0
VERTEX
  8
0
 10
13962.792570
 20
36655.853804
 42
-0.021145
  0
SEQEND
  0
POLYLINE
  8
0
 66
1
 70
1
  0
VERTEX
  8
0
 10
3292.736902
 20
36429.978086
 42
0.054440
  0
VERTEX
  8
0
 10
3206.053314
 20
36412.615875
 42
0.056465
  0
VERTEX
  8
0
 10
3126.291911
 20
36377.067349
 42
0.056751
  0
VERTEX
  8
0
 10
3056.848650
 20
36324.772983
 42
0.056036
  0
VERTEX
  8
0
 10
3000.605584
 20
36258.000000
 42
0.010066
  0
VERTEX
  8
0
 10
2990.686226
 20
36242.453386
 42
0.012807
  0
VERTEX
  8
0
 10
2982.199322
 20
36227.705278
 42
0.012849
  0
VERTEX
  8
0
 10
2974.500699
 20
36212.582091
 42
0.010247
  0
VERTEX
  8
0
 10
2966.959603
 20
36195.905556
 42
0.032982
  0
VERTEX
  8
0
 10
2949.664710
 20
36146.739447
 42
0.033423
  0
VERTEX
  8
0
 10
2939.077345
 20
36095.942731
 42
0.033480
  0
VERTEX
  8
0
 10
2935.364732
 20
36044.272202
 42
0.033349
  0
VERTEX
  8
0
 10
2938.572534
 20
35992.500000
 42
0.072391
  0
VERTEX
  8
0
 10
2968.516225
 20
35885.589929
 42
0.071764
  0
VERTEX
  8
0
 10
3027.749951
 20
35791.298851
 42
0.071729
  0
VERTEX
  8
0
 10
3111.250226
 20
35717.558857
 42
0.072206
  0
VERTEX
  8
0
 10
3212.000000
 20
35670.615232
 42
0.011421
  0
VERTEX
  8
0
 10
3228.746813
 20
35665.997875
 42
0.011206
  0
VERTEX
  8
0
 10
3245.793038
 20
35662.118280
 42
0.010905
  0
VERTEX
  8
0
 10
3263.442360
 20
35658.914633
 42
0.009569
  0
VERTEX
  8
0
 10
3282.000000
 20
35656.325635
 42
0.021024
  0
VERTEX
  8
0
 10
3299.953609
 20
35654.932549
 42
0.008935
  0
VERTEX
  8
0
 10
3324.081057
 20
35654.509612
 42
0.008926
  0
VERTEX
  8
0
 10
3348.176683
 20
35654.948061
 42
0.021350
  0
VERTEX
  8
0
 10
3366.000000
 20
35656.354371
 42
0.019529
  0
VERTEX
  8
0
 10
3402.072015
 20
35662.193649
 42
0.022996
  0
VERTEX
  8
0
 10
3435.634133
 20
35670.603585
 42
0.023316
  0
VERTEX
  8
0
 10
3467.879627
 20
35681.942193
 42
0.021188
  0
VERTEX
  8
0
 10
3500.000000
 20
35696.561596
 42
0.018354
  0
VERTEX
  8
0
 10
3527.153322
 20
35711.614814
 42
0.021618
  0
VERTEX
  8
0
 10
3551.641644
 20
35727.874278
 42
0.021416
  0
VERTEX
  8
0
 10
3574.825455
 20
35746.324401
 42
0.017411
  0
VERTEX
  8
0
 10
3598.062100
 20
35767.964209
 42
0.042871
  0
VERTEX
  8
0
 10
3642.499011
 20
35820.672435
 42
0.045266
  0
VERTEX
  8
0
 10
3676.387082
 20
35879.273436
 42
0.045069
  0
VERTEX
  8
0
 10
3699.290386
 20
35943.255844
 42
0.041791
  0
VERTEX
  8
0
 10
3711.092224
 20
36011.951243
 42
0.019713
  0
VERTEX
  8
0
 10
3711.902835
 20
36029.118561
 42
0.008223
  0
VERTEX
  8
0
 10
3711.701515
 20
36052.302695
 42
0.008239
  0
VERTEX
  8
0
 10
3710.734611
 20
36075.528918
 42
0.019113
  0
VERTEX
  8
0
 10
3709.058054
 20
36092.884185
 42
0.038923
  0
VERTEX
  8
0
 10
3695.779846
 20
36154.477177
 42
0.040726
  0
VERTEX
  8
0
 10
3673.249055
 20
36212.301763
 42
0.040782
  0
VERTEX
  8
0
 10
3641.677126
 20
36265.638322
 42
0.039252
  0
VERTEX
  8
0
 10
3601.500000
 20
36313.878859
 42
0.041998
  0
VERTEX
  8
0
 10
3551.546694
 20
36357.157907
 42
0.042991
  0
VERTEX
  8
0
 10
3495.436936
 20
36391.101839
 42
0.042871
  0
VERTEX
  8
0
 10
3434.197444
 20
36415.026166
 42
0.041290
  0
VERTEX
  8
0
 10
3369.000000
 20
36428.528598
 42
0.019967
  0
VERTEX
  8
0
 10
3353.978163
 20
36429.759415
 42
0.005705
  0
VERTEX
  8
0
 10
3330.604296
 20
36430.470524
 42
0.005629
  0
VERTEX
  8
0
 10
3307.291334
 20
36430.651111
 42
0.021352
  0
SEQEND
  0
POLYLINE
  8
0
 66
1
 70
1
  0
VERTEX
  8
0
 10
3355.986065
 20
36244.528794
 42
-0.028475
  0
VERTEX
  8
0
 10
3381.112861
 20
36238.766674
 42
-0.030918
  0
VERTEX
  8
0
 10
3404.721192
 20
36230.304486
 42
-0.031049
  0
VERTEX
  8
0
 10
3427.016439
 20
36219.033366
 42
-0.029224
  0
VERTEX
  8
0
 10
3448.220324
 20
36204.879805
 42
-0.023751
  0
VERTEX
  8
0
 10
3457.110185
 20
36197.475136
 42
-0.010851
  0
VERTEX
  8
0
 10
3468.024517
 20
36187.024517
 42
-0.010851
  0
VERTEX
  8
0
 10
3478.475136
 20
36176.110185
 42
-0.023751
  0
VERTEX
  8
0
 10
3485.879805
 20
36167.220324
 42
-0.039030
  0
VERTEX
  8
0
 10
3504.148910
 20
36138.654408
 42
-0.041343
  0
VERTEX
  8
0
 10
3517.355808
 20
36108.128550
 42
-0.041505
  0
VERTEX
  8
0
 10
3525.321550
 20
36075.958141
 42
-0.039963
  0
VERTEX
  8
0
 10
3528.000000
 20
36042.500000
 42
-0.069351
  0
VERTEX
  8
0
 10
3520.136106
 20
35986.076672
 42
-0.070398
  0
VERTEX
  8
0
 10
3497.152224
 20
35934.265487
 42
-0.070352
  0
VERTEX
  8
0
 10
3460.679655
 20
35890.837169
 42
-0.069114
  0
VERTEX
  8
0
 10
3413.390326
 20
35858.916569
 42
-0.058529
  0
VERTEX
  8
0
 10
3369.017294
 20
35843.278993
 42
-0.057802
  0
VERTEX
  8
0
 10
3322.038153
 20
35838.260482
 42
-0.057762
  0
VERTEX
  8
0
 10
3275.127032
 20
35844.128926
 42
-0.058288
  0
VERTEX
  8
0
 10
3230.954735
 20
35860.568678
 42
-0.053221
  0
VERTEX
  8
0
 10
3194.524826
 20
35884.388344
 42
-0.053204
  0
VERTEX
  8
0
 10
3163.939481
 20
35915.363272
 42
-0.053233
  0
VERTEX
  8
0
 10
3140.592926
 20
35952.077826
 42
-0.053394
  0
VERTEX
  8
0
 10
3125.552570
 20
35992.857452
 42
-0.031803
  0
VERTEX
  8
0
 10
3121.055049
 20
36017.149430
 42
-0.029740
  0
VERTEX
  8
0
 10
3119.539425
 20
36042.369126
 42
-0.029708
  0
VERTEX
  8
0
 10
3121.026725
 20
36067.618709
 42
-0.031557
  0
VERTEX
  8
0
 10
3125.496822
 20
36092.000000
 42
-0.027070
  0
VERTEX
  8
0
 10
3131.684032
 20
36112.104901
 42
-0.024668
  0
VERTEX
  8
0
 10
3140.173985
 20
36132.073959
 42
-0.024790
  0
VERTEX
  8
0
 10
3150.537874
 20
36151.004480
 42
-0.028134
  0
VERTEX
  8
0
 10
3162.333627
 20
36168.000000
 42
-0.018968
  0
VERTEX
  8
0
 10
3168.555849
 20
36175.373700
 42
-0.008502
  0
VERTEX
  8
0
 10
3177.256809
 20
36184.604809
 42
-0.008532
  0
VERTEX
  8
0
 10
3186.378603
 20
36193.644652
 42
-0.016684
  0
VERTEX
  8
0
 10
3194.000000
 20
36200.471445
 42
-0.038212
  0
VERTEX
  8
0
 10
3216.833424
 20
36216.796757
 42
-0.034713
  0
VERTEX
  8
0
 10
3242.612061
 20
36230.051409
 42
-0.034248
  0
VERTEX
  8
0
 10
3270.343628
 20
36239.769233
 42
-0.034781
  0
VERTEX
  8
0
 10
3299.000000
 20
36245.549843
 42
-0.026383
  0
VERTEX
  8
0
 10
3311.041942
 20
36246.476037
 42
-0.010481
  0
VERTEX
  8
0
 10
3327.625862
 20
36246.526560
 42
-0.010454
  0
VERTEX
  8
0
 10
3344.157927
 20
36245.884402
 42
-0.027196
  0
SEQEND
  0
POLYLINE
  8
0
 66
1
 70
1
  0
VERTEX
  8
0
 10
6570.500000
 20
36430.344862
 42
0.009218
  0
VERTEX
  8
0
 10
6552.294755
 20
36428.555015
 42
0.010051
  0
VERTEX
  8
0
 10
6534.687456
 20
36426.135925
 42
0.010408
  0
VERTEX
  8
0
 10
6517.804024
 20
36423.108068
 42
0.011831
  0
VERTEX
  8
0
 10
6501.772170
 20
36419.490575
 42
0.075768
  0
VERTEX
  8
0
 10
6393.070620
 20
36373.937503
 42
0.076314
  0
VERTEX
  8
0
 10
6303.177143
 20
36298.157847
 42
0.076297
  0
VERTEX
  8
0
 10
6240.139726
 20
36198.885121
 42
0.075679
  0
VERTEX
  8
0
 10
6209.552908
 20
36085.000000
 42
0.039413
  0
VERTEX
  8
0
 10
6207.626980
 20
36025.812802
 42
0.037921
  0
VERTEX
  8
0
 10
6214.931295
 20
35966.269923
 42
0.037933
  0
VERTEX
  8
0
 10
6231.140948
 20
35908.531821
 42
0.039498
  0
VERTEX
  8
0
 10
6255.722961
 20
35854.716776
 42
0.058494
  0
VERTEX
  8
0
 10
6310.014135
 20
35779.355407
 42
0.060584
  0
VERTEX
  8
0
 10
6379.704517
 20
35719.620616
 42
0.060273
  0
VERTEX
  8
0
 10
6462.021956
 20
35678.094981
 42
0.056871
  0
VERTEX
  8
0
 10
6553.500000
 20
35656.368314
 42
0.020734
  0
VERTEX
  8
0
 10
6571.708472
 20
35654.943230
 42
0.009131
  0
VERTEX
  8
0
 10
6595.870237
 20
35654.499007
 42
0.009120
  0
VERTEX
  8
0
 10
6619.983897
 20
35654.935914
 42
0.021211
  0
VERTEX
  8
0
 10
6638.000000
 20
35656.358001
 42
0.038159
  0
VERTEX
  8
0
 10
6702.150461
 20
35669.192919
 42
0.041448
  0
VERTEX
  8
0
 10
6761.781351
 20
35691.406795
 42
0.041824
  0
VERTEX
  8
0
 10
6816.460382
 20
35722.935273
 42
0.040269
  0
VERTEX
  8
0
 10
6865.878237
 20
35763.484185
 42
0.042990
  0
VERTEX
  8
0
 10
6909.170909
 20
35813.120496
 42
0.042992
  0
VERTEX
  8
0
 10
6943.336745
 20
35869.428206
 42
0.042557
  0
VERTEX
  8
0
 10
6967.650339
 20
35931.307292
 42
0.040390
  0
VERTEX
  8
0
 10
6981.661232
 20
35997.500000
 42
0.023715
  0
VERTEX
  8
0
 10
6983.013776
 20
36014.279823
 42
0.006639
  0
VERTEX
  8
0
 10
6983.533216
 20
36040.599534
 42
0.006536
  0
VERTEX
  8
0
 10
6983.359620
 20
36066.838405
 42
0.025569
  0
VERTEX
  8
0
 10
6982.213217
 20
36083.000000
 42
0.018034
  0
VERTEX
  8
0
 10
6976.552594
 20
36118.526470
 42
0.021873
  0
VERTEX
  8
0
 10
6968.607210
 20
36151.304910
 42
0.022425
  0
VERTEX
  8
0
 10
6958.028197
 20
36182.557731
 42
0.020895
  0
VERTEX
  8
0
 10
6944.468550
 20
36213.500000
 42
0.065123
  0
VERTEX
  8
0
 10
6888.903930
 20
36297.416474
 42
0.065307
  0
VERTEX
  8
0
 10
6813.672523
 20
36364.127371
 42
0.065167
  0
VERTEX
  8
0
 10
6723.624388
 20
36409.288423
 42
0.064363
  0
VERTEX
  8
0
 10
6624.604783
 20
36429.997095
 42
0.013593
  0
VERTEX
  8
0
 10
6613.511838
 20
36430.557026
 42
0.004206
  0
VERTEX
  8
0
 10
6596.794125
 20
36430.805113
 42
0.003986
  0
VERTEX
  8
0
 10
6580.252825
 20
36430.779553
 42
0.017513
  0
SEQEND
  0
POLYLINE
  8
0
 66
1
 70
1
  0
VERTEX
  8
0
 10
6627.986065
 20
36244.512650
 42
-0.058321
  0
VERTEX
  8
0
 10
6675.903138
 20
36230.560192
 42
-0.061201
  0
VERTEX
  8
0
 10
6718.463389
 20
36206.072780
 42
-0.061278
  0
VERTEX
  8
0
 10
6753.786187
 20
36172.042956
 42
-0.058724
  0
VERTEX
  8
0
 10
6780.398832
 20
36130.000000
 42
-0.022313
  0
VERTEX
  8
0
 10
6787.079860
 20
36114.302608
 42
-0.021413
  0
VERTEX
  8
0
 10
6792.437698
 20
36097.857314
 42
-0.021089
  0
VERTEX
  8
0
 10
6796.439580
 20
36080.762746
 42
-0.020120
  0
VERTEX
  8
0
 10
6799.061627
 20
36063.121844
 42
-0.022696
  0
VERTEX
  8
0
 10
6799.789113
 20
36051.391175
 42
-0.011373
  0
VERTEX
  8
0
 10
6799.697115
 20
36036.533095
 42
-0.011374
  0
VERTEX
  8
0
 10
6798.929247
 20
36021.689024
 42
-0.022611
  0
VERTEX
  8
0
 10
6797.524025
 20
36010.000000
 42
-0.038505
  0
VERTEX
  8
0
 10
6789.734676
 20
35978.420308
 42
-0.039779
  0
VERTEX
  8
0
 10
6777.255620
 20
35948.765657
 42
-0.039794
  0
VERTEX
  8
0
 10
6760.242715
 20
35921.471030
 42
-0.038591
  0
VERTEX
  8
0
 10
6738.961258
 20
35896.914417
 42
-0.043077
  0
VERTEX
  8
0
 10
6712.153528
 20
35874.631622
 42
-0.043280
  0
VERTEX
  8
0
 10
6681.964687
 20
35857.311572
 42
-0.042994
  0
VERTEX
  8
0
 10
6649.050047
 20
35845.355225
 42
-0.041356
  0
VERTEX
  8
0
 10
6614.144045
 20
35839.009442
 42
-0.068879
  0
VERTEX
  8
0
 10
6560.088447
 20
35841.193019
 42
-0.067264
  0
VERTEX
  8
0
 10
6508.189320
 20
35857.945948
 42
-0.066715
  0
VERTEX
  8
0
 10
6462.236681
 20
35888.039352
 42
-0.065866
  0
VERTEX
  8
0
 10
6425.602341
 20
35929.287809
 42
-0.048184
  0
VERTEX
  8
0
 10
6407.919698
 20
35961.780208
 42
-0.045783
  0
VERTEX
  8
0
 10
6396.418309
 20
35997.612508
 42
-0.045426
  0
VERTEX
  8
0
 10
6391.567030
 20
36035.217161
 42
-0.045829
  0
VERTEX
  8
0
 10
6393.610651
 20
36072.965905
 42
-0.082037
  0
VERTEX
  8
0
 10
6413.644315
 20
36135.639403
 42
-0.081687
  0
VERTEX
  8
0
 10
6452.789598
 20
36188.645209
 42
-0.081184
  0
VERTEX
  8
0
 10
6507.088724
 20
36226.568781
 42
-0.079622
  0
VERTEX
  8
0
 10
6571.000000
 20
36245.553226
 42
-0.026623
  0
VERTEX
  8
0
 10
6582.963742
 20
36246.471460
 42
-0.010407
  0
VERTEX
  8
0
 10
6599.536527
 20
36246.513807
 42
-0.010403
  0
VERTEX
  8
0
 10
6616.090624
 20
36245.866823
 42
-0.026748
  0
SEQEND
  0
POLYLINE
  8
0
 66
1
 70
1
  0
VERTEX
  8
0
 10
18016.000000
 20
36429.872190
 42
0.078603
  0
VERTEX
  8
0
 10
17898.477432
 20
36401.409483
 42
0.078183
  0
VERTEX
  8
0
 10
17795.236328
 20
36338.034356
 42
0.078194
  0
VERTEX
  8
0
 10
17716.454072
 20
36246.029829
 42
0.078661
  0
VERTEX
  8
0
 10
17669.931185
 20
36134.460271
 42
0.027617
  0
VERTEX
  8
0
 10
17662.346849
 20
36093.443545
 42
0.026027
  0
VERTEX
  8
0
 10
17659.134181
 20
36051.017953
 42
0.026150
  0
VERTEX
  8
0
 10
17660.351149
 20
36008.698521
 42
0.028595
  0
VERTEX
  8
0
 10
17666.012234
 20
35968.000000
 42
0.065640
  0
VERTEX
  8
0
 10
17698.879211
 20
35870.931078
 42
0.066170
  0
VERTEX
  8
0
 10
17755.717353
 20
35785.989767
 42
0.066194
  0
VERTEX
  8
0
 10
17832.749587
 20
35718.870908
 42
0.065771
  0
VERTEX
  8
0
 10
17924.806665
 20
35674.039882
 42
0.013035
  0
VERTEX
  8
0
 10
17944.094221
 20
35668.162925
 42
0.013205
  0
VERTEX
  8
0
 10
17963.579310
 20
35663.326651
 42
0.012897
  0
VERTEX
  8
0
 10
17983.725902
 20
35659.429371
 42
0.011226
  0
VERTEX
  8
0
 10
18005.000000
 20
35656.369700
 42
0.020758
  0
VERTEX
  8
0
 10
18021.508542
 20
35655.064782
 42
0.007623
  0
VERTEX
  8
0
 10
18044.899029
 20
35654.547172
 42
0.007637
  0
VERTEX
  8
0
 10
18068.326522
 20
35654.743836
 42
0.020374
  0
VERTEX
  8
0
 10
18085.000000
 20
35655.819280
 42
0.047971
  0
VERTEX
  8
0
 10
18162.012549
 20
35671.512477
 42
0.050605
  0
VERTEX
  8
0
 10
18233.174393
 20
35701.432859
 42
0.050611
  0
VERTEX
  8
0
 10
18296.867767
 20
35745.033583
 42
0.048007
  0
VERTEX
  8
0
 10
18351.757038
 20
35801.251101
 42
0.018684
  0
VERTEX
  8
0
 10
18363.784982
 20
35817.401153
 42
0.011447
  0
VERTEX
  8
0
 10
18376.796091
 20
35837.265338
 42
0.011436
  0
VERTEX
  8
0
 10
18388.916237
 20
35857.757058
 42
0.018271
  0
VERTEX
  8
0
 10
18398.212165
 20
35875.845814
 42
0.051673
  0
VERTEX
  8
0
 10
18425.320143
 20
35953.735751
 42
0.052802
  0
VERTEX
  8
0
 10
18435.621877
 20
36034.959869
 42
0.052978
  0
VERTEX
  8
0
 10
18428.675061
 20
36116.291210
 42
0.052697
  0
VERTEX
  8
0
 10
18404.793623
 20
36194.500000
 42
0.064262
  0
VERTEX
  8
0
 10
18354.671318
 20
36280.043786
 42
0.063932
  0
VERTEX
  8
0
 10
18284.397098
 20
36350.227308
 42
0.064000
  0
VERTEX
  8
0
 10
18198.746609
 20
36400.323550
 42
0.064643
  0
VERTEX
  8
0
 10
18103.500000
 20
36426.920202
 42
0.014796
  0
VERTEX
  8
0
 10
18082.086271
 20
36429.363481
 42
0.012574
  0
VERTEX
  8
0
 10
18059.369926
 20
36430.702366
 42
0.012674
  0
VERTEX
  8
0
 10
18036.841576
 20
36430.891106
 42
0.015942
  0
SEQEND
  0
POLYLINE
  8
0
 66
1
 70
1
  0
VERTEX
  8
0
 10
18068.144045
 20
36245.948535
 42
-0.080063
  0
VERTEX
  8
0
 10
18130.238553
 20
36229.365441
 42
-0.078852
  0
VERTEX
  8
0
 10
18184.344406
 20
36194.061023
 42
-0.078880
  0
VERTEX
  8
0
 10
18224.847085
 20
36143.753946
 42
-0.080210
  0
VERTEX
  8
0
 10
18247.489918
 20
36083.659354
 42
-0.031602
  0
VERTEX
  8
0
 10
18251.140301
 20
36057.195833
 42
-0.033021
  0
VERTEX
  8
0
 10
18251.347567
 20
36030.872139
 42
-0.033069
  0
VERTEX
  8
0
 10
18248.089350
 20
36004.785971
 42
-0.031892
  0
VERTEX
  8
0
 10
18241.399496
 20
35979.031155
 42
-0.026621
  0
VERTEX
  8
0
 10
18232.890988
 20
35957.167417
 42
-0.029830
  0
VERTEX
  8
0
 10
18222.381718
 20
35937.176553
 42
-0.029748
  0
VERTEX
  8
0
 10
18209.540310
 20
35918.531383
 42
-0.026197
  0
VERTEX
  8
0
 10
18194.053338
 20
35900.693906
 42
-0.062129
  0
VERTEX
  8
0
 10
18153.976436
 20
35868.329389
 42
-0.064026
  0
VERTEX
  8
0
 10
18107.569958
 20
35847.194670
 42
-0.063902
  0
VERTEX
  8
0
 10
18057.243816
 20
35838.460040
 42
-0.061479
  0
VERTEX
  8
0
 10
18005.653701
 20
35842.522604
 42
-0.070863
  0
VERTEX
  8
0
 10
17952.515190
 20
35861.491857
 42
-0.069432
  0
VERTEX
  8
0
 10
17906.374862
 20
35894.641866
 42
-0.069392
  0
VERTEX
  8
0
 10
17871.049887
 20
35939.176243
 42
-0.070639
  0
VERTEX
  8
0
 10
17849.517562
 20
35991.413622
 42
-0.089703
  0
VERTEX
  8
0
 10
17844.269968
 20
36065.190040
 42
-0.091392
  0
VERTEX
  8
0
 10
17865.298965
 20
36135.608810
 42
-0.091322
  0
VERTEX
  8
0
 10
17910.071951
 20
36193.944119
 42
-0.089399
  0
VERTEX
  8
0
 10
17973.000000
 20
36233.022552
 42
-0.019196
  0
VERTEX
  8
0
 10
17985.861573
 20
36237.557805
 42
-0.018182
  0
VERTEX
  8
0
 10
17999.266456
 20
36241.184991
 42
-0.016750
  0
VERTEX
  8
0
 10
18013.904604
 20
36244.067050
 42
-0.011851
  0
VERTEX
  8
0
 10
18030.500000
 20
36246.358363
 42
-0.024713
  0
VERTEX
  8
0
 10
18037.318529
 20
36246.795926
 42
-0.006389
  0
VERTEX
  8
0
 10
18048.335288
 20
36246.816760
 42
-0.006788
  0
VERTEX
  8
0
 10
18059.668842
 20
36246.539462
 42
-0.015788
  0
SEQEND
  0
POLYLINE
  8
0
 66
1
 70
1
  0
VERTEX
  8
0
 10
21288.000000
 20
36429.964189
 42
0.040015
  0
VERTEX
  8
0
 10
21220.338916
 20
36418.119607
 42
0.043723
  0
VERTEX
  8
0
 10
21157.492675
 20
36395.840535
 42
0.044116
  0
VERTEX
  8
0
 10
21099.965193
 20
36363.188812
 42
0.042168
  0
VERTEX
  8
0
 10
21048.115023
 20
36320.507847
 42
0.041174
  0
VERTEX
  8
0
 10
21005.079499
 20
36270.993190
 42
0.042950
  0
VERTEX
  8
0
 10
20971.417760
 20
36215.762507
 42
0.042664
  0
VERTEX
  8
0
 10
20947.509157
 20
36155.242523
 42
0.039570
  0
VERTEX
  8
0
 10
20933.476312
 20
36090.000000
 42
0.021094
  0
VERTEX
  8
0
 10
20932.057452
 20
36074.378544
 42
0.007123
  0
VERTEX
  8
0
 10
20931.277043
 20
36051.535861
 42
0.007226
  0
VERTEX
  8
0
 10
20931.151238
 20
36028.464898
 42
0.018499
  0
VERTEX
  8
0
 10
20931.919156
 20
36011.780407
 42
0.036119
  0
VERTEX
  8
0
 10
20940.954580
 20
35954.028698
 42
0.037887
  0
VERTEX
  8
0
 10
20958.127215
 20
35899.125503
 42
0.037833
  0
VERTEX
  8
0
 10
20983.415802
 20
35847.371062
 42
0.035802
  0
VERTEX
  8
0
 10
21016.629767
 20
35799.000000
 42
0.017737
  0
VERTEX
  8
0
 10
21028.137707
 20
35785.577532
 42
0.008719
  0
VERTEX
  8
0
 10
21043.665863
 20
35769.294175
 42
0.008700
  0
VERTEX
  8
0
 10
21059.640529
 20
35753.670342
 42
0.019083
  0
VERTEX
  8
0
 10
21072.508735
 20
35742.412809
 42
0.051523
  0
VERTEX
  8
0
 10
21142.544162
 20
35696.765635
 42
0.053664
  0
VERTEX
  8
0
 10
21219.500592
 20
35667.143345
 42
0.053809
  0
VERTEX
  8
0
 10
21300.805089
 20
35654.630488
 42
0.052331
  0
VERTEX
  8
0
 10
21383.694825
 20
35659.558169
 42
0.050369
  0
VERTEX
  8
0
 10
21456.965676
 20
35679.411037
 42
0.048958
  0
VERTEX
  8
0
 10
21525.534581
 20
35713.647671
 42
0.048862
  0
VERTEX
  8
0
 10
21586.259946
 20
35760.638348
 42
0.049754
  0
VERTEX
  8
0
 10
21636.303932
 20
35818.258042
 42
0.018881
  0
VERTEX
  8
0
 10
21649.240595
 20
35838.091460
 42
0.013136
  0
VERTEX
  8
0
 10
21662.387251
 20
35861.378701
 42
0.013194
  0
VERTEX
  8
0
 10
21674.185751
 20
35885.115817
 42
0.020291
  0
VERTEX
  8
0
 10
21682.998657
 20
35906.294902
 42
0.049767
  0
VERTEX
  8
0
 10
21702.962767
 20
35983.104058
 42
0.050982
  0
VERTEX
  8
0
 10
21707.130158
 20
36061.713699
 42
0.051078
  0
VERTEX
  8
0
 10
21695.310329
 20
36139.405699
 42
0.050322
  0
VERTEX
  8
0
 10
21667.960617
 20
36213.500000
 42
0.024014
  0
VERTEX
  8
0
 10
21651.013086
 20
36244.361825
 42
0.021883
  0
VERTEX
  8
0
 10
21630.687113
 20
36274.460600
 42
0.022061
  0
VERTEX
  8
0
 10
21608.005122
 20
36302.404375
 42
0.025633
  0
VERTEX
  8
0
 10
21584.000000
 20
36326.806163
 42
0.037271
  0
VERTEX
  8
0
 10
21535.010370
 20
36365.445654
 42
0.040081
  0
VERTEX
  8
0
 10
21481.962107
 20
36395.342030
 42
0.040152
  0
VERTEX
  8
0
 10
21424.910323
 20
36416.350137
 42
0.037662
  0
VERTEX
  8
0
 10
21364.000000
 20
36428.524437
 42
0.020015
  0
VERTEX
  8
0
 10
21348.932725
 20
36429.762142
 42
0.005749
  0
VERTEX
  8
0
 10
21325.535014
 20
36430.474577
 42
0.005613
  0
VERTEX
  8
0
 10
21302.243167
 20
36430.654281
 42
0.022454
  0
SEQEND
  0
POLYLINE
  8
0
 66
1
 70
1
  0
VERTEX
  8
0
 10
21340.144045
 20
36245.948535
 42
-0.043622
  0
VERTEX
  8
0
 10
21374.869590
 20
36239.328670
 42
-0.044113
  0
VERTEX
  8
0
 10
21407.783687
 20
36226.799307
 42
-0.043977
  0
VERTEX
  8
0
 10
21438.080862
 20
36208.646584
 42
-0.042802
  0
VERTEX
  8
0
 10
21465.034335
 20
36185.326625
 42
-0.029852
  0
VERTEX
  8
0
 10
21482.973355
 20
36164.553117
 42
-0.034279
  0
VERTEX
  8
0
 10
21497.424274
 20
36142.692030
 42
-0.034520
  0
VERTEX
  8
0
 10
21508.672283
 20
36119.200249
 42
-0.031084
  0
VERTEX
  8
0
 10
21517.039878
 20
36093.554846
 42
-0.032256
  0
VERTEX
  8
0
 10
21521.758850
 20
36068.851575
 42
-0.030063
  0
VERTEX
  8
0
 10
21523.409663
 20
36043.155134
 42
-0.030105
  0
VERTEX
  8
0
 10
21521.966848
 20
36017.484256
 42
-0.032591
  0
VERTEX
  8
0
 10
21517.447430
 20
35992.857452
 42
-0.046222
  0
VERTEX
  8
0
 10
21504.972525
 20
35957.482641
 42
-0.045904
  0
VERTEX
  8
0
 10
21486.188503
 20
35924.914279
 42
-0.045783
  0
VERTEX
  8
0
 10
21461.724356
 20
35896.243801
 42
-0.045476
  0
VERTEX
  8
0
 10
21432.399447
 20
35872.432489
 42
-0.021354
  0
VERTEX
  8
0
 10
21421.857132
 20
35865.991921
 42
-0.012416
  0
VERTEX
  8
0
 10
21408.707002
 20
35859.131081
 42
-0.012420
  0
VERTEX
  8
0
 10
21395.251556
 20
35852.940400
 42
-0.021628
  0
VERTEX
  8
0
 10
21383.768845
 20
35848.577292
 42
-0.089523
  0
VERTEX
  8
0
 10
21311.864963
 20
35838.348806
 42
-0.089483
  0
VERTEX
  8
0
 10
21240.910472
 20
35853.899742
 42
-0.089398
  0
VERTEX
  8
0
 10
21179.809820
 20
35893.285219
 42
-0.089136
  0
VERTEX
  8
0
 10
21136.230600
 20
35951.560402
 42
-0.042365
  0
VERTEX
  8
0
 10
21123.726516
 20
35982.900882
 42
-0.041721
  0
VERTEX
  8
0
 10
21116.604843
 20
36016.061264
 42
-0.041370
  0
VERTEX
  8
0
 10
21115.051053
 20
36050.213047
 42
-0.040173
  0
VERTEX
  8
0
 10
21119.099470
 20
36084.500000
 42
-0.027574
  0
VERTEX
  8
0
 10
21123.708058
 20
36102.327755
 42
-0.021931
  0
VERTEX
  8
0
 10
21130.561581
 20
36120.989581
 42
-0.021786
  0
VERTEX
  8
0
 10
21139.088197
 20
36139.130539
 42
-0.025945
  0
VERTEX
  8
0
 10
21148.725186
 20
36155.397888
 42
-0.067799
  0
VERTEX
  8
0
 10
21185.411631
 20
36197.050403
 42
-0.067969
  0
VERTEX
  8
0
 10
21231.873370
 20
36227.330606
 42
-0.068001
  0
VERTEX
  8
0
 10
21284.732646
 20
36244.033728
 42
-0.067968
  0
SEQEND
  0
POLYLINE
  8
0
 66
1
 70
1
  0
VERTEX
  8
0
 10
4936.500000
 20
34958.376548
 42
0.084659
  0
VERTEX
  8
0
 10
4806.475103
 20
34927.366219
 42
0.086299
  0
VERTEX
  8
0
 10
4695.047110
 20
34855.122746
 42
0.086387
  0
VERTEX
  8
0
 10
4614.632313
 20
34749.576808
 42
0.085055
  0
VERTEX
  8
0
 10
4574.062940
 20
34622.500000
 42
0.018996
  0
VERTEX
  8
0
 10
4571.959116
 20
34601.810027
 42
0.011504
  0
VERTEX
  8
0
 10
4570.966093
 20
34577.208293
 42
0.011491
  0
VERTEX
  8
0
 10
4571.105526
 20
34552.505898
 42
0.018463
  0
VERTEX
  8
0
 10
4572.485035
 20
34531.490085
 42
0.077595
  0
VERTEX
  8
0
 10
4603.410589
 20
34413.985707
 42
0.078511
  0
VERTEX
  8
0
 10
4668.608906
 20
34312.027767
 42
0.078553
  0
VERTEX
  8
0
 10
4762.030046
 20
34235.178069
 42
0.077797
  0
VERTEX
  8
0
 10
4874.904271
 20
34190.576330
 42
0.013371
  0
VERTEX
  8
0
 10
4895.938913
 20
34186.437234
 42
0.015725
  0
VERTEX
  8
0
 10
4916.058989
 20
34183.681742
 42
0.015214
  0
VERTEX
  8
0
 10
4936.867945
 20
34182.134203
 42
0.011174
  0
VERTEX
  8
0
 10
4960.000000
 20
34181.637712
 42
0.008237
  0
VERTEX
  8
0
 10
4979.304649
 20
34181.972860
 42
0.013132
  0
VERTEX
  8
0
 10
4995.780981
 20
34182.964182
 42
0.013734
  0
VERTEX
  8
0
 10
5011.636235
 20
34184.776702
 42
0.010261
  0
VERTEX
  8
0
 10
5029.000000
 20
34187.611115
 42
0.049487
  0
VERTEX
  8
0
 10
5104.047094
 20
34209.290660
 42
0.050237
  0
VERTEX
  8
0
 10
5172.967702
 20
34245.215725
 42
0.050366
  0
VERTEX
  8
0
 10
5233.184594
 20
34294.064463
 42
0.050255
  0
VERTEX
  8
0
 10
5282.468783
 20
34354.000000
 42
0.029201
  0
VERTEX
  8
0
 10
5306.200310
 20
34394.561510
 42
0.030695
  0
VERTEX
  8
0
 10
5324.606172
 20
34436.954242
 42
0.030334
  0
VERTEX
  8
0
 10
5337.857010
 20
34481.751366
 42
0.027169
  0
VERTEX
  8
0
 10
5346.182364
 20
34529.500000
 42
0.024316
  0
VERTEX
  8
0
 10
5347.216571
 20
34544.319376
 42
0.005263
  0
VERTEX
  8
0
 10
5347.486886
 20
34570.000000
 42
0.005263
  0
VERTEX
  8
0
 10
5347.216571
 20
34595.680624
 42
0.024316
  0
VERTEX
  8
0
 10
5346.182364
 20
34610.500000
 42
0.020089
  0
VERTEX
  8
0
 10
5340.379613
 20
34646.810342
 42
0.022518
  0
VERTEX
  8
0
 10
5331.839892
 20
34681.160048
 42
0.022918
  0
VERTEX
  8
0
 10
5320.406533
 20
34714.053054
 42
0.022439
  0
VERTEX
  8
0
 10
5305.939165
 20
34746.000000
 42
0.062304
  0
VERTEX
  8
0
 10
5251.641619
 20
34826.303388
 42
0.062660
  0
VERTEX
  8
0
 10
5179.329592
 20
34890.581923
 42
0.062572
  0
VERTEX
  8
0
 10
5093.249945
 20
34935.015348
 42
0.061818
  0
VERTEX
  8
0
 10
4998.500000
 20
34957.006216
 42
0.017352
  0
VERTEX
  8
0
 10
4987.477771
 20
34957.777672
 42
0.003270
  0
VERTEX
  8
0
 10
4967.292977
 20
34958.355875
 42
0.003190
  0
VERTEX
  8
0
 10
4947.113094
 20
34958.673096
 42
0.018638
  0
SEQEND
  0
POLYLINE
  8
0
 66
1
 70
1
  0
VERTEX
  8
0
 10
4987.893908
 20
34772.401053
 42
-0.063425
  0
VERTEX
  8
0
 10
5035.544537
 20
34759.804056
 42
-0.061044
  0
VERTEX
  8
0
 10
5079.190879
 20
34735.557988
 42
-0.060740
  0
VERTEX
  8
0
 10
5115.877615
 20
34701.357972
 42
-0.061618
  0
VERTEX
  8
0
 10
5143.066037
 20
34659.500000
 42
-0.048517
  0
VERTEX
  8
0
 10
5156.893814
 20
34622.314329
 42
-0.048773
  0
VERTEX
  8
0
 10
5163.265411
 20
34583.226793
 42
-0.048692
  0
VERTEX
  8
0
 10
5161.949321
 20
34543.584494
 42
-0.048031
  0
VERTEX
  8
0
 10
5153.001759
 20
34504.755636
 42
-0.058451
  0
VERTEX
  8
0
 10
5133.314379
 20
34462.854596
 42
-0.056377
  0
VERTEX
  8
0
 10
5104.262921
 20
34426.083125
 42
-0.056380
  0
VERTEX
  8
0
 10
5067.733272
 20
34396.731456
 42
-0.058468
  0
VERTEX
  8
0
 10
5026.000000
 20
34376.704155
 42
-0.017585
  0
VERTEX
  8
0
 10
5009.478305
 20
34371.675459
 42
-0.027043
  0
VERTEX
  8
0
 10
4994.851074
 20
34368.615496
 42
-0.025155
  0
VERTEX
  8
0
 10
4979.231504
 20
34367.019125
 42
-0.012811
  0
VERTEX
  8
0
 10
4959.500000
 20
34366.507395
 42
-0.005820
  0
VERTEX
  8
0
 10
4942.670651
 20
34366.698124
 42
-0.021713
  0
VERTEX
  8
0
 10
4932.108137
 20
34367.400429
 42
-0.024434
  0
VERTEX
  8
0
 10
4922.275169
 20
34368.973859
 42
-0.008865
  0
VERTEX
  8
0
 10
4908.500000
 20
34372.130419
 42
-0.055978
  0
VERTEX
  8
0
 10
4868.162195
 20
34387.075976
 42
-0.053156
  0
VERTEX
  8
0
 10
4831.377647
 20
34410.803414
 42
-0.052901
  0
VERTEX
  8
0
 10
4800.265815
 20
34441.877719
 42
-0.054336
  0
VERTEX
  8
0
 10
4776.686255
 20
34478.525168
 42
-0.024950
  0
VERTEX
  8
0
 10
4767.683127
 20
34499.055263
 42
-0.028923
  0
VERTEX
  8
0
 10
4761.264492
 20
34519.403698
 42
-0.028801
  0
VERTEX
  8
0
 10
4757.217261
 20
34540.431858
 42
-0.024360
  0
VERTEX
  8
0
 10
4755.320587
 20
34563.000000
 42
-0.056290
  0
VERTEX
  8
0
 10
4758.932557
 20
34609.617204
 42
-0.057988
  0
VERTEX
  8
0
 10
4772.861426
 20
34653.762919
 42
-0.057891
  0
VERTEX
  8
0
 10
4796.582357
 20
34693.593977
 42
-0.055763
  0
VERTEX
  8
0
 10
4829.068430
 20
34727.487657
 42
-0.052656
  0
VERTEX
  8
0
 10
4863.998672
 20
34750.874125
 42
-0.052340
  0
VERTEX
  8
0
 10
4903.112558
 20
34766.504622
 42
-0.051890
  0
VERTEX
  8
0
 10
4944.940070
 20
34773.766491
 42
-0.050037
  0
SEQEND
  0
POLYLINE
  8
0
 66
1
 70
1
  0
VERTEX
  8
0
 10
12293.500000
 20
34957.949820
 42
0.021167
  0
VERTEX
  8
0
 10
12256.588058
 20
34953.299506
 42
0.023025
  0
VERTEX
  8
0
 10
12221.237873
 20
34945.628344
 42
0.023348
  0
VERTEX
  8
0
 10
12187.200707
 20
34934.859476
 42
0.023155
  0
VERTEX
  8
0
 10
12154.218985
 20
34920.937946
 42
0.028115
  0
VERTEX
  8
0
 10
12115.775931
 20
34899.840102
 42
0.027909
  0
VERTEX
  8
0
 10
12079.844069
 20
34874.514950
 42
0.028048
  0
VERTEX
  8
0
 10
12047.125790
 20
34845.479467
 42
0.029086
  0
VERTEX
  8
0
 10
12018.283105
 20
34813.297202
 42
0.033813
  0
VERTEX
  8
0
 10
11986.862778
 20
34767.856684
 42
0.036077
  0
VERTEX
  8
0
 10
11962.609181
 20
34719.542940
 42
0.035696
  0
VERTEX
  8
0
 10
11945.350328
 20
34667.768621
 42
0.031751
  0
VERTEX
  8
0
 10
11934.802773
 20
34612.000000
 42
0.026065
  0
VERTEX
  8
0
 10
11933.745443
 20
34597.200817
 42
0.004852
  0
VERTEX
  8
0
 10
11933.486525
 20
34569.947873
 42
0.004833
  0
VERTEX
  8
0
 10
11933.755487
 20
34542.698351
 42
0.026386
  0
VERTEX
  8
0
 10
11934.819956
 20
34528.000000
 42
0.045960
  0
VERTEX
  8
0
 10
11951.947199
 20
34450.281693
 42
0.050198
  0
VERTEX
  8
0
 10
11982.677814
 20
34379.397350
 42
0.050768
  0
VERTEX
  8
0
 10
12026.549566
 20
34316.738046
 42
0.049026
  0
VERTEX
  8
0
 10
12082.619034
 20
34263.389424
 42
0.053474
  0
VERTEX
  8
0
 10
12152.475385
 20
34220.008749
 42
0.052942
  0
VERTEX
  8
0
 10
12230.174066
 20
34192.253842
 42
0.052929
  0
VERTEX
  8
0
 10
12311.986763
 20
34181.429679
 42
0.053395
  0
VERTEX
  8
0
 10
12394.000000
 20
34188.079816
 42
0.049341
  0
VERTEX
  8
0
 10
12467.225367
 20
34209.628524
 42
0.049081
  0
VERTEX
  8
0
 10
12534.948082
 20
34245.134343
 42
0.049169
  0
VERTEX
  8
0
 10
12594.342642
 20
34293.088506
 42
0.049893
  0
VERTEX
  8
0
 10
12642.907034
 20
34351.500000
 42
0.031137
  0
VERTEX
  8
0
 10
12668.523434
 20
34395.055123
 42
0.032482
  0
VERTEX
  8
0
 10
12688.128433
 20
34440.855120
 42
0.032485
  0
VERTEX
  8
0
 10
12701.634920
 20
34488.804510
 42
0.031155
  0
VERTEX
  8
0
 10
12709.050779
 20
34538.774336
 42
0.019153
  0
VERTEX
  8
0
 10
12709.812620
 20
34555.061589
 42
0.006746
  0
VERTEX
  8
0
 10
12709.694456
 20
34578.451880
 42
0.006608
  0
VERTEX
  8
0
 10
12708.958125
 20
34601.627881
 42
0.022089
  0
VERTEX
  8
0
 10
12707.604176
 20
34616.775205
 42
0.023970
  0
VERTEX
  8
0
 10
12699.835036
 20
34659.168762
 42
0.026894
  0
VERTEX
  8
0
 10
12688.255832
 20
34698.992840
 42
0.027243
  0
VERTEX
  8
0
 10
12672.626407
 20
34736.885699
 42
0.025941
  0
VERTEX
  8
0
 10
12652.740417
 20
34773.500000
 42
0.014469
  0
VERTEX
  8
0
 10
12640.026348
 20
34792.975752
 42
0.016126
  0
VERTEX
  8
0
 10
12626.638604
 20
34810.974258
 42
0.015822
  0
VERTEX
  8
0
 10
12611.886961
 20
34828.366610
 42
0.012950
  0
VERTEX
  8
0
 10
12595.070794
 20
34846.025107
 42
0.042831
  0
VERTEX
  8
0
 10
12544.666453
 20
34888.335551
 42
0.042725
  0
VERTEX
  8
0
 10
12487.749879
 20
34921.478895
 42
0.042562
  0
VERTEX
  8
0
 10
12425.814848
 20
34944.568507
 42
0.041823
  0
VERTEX
  8
0
 10
12360.500000
 20
34957.006216
 42
0.017440
  0
VERTEX
  8
0
 10
12347.129621
 20
34957.939648
 42
0.005185
  0
VERTEX
  8
0
 10
12326.653631
 20
34958.440450
 42
0.005091
  0
VERTEX
  8
0
 10
12306.263964
 20
34958.519975
 42
0.019181
  0
SEQEND
  0
POLYLINE
  8
0
 66
1
 70
1
  0
VERTEX
  8
0
 10
12356.459694
 20
34771.500825
 42
-0.065419
  0
VERTEX
  8
0
 10
12406.598333
 20
34755.921311
 42
-0.064528
  0
VERTEX
  8
0
 10
12451.266479
 20
34727.866811
 42
-0.064281
  0
VERTEX
  8
0
 10
12487.449562
 20
34689.239259
 42
-0.064036
  0
VERTEX
  8
0
 10
12512.691762
 20
34642.641516
 42
-0.020011
  0
VERTEX
  8
0
 10
12516.371387
 20
34631.847400
 42
-0.012962
  0
VERTEX
  8
0
 10
12519.796757
 20
34619.104544
 42
-0.012837
  0
VERTEX
  8
0
 10
12522.609150
 20
34605.974350
 42
-0.017376
  0
VERTEX
  8
0
 10
12524.429406
 20
34593.977688
 42
-0.047295
  0
VERTEX
  8
0
 10
12525.269027
 20
34554.588635
 42
-0.048503
  0
VERTEX
  8
0
 10
12518.654564
 20
34516.087112
 42
-0.048387
  0
VERTEX
  8
0
 10
12504.724964
 20
34479.498444
 42
-0.046627
  0
VERTEX
  8
0
 10
12483.882012
 20
34445.779676
 42
-0.024450
  0
VERTEX
  8
0
 10
12476.199465
 20
34436.579189
 42
-0.011018
  0
VERTEX
  8
0
 10
12465.285983
 20
34425.248747
 42
-0.011015
  0
VERTEX
  8
0
 10
12453.890746
 20
34414.416439
 42
-0.024610
  0
VERTEX
  8
0
 10
12444.665378
 20
34406.820398
 42
-0.038093
  0
VERTEX
  8
0
 10
12416.326361
 20
34388.915639
 42
-0.041848
  0
VERTEX
  8
0
 10
12386.455667
 20
34376.156687
 42
-0.041866
  0
VERTEX
  8
0
 10
12354.888871
 20
34368.553702
 42
-0.038186
  0
VERTEX
  8
0
 10
12321.500000
 20
34366.000000
 42
-0.038097
  0
VERTEX
  8
0
 10
12288.365056
 20
34368.528326
 42
-0.041533
  0
VERTEX
  8
0
 10
12256.971730
 20
34376.055600
 42
-0.041656
  0
VERTEX
  8
0
 10
12227.335457
 20
34388.641953
 42
-0.038762
  0
VERTEX
  8
0
 10
12199.430472
 20
34406.228883
 42
-0.074697
  0
VERTEX
  8
0
 10
12156.694484
 20
34449.270776
 42
-0.074685
  0
VERTEX
  8
0
 10
12128.489293
 20
34502.972239
 42
-0.074637
  0
VERTEX
  8
0
 10
12117.293636
 20
34562.622131
 42
-0.074449
  0
VERTEX
  8
0
 10
12124.088055
 20
34622.984359
 42
-0.079100
  0
VERTEX
  8
0
 10
12149.883134
 20
34680.967317
 42
-0.077647
  0
VERTEX
  8
0
 10
12192.539991
 20
34728.495518
 42
-0.077948
  0
VERTEX
  8
0
 10
12247.498857
 20
34760.608070
 42
-0.080673
  0
VERTEX
  8
0
 10
12309.000000
 20
34773.859198
 42
-0.013550
  0
VERTEX
  8
0
 10
12321.075842
 20
34774.150536
 42
-0.011669
  0
VERTEX
  8
0
 10
12333.768636
 20
34773.816457
 42
-0.011974
  0
VERTEX
  8
0
 10
12345.953093
 20
34772.918073
 42
-0.018270
  0
SEQEND
  0
POLYLINE
  8
0
 66
1
 70
1
  0
VERTEX
  8
0
 10
19655.500000
 20
34957.951217
 42
0.033046
  0
VERTEX
  8
0
 10
19600.086640
 20
34949.622139
 42
0.035056
  0
VERTEX
  8
0
 10
19547.368337
 20
34934.157382
 42
0.035567
  0
VERTEX
  8
0
 10
19498.029877
 20
34911.736712
 42
0.036239
  0
VERTEX
  8
0
 10
19452.691118
 20
34882.671024
 42
0.006241
  0
VERTEX
  8
0
 10
19440.000859
 20
34872.923239
 42
0.010824
  0
VERTEX
  8
0
 10
19429.742870
 20
34864.471877
 42
0.011045
  0
VERTEX
  8
0
 10
19420.002424
 20
34855.704494
 42
0.006836
  0
VERTEX
  8
0
 10
19408.932833
 20
34845.000000
 42
0.039054
  0
VERTEX
  8
0
 10
19370.132353
 20
34799.896994
 42
0.038522
  0
VERTEX
  8
0
 10
19338.619313
 20
34749.109382
 42
0.038449
  0
VERTEX
  8
0
 10
19315.219439
 20
34693.991266
 42
0.038574
  0
VERTEX
  8
0
 10
19300.565489
 20
34636.000000
 42
0.003411
  0
VERTEX
  8
0
 10
19299.516545
 20
34629.644851
 42
0.002446
  0
VERTEX
  8
0
 10
19298.427361
 20
34622.528125
 42
0.002469
  0
VERTEX
  8
0
 10
19297.456777
 20
34615.740871
 42
0.005312
  0
VERTEX
  8
0
 10
19296.790373
 20
34610.500000
 42
0.023863
  0
VERTEX
  8
0
 10
19295.775749
 20
34595.631722
 42
0.005189
  0
VERTEX
  8
0
 10
19295.517547
 20
34569.916048
 42
0.005160
  0
VERTEX
  8
0
 10
19295.791469
 20
34544.212120
 42
0.024335
  0
VERTEX
  8
0
 10
19296.817636
 20
34529.500000
 42
0.046035
  0
VERTEX
  8
0
 10
19313.237291
 20
34452.578108
 42
0.050164
  0
VERTEX
  8
0
 10
19343.174995
 20
34382.269541
 42
0.050408
  0
VERTEX
  8
0
 10
19386.361777
 20
34319.618815
 42
0.047313
  0
VERTEX
  8
0
 10
19442.058088
 20
34265.397068
 42
0.016389
  0
VERTEX
  8
0
 10
19453.752038
 20
34256.605558
 42
0.007614
  0
VERTEX
  8
0
 10
19469.463333
 20
34245.933986
 42
0.007629
  0
VERTEX
  8
0
 10
19485.777806
 20
34235.564982
 42
0.013753
  0
VERTEX
  8
0
 10
19499.500000
 20
34227.646048
 42
0.045405
  0
VERTEX
  8
0
 10
19562.022140
 20
34200.831653
 42
0.043477
  0
VERTEX
  8
0
 10
19629.271253
 20
34185.262640
 42
0.043487
  0
VERTEX
  8
0
 10
19698.182893
 20
34181.559472
 42
0.045480
  0
VERTEX
  8
0
 10
19765.641335
 20
34189.976368
 42
0.066653
  0
VERTEX
  8
0
 10
19863.797922
 20
34225.598968
 42
0.067344
  0
VERTEX
  8
0
 10
19948.744999
 20
34285.697199
 42
0.067381
  0
VERTEX
  8
0
 10
20014.629916
 20
34366.174574
 42
0.066851
  0
VERTEX
  8
0
 10
20056.959408
 20
34461.482714
 42
0.017498
  0
VERTEX
  8
0
 10
20063.736175
 20
34488.081696
 42
0.019074
  0
VERTEX
  8
0
 10
20068.414627
 20
34514.338232
 42
0.018736
  0
VERTEX
  8
0
 10
20071.138942
 20
34541.295035
 42
0.015738
  0
VERTEX
  8
0
 10
20072.051462
 20
34570.000000
 42
0.026976
  0
VERTEX
  8
0
 10
20069.632185
 20
34615.063988
 42
0.029739
  0
VERTEX
  8
0
 10
20062.369752
 20
34658.137644
 42
0.029763
  0
VERTEX
  8
0
 10
20050.055239
 20
34700.014562
 42
0.027107
  0
VERTEX
  8
0
 10
20032.529550
 20
34741.500000
 42
0.032536
  0
VERTEX
  8
0
 10
20008.604805
 20
34783.386175
 42
0.031028
  0
VERTEX
  8
0
 10
19979.099593
 20
34822.518510
 42
0.030839
  0
VERTEX
  8
0
 10
19944.783502
 20
34857.926376
 42
0.031201
  0
VERTEX
  8
0
 10
19906.500000
 20
34888.696288
 42
0.032511
  0
VERTEX
  8
0
 10
19865.993778
 20
34913.510558
 42
0.030911
  0
VERTEX
  8
0
 10
19821.937358
 20
34933.334838
 42
0.030572
  0
VERTEX
  8
0
 10
19775.277467
 20
34947.763570
 42
0.030170
  0
VERTEX
  8
0
 10
19727.000000
 20
34956.471728
 42
0.017929
  0
VERTEX
  8
0
 10
19712.135500
 20
34957.697580
 42
0.006435
  0
VERTEX
  8
0
 10
19690.898649
 20
34958.410524
 42
0.006361
  0
VERTEX
  8
0
 10
19669.774005
 20
34958.578815
 42
0.019594
  0
SEQEND
  0
POLYLINE
  8
0
 66
1
 70
1
  0
VERTEX
  8
0
 10
19708.000000
 20
34772.918311
 42
-0.064508
  0
VERTEX
  8
0
 10
19756.594965
 20
34761.080138
 42
-0.062321
  0
VERTEX
  8
0
 10
19801.188972
 20
34737.163890
 42
-0.061769
  0
VERTEX
  8
0
 10
19838.852455
 20
34702.764547
 42
-0.061322
  0
VERTEX
  8
0
 10
19867.079428
 20
34660.128095
 42
-0.049059
  0
VERTEX
  8
0
 10
19880.526502
 20
34624.859503
 42
-0.046032
  0
VERTEX
  8
0
 10
19887.210893
 20
34586.881869
 42
-0.045935
  0
VERTEX
  8
0
 10
19886.840710
 20
34548.242963
 42
-0.048386
  0
VERTEX
  8
0
 10
19879.368190
 20
34511.013576
 42
-0.072143
  0
VERTEX
  8
0
 10
19854.310417
 20
34457.623862
 42
-0.072413
  0
VERTEX
  8
0
 10
19815.142879
 20
34413.630134
 42
-0.072356
  0
VERTEX
  8
0
 10
19765.026469
 20
34382.603914
 42
-0.071845
  0
VERTEX
  8
0
 10
19708.026234
 20
34367.047457
 42
-0.023593
  0
VERTEX
  8
0
 10
19697.115205
 20
34366.218707
 42
-0.009347
  0
VERTEX
  8
0
 10
19682.076364
 20
34366.069245
 42
-0.009341
  0
VERTEX
  8
0
 10
19667.051567
 20
34366.481589
 42
-0.023775
  0
VERTEX
  8
0
 10
19656.196408
 20
34367.501270
 42
-0.075582
  0
VERTEX
  8
0
 10
19595.782242
 20
34385.666453
 42
-0.077177
  0
VERTEX
  8
0
 10
19543.977808
 20
34420.880407
 42
-0.077405
  0
VERTEX
  8
0
 10
19505.408899
 20
34470.041762
 42
-0.076700
  0
VERTEX
  8
0
 10
19483.466967
 20
34528.755636
 42
-0.071492
  0
VERTEX
  8
0
 10
19479.914273
 20
34586.172639
 42
-0.070697
  0
VERTEX
  8
0
 10
19492.634620
 20
34642.499551
 42
-0.070656
  0
VERTEX
  8
0
 10
19520.553206
 20
34693.080990
 42
-0.071269
  0
VERTEX
  8
0
 10
19561.380945
 20
34733.719884
 42
-0.046301
  0
VERTEX
  8
0
 10
19594.601926
 20
34754.007774
 42
-0.048656
  0
VERTEX
  8
0
 10
19630.451079
 20
34767.439110
 42
-0.048335
  0
VERTEX
  8
0
 10
19668.438111
 20
34773.750581
 42
-0.044571
  0
SEQEND
  0
POLYLINE
  8
0
 66
1
 70
1
  0
VERTEX
  8
0
 10
6448.090637
 20
33812.917978
 42
0.085276
  0
VERTEX
  8
0
 10
6320.135888
 20
33782.469280
 42
0.085122
  0
VERTEX
  8
0
 10
6209.590219
 20
33711.051054
 42
0.085103
  0
VERTEX
  8
0
 10
6129.136874
 20
33606.866293
 42
0.085187
  0
VERTEX
  8
0
 10
6088.017301
 20
33481.867310
 42
0.023174
  0
VERTEX
  8
0
 10
6084.679896
 20
33449.101033
 42
0.020272
  0
VERTEX
  8
0
 10
6084.176171
 20
33414.663250
 42
0.020304
  0
VERTEX
  8
0
 10
6086.461192
 20
33380.360491
 42
0.023482
  0
VERTEX
  8
0
 10
6091.486899
 20
33348.000000
 42
0.039184
  0
VERTEX
  8
0
 10
6108.302235
 20
33289.380859
 42
0.038673
  0
VERTEX
  8
0
 10
6134.114062
 20
33233.832832
 42
0.038885
  0
VERTEX
  8
0
 10
6168.012644
 20
33183.207419
 42
0.040627
  0
VERTEX
  8
0
 10
6208.891603
 20
33139.235859
 42
0.014462
  0
VERTEX
  8
0
 10
6225.927650
 20
33124.542473
 42
0.013092
  0
VERTEX
  8
0
 10
6244.348662
 20
33110.346055
 42
0.013236
  0
VERTEX
  8
0
 10
6263.248352
 20
33097.306387
 42
0.015874
  0
VERTEX
  8
0
 10
6281.718985
 20
33086.090232
 42
0.025632
  0
VERTEX
  8
0
 10
6316.079267
 20
33068.949445
 42
0.025014
  0
VERTEX
  8
0
 10
6352.290263
 20
33055.259100
 42
0.024595
  0
VERTEX
  8
0
 10
6390.289801
 20
33045.058302
 42
0.022939
  0
VERTEX
  8
0
 10
6430.000000
 20
33038.355717
 42
0.021138
  0
VERTEX
  8
0
 10
6446.579996
 20
33037.041976
 42
0.007546
  0
VERTEX
  8
0
 10
6470.317736
 20
33036.526545
 42
0.007564
  0
VERTEX
  8
0
 10
6494.098138
 20
33036.728909
 42
0.020668
  0
VERTEX
  8
0
 10
6510.874568
 20
33037.820394
 42
0.035168
  0
VERTEX
  8
0
 10
6567.574305
 20
33047.939413
 42
0.036540
  0
VERTEX
  8
0
 10
6621.551079
 20
33065.824441
 42
0.036614
  0
VERTEX
  8
0
 10
6672.248948
 20
33091.335593
 42
0.035620
  0
VERTEX
  8
0
 10
6719.178671
 20
33124.178240
 42
0.018392
  0
VERTEX
  8
0
 10
6732.059982
 20
33135.444122
 42
0.008443
  0
VERTEX
  8
0
 10
6748.041226
 20
33151.011007
 42
0.008440
  0
VERTEX
  8
0
 10
6763.472932
 20
33167.093005
 42
0.018586
  0
VERTEX
  8
0
 10
6774.582993
 20
33180.000000
 42
0.027888
  0
VERTEX
  8
0
 10
6802.267633
 20
33218.960935
 42
0.030454
  0
VERTEX
  8
0
 10
6824.563690
 20
33259.663606
 42
0.030751
  0
VERTEX
  8
0
 10
6841.572312
 20
33302.400852
 42
0.029612
  0
VERTEX
  8
0
 10
6853.460804
 20
33347.439547
 42
0.008120
  0
VERTEX
  8
0
 10
6857.276759
 20
33368.101443
 42
0.018972
  0
VERTEX
  8
0
 10
6859.290401
 20
33383.691766
 42
0.017109
  0
VERTEX
  8
0
 10
6860.227509
 20
33400.320424
 42
0.005520
  0
VERTEX
  8
0
 10
6860.500000
 20
33425.000000
 42
0.004975
  0
VERTEX
  8
0
 10
6860.268743
 20
33448.242051
 42
0.014823
  0
VERTEX
  8
0
 10
6859.480501
 20
33464.139153
 42
0.017472
  0
VERTEX
  8
0
 10
6857.836465
 20
33478.481767
 42
0.009453
  0
VERTEX
  8
0
 10
6854.865888
 20
33496.000000
 42
0.044159
  0
VERTEX
  8
0
 10
6835.992504
 20
33562.856240
 42
0.044466
  0
VERTEX
  8
0
 10
6805.704239
 20
33625.195601
 42
0.044518
  0
VERTEX
  8
0
 10
6764.909750
 20
33681.131776
 42
0.044482
  0
VERTEX
  8
0
 10
6714.847634
 20
33728.979891
 42
0.046545
  0
VERTEX
  8
0
 10
6655.345670
 20
33768.036906
 42
0.045778
  0
VERTEX
  8
0
 10
6589.320454
 20
33795.667871
 42
0.045754
  0
VERTEX
  8
0
 10
6519.336082
 20
33810.834025
 42
0.046394
  0
SEQEND
  0
POLYLINE
  8
0
 66
1
 70
1
  0
VERTEX
  8
0
 10
6499.474390
 20
33627.482411
 42
-0.068405
  0
VERTEX
  8
0
 10
6552.530224
 20
33612.973227
 42
-0.067556
  0
VERTEX
  8
0
 10
6599.951501
 20
33584.647389
 42
-0.067443
  0
VERTEX
  8
0
 10
6638.172024
 20
33544.655772
 42
-0.067782
  0
VERTEX
  8
0
 10
6664.294558
 20
33496.000000
 42
-0.042509
  0
VERTEX
  8
0
 10
6673.170359
 20
33464.225597
 42
-0.039961
  0
VERTEX
  8
0
 10
6676.785784
 20
33430.738685
 42
-0.039895
  0
VERTEX
  8
0
 10
6675.029587
 20
33397.047118
 42
-0.042032
  0
VERTEX
  8
0
 10
6667.929415
 20
33364.664033
 42
-0.057573
  0
VERTEX
  8
0
 10
6649.241203
 20
33322.233008
 42
-0.056212
  0
VERTEX
  8
0
 10
6621.246257
 20
33284.804965
 42
-0.056356
  0
VERTEX
  8
0
 10
6585.693786
 20
33254.634070
 42
-0.058463
  0
VERTEX
  8
0
 10
6544.722350
 20
33233.599238
 42
-0.073052
  0
VERTEX
  8
0
 10
6486.222924
 20
33221.028134
 42
-0.073226
  0
VERTEX
  8
0
 10
6426.629343
 20
33225.827588
 42
-0.073363
  0
VERTEX
  8
0
 10
6371.042908
 20
33247.580716
 42
-0.073762
  0
VERTEX
  8
0
 10
6324.221183
 20
33284.427412
 42
-0.066960
  0
VERTEX
  8
0
 10
6291.926968
 20
33329.369609
 42
-0.068375
  0
VERTEX
  8
0
 10
6272.938509
 20
33380.936076
 42
-0.068304
  0
VERTEX
  8
0
 10
6268.549062
 20
33435.761504
 42
-0.066590
  0
VERTEX
  8
0
 10
6278.998241
 20
33490.244364
 42
-0.069431
  0
VERTEX
  8
0
 10
6303.736321
 20
33540.035805
 42
-0.068572
  0
VERTEX
  8
0
 10
6341.246897
 20
33581.391459
 42
-0.068410
  0
VERTEX
  8
0
 10
6388.632628
 20
33611.137923
 42
-0.068548
  0
VERTEX
  8
0
 10
6442.254985
 20
33626.969441
 42
-0.022267
  0
VERTEX
  8
0
 10
6455.195012
 20
33628.341996
 42
-0.013047
  0
VERTEX
  8
0
 10
6470.767776
 20
33628.888146
 42
-0.013038
  0
VERTEX
  8
0
 10
6486.385772
 20
33628.620900
 42
-0.021794
  0
SEQEND
  0
POLYLINE
  8
0
 66
1
 70
1
  0
VERTEX
  8
0
 10
13810.000000
 20
33812.990560
 42
0.061448
  0
VERTEX
  8
0
 10
13714.186562
 20
33794.397759
 42
0.062794
  0
VERTEX
  8
0
 10
13626.518716
 20
33753.143101
 42
0.062862
  0
VERTEX
  8
0
 10
13551.914200
 20
33691.466896
 42
0.061816
  0
VERTEX
  8
0
 10
13494.488014
 20
33612.861843
 42
0.033631
  0
VERTEX
  8
0
 10
13472.625501
 20
33566.451251
 42
0.033542
  0
VERTEX
  8
0
 10
13457.160223
 20
33517.488015
 42
0.033432
  0
VERTEX
  8
0
 10
13448.342056
 20
33466.738254
 42
0.032917
  0
VERTEX
  8
0
 10
13446.302957
 20
33415.000000
 42
0.011463
  0
VERTEX
  8
0
 10
13447.401317
 20
33392.758223
 42
0.015114
  0
VERTEX
  8
0
 10
13449.478439
 20
33372.562958
 42
0.015201
  0
VERTEX
  8
0
 10
13452.760089
 20
33352.623081
 42
0.011817
  0
VERTEX
  8
0
 10
13457.496137
 20
33331.156636
 42
0.063718
  0
VERTEX
  8
0
 10
13492.313398
 20
33240.866349
 42
0.062315
  0
VERTEX
  8
0
 10
13548.947291
 20
33161.499759
 42
0.062339
  0
VERTEX
  8
0
 10
13623.367031
 20
33098.557938
 42
0.063856
  0
VERTEX
  8
0
 10
13710.422674
 20
33056.507806
 42
0.018325
  0
VERTEX
  8
0
 10
13741.275044
 20
33047.442272
 42
0.022089
  0
VERTEX
  8
0
 10
13770.853026
 20
33041.293116
 42
0.021978
  0
VERTEX
  8
0
 10
13800.983510
 20
33037.756054
 42
0.017823
  0
VERTEX
  8
0
 10
13833.500000
 20
33036.543790
 42
0.006379
  0
VERTEX
  8
0
 10
13853.084008
 20
33036.761897
 42
0.012875
  0
VERTEX
  8
0
 10
13868.498084
 20
33037.527748
 42
0.013913
  0
VERTEX
  8
0
 10
13883.062187
 20
33039.036399
 42
0.008964
  0
VERTEX
  8
0
 10
13899.845785
 20
33041.555337
 42
0.058370
  0
VERTEX
  8
0
 10
13985.795921
 20
33066.597372
 42
0.057835
  0
VERTEX
  8
0
 10
14063.921113
 20
33110.879473
 42
0.057783
  0
VERTEX
  8
0
 10
14129.888517
 20
33171.921190
 42
0.058061
  0
VERTEX
  8
0
 10
14180.014713
 20
33246.345488
 42
0.029149
  0
VERTEX
  8
0
 10
14198.985736
 20
33289.003530
 42
0.030677
  0
VERTEX
  8
0
 10
14212.497888
 20
33332.864852
 42
0.030614
  0
VERTEX
  8
0
 10
14220.562439
 20
33378.134726
 42
0.028779
  0
VERTEX
  8
0
 10
14223.262158
 20
33425.000000
 42
0.027307
  0
VERTEX
  8
0
 10
14220.810945
 20
33469.848752
 42
0.029623
  0
VERTEX
  8
0
 10
14213.483647
 20
33512.939843
 42
0.029570
  0
VERTEX
  8
0
 10
14201.099313
 20
33554.933100
 42
0.027009
  0
VERTEX
  8
0
 10
14183.529550
 20
33596.500000
 42
0.020709
  0
VERTEX
  8
0
 10
14168.441294
 20
33624.428314
 42
0.021496
  0
VERTEX
  8
0
 10
14151.267642
 20
33650.656595
 42
0.021270
  0
VERTEX
  8
0
 10
14131.724844
 20
33675.566377
 42
0.019366
  0
VERTEX
  8
0
 10
14109.540979
 20
33699.546585
 42
0.028017
  0
VERTEX
  8
0
 10
14075.734457
 20
33729.772789
 42
0.029366
  0
VERTEX
  8
0
 10
14039.267556
 20
33755.521964
 42
0.029459
  0
VERTEX
  8
0
 10
14000.146928
 20
33776.751109
 42
0.028585
  0
VERTEX
  8
0
 10
13958.413142
 20
33793.475014
 42
0.014112
  0
VERTEX
  8
0
 10
13938.311333
 20
33799.599902
 42
0.013419
  0
VERTEX
  8
0
 10
13917.557185
 20
33804.694143
 42
0.013384
  0
VERTEX
  8
0
 10
13896.502846
 20
33808.679915
 42
0.013845
  0
VERTEX
  8
0
 10
13875.501114
 20
33811.482055
 42
0.013210
  0
VERTEX
  8
0
 10
13860.470669
 20
33812.664888
 42
0.007272
  0
VERTEX
  8
0
 10
13842.039207
 20
33813.357690
 42
0.007255
  0
VERTEX
  8
0
 10
13823.914835
 20
33813.512055
 42
0.015735
  0
SEQEND
  0
POLYLINE
  8
0
 66
1
 70
1
  0
VERTEX
  8
0
 10
13868.500000
 20
33626.595962
 42
-0.033672
  0
VERTEX
  8
0
 10
13898.787453
 20
33618.928580
 42
-0.037210
  0
VERTEX
  8
0
 10
13926.737584
 20
33607.450960
 42
-0.037854
  0
VERTEX
  8
0
 10
13952.255397
 20
33592.164954
 42
-0.037372
  0
VERTEX
  8
0
 10
13975.293863
 20
33573.147078
 42
-0.048701
  0
VERTEX
  8
0
 10
14002.573965
 20
33541.323490
 42
-0.051354
  0
VERTEX
  8
0
 10
14022.629078
 20
33505.362875
 42
-0.051593
  0
VERTEX
  8
0
 10
14034.865116
 20
33466.226192
 42
-0.050023
  0
VERTEX
  8
0
 10
14039.000000
 20
33425.000000
 42
-0.088898
  0
VERTEX
  8
0
 10
14026.180336
 20
33353.466767
 42
-0.090068
  0
VERTEX
  8
0
 10
13989.337060
 20
33291.202421
 42
-0.089781
  0
VERTEX
  8
0
 10
13932.834711
 20
33245.720850
 42
-0.087635
  0
VERTEX
  8
0
 10
13863.500000
 20
33222.447633
 42
-0.025118
  0
VERTEX
  8
0
 10
13850.784216
 20
33221.187214
 42
-0.012290
  0
VERTEX
  8
0
 10
13834.498580
 20
33220.796352
 42
-0.012289
  0
VERTEX
  8
0
 10
13818.220891
 20
33221.205996
 42
-0.025236
  0
VERTEX
  8
0
 10
13805.534095
 20
33222.481462
 42
-0.072593
  0
VERTEX
  8
0
 10
13747.741232
 20
33240.079991
 42
-0.073453
  0
VERTEX
  8
0
 10
13697.647178
 20
33273.415290
 42
-0.073792
  0
VERTEX
  8
0
 10
13659.511145
 20
33319.652661
 42
-0.074344
  0
VERTEX
  8
0
 10
13636.564130
 20
33374.857452
 42
-0.013218
  0
VERTEX
  8
0
 10
13633.704989
 20
33387.697826
 42
-0.018889
  0
VERTEX
  8
0
 10
13631.904477
 20
33399.229418
 42
-0.018379
  0
VERTEX
  8
0
 10
13630.948480
 20
33411.100308
 42
-0.011598
  0
VERTEX
  8
0
 10
13630.664749
 20
33425.000000
 42
-0.031574
  0
VERTEX
  8
0
 10
13632.549128
 20
33453.548044
 42
-0.035305
  0
VERTEX
  8
0
 10
13638.014182
 20
33480.561053
 42
-0.035691
  0
VERTEX
  8
0
 10
13647.155726
 20
33506.277027
 42
-0.033690
  0
VERTEX
  8
0
 10
13660.010908
 20
33530.954065
 42
-0.054061
  0
VERTEX
  8
0
 10
13687.241394
 20
33566.358551
 42
-0.055136
  0
VERTEX
  8
0
 10
13721.263576
 20
33594.840405
 42
-0.054871
  0
VERTEX
  8
0
 10
13760.846419
 20
33615.306900
 42
-0.052592
  0
VERTEX
  8
0
 10
13804.500000
 20
33627.035627
 42
-0.029308
  0
VERTEX
  8
0
 10
13818.114881
 20
33628.385062
 42
-0.011766
  0
VERTEX
  8
0
 10
13836.829189
 20
33628.696903
 42
-0.011682
  0
VERTEX
  8
0
 10
13855.421424
 20
33628.134640
 42
-0.031768
  0
SEQEND
  0
POLYLINE
  8
0
 66
1
 70
1
  0
VERTEX
  8
0
 10
21179.000000
 20
33813.335840
 42
0.029321
  0
VERTEX
  8
0
 10
21130.838664
 20
33807.915949
 42
0.030710
  0
VERTEX
  8
0
 10
21084.397188
 20
33796.939481
 42
0.030835
  0
VERTEX
  8
0
 10
21039.824340
 20
33780.408831
 42
0.030088
  0
VERTEX
  8
0
 10
20997.242383
 20
33758.404960
 42
0.032771
  0
VERTEX
  8
0
 10
20956.793577
 20
33730.576145
 42
0.031429
  0
VERTEX
  8
0
 10
20919.724901
 20
33697.336954
 42
0.031426
  0
VERTEX
  8
0
 10
20887.111170
 20
33659.709672
 42
0.032747
  0
VERTEX
  8
0
 10
20859.956471
 20
33618.786248
 42
0.036838
  0
VERTEX
  8
0
 10
20834.984379
 20
33566.655269
 42
0.036752
  0
VERTEX
  8
0
 10
20817.910146
 20
33511.383493
 42
0.036937
  0
VERTEX
  8
0
 10
20809.176325
 20
33454.482730
 42
0.038080
  0
VERTEX
  8
0
 10
20809.042958
 20
33397.500000
 42
0.077220
  0
VERTEX
  8
0
 10
20836.420147
 20
33279.467222
 42
0.078303
  0
VERTEX
  8
0
 10
20898.249385
 20
33175.930191
 42
0.078368
  0
VERTEX
  8
0
 10
20988.868894
 20
33096.489611
 42
0.077536
  0
VERTEX
  8
0
 10
21099.861398
 20
33048.436244
 42
0.014310
  0
VERTEX
  8
0
 10
21124.307707
 20
33042.836013
 42
0.018759
  0
VERTEX
  8
0
 10
21146.926611
 20
33039.207490
 42
0.018209
  0
VERTEX
  8
0
 10
21170.282666
 20
33037.214210
 42
0.012318
  0
VERTEX
  8
0
 10
21197.000000
 20
33036.570492
 42
0.006921
  0
VERTEX
  8
0
 10
21217.783342
 20
33036.869535
 42
0.014027
  0
VERTEX
  8
0
 10
21234.112296
 20
33037.789550
 42
0.015067
  0
VERTEX
  8
0
 10
21249.596681
 20
33039.569799
 42
0.009445
  0
VERTEX
  8
0
 10
21267.589083
 20
33042.537862
 42
0.048988
  0
VERTEX
  8
0
 10
21339.806937
 20
33063.326059
 42
0.048371
  0
VERTEX
  8
0
 10
21406.928352
 20
33097.831125
 42
0.048303
  0
VERTEX
  8
0
 10
21466.253822
 20
33144.642639
 42
0.048566
  0
VERTEX
  8
0
 10
21515.375879
 20
33201.888216
 42
0.045407
  0
VERTEX
  8
0
 10
21549.918866
 20
33262.028067
 42
0.044641
  0
VERTEX
  8
0
 10
21573.271727
 20
33327.754443
 42
0.044628
  0
VERTEX
  8
0
 10
21584.592306
 20
33396.600769
 42
0.045325
  0
VERTEX
  8
0
 10
21583.425653
 20
33466.000000
 42
0.068563
  0
VERTEX
  8
0
 10
21557.575849
 20
33569.694593
 42
0.068960
  0
VERTEX
  8
0
 10
21504.678661
 20
33662.312916
 42
0.068991
  0
VERTEX
  8
0
 10
21428.614076
 20
33737.022226
 42
0.068730
  0
VERTEX
  8
0
 10
21335.000000
 20
33788.334360
 42
0.026790
  0
VERTEX
  8
0
 10
21297.400671
 20
33800.402950
 42
0.024532
  0
VERTEX
  8
0
 10
21257.609178
 20
33808.799754
 42
0.024713
  0
VERTEX
  8
0
 10
21217.511880
 20
33813.207947
 42
0.028388
  0
SEQEND
  0
POLYLINE
  8
0
 66
1
 70
1
  0
VERTEX
  8
0
 10
21220.026234
 20
33627.974337
 42
-0.038204
  0
VERTEX
  8
0
 10
21253.010504
 20
33621.397083
 42
-0.041212
  0
VERTEX
  8
0
 10
21283.749493
 20
33609.982010
 42
-0.041588
  0
VERTEX
  8
0
 10
21311.953938
 20
33593.792891
 42
-0.040349
  0
VERTEX
  8
0
 10
21337.397999
 20
33573.011978
 42
-0.047515
  0
VERTEX
  8
0
 10
21364.860747
 20
33541.082010
 42
-0.052141
  0
VERTEX
  8
0
 10
21384.830279
 20
33505.479740
 42
-0.052483
  0
VERTEX
  8
0
 10
21396.907336
 20
33466.729125
 42
-0.049281
  0
VERTEX
  8
0
 10
21400.995394
 20
33425.473766
 42
-0.025719
  0
VERTEX
  8
0
 10
21399.760272
 20
33401.342983
 42
-0.030114
  0
VERTEX
  8
0
 10
21396.045807
 20
33378.725520
 42
-0.030535
  0
VERTEX
  8
0
 10
21389.700492
 20
33356.989870
 42
-0.027888
  0
VERTEX
  8
0
 10
21380.593169
 20
33335.500000
 42
-0.040217
  0
VERTEX
  8
0
 10
21362.841175
 20
33305.682816
 42
-0.043071
  0
VERTEX
  8
0
 10
21340.903896
 20
33279.821215
 42
-0.043058
  0
VERTEX
  8
0
 10
21314.853506
 20
33258.093830
 42
-0.040144
  0
VERTEX
  8
0
 10
21284.869286
 20
33240.571653
 42
-0.025549
  0
VERTEX
  8
0
 10
21263.300044
 20
33231.515217
 42
-0.031610
  0
VERTEX
  8
0
 10
21242.383820
 20
33225.427276
 42
-0.031164
  0
VERTEX
  8
0
 10
21220.621597
 20
33221.965949
 42
-0.023711
  0
VERTEX
  8
0
 10
21196.500000
 20
33220.806962
 42
-0.035028
  0
VERTEX
  8
0
 10
21166.369060
 20
33222.902284
 42
-0.037956
  0
VERTEX
  8
0
 10
21137.645565
 20
33229.184762
 42
-0.037999
  0
VERTEX
  8
0
 10
21110.230610
 20
33239.728790
 42
-0.035264
  0
VERTEX
  8
0
 10
21084.000000
 20
33254.526318
 42
-0.052607
  0
VERTEX
  8
0
 10
21050.771560
 20
33281.908794
 42
-0.053492
  0
VERTEX
  8
0
 10
21024.198190
 20
33315.481085
 42
-0.053166
  0
VERTEX
  8
0
 10
21005.223197
 20
33354.124932
 42
-0.050782
  0
VERTEX
  8
0
 10
20994.460362
 20
33396.500000
 42
-0.024542
  0
VERTEX
  8
0
 10
20993.223071
 20
33409.061943
 42
-0.012304
  0
VERTEX
  8
0
 10
20992.832234
 20
33425.012793
 42
-0.012303
  0
VERTEX
  8
0
 10
20993.226391
 20
33440.958098
 42
-0.024626
  0
VERTEX
  8
0
 10
20994.466567
 20
33453.500000
 42
-0.059377
  0
VERTEX
  8
0
 10
21007.695272
 20
33501.973223
 42
-0.061315
  0
VERTEX
  8
0
 10
21031.851805
 20
33545.412759
 42
-0.061572
  0
VERTEX
  8
0
 10
21065.715538
 20
33581.546812
 42
-0.060772
  0
VERTEX
  8
0
 10
21107.500000
 20
33608.532491
 42
-0.017858
  0
VERTEX
  8
0
 10
21122.847410
 20
33615.318816
 42
-0.020886
  0
VERTEX
  8
0
 10
21137.867206
 20
33620.612511
 42
-0.021175
  0
VERTEX
  8
0
 10
21153.091816
 20
33624.577016
 42
-0.019383
  0
VERTEX
  8
0
 10
21169.051854
 20
33627.376476
 42
-0.021429
  0
VERTEX
  8
0
 10
21180.114977
 20
33628.397434
 42
-0.009361
  0
VERTEX
  8
0
 10
21194.850959
 20
33628.846284
 42
-0.009295
  0
VERTEX
  8
0
 10
21209.467384
 20
33628.745997
 42
-0.023755
  0
SEQEND
  0
POLYLINE
  8
0
 66
1
 70
1
  0
VERTEX
  8
0
 10
4943.000000
 20
32893.295271
 42
0.019688
  0
VERTEX
  8
0
 10
4874.409023
 20
32889.622874
 42
0.018287
  0
VERTEX
  8
0
 10
4804.595330
 20
32880.536019
 42
0.018219
  0
VERTEX
  8
0
 10
4735.359782
 20
32866.325585
 42
0.019151
  0
VERTEX
  8
0
 10
4668.500000
 20
32847.304643
 42
0.036076
  0
VERTEX
  8
0
 10
4541.563335
 20
32795.484749
 42
0.036418
  0
VERTEX
  8
0
 10
4423.813233
 20
32726.095574
 42
0.036439
  0
VERTEX
  8
0
 10
4317.439906
 20
32640.399218
 42
0.036212
  0
VERTEX
  8
0
 10
4224.394645
 20
32540.000000
 42
0.035589
  0
VERTEX
  8
0
 10
4149.117441
 20
32430.874005
 42
0.035269
  0
VERTEX
  8
0
 10
4089.821933
 20
32311.853769
 42
0.035251
  0
VERTEX
  8
0
 10
4047.818220
 20
32185.620608
 42
0.035471
  0
VERTEX
  8
0
 10
4024.071037
 20
32055.000000
 42
0.014301
  0
VERTEX
  8
0
 10
4019.927663
 20
32003.529041
 42
0.013435
  0
VERTEX
  8
0
 10
4018.617193
 20
31950.819732
 42
0.013425
  0
VERTEX
  8
0
 10
4020.139782
 20
31898.075566
 42
0.014224
  0
VERTEX
  8
0
 10
4024.490315
 20
31846.500000
 42
0.039381
  0
VERTEX
  8
0
 10
4052.625394
 20
31701.240972
 42
0.039504
  0
VERTEX
  8
0
 10
4103.169285
 20
31562.348141
 42
0.039452
  0
VERTEX
  8
0
 10
4175.005197
 20
31432.964802
 42
0.039053
  0
VERTEX
  8
0
 10
4266.490734
 20
31316.000000
 42
0.024570
  0
VERTEX
  8
0
 10
4330.319464
 20
31252.878061
 42
0.023714
  0
VERTEX
  8
0
 10
4400.765372
 20
31195.527801
 42
0.023737
  0
VERTEX
  8
0
 10
4476.251937
 20
31145.160409
 42
0.024743
  0
VERTEX
  8
0
 10
4555.157928
 20
31102.925268
 42
0.022296
  0
VERTEX
  8
0
 10
4636.317648
 20
31068.860457
 42
0.023806
  0
VERTEX
  8
0
 10
4718.451496
 20
31042.984098
 42
0.023539
  0
VERTEX
  8
0
 10
4803.526678
 20
31024.803370
 42
0.020815
  0
VERTEX
  8
0
 10
4893.500000
 20
31013.786259
 42
0.017145
  0
VERTEX
  8
0
 10
4916.416198
 20
31012.732943
 42
0.002930
  0
VERTEX
  8
0
 10
4960.050656
 20
31012.480528
 42
0.002880
  0
VERTEX
  8
0
 10
5003.683663
 20
31012.735094
 42
0.017961
  0
VERTEX
  8
0
 10
5026.000000
 20
31013.796194
 42
0.021347
  0
VERTEX
  8
0
 10
5121.412711
 20
31025.893734
 42
0.024857
  0
VERTEX
  8
0
 10
5210.645296
 20
31045.708273
 42
0.025281
  0
VERTEX
  8
0
 10
5296.145468
 20
31073.924928
 42
0.023624
  0
VERTEX
  8
0
 10
5380.368649
 20
31111.189148
 42
0.040654
  0
VERTEX
  8
0
 10
5511.569888
 20
31190.739699
 42
0.040996
  0
VERTEX
  8
0
 10
5627.775234
 20
31290.271971
 42
0.040985
  0
VERTEX
  8
0
 10
5726.210835
 20
31407.457632
 42
0.040587
  0
VERTEX
  8
0
 10
5804.574124
 20
31539.500000
 42
0.017917
  0
VERTEX
  8
0
 10
5832.810251
 20
31602.959345
 42
0.018608
  0
VERTEX
  8
0
 10
5856.045019
 20
31667.490814
 42
0.018621
  0
VERTEX
  8
0
 10
5874.403081
 20
31733.526812
 42
0.018001
  0
VERTEX
  8
0
 10
5888.033072
 20
31801.492317
 42
0.016114
  0
VERTEX
  8
0
 10
5895.568241
 20
31859.266410
 42
0.015457
  0
VERTEX
  8
0
 10
5899.497418
 20
31918.214825
 42
0.015358
  0
VERTEX
  8
0
 10
5899.790737
 20
31977.679339
 42
0.015396
  0
VERTEX
  8
0
 10
5896.431398
 20
32037.000000
 42
0.035301
  0
VERTEX
  8
0
 10
5876.220439
 20
32163.906853
 42
0.034207
  0
VERTEX
  8
0
 10
5838.227860
 20
32288.092415
 42
0.034131
  0
VERTEX
  8
0
 10
5783.556426
 20
32406.203128
 42
0.034779
  0
VERTEX
  8
0
 10
5713.624075
 20
32515.000000
 42
0.054812
  0
VERTEX
  8
0
 10
5573.492493
 20
32665.322414
 42
0.054691
  0
VERTEX
  8
0
 10
5403.948469
 20
32781.733019
 42
0.054736
  0
VERTEX
  8
0
 10
5213.334712
 20
32858.540930
 42
0.055079
  0
VERTEX
  8
0
 10
5011.000000
 20
32891.949114
 42
0.004469
  0
VERTEX
  8
0
 10
4994.325115
 20
32892.694171
 42
0.003980
  0
VERTEX
  8
0
 10
4976.982799
 20
32893.175612
 42
0.003983
  0
VERTEX
  8
0
 10
4959.649041
 20
32893.380647
 42
0.004495
  0
SEQEND
  0
POLYLINE
  8
0
 66
1
 70
1
  0
VERTEX
  8
0
 10
5022.000000
 20
32870.524681
 42
-0.023292
  0
VERTEX
  8
0
 10
5111.195730
 20
32860.014288
 42
-0.024456
  0
VERTEX
  8
0
 10
5197.565326
 20
32841.354907
 42
-0.024510
  0
VERTEX
  8
0
 10
5281.522119
 20
32814.398096
 42
-0.023625
  0
VERTEX
  8
0
 10
5363.500000
 20
32779.066497
 42
-0.044857
  0
VERTEX
  8
0
 10
5504.281124
 20
32693.943698
 42
-0.044950
  0
VERTEX
  8
0
 10
5627.518234
 20
32585.129725
 42
-0.044880
  0
VERTEX
  8
0
 10
5729.489946
 20
32455.871016
 42
-0.044430
  0
VERTEX
  8
0
 10
5807.153378
 20
32310.067666
 42
-0.021166
  0
VERTEX
  8
0
 10
5833.810470
 20
32238.881253
 42
-0.020940
  0
VERTEX
  8
0
 10
5854.459999
 20
32165.442835
 42
-0.020764
  0
VERTEX
  8
0
 10
5869.039581
 20
32089.921454
 42
-0.020000
  0
VERTEX
  8
0
 10
5877.526933
 20
32012.500000
 42
-0.011417
  0
VERTEX
  8
0
 10
5878.646239
 20
31988.374460
 42
-0.004759
  0
VERTEX
  8
0
 10
5879.102772
 20
31955.791812
 42
-0.004734
  0
VERTEX
  8
0
 10
5878.941554
 20
31923.382002
 42
-0.012212
  0
VERTEX
  8
0
 10
5878.032376
 20
31900.000000
 42
-0.012305
  0
VERTEX
  8
0
 10
5873.471084
 20
31848.239400
 42
-0.013688
  0
VERTEX
  8
0
 10
5866.479395
 20
31798.582205
 42
-0.013866
  0
VERTEX
  8
0
 10
5856.879195
 20
31749.971932
 42
-0.013357
  0
VERTEX
  8
0
 10
5844.494545
 20
31701.353242
 42
-0.060491
  0
VERTEX
  8
0
 10
5758.988977
 20
31497.394199
 42
-0.060280
  0
VERTEX
  8
0
 10
5627.074998
 20
31319.560628
 42
-0.060284
  0
VERTEX
  8
0
 10
5456.563205
 20
31178.332236
 42
-0.060516
  0
VERTEX
  8
0
 10
5257.500000
 20
31082.068098
 42
-0.028704
  0
VERTEX
  8
0
 10
5154.771944
 20
31053.398973
 42
-0.029130
  0
VERTEX
  8
0
 10
5049.939352
 20
31036.855433
 42
-0.029090
  0
VERTEX
  8
0
 10
4943.757620
 20
31032.594072
 42
-0.028452
  0
VERTEX
  8
0
 10
4837.000000
 20
31040.609711
 42
-0.035782
  0
VERTEX
  8
0
 10
4711.033219
 20
31066.585892
 42
-0.034839
  0
VERTEX
  8
0
 10
4588.888458
 20
31110.418917
 42
-0.034861
  0
VERTEX
  8
0
 10
4474.085600
 20
31170.755405
 42
-0.035931
  0
VERTEX
  8
0
 10
4370.000000
 20
31245.917234
 42
-0.010182
  0
VERTEX
  8
0
 10
4344.008631
 20
31268.603723
 42
-0.008263
  0
VERTEX
  8
0
 10
4317.056255
 20
31293.939910
 42
-0.008371
  0
VERTEX
  8
0
 10
4291.452873
 20
31319.664852
 42
-0.011796
  0
VERTEX
  8
0
 10
4269.571031
 20
31343.500000
 42
-0.026022
  0
VERTEX
  8
0
 10
4206.422110
 20
31423.688585
 42
-0.028049
  0
VERTEX
  8
0
 10
4153.635204
 20
31508.080028
 42
-0.027867
  0
VERTEX
  8
0
 10
4110.339344
 20
31598.364078
 42
-0.025014
  0
VERTEX
  8
0
 10
4075.581221
 20
31696.182176
 42
-0.009149
  0
VERTEX
  8
0
 10
4071.442240
 20
31710.958766
 42
-0.003863
  0
VERTEX
  8
0
 10
4066.402000
 20
31730.941012
 42
-0.003872
  0
VERTEX
  8
0
 10
4061.464873
 20
31751.874774
 42
-0.006026
  0
VERTEX
  8
0
 10
4057.567152
 20
31770.000000
 42
-0.024513
  0
VERTEX
  8
0
 10
4043.851038
 20
31860.295158
 42
-0.025059
  0
VERTEX
  8
0
 10
4039.172569
 20
31950.835699
 42
-0.025003
  0
VERTEX
  8
0
 10
4043.575205
 20
32041.583884
 42
-0.024158
  0
VERTEX
  8
0
 10
4057.016498
 20
32132.500000
 42
-0.028378
  0
VERTEX
  8
0
 10
4082.340958
 20
32230.927956
 42
-0.027619
  0
VERTEX
  8
0
 10
4118.833460
 20
32326.774436
 42
-0.027625
  0
VERTEX
  8
0
 10
4165.659075
 20
32417.994015
 42
-0.028421
  0
VERTEX
  8
0
 10
4221.855998
 20
32502.598073
 42
-0.007450
  0
VERTEX
  8
0
 10
4242.957958
 20
32529.897805
 42
-0.010080
  0
VERTEX
  8
0
 10
4262.882595
 20
32553.887121
 42
-0.010119
  0
VERTEX
  8
0
 10
4283.696928
 20
32576.982453
 42
-0.007599
  0
VERTEX
  8
0
 10
4307.489375
 20
32601.571672
 42
-0.019776
  0
VERTEX
  8
0
 10
4364.812103
 20
32654.665868
 42
-0.021741
  0
VERTEX
  8
0
 10
4424.424705
 20
32701.324292
 42
-0.021756
  0
VERTEX
  8
0
 10
4487.826162
 20
32742.602446
 42
-0.019858
  0
VERTEX
  8
0
 10
4556.500000
 20
32779.577381
 42
-0.025508
  0
VERTEX
  8
0
 10
4643.457929
 20
32816.669841
 42
-0.025969
  0
VERTEX
  8
0
 10
4733.227461
 20
32844.464059
 42
-0.025859
  0
VERTEX
  8
0
 10
4825.765248
 20
32862.897312
 42
-0.024811
  0
VERTEX
  8
0
 10
4921.000000
 20
32872.001262
 42
-0.010570
  0
VERTEX
  8
0
 10
4942.310780
 20
32872.524635
 42
-0.004508
  0
VERTEX
  8
0
 10
4970.835617
 20
32872.364843
 42
-0.004530
  0
VERTEX
  8
0
 10
4999.630842
 20
32871.682862
 42
-0.009495
  0
SEQEND
  0
POLYLINE
  8
0
 66
1
 70
1
  0
VERTEX
  8
0
 10
12294.500000
 20
32892.899224
 42
0.031513
  0
VERTEX
  8
0
 10
12179.931430
 20
32882.719463
 42
0.030737
  0
VERTEX
  8
0
 10
12066.572068
 20
32858.192557
 42
0.030677
  0
VERTEX
  8
0
 10
11956.859786
 20
32819.892327
 42
0.031100
  0
VERTEX
  8
0
 10
11853.177057
 20
32768.602250
 42
0.050601
  0
VERTEX
  8
0
 10
11698.462094
 20
32657.522482
 42
0.050686
  0
VERTEX
  8
0
 10
11569.307255
 20
32517.687369
 42
0.050712
  0
VERTEX
  8
0
 10
11470.980821
 20
32354.798531
 42
0.050757
  0
VERTEX
  8
0
 10
11407.489882
 20
32175.500000
 42
0.014035
  0
VERTEX
  8
0
 10
11395.504018
 20
32119.494909
 42
0.016144
  0
VERTEX
  8
0
 10
11387.310047
 20
32065.453952
 42
0.016039
  0
VERTEX
  8
0
 10
11382.582004
 20
32010.688001
 42
0.013512
  0
VERTEX
  8
0
 10
11381.009294
 20
31952.500000
 42
0.003552
  0
VERTEX
  8
0
 10
11381.187743
 20
31927.379098
 42
0.006794
  0
VERTEX
  8
0
 10
11381.748324
 20
31907.215824
 42
0.007335
  0
VERTEX
  8
0
 10
11382.819410
 20
31888.127403
 42
0.005028
  0
VERTEX
  8
0
 10
11384.570255
 20
31866.500000
 42
0.037544
  0
VERTEX
  8
0
 10
11407.591610
 20
31728.998889
 42
0.036964
  0
VERTEX
  8
0
 10
11450.988785
 20
31595.743317
 42
0.036987
  0
VERTEX
  8
0
 10
11513.502827
 20
31470.409882
 42
0.037700
  0
VERTEX
  8
0
 10
11593.452399
 20
31356.500000
 42
0.012959
  0
VERTEX
  8
0
 10
11623.479945
 20
31321.794476
 42
0.011563
  0
VERTEX
  8
0
 10
11656.400791
 20
31287.316522
 42
0.011570
  0
VERTEX
  8
0
 10
11690.858597
 20
31254.419295
 42
0.013020
  0
VERTEX
  8
0
 10
11725.500000
 20
31224.459434
 42
0.034651
  0
VERTEX
  8
0
 10
11830.034068
 20
31150.187043
 42
0.034181
  0
VERTEX
  8
0
 10
11944.289514
 20
31090.684824
 42
0.034086
  0
VERTEX
  8
0
 10
12065.904064
 20
31047.164635
 42
0.034024
  0
VERTEX
  8
0
 10
12192.377576
 20
31020.539993
 42
0.007257
  0
VERTEX
  8
0
 10
12224.777357
 20
31016.470467
 42
0.012035
  0
VERTEX
  8
0
 10
12252.217901
 20
31014.094652
 42
0.010829
  0
VERTEX
  8
0
 10
12281.679815
 20
31012.896689
 42
0.004663
  0
VERTEX
  8
0
 10
12321.000000
 20
31012.516994
 42
0.002227
  0
VERTEX
  8
0
 10
12354.422835
 20
31012.654864
 42
0.008292
  0
VERTEX
  8
0
 10
12375.459630
 20
31013.184339
 42
0.010274
  0
VERTEX
  8
0
 10
12394.126108
 20
31014.348655
 42
0.004945
  0
VERTEX
  8
0
 10
12418.000000
 20
31016.568848
 42
0.069596
  0
VERTEX
  8
0
 10
12670.681398
 20
31078.829257
 42
0.069474
  0
VERTEX
  8
0
 10
12896.748617
 20
31208.050369
 42
0.069462
  0
VERTEX
  8
0
 10
13078.806987
 20
31394.273501
 42
0.069533
  0
VERTEX
  8
0
 10
13202.831278
 20
31623.174384
 42
0.018592
  0
VERTEX
  8
0
 10
13225.146927
 20
31690.396361
 42
0.019125
  0
VERTEX
  8
0
 10
13242.172597
 20
31758.464503
 42
0.018962
  0
VERTEX
  8
0
 10
13254.064726
 20
31828.188759
 42
0.017598
  0
VERTEX
  8
0
 10
13261.002783
 20
31900.372479
 42
0.011666
  0
VERTEX
  8
0
 10
13261.771810
 20
31920.980441
 42
0.003476
  0
VERTEX
  8
0
 10
13261.992704
 20
31952.464469
 42
0.003480
  0
VERTEX
  8
0
 10
13261.775491
 20
31983.958459
 42
0.011597
  0
VERTEX
  8
0
 10
13261.009362
 20
32004.627521
 42
0.040579
  0
VERTEX
  8
0
 10
13238.524998
 20
32162.629214
 42
0.042491
  0
VERTEX
  8
0
 10
13190.974700
 20
32312.411911
 42
0.042506
  0
VERTEX
  8
0
 10
13118.808705
 20
32451.951693
 42
0.040669
  0
VERTEX
  8
0
 10
13023.138661
 20
32579.500000
 42
0.011652
  0
VERTEX
  8
0
 10
13008.667385
 20
32595.091833
 42
0.003521
  0
VERTEX
  8
0
 10
12985.981882
 20
32618.093081
 42
0.003513
  0
VERTEX
  8
0
 10
12962.992169
 20
32640.756050
 42
0.011816
  0
VERTEX
  8
0
 10
12947.500000
 20
32655.118773
 42
0.024855
  0
VERTEX
  8
0
 10
12870.818148
 20
32716.403087
 42
0.025932
  0
VERTEX
  8
0
 10
12789.479333
 20
32768.849251
 42
0.026011
  0
VERTEX
  8
0
 10
12703.388954
 20
32812.454521
 42
0.025347
  0
VERTEX
  8
0
 10
12612.500000
 20
32847.304643
 42
0.018072
  0
VERTEX
  8
0
 10
12548.708124
 20
32865.601573
 42
0.017413
  0
VERTEX
  8
0
 10
12482.969811
 20
32879.500577
 42
0.017677
  0
VERTEX
  8
0
 10
12417.495287
 20
32888.606414
 42
0.020302
  0
VERTEX
  8
0
 10
12354.500000
 20
32892.532341
 42
-0.000568
  0
VERTEX
  8
0
 10
12344.943855
 20
32892.750054
 42
-0.000712
  0
VERTEX
  8
0
 10
12336.081250
 20
32892.974665
 42
-0.000570
  0
VERTEX
  8
0
 10
12328.643595
 20
32893.182246
 42
-0.005566
  0
VERTEX
  8
0
 10
12325.500000
 20
32893.308611
 42
0.014785
  0
VERTEX
  8
0
 10
12322.303490
 20
32893.378115
 42
0.001344
  0
VERTEX
  8
0
 10
12314.331250
 20
32893.294271
 42
0.001741
  0
VERTEX
  8
0
 10
12304.822344
 20
32893.135574
 42
0.001361
  0
SEQEND
  0
POLYLINE
  8
0
 66
1
 70
1
  0
VERTEX
  8
0
 10
12384.788865
 20
32870.471457
 42
-0.065175
  0
VERTEX
  8
0
 10
12620.705515
 20
32822.594726
 42
-0.065655
  0
VERTEX
  8
0
 10
12835.713704
 20
32715.665172
 42
-0.065717
  0
VERTEX
  8
0
 10
13015.479716
 20
32556.761777
 42
-0.065516
  0
VERTEX
  8
0
 10
13148.072095
 20
32356.500000
 42
-0.034314
  0
VERTEX
  8
0
 10
13196.212241
 20
32237.832046
 42
-0.034942
  0
VERTEX
  8
0
 10
13227.324454
 20
32114.407408
 42
-0.034953
  0
VERTEX
  8
0
 10
13240.939197
 20
31987.889337
 42
-0.034381
  0
VERTEX
  8
0
 10
13236.920470
 20
31860.000000
 42
-0.049176
  0
VERTEX
  8
0
 10
13201.548339
 20
31684.077497
 42
-0.048836
  0
VERTEX
  8
0
 10
13132.454118
 20
31518.015817
 42
-0.048822
  0
VERTEX
  8
0
 10
13032.442734
 20
31368.467753
 42
-0.049094
  0
VERTEX
  8
0
 10
12905.500000
 20
31241.455642
 42
-0.034093
  0
VERTEX
  8
0
 10
12804.054205
 20
31169.123879
 42
-0.033763
  0
VERTEX
  8
0
 10
12693.398816
 20
31110.987798
 42
-0.033789
  0
VERTEX
  8
0
 10
12576.013115
 20
31068.312699
 42
-0.034271
  0
VERTEX
  8
0
 10
12454.500000
 20
31042.079637
 42
-0.019098
  0
VERTEX
  8
0
 10
12383.138706
 20
31034.492774
 42
-0.019573
  0
VERTEX
  8
0
 10
12311.991319
 20
31032.458414
 42
-0.019571
  0
VERTEX
  8
0
 10
12240.893258
 20
31035.994368
 42
-0.019080
  0
VERTEX
  8
0
 10
12169.679657
 20
31045.086330
 42
-0.030023
  0
VERTEX
  8
0
 10
12063.053607
 20
31069.509386
 42
-0.029724
  0
VERTEX
  8
0
 10
11959.752476
 20
31106.589617
 42
-0.029742
  0
VERTEX
  8
0
 10
11861.638498
 20
31155.631651
 42
-0.030149
  0
VERTEX
  8
0
 10
11770.500000
 20
31215.769790
 42
-0.007944
  0
VERTEX
  8
0
 10
11743.556196
 20
31236.656786
 42
-0.009657
  0
VERTEX
  8
0
 10
11719.017197
 20
31257.101895
 42
-0.009681
  0
VERTEX
  8
0
 10
11695.336513
 20
31278.435975
 42
-0.008056
  0
VERTEX
  8
0
 10
11670.977999
 20
31301.998452
 42
-0.042883
  0
VERTEX
  8
0
 10
11569.628013
 20
31422.280584
 42
-0.042833
  0
VERTEX
  8
0
 10
11490.238036
 20
31558.133594
 42
-0.042841
  0
VERTEX
  8
0
 10
11435.168813
 20
31705.503761
 42
-0.042930
  0
VERTEX
  8
0
 10
11406.068471
 20
31860.000000
 42
-0.005315
  0
VERTEX
  8
0
 10
11403.921742
 20
31883.858423
 42
-0.008019
  0
VERTEX
  8
0
 10
11402.606531
 20
31904.684915
 42
-0.007587
  0
VERTEX
  8
0
 10
11401.915620
 20
31926.367525
 42
-0.004134
  0
VERTEX
  8
0
 10
11401.691582
 20
31953.000000
 42
-0.004104
  0
VERTEX
  8
0
 10
11401.903359
 20
31979.265730
 42
-0.007832
  0
VERTEX
  8
0
 10
11402.577276
 20
32000.361971
 42
-0.008174
  0
VERTEX
  8
0
 10
11403.887553
 20
32020.824614
 42
-0.004950
  0
VERTEX
  8
0
 10
11406.073906
 20
32045.000000
 42
-0.047778
  0
VERTEX
  8
0
 10
11440.000673
 20
32216.255766
 42
-0.047515
  0
VERTEX
  8
0
 10
11505.853318
 20
32378.293570
 42
-0.047544
  0
VERTEX
  8
0
 10
11601.063569
 20
32524.894797
 42
-0.047963
  0
VERTEX
  8
0
 10
11722.000000
 20
32650.400425
 42
-0.015030
  0
VERTEX
  8
0
 10
11768.585513
 20
32687.920468
 42
-0.016470
  0
VERTEX
  8
0
 10
11815.971406
 20
32721.395534
 42
-0.016548
  0
VERTEX
  8
0
 10
11865.247693
 20
32751.539507
 42
-0.015482
  0
VERTEX
  8
0
 10
11917.500000
 20
32779.072095
 42
-0.025223
  0
VERTEX
  8
0
 10
12005.174169
 20
32816.507591
 42
-0.026184
  0
VERTEX
  8
0
 10
12095.096851
 20
32844.398734
 42
-0.026059
  0
VERTEX
  8
0
 10
12187.852740
 20
32862.844068
 42
-0.024466
  0
VERTEX
  8
0
 10
12284.000000
 20
32872.031831
 42
-0.010930
  0
VERTEX
  8
0
 10
12304.927628
 20
32872.544407
 42
-0.004527
  0
VERTEX
  8
0
 10
12333.235431
 20
32872.362503
 42
-0.004563
  0
VERTEX
  8
0
 10
12362.018804
 20
32871.654116
 42
-0.009081
  0
SEQEND
  0
POLYLINE
  8
0
 66
1
 70
1
  0
VERTEX
  8
0
 10
19656.500000
 20
32892.908863
 42
0.030997
  0
VERTEX
  8
0
 10
19543.503696
 20
32882.943951
 42
0.030350
  0
VERTEX
  8
0
 10
19431.789726
 20
32859.061130
 42
0.030288
  0
VERTEX
  8
0
 10
19323.568802
 20
32821.768544
 42
0.030576
  0
VERTEX
  8
0
 10
19221.000000
 20
32771.773098
 42
0.016394
  0
VERTEX
  8
0
 10
19165.962263
 20
32738.221034
 42
0.017651
  0
VERTEX
  8
0
 10
19114.615502
 20
32701.908287
 42
0.017602
  0
VERTEX
  8
0
 10
19065.831080
 20
32661.968094
 42
0.016115
  0
VERTEX
  8
0
 10
19018.473752
 20
32617.541976
 42
0.019333
  0
VERTEX
  8
0
 10
18965.329453
 20
32560.086207
 42
0.021365
  0
VERTEX
  8
0
 10
18918.616918
 20
32500.521500
 42
0.021382
  0
VERTEX
  8
0
 10
18877.191417
 20
32437.233526
 42
0.019431
  0
VERTEX
  8
0
 10
18839.890128
 20
32368.621074
 42
0.034268
  0
VERTEX
  8
0
 10
18790.940787
 20
32249.738226
 42
0.034459
  0
VERTEX
  8
0
 10
18758.796008
 20
32125.502617
 42
0.034352
  0
VERTEX
  8
0
 10
18743.948082
 20
31997.654086
 42
0.033588
  0
VERTEX
  8
0
 10
18746.568602
 20
31868.000000
 42
0.034154
  0
VERTEX
  8
0
 10
18765.849998
 20
31745.118438
 42
0.033165
  0
VERTEX
  8
0
 10
18801.797326
 20
31624.757089
 42
0.033078
  0
VERTEX
  8
0
 10
18853.456540
 20
31509.901071
 42
0.033557
  0
VERTEX
  8
0
 10
18919.594992
 20
31403.438127
 42
0.017544
  0
VERTEX
  8
0
 10
18958.776636
 20
31352.750554
 42
0.016767
  0
VERTEX
  8
0
 10
19001.990192
 20
31304.138603
 42
0.016797
  0
VERTEX
  8
0
 10
19048.279103
 20
31258.620758
 42
0.017780
  0
VERTEX
  8
0
 10
19096.674778
 20
31217.203713
 42
0.013055
  0
VERTEX
  8
0
 10
19138.312714
 20
31185.800131
 42
0.014172
  0
VERTEX
  8
0
 10
19180.428062
 20
31157.495435
 42
0.014156
  0
VERTEX
  8
0
 10
19224.123237
 20
31131.594308
 42
0.012964
  0
VERTEX
  8
0
 10
19270.500000
 20
31107.400015
 42
0.023002
  0
VERTEX
  8
0
 10
19351.510567
 20
31072.293706
 42
0.023830
  0
VERTEX
  8
0
 10
19434.463976
 20
31045.237877
 42
0.023657
  0
VERTEX
  8
0
 10
19520.190344
 20
31026.038864
 42
0.021962
  0
VERTEX
  8
0
 10
19609.500000
 20
31014.444547
 42
0.013952
  0
VERTEX
  8
0
 10
19633.789322
 20
31013.051727
 42
0.004278
  0
VERTEX
  8
0
 10
19670.528022
 20
31012.286700
 42
0.004347
  0
VERTEX
  8
0
 10
19707.523774
 20
31012.154619
 42
0.012496
  0
VERTEX
  8
0
 10
19733.185075
 20
31012.927637
 42
0.041308
  0
VERTEX
  8
0
 10
19890.458947
 20
31034.718220
 42
0.042273
  0
VERTEX
  8
0
 10
20040.751896
 20
31081.990873
 42
0.042260
  0
VERTEX
  8
0
 10
20180.992781
 20
31153.883305
 42
0.041234
  0
VERTEX
  8
0
 10
20308.388078
 20
31248.852939
 42
0.011812
  0
VERTEX
  8
0
 10
20324.432098
 20
31263.699165
 42
0.003630
  0
VERTEX
  8
0
 10
20347.941270
 20
31286.841017
 42
0.003640
  0
VERTEX
  8
0
 10
20371.133783
 20
31310.344799
 42
0.011613
  0
VERTEX
  8
0
 10
20386.130526
 20
31326.500000
 42
0.038116
  0
VERTEX
  8
0
 10
20475.067110
 20
31443.780266
 42
0.039152
  0
VERTEX
  8
0
 10
20544.276857
 20
31572.187562
 42
0.039155
  0
VERTEX
  8
0
 10
20592.618911
 20
31709.805374
 42
0.038133
  0
VERTEX
  8
0
 10
20619.444526
 20
31854.500000
 42
0.015002
  0
VERTEX
  8
0
 10
20623.250002
 20
31903.770754
 42
0.012917
  0
VERTEX
  8
0
 10
20624.353807
 20
31955.708203
 42
0.012829
  0
VERTEX
  8
0
 10
20622.770861
 20
32008.040200
 42
0.014177
  0
VERTEX
  8
0
 10
20618.509685
 20
32058.500000
 42
0.040008
  0
VERTEX
  8
0
 10
20589.879494
 20
32205.330408
 42
0.039681
  0
VERTEX
  8
0
 10
20538.179573
 20
32346.146670
 42
0.039744
  0
VERTEX
  8
0
 10
20464.978241
 20
32476.818694
 42
0.040421
  0
VERTEX
  8
0
 10
20372.390043
 20
32593.474665
 42
0.031839
  0
VERTEX
  8
0
 10
20282.619393
 20
32678.025523
 42
0.032784
  0
VERTEX
  8
0
 10
20183.676340
 20
32749.601766
 42
0.032820
  0
VERTEX
  8
0
 10
20076.332993
 20
32807.563226
 42
0.032062
  0
VERTEX
  8
0
 10
19961.500000
 20
32851.494498
 42
0.017208
  0
VERTEX
  8
0
 10
19901.285957
 20
32867.956744
 42
0.016383
  0
VERTEX
  8
0
 10
19839.091414
 20
32880.544655
 42
0.016628
  0
VERTEX
  8
0
 10
19777.224420
 20
32888.864772
 42
0.019355
  0
VERTEX
  8
0
 10
19718.000000
 20
32892.525016
 42
-0.000488
  0
VERTEX
  8
0
 10
19708.909113
 20
32892.743210
 42
-0.000555
  0
VERTEX
  8
0
 10
19700.200000
 20
32892.970432
 42
-0.000503
  0
VERTEX
  8
0
 10
19692.802977
 20
32893.179092
 42
-0.003107
  0
VERTEX
  8
0
 10
19689.000000
 20
32893.313859
 42
0.011937
  0
VERTEX
  8
0
 10
19685.071420
 20
32893.383656
 42
0.001588
  0
VERTEX
  8
0
 10
19676.771875
 20
32893.306596
 42
0.001838
  0
VERTEX
  8
0
 10
19666.931216
 20
32893.147780
 42
0.001543
  0
SEQEND
  0
POLYLINE
  8
0
 66
1
 70
1
  0
VERTEX
  8
0
 10
19718.500000
 20
32871.990801
 42
-0.033128
  0
VERTEX
  8
0
 10
19844.772896
 20
32858.330206
 42
-0.034426
  0
VERTEX
  8
0
 10
19966.480954
 20
32828.182133
 42
-0.034528
  0
VERTEX
  8
0
 10
20082.570020
 20
32781.723992
 42
-0.033751
  0
VERTEX
  8
0
 10
20192.087887
 20
32719.427937
 42
-0.037730
  0
VERTEX
  8
0
 10
20301.037640
 20
32634.857858
 42
-0.037715
  0
VERTEX
  8
0
 10
20396.056208
 20
32534.865698
 42
-0.037641
  0
VERTEX
  8
0
 10
20475.140341
 20
32421.534434
 42
-0.037257
  0
VERTEX
  8
0
 10
20536.645331
 20
32297.247878
 42
-0.018653
  0
VERTEX
  8
0
 10
20560.132105
 20
32232.453264
 42
-0.019014
  0
VERTEX
  8
0
 10
20578.557939
 20
32166.498330
 42
-0.018941
  0
VERTEX
  8
0
 10
20591.979264
 20
32099.086241
 42
-0.018182
  0
VERTEX
  8
0
 10
20600.478808
 20
32029.927724
 42
-0.042432
  0
VERTEX
  8
0
 10
20600.649595
 20
31876.268028
 42
-0.041930
  0
VERTEX
  8
0
 10
20574.927247
 20
31724.152283
 42
-0.041879
  0
VERTEX
  8
0
 10
20524.143170
 20
31578.286560
 42
-0.042105
  0
VERTEX
  8
0
 10
20449.835950
 20
31443.201107
 42
-0.024444
  0
VERTEX
  8
0
 10
20395.549872
 20
31369.668069
 42
-0.024907
  0
VERTEX
  8
0
 10
20334.665546
 20
31302.264322
 42
-0.024936
  0
VERTEX
  8
0
 10
20267.453132
 20
31241.322336
 42
-0.024636
  0
VERTEX
  8
0
 10
20194.244093
 20
31187.111936
 42
-0.048024
  0
VERTEX
  8
0
 10
20038.413703
 20
31103.563121
 42
-0.048195
  0
VERTEX
  8
0
 10
19869.689517
 20
31051.396474
 42
-0.048195
  0
VERTEX
  8
0
 10
19694.100484
 20
31032.495556
 42
-0.048027
  0
VERTEX
  8
0
 10
19517.928576
 20
31047.517809
 42
-0.030812
  0
VERTEX
  8
0
 10
19407.740343
 20
31074.792192
 42
-0.030941
  0
VERTEX
  8
0
 10
19301.897639
 20
31115.372258
 42
-0.030946
  0
VERTEX
  8
0
 10
19201.889058
 20
31168.696214
 42
-0.030847
  0
VERTEX
  8
0
 10
19109.114328
 20
31234.008190
 42
-0.013235
  0
VERTEX
  8
0
 10
19069.734187
 20
31267.281275
 42
-0.014248
  0
VERTEX
  8
0
 10
19033.152404
 20
31301.807592
 42
-0.014271
  0
VERTEX
  8
0
 10
18998.650307
 20
31338.307904
 42
-0.013372
  0
VERTEX
  8
0
 10
18965.506410
 20
31377.500000
 42
-0.036587
  0
VERTEX
  8
0
 10
18888.938816
 20
31488.916715
 42
-0.036842
  0
VERTEX
  8
0
 10
18829.629622
 20
31610.051437
 42
-0.036844
  0
VERTEX
  8
0
 10
18788.743401
 20
31738.575147
 42
-0.036595
  0
VERTEX
  8
0
 10
18767.048699
 20
31872.000000
 42
-0.012240
  0
VERTEX
  8
0
 10
18764.475791
 20
31912.430372
 42
-0.010563
  0
VERTEX
  8
0
 10
18763.712120
 20
31954.977455
 42
-0.010506
  0
VERTEX
  8
0
 10
18764.747889
 20
31997.784822
 42
-0.011698
  0
VERTEX
  8
0
 10
18767.579630
 20
32039.000000
 42
-0.031046
  0
VERTEX
  8
0
 10
18784.643058
 20
32148.876929
 42
-0.030393
  0
VERTEX
  8
0
 10
18815.257923
 20
32256.597709
 42
-0.030301
  0
VERTEX
  8
0
 10
18858.817514
 20
32360.129168
 42
-0.030416
  0
VERTEX
  8
0
 10
18914.523239
 20
32457.500000
 42
-0.035420
  0
VERTEX
  8
0
 10
18992.904516
 20
32560.333000
 42
-0.035126
  0
VERTEX
  8
0
 10
19085.220059
 20
32651.381169
 42
-0.035132
  0
VERTEX
  8
0
 10
19189.355641
 20
32728.595992
 42
-0.035460
  0
VERTEX
  8
0
 10
19302.962495
 20
32790.203492
 42
-0.029186
  0
VERTEX
  8
0
 10
19402.792016
 20
32828.654705
 42
-0.028748
  0
VERTEX
  8
0
 10
19506.921074
 20
32855.445149
 42
-0.028878
  0
VERTEX
  8
0
 10
19612.961589
 20
32870.020912
 42
-0.030107
  0
SEQEND
  0
POLYLINE
  8
0
 66
1
 70
1
  0
VERTEX
  8
0
 10
3293.500000
 20
28250.384362
 42
0.032316
  0
VERTEX
  8
0
 10
3233.414251
 20
28240.481710
 42
0.038191
  0
VERTEX
  8
0
 10
3178.477779
 20
28223.229056
 42
0.038721
  0
VERTEX
  8
0
 10
3127.440216
 20
28198.066971
 42
0.034924
  0
VERTEX
  8
0
 10
3079.000000
 20
28164.551568
 42
0.018479
  0
VERTEX
  8
0
 10
3065.406519
 20
28152.819327
 42
0.009409
  0
VERTEX
  8
0
 10
3049.167205
 20
28137.141442
 42
0.009411
  0
VERTEX
  8
0
 10
3033.477494
 20
28120.809600
 42
0.017891
  0
VERTEX
  8
0
 10
3021.589755
 20
28107.000000
 42
0.012083
  0
VERTEX
  8
0
 10
3012.693285
 20
28095.316822
 42
0.007032
  0
VERTEX
  8
0
 10
3002.560136
 20
28080.897795
 42
0.007039
  0
VERTEX
  8
0
 10
2992.964002
 20
28066.391762
 42
0.013675
  0
VERTEX
  8
0
 10
2985.786976
 20
28054.500000
 42
0.050220
  0
VERTEX
  8
0
 10
2954.688541
 20
27983.975005
 42
0.049564
  0
VERTEX
  8
0
 10
2938.103094
 20
27908.354096
 42
0.049552
  0
VERTEX
  8
0
 10
2936.722090
 20
27830.929972
 42
0.050143
  0
VERTEX
  8
0
 10
2950.635767
 20
27755.066736
 42
0.021531
  0
VERTEX
  8
0
 10
2960.839130
 20
27724.749387
 42
0.020020
  0
VERTEX
  8
0
 10
2973.835211
 20
27694.661696
 42
0.020054
  0
VERTEX
  8
0
 10
2989.170341
 20
27665.763426
 42
0.021809
  0
VERTEX
  8
0
 10
3006.379267
 20
27639.008735
 42
0.022582
  0
VERTEX
  8
0
 10
3026.406880
 20
27613.222383
 42
0.019968
  0
VERTEX
  8
0
 10
3049.482365
 20
27588.225047
 42
0.020016
  0
VERTEX
  8
0
 10
3074.412396
 20
27565.213703
 42
0.023032
  0
VERTEX
  8
0
 10
3100.000000
 20
27545.383098
 42
0.049175
  0
VERTEX
  8
0
 10
3166.137074
 20
27507.954501
 42
0.048766
  0
VERTEX
  8
0
 10
3238.493609
 20
27484.035624
 42
0.048809
  0
VERTEX
  8
0
 10
3314.050472
 20
27474.597832
 42
0.049446
  0
VERTEX
  8
0
 10
3389.666391
 20
27480.058226
 42
0.072447
  0
VERTEX
  8
0
 10
3496.359263
 20
27514.887962
 42
0.072711
  0
VERTEX
  8
0
 10
3588.535787
 20
27578.676038
 42
0.072651
  0
VERTEX
  8
0
 10
3658.653798
 20
27666.235611
 42
0.072137
  0
VERTEX
  8
0
 10
3701.004518
 20
27770.401071
 42
0.016015
  0
VERTEX
  8
0
 10
3706.401252
 20
27795.707689
 42
0.018571
  0
VERTEX
  8
0
 10
3709.860840
 20
27820.091135
 42
0.018036
  0
VERTEX
  8
0
 10
3711.568800
 20
27845.266999
 42
0.013633
  0
VERTEX
  8
0
 10
3711.690879
 20
27872.977429
 42
0.011385
  0
VERTEX
  8
0
 10
3710.617596
 20
27896.484075
 42
0.016505
  0
VERTEX
  8
0
 10
3708.514423
 20
27917.153823
 42
0.016785
  0
VERTEX
  8
0
 10
3705.085528
 20
27937.374505
 42
0.012387
  0
VERTEX
  8
0
 10
3699.990901
 20
27959.500000
 42
0.045196
  0
VERTEX
  8
0
 10
3676.558622
 20
28025.444299
 42
0.045099
  0
VERTEX
  8
0
 10
3641.645479
 20
28086.155622
 42
0.045142
  0
VERTEX
  8
0
 10
3596.448589
 20
28139.571556
 42
0.045465
  0
VERTEX
  8
0
 10
3542.500000
 20
28183.867599
 42
0.025547
  0
VERTEX
  8
0
 10
3507.892224
 20
28204.872611
 42
0.025822
  0
VERTEX
  8
0
 10
3471.443345
 20
28222.156640
 42
0.025901
  0
VERTEX
  8
0
 10
3433.518881
 20
28235.545132
 42
0.026080
  0
VERTEX
  8
0
 10
3394.500000
 20
28244.905007
 42
0.008042
  0
VERTEX
  8
0
 10
3377.846000
 20
28247.715783
 42
0.016547
  0
VERTEX
  8
0
 10
3364.719245
 20
28249.272294
 42
0.014277
  0
VERTEX
  8
0
 10
3350.354841
 20
28250.083035
 42
0.004584
  0
VERTEX
  8
0
 10
3329.000000
 20
28250.481570
 42
0.001278
  0
VERTEX
  8
0
 10
3316.641853
 20
28250.567279
 42
0.001779
  0
VERTEX
  8
0
 10
3305.578125
 20
28250.576354
 42
0.001082
  0
VERTEX
  8
0
 10
3296.263573
 20
28250.530688
 42
0.022920
  0
SEQEND
  0
POLYLINE
  8
0
 66
1
 70
1
  0
VERTEX
  8
0
 10
3351.215618
 20
28065.445949
 42
-0.055491
  0
VERTEX
  8
0
 10
3396.262889
 20
28054.052612
 42
-0.057970
  0
VERTEX
  8
0
 10
3436.993001
 20
28033.136973
 42
-0.057432
  0
VERTEX
  8
0
 10
3472.148766
 20
28003.226891
 42
-0.052722
  0
VERTEX
  8
0
 10
3500.738968
 20
27965.285529
 42
-0.031275
  0
VERTEX
  8
0
 10
3509.894066
 20
27947.609013
 42
-0.024236
  0
VERTEX
  8
0
 10
3517.671607
 20
27927.370364
 42
-0.024002
  0
VERTEX
  8
0
 10
3523.535513
 20
27906.218322
 42
-0.028553
  0
VERTEX
  8
0
 10
3526.944588
 20
27885.789414
 42
-0.095685
  0
VERTEX
  8
0
 10
3520.483707
 20
27807.679494
 42
-0.096677
  0
VERTEX
  8
0
 10
3485.387480
 20
27737.910287
 42
-0.096591
  0
VERTEX
  8
0
 10
3426.599592
 20
27686.413187
 42
-0.095327
  0
VERTEX
  8
0
 10
3352.500000
 20
27660.474406
 42
-0.024393
  0
VERTEX
  8
0
 10
3339.923847
 20
27659.239665
 42
-0.012242
  0
VERTEX
  8
0
 10
3323.961487
 20
27658.846772
 42
-0.012240
  0
VERTEX
  8
0
 10
3308.015763
 20
27659.235183
 42
-0.024651
  0
VERTEX
  8
0
 10
3295.500000
 20
27660.467234
 42
-0.032889
  0
VERTEX
  8
0
 10
3267.000777
 20
27666.636127
 42
-0.035505
  0
VERTEX
  8
0
 10
3240.301053
 20
27676.379370
 42
-0.035600
  0
VERTEX
  8
0
 10
3215.312050
 20
27689.774191
 42
-0.033429
  0
VERTEX
  8
0
 10
3191.915588
 20
27706.834923
 42
-0.088654
  0
VERTEX
  8
0
 10
3146.710535
 20
27760.825477
 42
-0.086905
  0
VERTEX
  8
0
 10
3122.610336
 20
27827.501602
 42
-0.086785
  0
VERTEX
  8
0
 10
3122.586959
 20
27898.480447
 42
-0.088079
  0
VERTEX
  8
0
 10
3146.703735
 20
27964.855150
 42
-0.024353
  0
VERTEX
  8
0
 10
3156.884152
 20
27980.636642
 42
-0.021083
  0
VERTEX
  8
0
 10
3169.025547
 20
27996.159556
 42
-0.021348
  0
VERTEX
  8
0
 10
3182.232741
 20
28010.375910
 42
-0.027301
  0
VERTEX
  8
0
 10
3195.610144
 20
28022.225336
 42
-0.034189
  0
VERTEX
  8
0
 10
3218.883828
 20
28038.214840
 42
-0.033222
  0
VERTEX
  8
0
 10
3244.338248
 20
28051.055008
 42
-0.033333
  0
VERTEX
  8
0
 10
3271.181445
 20
28060.373582
 42
-0.034982
  0
VERTEX
  8
0
 10
3298.596658
 20
28065.861189
 42
-0.024922
  0
VERTEX
  8
0
 10
3309.342811
 20
28066.698773
 42
-0.008961
  0
VERTEX
  8
0
 10
3324.690023
 20
28066.852711
 42
-0.009024
  0
VERTEX
  8
0
 10
3340.113607
 20
28066.452551
 42
-0.023222
  0
SEQEND
  0
POLYLINE
  8
0
 66
1
 70
1
  0
VERTEX
  8
0
 10
6565.500000
 20
28250.325972
 42
0.031553
  0
VERTEX
  8
0
 10
6514.833871
 20
28242.806323
 42
0.032607
  0
VERTEX
  8
0
 10
6466.084694
 20
28229.019433
 42
0.032614
  0
VERTEX
  8
0
 10
6419.552094
 20
28209.015228
 42
0.031599
  0
VERTEX
  8
0
 10
6375.500000
 20
28182.943736
 42
0.025220
  0
VERTEX
  8
0
 10
6349.294428
 20
28163.104778
 42
0.020226
  0
VERTEX
  8
0
 10
6323.136248
 20
28139.273948
 42
0.020156
  0
VERTEX
  8
0
 10
6298.878683
 20
28113.296193
 42
0.024406
  0
VERTEX
  8
0
 10
6278.383098
 20
28087.000000
 42
0.031204
  0
VERTEX
  8
0
 10
6252.665552
 20
28045.135594
 42
0.031769
  0
VERTEX
  8
0
 10
6232.529917
 20
28000.641352
 42
0.031576
  0
VERTEX
  8
0
 10
6218.093245
 20
27953.692185
 42
0.030019
  0
VERTEX
  8
0
 10
6209.387093
 20
27904.500000
 42
0.019632
  0
VERTEX
  8
0
 10
6208.013468
 20
27886.434738
 42
0.009115
  0
VERTEX
  8
0
 10
6207.580557
 20
27862.913044
 42
0.009109
  0
VERTEX
  8
0
 10
6208.004404
 20
27839.427322
 42
0.019960
  0
VERTEX
  8
0
 10
6209.372730
 20
27821.500000
 42
0.020268
  0
VERTEX
  8
0
 10
6215.039947
 20
27785.613061
 42
0.023339
  0
VERTEX
  8
0
 10
6223.407240
 20
27751.979176
 42
0.023506
  0
VERTEX
  8
0
 10
6234.811678
 20
27719.480989
 42
0.021143
  0
VERTEX
  8
0
 10
6249.581857
 20
27687.000000
 42
0.058188
  0
VERTEX
  8
0
 10
6299.263227
 20
27612.041122
 42
0.058226
  0
VERTEX
  8
0
 10
6364.868684
 20
27550.564155
 42
0.058139
  0
VERTEX
  8
0
 10
6442.977970
 20
27505.794465
 42
0.057686
  0
VERTEX
  8
0
 10
6529.500000
 20
27480.063316
 42
0.043721
  0
VERTEX
  8
0
 10
6594.853091
 20
27474.400591
 42
0.042214
  0
VERTEX
  8
0
 10
6660.985987
 20
27480.057628
 42
0.042134
  0
VERTEX
  8
0
 10
6725.349413
 20
27496.762013
 42
0.043187
  0
VERTEX
  8
0
 10
6785.444992
 20
27523.921807
 42
0.037397
  0
VERTEX
  8
0
 10
6833.706057
 20
27555.925029
 42
0.037330
  0
VERTEX
  8
0
 10
6876.692699
 20
27594.778043
 42
0.037268
  0
VERTEX
  8
0
 10
6913.487364
 20
27639.656886
 42
0.037003
  0
VERTEX
  8
0
 10
6943.309403
 20
27689.604115
 42
0.024703
  0
VERTEX
  8
0
 10
6958.400459
 20
27723.866068
 42
0.024324
  0
VERTEX
  8
0
 10
6970.125966
 20
27759.624895
 42
0.024177
  0
VERTEX
  8
0
 10
6978.382740
 20
27796.570080
 42
0.023712
  0
VERTEX
  8
0
 10
6983.099769
 20
27834.380016
 42
0.016528
  0
VERTEX
  8
0
 10
6983.761687
 20
27849.535210
 42
0.006570
  0
VERTEX
  8
0
 10
6983.708718
 20
27870.356471
 42
0.006463
  0
VERTEX
  8
0
 10
6983.119611
 20
27890.942219
 42
0.019252
  0
VERTEX
  8
0
 10
6981.992090
 20
27905.000000
 42
0.020703
  0
VERTEX
  8
0
 10
6976.290604
 20
27940.344569
 42
0.022367
  0
VERTEX
  8
0
 10
6967.792204
 20
27974.182808
 42
0.022599
  0
VERTEX
  8
0
 10
6956.400883
 20
28006.802711
 42
0.022122
  0
VERTEX
  8
0
 10
6942.039931
 20
28038.500000
 42
0.044823
  0
VERTEX
  8
0
 10
6904.527627
 20
28098.436446
 42
0.045884
  0
VERTEX
  8
0
 10
6857.196631
 20
28150.219059
 42
0.045869
  0
VERTEX
  8
0
 10
6801.200010
 20
28192.514993
 42
0.044736
  0
VERTEX
  8
0
 10
6737.972931
 20
28224.300110
 42
0.016864
  0
VERTEX
  8
0
 10
6712.489311
 20
28233.391474
 42
0.017931
  0
VERTEX
  8
0
 10
6686.963220
 20
28240.541160
 42
0.017863
  0
VERTEX
  8
0
 10
6660.899139
 20
28245.865742
 42
0.016462
  0
VERTEX
  8
0
 10
6633.802917
 20
28249.487403
 42
0.017381
  0
VERTEX
  8
0
 10
6620.536544
 20
28250.353477
 42
0.004539
  0
VERTEX
  8
0
 10
6599.191746
 20
28250.809349
 42
0.004401
  0
VERTEX
  8
0
 10
6577.932699
 20
28250.883221
 42
0.019735
  0
SEQEND
  0
POLYLINE
  8
0
 66
1
 70
1
  0
VERTEX
  8
0
 10
6629.500000
 20
28064.612125
 42
-0.019989
  0
VERTEX
  8
0
 10
6648.651282
 20
28060.282555
 42
-0.021938
  0
VERTEX
  8
0
 10
6666.799825
 20
28054.545500
 42
-0.022654
  0
VERTEX
  8
0
 10
6683.819203
 20
28047.442988
 42
-0.024868
  0
VERTEX
  8
0
 10
6699.588920
 20
28039.024023
 42
-0.083555
  0
VERTEX
  8
0
 10
6752.416677
 20
27993.908078
 42
-0.085116
  0
VERTEX
  8
0
 10
6787.161953
 20
27934.256150
 42
-0.085371
  0
VERTEX
  8
0
 10
6799.983342
 20
27866.595333
 42
-0.084733
  0
VERTEX
  8
0
 10
6789.521299
 20
27798.351042
 42
-0.026845
  0
VERTEX
  8
0
 10
6781.012822
 20
27776.726483
 42
-0.030017
  0
VERTEX
  8
0
 10
6770.505828
 20
27756.959054
 42
-0.029790
  0
VERTEX
  8
0
 10
6757.630622
 20
27738.463997
 42
-0.025689
  0
VERTEX
  8
0
 10
6742.033154
 20
27720.646667
 42
-0.039740
  0
VERTEX
  8
0
 10
6716.572415
 20
27698.273920
 42
-0.042106
  0
VERTEX
  8
0
 10
6688.360087
 20
27680.690924
 42
-0.042080
  0
VERTEX
  8
0
 10
6657.584665
 20
27668.074379
 42
-0.039597
  0
VERTEX
  8
0
 10
6624.500000
 20
27660.474406
 42
-0.024398
  0
VERTEX
  8
0
 10
6611.933232
 20
27659.240722
 42
-0.012218
  0
VERTEX
  8
0
 10
6595.970444
 20
27658.847379
 42
-0.012216
  0
VERTEX
  8
0
 10
6580.020408
 20
27659.233911
 42
-0.024597
  0
VERTEX
  8
0
 10
6567.500000
 20
27660.462886
 42
-0.067473
  0
VERTEX
  8
0
 10
6512.827442
 20
27676.288994
 42
-0.069124
  0
VERTEX
  8
0
 10
6464.834355
 20
27706.014376
 42
-0.069535
  0
VERTEX
  8
0
 10
6426.988643
 20
27747.513850
 42
-0.069628
  0
VERTEX
  8
0
 10
6401.989986
 20
27797.780326
 42
-0.068617
  0
VERTEX
  8
0
 10
6391.518568
 20
27853.595614
 42
-0.070139
  0
VERTEX
  8
0
 10
6396.675551
 20
27909.727797
 42
-0.070127
  0
VERTEX
  8
0
 10
6417.150920
 20
27962.254674
 42
-0.068558
  0
VERTEX
  8
0
 10
6451.469227
 20
28007.528155
 42
-0.041128
  0
VERTEX
  8
0
 10
6477.036409
 20
28029.197595
 42
-0.041311
  0
VERTEX
  8
0
 10
6505.769168
 20
28046.353922
 42
-0.040988
  0
VERTEX
  8
0
 10
6537.151197
 20
28058.662473
 42
-0.039182
  0
VERTEX
  8
0
 10
6570.596658
 20
28065.914438
 42
-0.032127
  0
VERTEX
  8
0
 10
6581.508347
 20
28066.690137
 42
-0.007211
  0
VERTEX
  8
0
 10
6600.152592
 20
28066.546874
 42
-0.007164
  0
VERTEX
  8
0
 10
6618.773315
 20
28065.868147
 42
-0.032912
  0
SEQEND
  0
POLYLINE
  8
0
 66
1
 70
1
  0
VERTEX
  8
0
 10
10656.000000
 20
28250.392641
 42
-0.001513
  0
VERTEX
  8
0
 10
10654.039656
 20
28250.175289
 42
-0.000313
  0
VERTEX
  8
0
 10
10650.590625
 20
28249.805630
 42
-0.000329
  0
VERTEX
  8
0
 10
10646.585168
 20
28249.381543
 42
-0.000311
  0
VERTEX
  8
0
 10
10642.500000
 20
28248.954304
 42
0.037659
  0
VERTEX
  8
0
 10
10589.494507
 20
28239.371025
 42
0.035193
  0
VERTEX
  8
0
 10
10537.269686
 20
28221.802791
 42
0.034789
  0
VERTEX
  8
0
 10
10487.438616
 20
28196.839701
 42
0.034824
  0
VERTEX
  8
0
 10
10441.567962
 20
28165.216135
 42
0.019381
  0
VERTEX
  8
0
 10
10429.138087
 20
28154.489876
 42
0.007180
  0
VERTEX
  8
0
 10
10412.460482
 20
28138.476677
 42
0.007155
  0
VERTEX
  8
0
 10
10396.285992
 20
28122.029842
 42
0.020014
  0
VERTEX
  8
0
 10
10385.592133
 20
28109.903739
 42
0.035745
  0
VERTEX
  8
0
 10
10352.595965
 20
28062.817409
 42
0.036537
  0
VERTEX
  8
0
 10
10326.913097
 20
28011.845530
 42
0.036524
  0
VERTEX
  8
0
 10
10308.915923
 20
27957.660228
 42
0.035664
  0
VERTEX
  8
0
 10
10298.818179
 20
27901.000000
 42
0.020457
  0
VERTEX
  8
0
 10
10297.737812
 20
27884.184007
 42
0.007510
  0
VERTEX
  8
0
 10
10297.541837
 20
27860.375370
 42
0.007490
  0
VERTEX
  8
0
 10
10298.059237
 20
27836.611273
 42
0.020942
  0
VERTEX
  8
0
 10
10299.368032
 20
27820.000000
 42
0.032938
  0
VERTEX
  8
0
 10
10309.710845
 20
27765.143881
 42
0.035412
  0
VERTEX
  8
0
 10
10327.005506
 20
27713.475604
 42
0.035657
  0
VERTEX
  8
0
 10
10351.287859
 20
27665.084297
 42
0.034363
  0
VERTEX
  8
0
 10
10382.467926
 20
27620.000000
 42
0.016210
  0
VERTEX
  8
0
 10
10393.575655
 20
27606.976603
 42
0.008864
  0
VERTEX
  8
0
 10
10407.979700
 20
27591.709613
 42
0.008863
  0
VERTEX
  8
0
 10
10422.931058
 20
27576.947744
 42
0.016056
  0
VERTEX
  8
0
 10
10435.750260
 20
27565.494401
 42
0.032128
  0
VERTEX
  8
0
 10
10476.591093
 20
27535.538559
 42
0.032703
  0
VERTEX
  8
0
 10
10520.698520
 20
27511.257449
 42
0.032620
  0
VERTEX
  8
0
 10
10567.704952
 20
27492.883235
 42
0.031611
  0
VERTEX
  8
0
 10
10617.195128
 20
27480.551212
 42
0.023562
  0
VERTEX
  8
0
 10
10649.799347
 20
27476.159512
 42
0.020761
  0
VERTEX
  8
0
 10
10684.084002
 20
27474.606728
 42
0.020673
  0
VERTEX
  8
0
 10
10718.541829
 20
27475.902773
 42
0.022779
  0
VERTEX
  8
0
 10
10751.666391
 20
27480.047669
 42
0.058051
  0
VERTEX
  8
0
 10
10836.888636
 20
27505.108812
 42
0.057306
  0
VERTEX
  8
0
 10
10914.470378
 20
27549.165788
 42
0.057256
  0
VERTEX
  8
0
 10
10980.085188
 20
27609.723649
 42
0.057756
  0
VERTEX
  8
0
 10
11030.036474
 20
27683.417741
 42
0.043234
  0
VERTEX
  8
0
 10
11055.695410
 20
27745.156620
 42
0.043139
  0
VERTEX
  8
0
 10
11070.378175
 20
27810.433712
 42
0.043058
  0
VERTEX
  8
0
 10
11073.658444
 20
27877.378807
 42
0.042731
  0
VERTEX
  8
0
 10
11065.446442
 20
27944.072054
 42
0.035972
  0
VERTEX
  8
0
 10
11050.433245
 20
27996.313846
 42
0.035462
  0
VERTEX
  8
0
 10
11028.030917
 20
28046.124516
 42
0.035344
  0
VERTEX
  8
0
 10
10998.731066
 20
28092.425401
 42
0.035194
  0
VERTEX
  8
0
 10
10963.163857
 20
28134.208040
 42
0.013939
  0
VERTEX
  8
0
 10
10944.317438
 20
28152.386000
 42
0.017017
  0
VERTEX
  8
0
 10
10925.668021
 20
28168.268346
 42
0.017400
  0
VERTEX
  8
0
 10
10906.350008
 20
28182.549924
 42
0.015884
  0
VERTEX
  8
0
 10
10885.500000
 20
28195.915564
 42
0.025082
  0
VERTEX
  8
0
 10
10849.528169
 20
28215.016239
 42
0.026350
  0
VERTEX
  8
0
 10
10812.402381
 20
28230.072963
 42
0.026199
  0
VERTEX
  8
0
 10
10773.696977
 20
28241.211947
 42
0.024196
  0
VERTEX
  8
0
 10
10733.000000
 20
28248.594405
 42
0.023573
  0
VERTEX
  8
0
 10
10720.105279
 20
28249.679218
 42
0.003361
  0
VERTEX
  8
0
 10
10693.568859
 20
28250.477457
 42
0.002928
  0
VERTEX
  8
0
 10
10666.841626
 20
28250.945033
 42
0.031282
  0
SEQEND
  0
POLYLINE
  8
0
 66
1
 70
1
  0
VERTEX
  8
0
 10
10709.026234
 20
28065.975681
 42
-0.031778
  0
VERTEX
  8
0
 10
10735.873436
 20
28060.983960
 42
-0.033168
  0
VERTEX
  8
0
 10
10761.478746
 20
28052.677906
 42
-0.033166
  0
VERTEX
  8
0
 10
10785.762226
 20
28041.058283
 42
-0.031766
  0
VERTEX
  8
0
 10
10808.665378
 20
28026.179602
 42
-0.024610
  0
VERTEX
  8
0
 10
10817.890746
 20
28018.583561
 42
-0.011015
  0
VERTEX
  8
0
 10
10829.285983
 20
28007.751253
 42
-0.011018
  0
VERTEX
  8
0
 10
10840.199465
 20
27996.420811
 42
-0.024450
  0
VERTEX
  8
0
 10
10847.882012
 20
27987.220324
 42
-0.052240
  0
VERTEX
  8
0
 10
10870.718250
 20
27949.334802
 42
-0.053993
  0
VERTEX
  8
0
 10
10884.901962
 20
27907.950659
 42
-0.054078
  0
VERTEX
  8
0
 10
10889.882372
 20
27864.549788
 42
-0.052717
  0
VERTEX
  8
0
 10
10885.521493
 20
27820.704031
 42
-0.032113
  0
VERTEX
  8
0
 10
10879.056497
 20
27797.223215
 42
-0.029477
  0
VERTEX
  8
0
 10
10869.486036
 20
27774.060196
 42
-0.029463
  0
VERTEX
  8
0
 10
10857.252481
 20
27752.172170
 42
-0.032001
  0
VERTEX
  8
0
 10
10842.832178
 20
27732.500000
 42
-0.057492
  0
VERTEX
  8
0
 10
10807.736497
 20
27699.182830
 42
-0.059447
  0
VERTEX
  8
0
 10
10766.350765
 20
27675.167348
 42
-0.059580
  0
VERTEX
  8
0
 10
10720.563023
 20
27661.602182
 42
-0.058214
  0
VERTEX
  8
0
 10
10672.500000
 20
27659.066479
 42
-0.088262
  0
VERTEX
  8
0
 10
10602.843167
 20
27676.087259
 42
-0.088604
  0
VERTEX
  8
0
 10
10543.436925
 20
27716.075992
 42
-0.088493
  0
VERTEX
  8
0
 10
10501.491942
 20
27774.206725
 42
-0.087761
  0
VERTEX
  8
0
 10
10482.078136
 20
27843.423678
 42
-0.062625
  0
VERTEX
  8
0
 10
10483.409442
 20
27893.259052
 42
-0.061211
  0
VERTEX
  8
0
 10
10497.006401
 20
27941.623082
 42
-0.061183
  0
VERTEX
  8
0
 10
10521.916180
 20
27985.275971
 42
-0.062458
  0
VERTEX
  8
0
 10
10556.500000
 20
28021.263277
 42
-0.033511
  0
VERTEX
  8
0
 10
10579.545756
 20
28037.491836
 42
-0.033843
  0
VERTEX
  8
0
 10
10604.479300
 20
28050.436846
 42
-0.034047
  0
VERTEX
  8
0
 10
10630.781306
 20
28059.834033
 42
-0.034869
  0
VERTEX
  8
0
 10
10657.907430
 20
28065.484550
 42
-0.022863
  0
VERTEX
  8
0
 10
10668.596811
 20
28066.448567
 42
-0.008654
  0
VERTEX
  8
0
 10
10683.588633
 20
28066.852171
 42
-0.008616
  0
VERTEX
  8
0
 10
10698.538436
 20
28066.738189
 42
-0.023865
  0
SEQEND
  0
POLYLINE
  8
0
 66
1
 70
1
  0
VERTEX
  8
0
 10
13928.000000
 20
28250.395883
 42
-0.001499
  0
VERTEX
  8
0
 10
13926.039656
 20
28250.176662
 42
-0.000311
  0
VERTEX
  8
0
 10
13922.590625
 20
28249.803601
 42
-0.000326
  0
VERTEX
  8
0
 10
13918.585168
 20
28249.375518
 42
-0.000308
  0
VERTEX
  8
0
 10
13914.500000
 20
28248.944155
 42
0.033114
  0
VERTEX
  8
0
 10
13867.509411
 20
28240.839629
 42
0.031157
  0
VERTEX
  8
0
 10
13821.006801
 20
28226.490887
 42
0.030807
  0
VERTEX
  8
0
 10
13776.131934
 20
28206.279724
 42
0.030648
  0
VERTEX
  8
0
 10
13734.000000
 20
28180.676885
 42
0.022643
  0
VERTEX
  8
0
 10
13713.905643
 20
28165.318300
 42
0.014168
  0
VERTEX
  8
0
 10
13691.764889
 20
28145.654455
 42
0.014159
  0
VERTEX
  8
0
 10
13670.739418
 20
28124.735103
 42
0.022337
  0
VERTEX
  8
0
 10
13654.058622
 20
28105.521193
 42
0.032998
  0
VERTEX
  8
0
 10
13623.522029
 20
28061.295658
 42
0.034885
  0
VERTEX
  8
0
 10
13599.697199
 20
28014.229078
 42
0.034675
  0
VERTEX
  8
0
 10
13582.532885
 20
27964.040620
 42
0.031816
  0
VERTEX
  8
0
 10
13571.869283
 20
27910.500000
 42
0.021831
  0
VERTEX
  8
0
 10
13570.094192
 20
27890.681974
 42
0.009950
  0
VERTEX
  8
0
 10
13569.423834
 20
27864.682165
 42
0.009944
  0
VERTEX
  8
0
 10
13569.787683
 20
27838.709331
 42
0.022138
  0
VERTEX
  8
0
 10
13571.331359
 20
27819.000000
 42
0.046731
  0
VERTEX
  8
0
 10
13587.811119
 20
27743.832347
 42
0.049185
  0
VERTEX
  8
0
 10
13617.789735
 20
27674.385249
 42
0.049425
  0
VERTEX
  8
0
 10
13660.597402
 20
27612.423155
 42
0.048082
  0
VERTEX
  8
0
 10
13715.094502
 20
27559.434399
 42
0.060034
  0
VERTEX
  8
0
 10
13793.419968
 20
27510.834064
 42
0.059516
  0
VERTEX
  8
0
 10
13881.275750
 20
27482.057076
 42
0.059515
  0
VERTEX
  8
0
 10
13973.438594
 20
27474.783937
 42
0.060031
  0
VERTEX
  8
0
 10
14064.440871
 20
27489.475093
 42
0.019924
  0
VERTEX
  8
0
 10
14092.533317
 20
27498.778984
 42
0.018164
  0
VERTEX
  8
0
 10
14120.692504
 20
27510.551522
 42
0.018272
  0
VERTEX
  8
0
 10
14147.740638
 20
27524.251999
 42
0.020894
  0
VERTEX
  8
0
 10
14172.500000
 20
27539.335949
 42
0.023859
  0
VERTEX
  8
0
 10
14201.029856
 20
27560.430042
 42
0.021879
  0
VERTEX
  8
0
 10
14228.291447
 20
27584.734844
 42
0.021970
  0
VERTEX
  8
0
 10
14253.206866
 20
27611.213423
 42
0.024641
  0
VERTEX
  8
0
 10
14274.709297
 20
27638.816978
 42
0.030375
  0
VERTEX
  8
0
 10
14300.370223
 20
27680.503982
 42
0.031870
  0
VERTEX
  8
0
 10
14320.334636
 20
27724.343596
 42
0.031594
  0
VERTEX
  8
0
 10
14334.704418
 20
27770.723911
 42
0.028800
  0
VERTEX
  8
0
 10
14343.655581
 20
27820.000000
 42
0.021782
  0
VERTEX
  8
0
 10
14344.967823
 20
27836.671150
 42
0.007274
  0
VERTEX
  8
0
 10
14345.468054
 20
27861.134424
 42
0.007244
  0
VERTEX
  8
0
 10
14345.258264
 20
27885.556602
 42
0.022442
  0
VERTEX
  8
0
 10
14344.139164
 20
27902.000000
 42
0.034182
  0
VERTEX
  8
0
 10
14333.696328
 20
27959.010221
 42
0.036453
  0
VERTEX
  8
0
 10
14315.724862
 20
28012.812009
 42
0.036655
  0
VERTEX
  8
0
 10
14290.239321
 20
28063.166963
 42
0.035360
  0
VERTEX
  8
0
 10
14257.399977
 20
28109.903739
 42
0.019870
  0
VERTEX
  8
0
 10
14246.360586
 20
28122.416438
 42
0.007610
  0
VERTEX
  8
0
 10
14230.068906
 20
28138.954989
 42
0.007646
  0
VERTEX
  8
0
 10
14213.205701
 20
28155.060029
 42
0.018786
  0
VERTEX
  8
0
 10
14200.207209
 20
28166.222353
 42
0.033269
  0
VERTEX
  8
0
 10
14156.106514
 20
28196.748482
 42
0.034997
  0
VERTEX
  8
0
 10
14109.066627
 20
28220.583335
 42
0.034652
  0
VERTEX
  8
0
 10
14058.726063
 20
28237.812028
 42
0.031345
  0
VERTEX
  8
0
 10
14004.775205
 20
28248.624992
 42
0.025102
  0
VERTEX
  8
0
 10
13992.721716
 20
28249.651274
 42
0.002921
  0
VERTEX
  8
0
 10
13965.658915
 20
28250.433707
 42
0.002570
  0
VERTEX
  8
0
 10
13938.367074
 20
28250.922888
 42
0.031797
  0
SEQEND
  0
POLYLINE
  8
0
 66
1
 70
1
  0
VERTEX
  8
0
 10
13984.315289
 20
28065.503267
 42
-0.102401
  0
VERTEX
  8
0
 10
14061.930199
 20
28038.532976
 42
-0.101500
  0
VERTEX
  8
0
 10
14122.747203
 20
27982.908582
 42
-0.101408
  0
VERTEX
  8
0
 10
14156.793754
 20
27907.787541
 42
-0.102024
  0
VERTEX
  8
0
 10
14158.444815
 20
27825.500000
 42
-0.058601
  0
VERTEX
  8
0
 10
14144.449172
 20
27780.311951
 42
-0.058182
  0
VERTEX
  8
0
 10
14120.327373
 20
27739.485191
 42
-0.058094
  0
VERTEX
  8
0
 10
14087.409462
 20
27705.260777
 42
-0.058085
  0
VERTEX
  8
0
 10
14047.500000
 20
27679.524489
 42
-0.022421
  0
VERTEX
  8
0
 10
14028.596596
 20
27671.266117
 42
-0.026846
  0
VERTEX
  8
0
 10
14010.119683
 20
27665.278752
 42
-0.026805
  0
VERTEX
  8
0
 10
13991.083263
 20
27661.299002
 42
-0.022230
  0
VERTEX
  8
0
 10
13970.500000
 20
27659.066479
 42
-0.058431
  0
VERTEX
  8
0
 10
13922.503963
 20
27661.619442
 42
-0.059363
  0
VERTEX
  8
0
 10
13876.671200
 20
27675.219489
 42
-0.059232
  0
VERTEX
  8
0
 10
13835.229445
 20
27699.243733
 42
-0.057707
  0
VERTEX
  8
0
 10
13800.167822
 20
27732.500000
 42
-0.032001
  0
VERTEX
  8
0
 10
13785.747519
 20
27752.172170
 42
-0.029463
  0
VERTEX
  8
0
 10
13773.513964
 20
27774.060196
 42
-0.029477
  0
VERTEX
  8
0
 10
13763.943503
 20
27797.223215
 42
-0.032113
  0
VERTEX
  8
0
 10
13757.478507
 20
27820.704031
 42
-0.046988
  0
VERTEX
  8
0
 10
13753.149772
 20
27859.696018
 42
-0.047875
  0
VERTEX
  8
0
 10
13756.227268
 20
27898.560097
 42
-0.047922
  0
VERTEX
  8
0
 10
13766.634358
 20
27936.095077
 42
-0.047264
  0
VERTEX
  8
0
 10
13784.031545
 20
27971.147614
 42
-0.032881
  0
VERTEX
  8
0
 10
13797.742954
 20
27990.317489
 42
-0.027286
  0
VERTEX
  8
0
 10
13814.681195
 20
28008.823711
 42
-0.027302
  0
VERTEX
  8
0
 10
13833.520691
 20
28025.362522
 42
-0.033058
  0
VERTEX
  8
0
 10
13852.930472
 20
28038.635070
 42
-0.025611
  0
VERTEX
  8
0
 10
13870.928414
 20
28048.061618
 42
-0.023994
  0
VERTEX
  8
0
 10
13890.186477
 20
28055.826923
 42
-0.024011
  0
VERTEX
  8
0
 10
13910.085268
 20
28061.706311
 42
-0.025746
  0
VERTEX
  8
0
 10
13930.000000
 20
28065.490833
 42
-0.023501
  0
VERTEX
  8
0
 10
13941.612878
 20
28066.530888
 42
-0.010525
  0
VERTEX
  8
0
 10
13956.945085
 20
28066.857186
 42
-0.010549
  0
VERTEX
  8
0
 10
13972.365559
 20
28066.535349
 42
-0.022099
  0
SEQEND
  0
POLYLINE
  8
0
 66
1
 70
1
  0
VERTEX
  8
0
 10
18008.000000
 20
28249.453622
 42
0.029491
  0
VERTEX
  8
0
 10
17962.439302
 20
28241.948140
 42
0.029451
  0
VERTEX
  8
0
 10
17918.056782
 20
28229.131971
 42
0.029428
  0
VERTEX
  8
0
 10
17875.455283
 20
28211.178421
 42
0.029342
  0
VERTEX
  8
0
 10
17835.213041
 20
28188.331859
 42
0.028976
  0
VERTEX
  8
0
 10
17801.086131
 20
28163.294642
 42
0.026796
  0
VERTEX
  8
0
 10
17769.132554
 20
28133.855160
 42
0.026812
  0
VERTEX
  8
0
 10
17740.530919
 20
28101.187714
 42
0.029112
  0
VERTEX
  8
0
 10
17716.425335
 20
28066.500000
 42
0.027045
  0
VERTEX
  8
0
 10
17696.080800
 20
28028.815849
 42
0.027786
  0
VERTEX
  8
0
 10
17680.126314
 20
27989.488705
 42
0.027343
  0
VERTEX
  8
0
 10
17668.423349
 20
27948.037616
 42
0.024480
  0
VERTEX
  8
0
 10
17660.793778
 20
27904.000000
 42
0.025722
  0
VERTEX
  8
0
 10
17659.755375
 20
27889.433554
 42
0.004955
  0
VERTEX
  8
0
 10
17659.495447
 20
27862.979089
 42
0.004947
  0
VERTEX
  8
0
 10
17659.759408
 20
27836.526410
 42
0.025850
  0
VERTEX
  8
0
 10
17660.800699
 20
27822.000000
 42
0.008700
  0
VERTEX
  8
0
 10
17663.507081
 20
27802.884748
 42
0.010749
  0
VERTEX
  8
0
 10
17666.719587
 20
27785.184883
 42
0.011269
  0
VERTEX
  8
0
 10
17670.538365
 20
27768.390301
 42
0.011710
  0
VERTEX
  8
0
 10
17675.066359
 20
27752.000000
 42
0.036986
  0
VERTEX
  8
0
 10
17696.308205
 20
27696.725379
 42
0.037998
  0
VERTEX
  8
0
 10
17725.303086
 20
27645.706245
 42
0.038065
  0
VERTEX
  8
0
 10
17761.631244
 20
27599.743511
 42
0.037398
  0
VERTEX
  8
0
 10
17804.708767
 20
27559.524675
 42
0.032913
  0
VERTEX
  8
0
 10
17845.292928
 20
27531.127678
 42
0.031900
  0
VERTEX
  8
0
 10
17889.668111
 20
27507.971924
 42
0.031860
  0
VERTEX
  8
0
 10
17936.684371
 20
27490.624401
 42
0.032638
  0
VERTEX
  8
0
 10
17985.148355
 20
27479.556688
 42
0.007757
  0
VERTEX
  8
0
 10
18001.846245
 20
27477.139660
 42
0.012853
  0
VERTEX
  8
0
 10
18016.006663
 20
27475.682628
 42
0.012579
  0
VERTEX
  8
0
 10
18030.435045
 20
27474.936417
 42
0.007049
  0
VERTEX
  8
0
 10
18048.000000
 20
27474.718301
 42
0.026638
  0
VERTEX
  8
0
 10
18092.319715
 20
27477.155832
 42
0.029402
  0
VERTEX
  8
0
 10
18134.667724
 20
27484.294138
 42
0.029466
  0
VERTEX
  8
0
 10
18175.804004
 20
27496.332443
 42
0.026989
  0
VERTEX
  8
0
 10
18216.500000
 20
27513.422168
 42
0.018909
  0
VERTEX
  8
0
 10
18244.872760
 20
27528.532256
 42
0.021512
  0
VERTEX
  8
0
 10
18270.792183
 20
27545.152503
 42
0.021546
  0
VERTEX
  8
0
 10
18295.152488
 20
27563.914073
 42
0.019086
  0
VERTEX
  8
0
 10
18318.849688
 20
27585.444998
 42
0.066743
  0
VERTEX
  8
0
 10
18383.050700
 20
27667.860017
 42
0.067611
  0
VERTEX
  8
0
 10
18422.931833
 20
27763.924676
 42
0.067666
  0
VERTEX
  8
0
 10
18435.720984
 20
27867.076224
 42
0.067032
  0
VERTEX
  8
0
 10
18420.588833
 20
27970.245175
 42
0.057427
  0
VERTEX
  8
0
 10
18386.684856
 20
28051.744135
 42
0.056790
  0
VERTEX
  8
0
 10
18335.030006
 20
28123.730981
 42
0.056854
  0
VERTEX
  8
0
 10
18268.565057
 20
28182.182717
 42
0.057809
  0
VERTEX
  8
0
 10
18191.000000
 20
28223.780561
 42
0.017267
  0
VERTEX
  8
0
 10
18163.933335
 20
28233.423313
 42
0.018712
  0
VERTEX
  8
0
 10
18136.976083
 20
28240.892380
 42
0.018614
  0
VERTEX
  8
0
 10
18109.405639
 20
28246.356393
 42
0.016718
  0
VERTEX
  8
0
 10
18080.500000
 20
28249.988335
 42
0.019082
  0
VERTEX
  8
0
 10
18066.228207
 20
28250.751194
 42
0.005654
  0
VERTEX
  8
0
 10
18044.358856
 20
28250.837215
 42
0.005681
  0
VERTEX
  8
0
 10
18022.459977
 20
28250.426831
 42
0.018553
  0
SEQEND
  0
POLYLINE
  8
0
 66
1
 70
1
  0
VERTEX
  8
0
 10
18074.344137
 20
28065.499486
 42
-0.075663
  0
VERTEX
  8
0
 10
18132.291179
 20
28048.749692
 42
-0.073851
  0
VERTEX
  8
0
 10
18183.167794
 20
28015.427254
 42
-0.073906
  0
VERTEX
  8
0
 10
18222.134544
 20
27968.783063
 42
-0.075958
  0
VERTEX
  8
0
 10
18245.405830
 20
27913.245165
 42
-0.043037
  0
VERTEX
  8
0
 10
18251.111466
 20
27877.696838
 42
-0.043873
  0
VERTEX
  8
0
 10
18250.590451
 20
27841.928961
 42
-0.043989
  0
VERTEX
  8
0
 10
18243.845005
 20
27806.888490
 42
-0.043746
  0
VERTEX
  8
0
 10
18231.066037
 20
27773.500000
 42
-0.061230
  0
VERTEX
  8
0
 10
18203.884419
 20
27731.581481
 42
-0.061354
  0
VERTEX
  8
0
 10
18167.376613
 20
27697.525999
 42
-0.061341
  0
VERTEX
  8
0
 10
18123.688449
 20
27673.341710
 42
-0.061157
  0
VERTEX
  8
0
 10
18075.393908
 20
27660.448386
 42
-0.022278
  0
VERTEX
  8
0
 10
18062.455433
 20
27659.226249
 42
-0.012536
  0
VERTEX
  8
0
 10
18046.679392
 20
27658.838721
 42
-0.012543
  0
VERTEX
  8
0
 10
18031.023361
 20
27659.239538
 42
-0.023928
  0
VERTEX
  8
0
 10
18018.500000
 20
27660.477438
 42
-0.033678
  0
VERTEX
  8
0
 10
17991.261422
 20
27666.388718
 42
-0.033385
  0
VERTEX
  8
0
 10
17964.980710
 20
27675.915918
 42
-0.033482
  0
VERTEX
  8
0
 10
17940.274754
 20
27688.824216
 42
-0.034340
  0
VERTEX
  8
0
 10
17917.731971
 20
27704.817843
 42
-0.020585
  0
VERTEX
  8
0
 10
17909.778012
 20
27711.891362
 42
-0.009288
  0
VERTEX
  8
0
 10
17899.916732
 20
27721.776692
 42
-0.009274
  0
VERTEX
  8
0
 10
17890.454331
 20
27731.994010
 42
-0.021206
  0
VERTEX
  8
0
 10
17883.802921
 20
27740.117306
 42
-0.076836
  0
VERTEX
  8
0
 10
17854.694531
 20
27794.646726
 42
-0.075470
  0
VERTEX
  8
0
 10
17843.175062
 20
27855.760854
 42
-0.075605
  0
VERTEX
  8
0
 10
17850.316968
 20
27917.443263
 42
-0.077553
  0
VERTEX
  8
0
 10
17875.474363
 20
27973.628095
 42
-0.053176
  0
VERTEX
  8
0
 10
17903.107076
 20
28007.657006
 42
-0.053444
  0
VERTEX
  8
0
 10
17937.251996
 20
28035.027955
 42
-0.053405
  0
VERTEX
  8
0
 10
17976.446474
 20
28054.555685
 42
-0.052951
  0
VERTEX
  8
0
 10
18019.000000
 20
28065.408440
 42
-0.025050
  0
VERTEX
  8
0
 10
18030.603022
 20
28066.500248
 42
-0.010522
  0
VERTEX
  8
0
 10
18046.283572
 20
28066.856068
 42
-0.010577
  0
VERTEX
  8
0
 10
18062.122055
 20
28066.547060
 42
-0.022425
  0
SEQEND
  0
POLYLINE
  8
0
 66
1
 70
1
  0
VERTEX
  8
0
 10
21289.000000
 20
28250.394590
 42
-0.000713
  0
VERTEX
  8
0
 10
21287.062454
 20
28250.178310
 42
-0.000157
  0
VERTEX
  8
0
 10
21283.737500
 20
28249.813014
 42
-0.000163
  0
VERTEX
  8
0
 10
21279.893753
 20
28249.393215
 42
-0.000157
  0
VERTEX
  8
0
 10
21276.000000
 20
28248.970479
 42
0.055148
  0
VERTEX
  8
0
 10
21194.990422
 20
28231.023999
 42
0.053602
  0
VERTEX
  8
0
 10
21119.030859
 20
28195.698871
 42
0.053506
  0
VERTEX
  8
0
 10
21052.194888
 20
28144.962495
 42
0.054549
  0
VERTEX
  8
0
 10
20998.132401
 20
28081.500000
 42
0.029616
  0
VERTEX
  8
0
 10
20973.944567
 20
28040.907773
 42
0.030926
  0
VERTEX
  8
0
 10
20955.109765
 20
27998.312704
 42
0.030510
  0
VERTEX
  8
0
 10
20941.469038
 20
27953.179248
 42
0.027272
  0
VERTEX
  8
0
 10
20932.802773
 20
27905.000000
 42
0.026080
  0
VERTEX
  8
0
 10
20931.753378
 20
27890.305890
 42
0.004760
  0
VERTEX
  8
0
 10
20931.490758
 20
27863.027475
 42
0.004770
  0
VERTEX
  8
0
 10
20931.748115
 20
27835.747363
 42
0.025912
  0
VERTEX
  8
0
 10
20932.793778
 20
27821.000000
 42
0.049186
  0
VERTEX
  8
0
 10
20951.180890
 20
27739.117672
 42
0.053626
  0
VERTEX
  8
0
 10
20984.890841
 20
27664.897652
 42
0.053906
  0
VERTEX
  8
0
 10
21033.429490
 20
27599.866831
 42
0.050633
  0
VERTEX
  8
0
 10
21095.697226
 20
27545.174484
 42
0.048625
  0
VERTEX
  8
0
 10
21157.060899
 20
27509.846900
 42
0.045593
  0
VERTEX
  8
0
 10
21225.415188
 20
27486.122566
 42
0.045459
  0
VERTEX
  8
0
 10
21297.139837
 20
27475.128976
 42
0.047696
  0
VERTEX
  8
0
 10
21368.500000
 20
27477.562181
 42
0.019334
  0
VERTEX
  8
0
 10
21399.254776
 20
27482.780272
 42
0.020135
  0
VERTEX
  8
0
 10
21429.095395
 20
27490.304401
 42
0.020204
  0
VERTEX
  8
0
 10
21458.137134
 20
27500.176140
 42
0.019776
  0
VERTEX
  8
0
 10
21486.500000
 20
27512.423066
 42
0.019985
  0
VERTEX
  8
0
 10
21516.097640
 20
27528.100863
 42
0.022624
  0
VERTEX
  8
0
 10
21543.111079
 20
27545.504486
 42
0.022485
  0
VERTEX
  8
0
 10
21568.584452
 20
27565.377980
 42
0.019275
  0
VERTEX
  8
0
 10
21593.564439
 20
27588.465020
 42
0.017712
  0
VERTEX
  8
0
 10
21615.321651
 20
27611.782592
 42
0.021708
  0
VERTEX
  8
0
 10
21633.869777
 20
27635.100072
 42
0.021795
  0
VERTEX
  8
0
 10
21650.266287
 20
27659.856961
 42
0.018113
  0
VERTEX
  8
0
 10
21665.553771
 20
27687.500000
 42
0.017254
  0
VERTEX
  8
0
 10
21677.596290
 20
27713.453253
 42
0.018854
  0
VERTEX
  8
0
 10
21687.439286
 20
27739.427216
 42
0.018820
  0
VERTEX
  8
0
 10
21695.312139
 20
27766.111702
 42
0.017065
  0
VERTEX
  8
0
 10
21701.448788
 20
27794.195128
 42
0.023852
  0
VERTEX
  8
0
 10
21705.965370
 20
27827.873661
 42
0.021429
  0
VERTEX
  8
0
 10
21707.471124
 20
27863.059459
 42
0.021445
  0
VERTEX
  8
0
 10
21705.959691
 20
27898.215558
 42
0.023995
  0
VERTEX
  8
0
 10
21701.437439
 20
27931.804872
 42
0.074100
  0
VERTEX
  8
0
 10
21663.801220
 20
28041.777306
 42
0.074983
  0
VERTEX
  8
0
 10
21595.844914
 20
28135.501126
 42
0.075137
  0
VERTEX
  8
0
 10
21503.410287
 20
28204.865216
 42
0.074881
  0
VERTEX
  8
0
 10
21394.500000
 20
28243.917158
 42
0.008248
  0
VERTEX
  8
0
 10
21375.932285
 20
28247.263498
 42
0.017250
  0
VERTEX
  8
0
 10
21361.369599
 20
28249.127664
 42
0.015550
  0
VERTEX
  8
0
 10
21345.798376
 20
28250.089993
 42
0.005528
  0
VERTEX
  8
0
 10
21323.500000
 20
28250.526418
 42
0.001275
  0
VERTEX
  8
0
 10
21311.369076
 20
28250.598757
 42
0.001809
  0
VERTEX
  8
0
 10
21300.578125
 20
28250.596557
 42
0.001016
  0
VERTEX
  8
0
 10
21291.464252
 20
28250.543211
 42
0.026182
  0
SEQEND
  0
POLYLINE
  8
0
 66
1
 70
1
  0
VERTEX
  8
0
 10
21346.344137
 20
28065.499486
 42
-0.042044
  0
VERTEX
  8
0
 10
21379.127977
 20
28058.361443
 42
-0.041735
  0
VERTEX
  8
0
 10
21410.340508
 20
28045.827887
 42
-0.041471
  0
VERTEX
  8
0
 10
21439.219163
 20
28028.195118
 42
-0.040402
  0
VERTEX
  8
0
 10
21465.064385
 20
28005.898556
 42
-0.074687
  0
VERTEX
  8
0
 10
21500.459110
 20
27957.263973
 42
-0.074296
  0
VERTEX
  8
0
 10
21520.082409
 20
27900.290719
 42
-0.074171
  0
VERTEX
  8
0
 10
21522.213030
 20
27839.983278
 42
-0.074038
  0
VERTEX
  8
0
 10
21506.657286
 20
27781.639781
 42
-0.064410
  0
VERTEX
  8
0
 10
21480.037135
 20
27736.928158
 42
-0.063754
  0
VERTEX
  8
0
 10
21442.835227
 20
27700.286796
 42
-0.063746
  0
VERTEX
  8
0
 10
21397.597688
 20
27674.195794
 42
-0.064365
  0
VERTEX
  8
0
 10
21347.393908
 20
27660.448386
 42
-0.022278
  0
VERTEX
  8
0
 10
21334.455433
 20
27659.226249
 42
-0.012536
  0
VERTEX
  8
0
 10
21318.679392
 20
27658.838721
 42
-0.012543
  0
VERTEX
  8
0
 10
21303.023361
 20
27659.239538
 42
-0.023928
  0
VERTEX
  8
0
 10
21290.500000
 20
27660.477438
 42
-0.080872
  0
VERTEX
  8
0
 10
21226.443806
 20
27680.838691
 42
-0.082795
  0
VERTEX
  8
0
 10
21172.738446
 20
27720.356768
 42
-0.082685
  0
VERTEX
  8
0
 10
21134.706650
 20
27775.212861
 42
-0.080364
  0
VERTEX
  8
0
 10
21116.025663
 20
27839.973766
 42
-0.022037
  0
VERTEX
  8
0
 10
21115.210170
 20
27850.628844
 42
-0.010565
  0
VERTEX
  8
0
 10
21115.056621
 20
27864.349017
 42
-0.010577
  0
VERTEX
  8
0
 10
21115.488386
 20
27878.232203
 42
-0.019528
  0
VERTEX
  8
0
 10
21116.517589
 20
27889.474390
 42
-0.035517
  0
VERTEX
  8
0
 10
21122.227483
 20
27917.448153
 42
-0.034501
  0
VERTEX
  8
0
 10
21131.877831
 20
27944.614368
 42
-0.034670
  0
VERTEX
  8
0
 10
21145.116118
 20
27970.066640
 42
-0.036726
  0
VERTEX
  8
0
 10
21161.520709
 20
27992.931570
 42
-0.043862
  0
VERTEX
  8
0
 10
21188.110331
 20
28019.625885
 42
-0.045934
  0
VERTEX
  8
0
 10
21218.562706
 20
28040.814181
 42
-0.046102
  0
VERTEX
  8
0
 10
21252.264839
 20
28056.024544
 42
-0.044829
  0
VERTEX
  8
0
 10
21288.500000
 20
28064.976906
 42
-0.023198
  0
VERTEX
  8
0
 10
21301.372498
 20
28066.349474
 42
-0.012702
  0
VERTEX
  8
0
 10
21317.231756
 20
28066.895825
 42
-0.012692
  0
VERTEX
  8
0
 10
21333.177866
 20
28066.635098
 42
-0.022157
  0
SEQEND
  0
POLYLINE
  8
0
 66
1
 70
1
  0
VERTEX
  8
0
 10
4942.000000
 20
26506.335840
 42
0.023662
  0
VERTEX
  8
0
 10
4901.551759
 20
26502.246641
 42
0.025741
  0
VERTEX
  8
0
 10
4862.809539
 20
26494.411704
 42
0.025897
  0
VERTEX
  8
0
 10
4825.289980
 20
26482.690582
 42
0.024567
  0
VERTEX
  8
0
 10
4788.500000
 20
26466.975294
 42
0.063896
  0
VERTEX
  8
0
 10
4706.419329
 20
26413.146523
 42
0.063684
  0
VERTEX
  8
0
 10
4640.483320
 20
26340.284252
 42
0.063543
  0
VERTEX
  8
0
 10
4594.891881
 20
26253.015571
 42
0.063113
  0
VERTEX
  8
0
 10
4572.542377
 20
26156.893605
 42
0.016439
  0
VERTEX
  8
0
 10
4571.436337
 20
26141.009109
 42
0.007346
  0
VERTEX
  8
0
 10
4570.976315
 20
26120.056090
 42
0.007336
  0
VERTEX
  8
0
 10
4571.131314
 20
26099.144594
 42
0.016851
  0
VERTEX
  8
0
 10
4572.008976
 20
26083.427754
 42
0.080584
  0
VERTEX
  8
0
 10
4602.939861
 20
25962.445912
 42
0.081121
  0
VERTEX
  8
0
 10
4670.488550
 20
25857.755924
 42
0.080856
  0
VERTEX
  8
0
 10
4768.057351
 20
25779.733919
 42
0.079316
  0
VERTEX
  8
0
 10
4885.971439
 20
25736.039839
 42
0.011844
  0
VERTEX
  8
0
 10
4903.531721
 20
25732.973366
 42
0.015137
  0
VERTEX
  8
0
 10
4919.838474
 20
25731.024918
 42
0.013898
  0
VERTEX
  8
0
 10
4937.298841
 20
25729.961008
 42
0.007857
  0
VERTEX
  8
0
 10
4958.500000
 20
25729.593140
 42
0.006804
  0
VERTEX
  8
0
 10
4979.636019
 20
25729.846200
 42
0.014597
  0
VERTEX
  8
0
 10
4995.913638
 20
25730.738671
 42
0.015588
  0
VERTEX
  8
0
 10
5011.431103
 20
25732.533270
 42
0.008967
  0
VERTEX
  8
0
 10
5030.000000
 20
25735.610852
 42
0.061790
  0
VERTEX
  8
0
 10
5121.243220
 20
25764.396722
 42
0.061978
  0
VERTEX
  8
0
 10
5202.584725
 20
25814.583960
 42
0.061847
  0
VERTEX
  8
0
 10
5269.289254
 20
25883.286729
 42
0.061061
  0
VERTEX
  8
0
 10
5317.503092
 20
25966.500000
 42
0.013959
  0
VERTEX
  8
0
 10
5322.445754
 20
25979.047609
 42
0.006817
  0
VERTEX
  8
0
 10
5328.080076
 20
25995.300676
 42
0.006821
  0
VERTEX
  8
0
 10
5333.288445
 20
26011.762613
 42
0.013443
  0
VERTEX
  8
0
 10
5336.893608
 20
26025.000000
 42
0.009695
  0
VERTEX
  8
0
 10
5339.543497
 20
26036.870936
 42
0.006154
  0
VERTEX
  8
0
 10
5342.190734
 20
26050.791228
 42
0.006121
  0
VERTEX
  8
0
 10
5344.521881
 20
26064.932427
 42
0.008821
  0
VERTEX
  8
0
 10
5346.209627
 20
26077.500000
 42
0.023863
  0
VERTEX
  8
0
 10
5347.224251
 20
26092.368278
 42
0.005189
  0
VERTEX
  8
0
 10
5347.482453
 20
26118.083952
 42
0.005160
  0
VERTEX
  8
0
 10
5347.208531
 20
26143.787880
 42
0.024335
  0
VERTEX
  8
0
 10
5346.182364
 20
26158.500000
 42
0.020045
  0
VERTEX
  8
0
 10
5340.405362
 20
26194.669675
 42
0.022642
  0
VERTEX
  8
0
 10
5331.918205
 20
26228.797678
 42
0.023008
  0
VERTEX
  8
0
 10
5320.524041
 20
26261.525519
 42
0.022141
  0
VERTEX
  8
0
 10
5306.041068
 20
26293.500000
 42
0.046065
  0
VERTEX
  8
0
 10
5267.493500
 20
26354.759691
 42
0.046655
  0
VERTEX
  8
0
 10
5218.528421
 20
26407.641947
 42
0.046724
  0
VERTEX
  8
0
 10
5160.680834
 20
26450.462476
 42
0.046482
  0
VERTEX
  8
0
 10
5095.790858
 20
26481.883304
 42
0.025769
  0
VERTEX
  8
0
 10
5058.329653
 20
26493.739448
 42
0.024333
  0
VERTEX
  8
0
 10
5019.126461
 20
26501.945199
 42
0.024617
  0
VERTEX
  8
0
 10
4979.806763
 20
26506.226382
 42
0.028175
  0
SEQEND
  0
POLYLINE
  8
0
 66
1
 70
1
  0
VERTEX
  8
0
 10
4982.500000
 20
26320.956157
 42
-0.042072
  0
VERTEX
  8
0
 10
5015.972934
 20
26314.248842
 42
-0.042037
  0
VERTEX
  8
0
 10
5047.860592
 20
26302.031742
 42
-0.041958
  0
VERTEX
  8
0
 10
5077.310207
 20
26284.627276
 42
-0.041580
  0
VERTEX
  8
0
 10
5103.537092
 20
26262.503156
 42
-0.099842
  0
VERTEX
  8
0
 10
5148.475628
 20
26195.082196
 42
-0.100307
  0
VERTEX
  8
0
 10
5163.669408
 20
26115.626366
 42
-0.100254
  0
VERTEX
  8
0
 10
5146.732295
 20
26036.490162
 42
-0.099628
  0
VERTEX
  8
0
 10
5100.318310
 20
25969.980725
 42
-0.038013
  0
VERTEX
  8
0
 10
5075.906814
 20
25949.959051
 42
-0.039313
  0
VERTEX
  8
0
 10
5049.008696
 20
25934.114057
 42
-0.039063
  0
VERTEX
  8
0
 10
5019.797789
 20
25922.593086
 42
-0.036566
  0
VERTEX
  8
0
 10
4988.500000
 20
25915.446626
 42
-0.025362
  0
VERTEX
  8
0
 10
4975.787757
 20
25914.162475
 42
-0.012447
  0
VERTEX
  8
0
 10
4959.520968
 20
25913.754603
 42
-0.012448
  0
VERTEX
  8
0
 10
4943.245163
 20
25914.157018
 42
-0.025222
  0
VERTEX
  8
0
 10
4930.500000
 20
25915.436435
 42
-0.017278
  0
VERTEX
  8
0
 10
4914.266981
 20
25918.474876
 42
-0.020648
  0
VERTEX
  8
0
 10
4899.233135
 20
25922.488331
 42
-0.020649
  0
VERTEX
  8
0
 10
4884.582259
 20
25927.727984
 42
-0.017283
  0
VERTEX
  8
0
 10
4869.500000
 20
25934.450906
 42
-0.069918
  0
VERTEX
  8
0
 10
4822.488422
 20
25966.165686
 42
-0.069796
  0
VERTEX
  8
0
 10
4786.006049
 20
26009.625706
 42
-0.069836
  0
VERTEX
  8
0
 10
4762.904864
 20
26061.421897
 42
-0.070134
  0
VERTEX
  8
0
 10
4755.000000
 20
26117.500000
 42
-0.054449
  0
VERTEX
  8
0
 10
4759.851831
 20
26161.922226
 42
-0.054620
  0
VERTEX
  8
0
 10
4774.177839
 20
26204.200030
 42
-0.054687
  0
VERTEX
  8
0
 10
4797.297970
 20
26242.327302
 42
-0.054841
  0
VERTEX
  8
0
 10
4828.114653
 20
26274.495461
 42
-0.034391
  0
VERTEX
  8
0
 10
4850.776617
 20
26290.967475
 42
-0.034485
  0
VERTEX
  8
0
 10
4875.462541
 20
26304.160878
 42
-0.034342
  0
VERTEX
  8
0
 10
4901.828680
 20
26313.881796
 42
-0.033485
  0
VERTEX
  8
0
 10
4929.500000
 20
26320.000662
 42
-0.021870
  0
VERTEX
  8
0
 10
4941.213528
 20
26321.258192
 42
-0.011298
  0
VERTEX
  8
0
 10
4955.937024
 20
26321.856598
 42
-0.011298
  0
VERTEX
  8
0
 10
4970.689301
 20
26321.789194
 42
-0.021629
  0
SEQEND
  0
POLYLINE
  8
0
 66
1
 70
1
  0
VERTEX
  8
0
 10
12297.090637
 20
26505.917978
 42
0.057203
  0
VERTEX
  8
0
 10
12210.231005
 20
26490.313019
 42
0.056651
  0
VERTEX
  8
0
 10
12128.862183
 20
26455.408714
 42
0.056724
  0
VERTEX
  8
0
 10
12057.494032
 20
26403.183802
 42
0.057637
  0
VERTEX
  8
0
 10
12000.118617
 20
26336.511781
 42
0.029240
  0
VERTEX
  8
0
 10
11975.904241
 20
26295.838452
 42
0.031059
  0
VERTEX
  8
0
 10
11957.139856
 20
26253.412955
 42
0.030597
  0
VERTEX
  8
0
 10
11943.553636
 20
26208.402971
 42
0.026737
  0
VERTEX
  8
0
 10
11934.819956
 20
26160.000000
 42
0.026391
  0
VERTEX
  8
0
 10
11933.758234
 20
26145.337585
 42
0.004801
  0
VERTEX
  8
0
 10
11933.487996
 20
26118.079605
 42
0.004831
  0
VERTEX
  8
0
 10
11933.742927
 20
26090.816500
 42
0.025902
  0
VERTEX
  8
0
 10
11934.793778
 20
26076.000000
 42
0.040263
  0
VERTEX
  8
0
 10
11948.828618
 20
26007.843048
 42
0.043783
  0
VERTEX
  8
0
 10
11973.362441
 20
25944.789827
 42
0.044286
  0
VERTEX
  8
0
 10
12008.198367
 20
25887.598855
 42
0.043082
  0
VERTEX
  8
0
 10
12052.851750
 20
25836.862994
 42
0.040285
  0
VERTEX
  8
0
 10
12101.828138
 20
25797.059590
 42
0.041372
  0
VERTEX
  8
0
 10
12156.134436
 20
25766.022295
 42
0.040927
  0
VERTEX
  8
0
 10
12215.369287
 20
25744.083107
 42
0.037749
  0
VERTEX
  8
0
 10
12279.009984
 20
25731.352089
 42
0.021528
  0
VERTEX
  8
0
 10
12295.564745
 20
25730.042772
 42
0.007350
  0
VERTEX
  8
0
 10
12319.658697
 20
25729.532511
 42
0.007317
  0
VERTEX
  8
0
 10
12343.704487
 20
25729.728705
 42
0.022279
  0
VERTEX
  8
0
 10
12360.000000
 20
25730.827741
 42
0.052314
  0
VERTEX
  8
0
 10
12445.772088
 20
25749.686362
 42
0.056060
  0
VERTEX
  8
0
 10
12523.655077
 20
25785.684614
 42
0.056390
  0
VERTEX
  8
0
 10
12591.213472
 20
25837.860194
 42
0.054055
  0
VERTEX
  8
0
 10
12646.495270
 20
25904.500000
 42
0.029177
  0
VERTEX
  8
0
 10
12668.582558
 20
25942.530544
 42
0.029135
  0
VERTEX
  8
0
 10
12686.104337
 20
25982.891684
 42
0.028594
  0
VERTEX
  8
0
 10
12699.086148
 20
26025.745022
 42
0.025920
  0
VERTEX
  8
0
 10
12707.604176
 20
26071.224795
 42
0.022089
  0
VERTEX
  8
0
 10
12708.958125
 20
26086.372119
 42
0.006608
  0
VERTEX
  8
0
 10
12709.694456
 20
26109.548120
 42
0.006746
  0
VERTEX
  8
0
 10
12709.812620
 20
26132.938411
 42
0.019153
  0
VERTEX
  8
0
 10
12709.050779
 20
26149.225664
 42
0.043109
  0
VERTEX
  8
0
 10
12697.312170
 20
26217.118642
 42
0.044214
  0
VERTEX
  8
0
 10
12674.159832
 20
26281.393351
 42
0.044292
  0
VERTEX
  8
0
 10
12640.113394
 20
26340.494590
 42
0.043575
  0
VERTEX
  8
0
 10
12596.023764
 20
26393.024940
 42
0.053235
  0
VERTEX
  8
0
 10
12532.128877
 20
26444.596234
 42
0.052951
  0
VERTEX
  8
0
 10
12458.674528
 20
26481.622356
 42
0.052959
  0
VERTEX
  8
0
 10
12379.092813
 20
26502.390681
 42
0.053284
  0
SEQEND
  0
POLYLINE
  8
0
 66
1
 70
1
  0
VERTEX
  8
0
 10
12344.789414
 20
26320.933139
 42
-0.069464
  0
VERTEX
  8
0
 10
12398.018657
 20
26307.447345
 42
-0.067629
  0
VERTEX
  8
0
 10
12446.053383
 20
26279.823871
 42
-0.067441
  0
VERTEX
  8
0
 10
12485.086323
 20
26240.302230
 42
-0.068409
  0
VERTEX
  8
0
 10
12511.971193
 20
26192.000000
 42
-0.066807
  0
VERTEX
  8
0
 10
12524.737810
 20
26139.346206
 42
-0.066360
  0
VERTEX
  8
0
 10
12523.213782
 20
26085.065069
 42
-0.066485
  0
VERTEX
  8
0
 10
12507.536617
 20
26033.168958
 42
-0.067503
  0
VERTEX
  8
0
 10
12478.844129
 20
25987.500000
 42
-0.044503
  0
VERTEX
  8
0
 10
12452.137747
 20
25960.756168
 42
-0.046412
  0
VERTEX
  8
0
 10
12421.473689
 20
25939.579391
 42
-0.046336
  0
VERTEX
  8
0
 10
12387.381312
 20
25924.394343
 42
-0.044072
  0
VERTEX
  8
0
 10
12350.500000
 20
25915.433825
 42
-0.025190
  0
VERTEX
  8
0
 10
12337.751911
 20
25914.156257
 42
-0.012434
  0
VERTEX
  8
0
 10
12321.473648
 20
25913.754969
 42
-0.012433
  0
VERTEX
  8
0
 10
12305.206714
 20
25914.163112
 42
-0.025365
  0
VERTEX
  8
0
 10
12292.500000
 20
25915.446626
 42
-0.071537
  0
VERTEX
  8
0
 10
12234.577815
 20
25932.997831
 42
-0.073951
  0
VERTEX
  8
0
 10
12184.673741
 20
25966.028429
 42
-0.074232
  0
VERTEX
  8
0
 10
12146.688565
 20
26012.025364
 42
-0.072929
  0
VERTEX
  8
0
 10
12123.511970
 20
26067.383270
 42
-0.098969
  0
VERTEX
  8
0
 10
12119.237054
 20
26147.063572
 42
-0.098839
  0
VERTEX
  8
0
 10
12145.915040
 20
26222.305039
 42
-0.098649
  0
VERTEX
  8
0
 10
12199.495778
 20
26281.645436
 42
-0.098179
  0
VERTEX
  8
0
 10
12271.814849
 20
26316.043072
 42
-0.008249
  0
VERTEX
  8
0
 10
12277.052603
 20
26317.279080
 42
-0.005335
  0
VERTEX
  8
0
 10
12283.151862
 20
26318.544530
 42
-0.005363
  0
VERTEX
  8
0
 10
12289.140044
 20
26319.653857
 42
-0.010098
  0
VERTEX
  8
0
 10
12294.000000
 20
26320.399573
 42
-0.020449
  0
VERTEX
  8
0
 10
12305.092279
 20
26321.413613
 42
-0.009942
  0
VERTEX
  8
0
 10
12319.316394
 20
26321.846003
 42
-0.009946
  0
VERTEX
  8
0
 10
12333.574706
 20
26321.712159
 42
-0.020040
  0
SEQEND
  0
POLYLINE
  8
0
 66
1
 70
1
  0
VERTEX
  8
0
 10
19658.500000
 20
26505.882882
 42
0.079468
  0
VERTEX
  8
0
 10
19539.720787
 20
26479.056842
 42
0.078894
  0
VERTEX
  8
0
 10
19434.905391
 20
26416.485627
 42
0.078750
  0
VERTEX
  8
0
 10
19354.476235
 20
26324.407363
 42
0.078748
  0
VERTEX
  8
0
 10
19306.458106
 20
26211.971666
 42
0.013964
  0
VERTEX
  8
0
 10
19301.245254
 20
26188.498064
 42
0.018658
  0
VERTEX
  8
0
 10
19297.913100
 20
26166.931003
 42
0.017824
  0
VERTEX
  8
0
 10
19296.100681
 20
26144.418643
 42
0.011173
  0
VERTEX
  8
0
 10
19295.510257
 20
26118.000000
 42
0.009339
  0
VERTEX
  8
0
 10
19295.972210
 20
26093.270577
 42
0.016623
  0
VERTEX
  8
0
 10
19297.408427
 20
26072.961212
 42
0.017483
  0
VERTEX
  8
0
 10
19300.126607
 20
26053.504389
 42
0.011762
  0
VERTEX
  8
0
 10
19304.525066
 20
26031.500000
 42
0.021592
  0
VERTEX
  8
0
 10
19311.906625
 20
26004.191007
 42
0.017086
  0
VERTEX
  8
0
 10
19322.147270
 20
25975.363463
 42
0.017082
  0
VERTEX
  8
0
 10
19334.335711
 20
25947.294325
 42
0.021545
  0
VERTEX
  8
0
 10
19347.584402
 20
25922.269421
 42
0.049527
  0
VERTEX
  8
0
 10
19393.275771
 20
25859.465833
 42
0.049731
  0
VERTEX
  8
0
 10
19450.368237
 20
25806.969920
 42
0.049787
  0
VERTEX
  8
0
 10
19516.637909
 20
25766.829771
 42
0.049866
  0
VERTEX
  8
0
 10
19589.500000
 20
25740.606764
 42
0.014776
  0
VERTEX
  8
0
 10
19612.815052
 20
25735.484379
 42
0.017636
  0
VERTEX
  8
0
 10
19635.058833
 20
25732.089618
 42
0.017022
  0
VERTEX
  8
0
 10
19658.137698
 20
25730.189706
 42
0.012229
  0
VERTEX
  8
0
 10
19684.000000
 20
25729.578204
 42
0.011145
  0
VERTEX
  8
0
 10
19710.196738
 20
25730.183587
 42
0.018047
  0
VERTEX
  8
0
 10
19732.404534
 20
25731.997203
 42
0.018745
  0
VERTEX
  8
0
 10
19753.811258
 20
25735.343434
 42
0.013360
  0
VERTEX
  8
0
 10
19777.500000
 20
25740.622469
 42
0.063203
  0
VERTEX
  8
0
 10
19870.000673
 20
25776.737014
 42
0.064147
  0
VERTEX
  8
0
 10
19950.036115
 20
25834.674048
 42
0.064178
  0
VERTEX
  8
0
 10
20012.743280
 20
25910.975169
 42
0.063372
  0
VERTEX
  8
0
 10
20054.375349
 20
26001.000000
 42
0.021380
  0
VERTEX
  8
0
 10
20063.210319
 20
26033.706634
 42
0.022911
  0
VERTEX
  8
0
 10
20068.982900
 20
26066.305121
 42
0.022512
  0
VERTEX
  8
0
 10
20071.818872
 20
26099.813170
 42
0.019245
  0
VERTEX
  8
0
 10
20071.851920
 20
26135.250000
 42
0.047703
  0
VERTEX
  8
0
 10
20062.416949
 20
26205.832508
 42
0.046697
  0
VERTEX
  8
0
 10
20039.750590
 20
26273.878309
 42
0.046430
  0
VERTEX
  8
0
 10
20004.695851
 20
26336.892876
 42
0.046031
  0
VERTEX
  8
0
 10
19958.526101
 20
26392.554568
 42
0.044848
  0
VERTEX
  8
0
 10
19904.132264
 20
26438.064582
 42
0.046435
  0
VERTEX
  8
0
 10
19843.100791
 20
26472.545784
 42
0.046216
  0
VERTEX
  8
0
 10
19776.480598
 20
26495.297593
 42
0.043612
  0
VERTEX
  8
0
 10
19705.500000
 20
26505.993349
 42
0.006105
  0
VERTEX
  8
0
 10
19692.979619
 20
26506.622173
 42
0.010081
  0
VERTEX
  8
0
 10
19682.391702
 20
26506.810774
 42
0.009832
  0
VERTEX
  8
0
 10
19671.620639
 20
26506.573632
 42
0.005461
  0
SEQEND
  0
POLYLINE
  8
0
 66
1
 70
1
  0
VERTEX
  8
0
 10
19710.344137
 20
26320.499486
 42
-0.090477
  0
VERTEX
  8
0
 10
19779.852770
 20
26298.171952
 42
-0.090116
  0
VERTEX
  8
0
 10
19837.109104
 20
26252.715298
 42
-0.090015
  0
VERTEX
  8
0
 10
19874.760547
 20
26189.972148
 42
-0.090017
  0
VERTEX
  8
0
 10
19887.960603
 20
26118.000000
 42
-0.043895
  0
VERTEX
  8
0
 10
19884.947321
 20
26083.005337
 42
-0.042471
  0
VERTEX
  8
0
 10
19875.867934
 20
26048.670741
 42
-0.042670
  0
VERTEX
  8
0
 10
19861.172064
 20
26016.516922
 42
-0.045270
  0
VERTEX
  8
0
 10
19841.475023
 20
25988.000000
 42
-0.017584
  0
VERTEX
  8
0
 10
19834.590953
 20
25980.309298
 42
-0.008227
  0
VERTEX
  8
0
 10
19825.174207
 20
25970.823176
 42
-0.008102
  0
VERTEX
  8
0
 10
19815.632801
 20
25961.819483
 42
-0.021992
  0
VERTEX
  8
0
 10
19808.500000
 20
25955.857421
 42
-0.032256
  0
VERTEX
  8
0
 10
19786.723779
 20
25941.347439
 42
-0.031220
  0
VERTEX
  8
0
 10
19763.028938
 20
25929.582653
 42
-0.031193
  0
VERTEX
  8
0
 10
19738.032299
 20
25920.850878
 42
-0.032063
  0
VERTEX
  8
0
 10
19712.371163
 20
25915.392227
 42
-0.023983
  0
VERTEX
  8
0
 10
19699.505552
 20
25914.133384
 42
-0.012737
  0
VERTEX
  8
0
 10
19683.495488
 20
25913.747392
 42
-0.012736
  0
VERTEX
  8
0
 10
19667.458802
 20
25914.177927
 42
-0.023592
  0
VERTEX
  8
0
 10
19654.500000
 20
25915.471445
 42
-0.068746
  0
VERTEX
  8
0
 10
19600.087839
 20
25931.350290
 42
-0.069512
  0
VERTEX
  8
0
 10
19552.244299
 20
25961.346871
 42
-0.069589
  0
VERTEX
  8
0
 10
19514.495696
 20
26003.272037
 42
-0.069153
  0
VERTEX
  8
0
 10
19489.600504
 20
26054.031155
 42
-0.045748
  0
VERTEX
  8
0
 10
19481.127091
 20
26090.805045
 42
-0.046295
  0
VERTEX
  8
0
 10
19479.529658
 20
26128.358328
 42
-0.046369
  0
VERTEX
  8
0
 10
19484.866530
 20
26165.507742
 42
-0.046204
  0
VERTEX
  8
0
 10
19496.960874
 20
26201.083982
 42
-0.050148
  0
VERTEX
  8
0
 10
19517.045115
 20
26236.141154
 42
-0.049151
  0
VERTEX
  8
0
 10
19543.826424
 20
26266.756951
 42
-0.049133
  0
VERTEX
  8
0
 10
19576.079133
 20
26291.566719
 42
-0.050029
  0
VERTEX
  8
0
 10
19612.363732
 20
26309.432615
 42
-0.016154
  0
VERTEX
  8
0
 10
19622.473488
 20
26312.841944
 42
-0.011802
  0
VERTEX
  8
0
 10
19633.897516
 20
26315.995597
 42
-0.011799
  0
VERTEX
  8
0
 10
19645.462589
 20
26318.607852
 42
-0.016100
  0
VERTEX
  8
0
 10
19656.000000
 20
26320.377137
 42
-0.021705
  0
VERTEX
  8
0
 10
19668.070460
 20
26321.475577
 42
-0.011275
  0
VERTEX
  8
0
 10
19683.196977
 20
26321.850790
 42
-0.011274
  0
VERTEX
  8
0
 10
19698.312692
 20
26321.543956
 42
-0.021879
  0
SEQEND
  0
POLYLINE
  8
0
 66
1
 70
1
  0
VERTEX
  8
0
 10
6436.500000
 20
25359.956479
 42
0.032017
  0
VERTEX
  8
0
 10
6387.329973
 20
25351.896161
 42
0.031036
  0
VERTEX
  8
0
 10
6339.064033
 20
25337.569322
 42
0.031172
  0
VERTEX
  8
0
 10
6293.150131
 20
25317.453951
 42
0.033003
  0
VERTEX
  8
0
 10
6251.000000
 20
25292.117552
 42
0.022953
  0
VERTEX
  8
0
 10
6226.431819
 20
25273.320036
 42
0.018089
  0
VERTEX
  8
0
 10
6201.585005
 20
25250.851464
 42
0.018143
  0
VERTEX
  8
0
 10
6178.523859
 20
25226.741330
 42
0.023672
  0
VERTEX
  8
0
 10
6159.342896
 20
25203.000000
 42
0.028795
  0
VERTEX
  8
0
 10
6134.880560
 20
25165.222238
 42
0.028724
  0
VERTEX
  8
0
 10
6114.898358
 20
25124.853338
 42
0.028788
  0
VERTEX
  8
0
 10
6099.713449
 20
25082.551360
 42
0.029233
  0
VERTEX
  8
0
 10
6089.579222
 20
25039.000000
 42
0.007071
  0
VERTEX
  8
0
 10
6086.826280
 20
25021.500239
 42
0.016285
  0
VERTEX
  8
0
 10
6085.372672
 20
25008.257075
 42
0.014562
  0
VERTEX
  8
0
 10
6084.697308
 20
24994.090328
 42
0.004654
  0
VERTEX
  8
0
 10
6084.503163
 20
24973.000000
 42
0.004860
  0
VERTEX
  8
0
 10
6084.711559
 20
24951.788031
 42
0.014029
  0
VERTEX
  8
0
 10
6085.410947
 20
24937.106483
 42
0.015937
  0
VERTEX
  8
0
 10
6086.874515
 20
24923.548135
 42
0.007963
  0
VERTEX
  8
0
 10
6089.544044
 20
24906.500000
 42
0.075182
  0
VERTEX
  8
0
 10
6126.339985
 20
24795.958216
 42
0.075406
  0
VERTEX
  8
0
 10
6194.148768
 20
24701.364441
 42
0.075409
  0
VERTEX
  8
0
 10
6286.954682
 20
24631.134975
 42
0.075197
  0
VERTEX
  8
0
 10
6396.500000
 20
24591.500699
 42
0.008621
  0
VERTEX
  8
0
 10
6416.657594
 20
24587.836759
 42
0.017770
  0
VERTEX
  8
0
 10
6432.553030
 20
24585.806751
 42
0.016471
  0
VERTEX
  8
0
 10
6449.294808
 20
24584.825466
 42
0.006402
  0
VERTEX
  8
0
 10
6472.500000
 20
24584.528347
 42
0.010438
  0
VERTEX
  8
0
 10
6499.656118
 20
24585.095338
 42
0.018629
  0
VERTEX
  8
0
 10
6521.924130
 20
24586.858307
 42
0.019525
  0
VERTEX
  8
0
 10
6543.274939
 20
24590.201097
 42
0.012919
  0
VERTEX
  8
0
 10
6567.500000
 20
24595.623031
 42
0.034430
  0
VERTEX
  8
0
 10
6618.360744
 20
24612.187938
 42
0.034798
  0
VERTEX
  8
0
 10
6666.279188
 20
24635.528070
 42
0.034756
  0
VERTEX
  8
0
 10
6710.551382
 20
24665.319098
 42
0.034162
  0
VERTEX
  8
0
 10
6750.542469
 20
24701.114267
 42
0.039997
  0
VERTEX
  8
0
 10
6791.802060
 20
24750.855800
 42
0.042340
  0
VERTEX
  8
0
 10
6823.738996
 20
24805.629407
 42
0.042013
  0
VERTEX
  8
0
 10
6846.186181
 20
24865.397304
 42
0.038220
  0
VERTEX
  8
0
 10
6859.207376
 20
24930.000000
 42
0.026055
  0
VERTEX
  8
0
 10
6860.260515
 20
24944.936077
 42
0.004603
  0
VERTEX
  8
0
 10
6860.515908
 20
24973.033497
 42
0.004492
  0
VERTEX
  8
0
 10
6860.260231
 20
25001.126041
 42
0.027870
  0
VERTEX
  8
0
 10
6859.197364
 20
25015.500000
 42
0.034557
  0
VERTEX
  8
0
 10
6846.675107
 20
25077.714824
 42
0.039984
  0
VERTEX
  8
0
 10
6826.086660
 20
25134.534250
 42
0.040397
  0
VERTEX
  8
0
 10
6796.933218
 20
25186.861203
 42
0.036624
  0
VERTEX
  8
0
 10
6758.869676
 20
25235.676081
 42
0.042689
  0
VERTEX
  8
0
 10
6713.894716
 20
25277.573098
 42
0.039753
  0
VERTEX
  8
0
 10
6661.417061
 20
25312.345497
 42
0.039533
  0
VERTEX
  8
0
 10
6603.790571
 20
25338.544583
 42
0.041106
  0
VERTEX
  8
0
 10
6543.500000
 20
25354.939618
 42
0.008329
  0
VERTEX
  8
0
 10
6526.974680
 20
25357.720031
 42
0.016438
  0
VERTEX
  8
0
 10
6513.757566
 20
25359.275678
 42
0.013999
  0
VERTEX
  8
0
 10
6499.174383
 20
25360.097461
 42
0.004498
  0
VERTEX
  8
0
 10
6477.500000
 20
25360.515832
 42
0.002788
  0
VERTEX
  8
0
 10
6464.588618
 20
25360.576888
 42
0.003199
  0
VERTEX
  8
0
 10
6452.256250
 20
25360.487546
 42
0.002882
  0
VERTEX
  8
0
 10
6441.801324
 20
25360.284628
 42
0.018327
  0
SEQEND
  0
POLYLINE
  8
0
 66
1
 70
1
  0
VERTEX
  8
0
 10
6508.000000
 20
25174.016799
 42
-0.054495
  0
VERTEX
  8
0
 10
6553.169178
 20
25160.441708
 42
-0.057608
  0
VERTEX
  8
0
 10
6593.434400
 20
25137.604966
 42
-0.057881
  0
VERTEX
  8
0
 10
6627.269677
 20
25106.295691
 42
-0.055952
  0
VERTEX
  8
0
 10
6653.472264
 20
25067.725804
 42
-0.027143
  0
VERTEX
  8
0
 10
6663.078104
 20
25046.818007
 42
-0.029504
  0
VERTEX
  8
0
 10
6670.061883
 20
25025.559608
 42
-0.029237
  0
VERTEX
  8
0
 10
6674.542584
 20
25003.451283
 42
-0.025716
  0
VERTEX
  8
0
 10
6676.660861
 20
24980.000000
 42
-0.091003
  0
VERTEX
  8
0
 10
6666.232427
 20
24907.491646
 42
-0.090558
  0
VERTEX
  8
0
 10
6630.733605
 20
24843.272535
 42
-0.090485
  0
VERTEX
  8
0
 10
6574.798991
 20
24795.706097
 42
-0.090673
  0
VERTEX
  8
0
 10
6505.709826
 20
24771.002696
 42
-0.030525
  0
VERTEX
  8
0
 10
6481.304334
 20
24768.516787
 42
-0.029450
  0
VERTEX
  8
0
 10
6456.480898
 20
24768.973763
 42
-0.029478
  0
VERTEX
  8
0
 10
6431.906348
 20
24772.342393
 42
-0.030724
  0
VERTEX
  8
0
 10
6408.244059
 20
24778.550916
 42
-0.021758
  0
VERTEX
  8
0
 10
6397.527246
 20
24782.603534
 42
-0.010800
  0
VERTEX
  8
0
 10
6384.297391
 20
24788.617323
 42
-0.010799
  0
VERTEX
  8
0
 10
6371.343247
 20
24795.194947
 42
-0.021820
  0
VERTEX
  8
0
 10
6361.500000
 20
24801.029496
 42
-0.027382
  0
VERTEX
  8
0
 10
6344.338075
 20
24813.633490
 42
-0.024748
  0
VERTEX
  8
0
 10
6328.039059
 20
24828.447055
 42
-0.024750
  0
VERTEX
  8
0
 10
6313.284888
 20
24844.797329
 42
-0.027399
  0
VERTEX
  8
0
 10
6300.746002
 20
24862.000000
 42
-0.042537
  0
VERTEX
  8
0
 10
6284.829898
 20
24891.836140
 42
-0.041334
  0
VERTEX
  8
0
 10
6274.011838
 20
24924.219665
 42
-0.041392
  0
VERTEX
  8
0
 10
6268.679090
 20
24957.896417
 42
-0.042929
  0
VERTEX
  8
0
 10
6269.066222
 20
24991.576322
 42
-0.067848
  0
VERTEX
  8
0
 10
6282.096729
 20
25046.537757
 42
-0.069242
  0
VERTEX
  8
0
 10
6309.312471
 20
25095.590741
 42
-0.069287
  0
VERTEX
  8
0
 10
6348.868283
 20
25135.324359
 42
-0.068078
  0
VERTEX
  8
0
 10
6398.000000
 20
25163.022552
 42
-0.018699
  0
VERTEX
  8
0
 10
6408.439439
 20
25166.715380
 42
-0.011798
  0
VERTEX
  8
0
 10
6420.867051
 20
25170.275716
 42
-0.011846
  0
VERTEX
  8
0
 10
6433.249165
 20
25173.197466
 42
-0.021558
  0
VERTEX
  8
0
 10
6443.500000
 20
25174.903586
 42
0.001240
  0
VERTEX
  8
0
 10
6447.129041
 20
25175.357001
 42
0.001426
  0
VERTEX
  8
0
 10
6450.590625
 20
25175.808254
 42
0.001280
  0
VERTEX
  8
0
 10
6453.523134
 20
25176.206686
 42
0.008253
  0
VERTEX
  8
0
 10
6455.000000
 20
25176.436097
 42
-0.039930
  0
VERTEX
  8
0
 10
6456.729692
 20
25176.593572
 42
-0.001945
  0
VERTEX
  8
0
 10
6462.493750
 20
25176.634409
 42
-0.003152
  0
VERTEX
  8
0
 10
6469.348025
 20
25176.613100
 42
-0.002267
  0
VERTEX
  8
0
 10
6477.000000
 20
25176.506373
 42
-0.005259
  0
VERTEX
  8
0
 10
6486.841944
 20
25176.220873
 42
-0.010155
  0
VERTEX
  8
0
 10
6494.707831
 20
25175.749711
 42
-0.012131
  0
VERTEX
  8
0
 10
6501.503265
 20
25175.037691
 42
-0.013603
  0
SEQEND
  0
POLYLINE
  8
0
 66
1
 70
1
  0
VERTEX
  8
0
 10
13798.000000
 20
25359.900533
 42
0.036347
  0
VERTEX
  8
0
 10
13742.371554
 20
25350.302344
 42
0.036026
  0
VERTEX
  8
0
 10
13688.548474
 20
25332.731900
 42
0.035885
  0
VERTEX
  8
0
 10
13637.607879
 20
25307.537738
 42
0.035439
  0
VERTEX
  8
0
 10
13590.567962
 20
25275.225260
 42
0.019898
  0
VERTEX
  8
0
 10
13577.478737
 20
25263.916971
 42
0.007780
  0
VERTEX
  8
0
 10
13560.295264
 20
25247.325211
 42
0.007731
  0
VERTEX
  8
0
 10
13543.714836
 20
25230.290831
 42
0.021220
  0
VERTEX
  8
0
 10
13532.728389
 20
25217.611784
 42
0.033352
  0
VERTEX
  8
0
 10
13500.511636
 20
25171.010730
 42
0.036165
  0
VERTEX
  8
0
 10
13475.741708
 20
25121.749422
 42
0.036121
  0
VERTEX
  8
0
 10
13458.305183
 20
25069.378256
 42
0.033115
  0
VERTEX
  8
0
 10
13447.964859
 20
25013.500000
 42
0.018520
  0
VERTEX
  8
0
 10
13446.855888
 20
24999.622195
 42
0.006767
  0
VERTEX
  8
0
 10
13446.281155
 20
24979.925959
 42
0.006828
  0
VERTEX
  8
0
 10
13446.241790
 20
24960.071754
 42
0.016782
  0
VERTEX
  8
0
 10
13446.901378
 20
24945.500000
 42
0.021643
  0
VERTEX
  8
0
 10
13451.658274
 20
24906.726685
 42
0.025349
  0
VERTEX
  8
0
 10
13459.601308
 20
24870.534360
 42
0.025548
  0
VERTEX
  8
0
 10
13471.101760
 20
24835.574959
 42
0.022647
  0
VERTEX
  8
0
 10
13486.521323
 20
24800.500000
 42
0.018330
  0
VERTEX
  8
0
 10
13502.143067
 20
24771.639594
 42
0.022201
  0
VERTEX
  8
0
 10
13518.939256
 20
24745.844658
 42
0.022310
  0
VERTEX
  8
0
 10
13537.882991
 20
24721.745113
 42
0.018842
  0
VERTEX
  8
0
 10
13559.954939
 20
24697.979970
 42
0.035868
  0
VERTEX
  8
0
 10
13603.360357
 20
24660.449567
 42
0.037076
  0
VERTEX
  8
0
 10
13651.224645
 20
24629.964525
 42
0.037091
  0
VERTEX
  8
0
 10
13703.046939
 20
24606.893587
 42
0.035961
  0
VERTEX
  8
0
 10
13758.243611
 20
24591.450385
 42
0.010630
  0
VERTEX
  8
0
 10
13777.093851
 20
24588.026853
 42
0.016753
  0
VERTEX
  8
0
 10
13793.408395
 20
24585.978525
 42
0.015276
  0
VERTEX
  8
0
 10
13810.860720
 20
24584.915309
 42
0.007147
  0
VERTEX
  8
0
 10
13833.500000
 20
24584.552994
 42
0.004688
  0
VERTEX
  8
0
 10
13855.009287
 20
24584.717892
 42
0.014269
  0
VERTEX
  8
0
 10
13869.607675
 20
24585.383725
 42
0.016031
  0
VERTEX
  8
0
 10
13883.207954
 20
24586.833182
 42
0.007281
  0
VERTEX
  8
0
 10
13900.897453
 20
24589.557318
 42
0.056440
  0
VERTEX
  8
0
 10
13982.709639
 20
24613.093461
 42
0.054957
  0
VERTEX
  8
0
 10
14057.980995
 20
24654.477219
 42
0.054846
  0
VERTEX
  8
0
 10
14122.562262
 20
24711.356440
 42
0.055760
  0
VERTEX
  8
0
 10
14172.825014
 20
24780.621657
 42
0.052546
  0
VERTEX
  8
0
 10
14205.309157
 20
24855.088445
 42
0.052343
  0
VERTEX
  8
0
 10
14221.610570
 20
24934.788060
 42
0.052338
  0
VERTEX
  8
0
 10
14221.007114
 20
25016.142166
 42
0.052518
  0
VERTEX
  8
0
 10
14203.516195
 20
25095.500000
 42
0.055573
  0
VERTEX
  8
0
 10
14167.131636
 20
25174.229836
 42
0.055993
  0
VERTEX
  8
0
 10
14114.377368
 20
25242.794608
 42
0.056021
  0
VERTEX
  8
0
 10
14047.752209
 20
25297.916862
 42
0.055735
  0
VERTEX
  8
0
 10
13970.442009
 20
25336.985483
 42
0.014951
  0
VERTEX
  8
0
 10
13949.920116
 20
25343.938351
 42
0.013603
  0
VERTEX
  8
0
 10
13928.365928
 20
25349.893489
 42
0.013283
  0
VERTEX
  8
0
 10
13905.989102
 20
25354.798647
 42
0.012622
  0
VERTEX
  8
0
 10
13883.000000
 20
25358.602718
 42
0.026376
  0
VERTEX
  8
0
 10
13868.560128
 20
25359.847701
 42
0.004500
  0
VERTEX
  8
0
 10
13840.976317
 20
25360.517211
 42
0.004664
  0
VERTEX
  8
0
 10
13813.357358
 20
25360.681248
 42
0.023706
  0
SEQEND
  0
POLYLINE
  8
0
 66
1
 70
1
  0
VERTEX
  8
0
 10
13856.000000
 20
25175.979656
 42
-0.034848
  0
VERTEX
  8
0
 10
13883.441958
 20
25171.182697
 42
-0.034252
  0
VERTEX
  8
0
 10
13910.115563
 20
25162.603061
 42
-0.033947
  0
VERTEX
  8
0
 10
13935.592670
 20
25150.373225
 42
-0.032883
  0
VERTEX
  8
0
 10
13959.466627
 20
25134.692310
 42
-0.024142
  0
VERTEX
  8
0
 10
13968.223977
 20
25127.388087
 42
-0.010685
  0
VERTEX
  8
0
 10
13979.092025
 20
25116.958479
 42
-0.010694
  0
VERTEX
  8
0
 10
13989.521251
 20
25106.056223
 42
-0.023712
  0
VERTEX
  8
0
 10
13996.879805
 20
25097.220324
 42
-0.052576
  0
VERTEX
  8
0
 10
14019.944778
 20
25058.912042
 42
-0.054416
  0
VERTEX
  8
0
 10
14034.191461
 20
25017.069730
 42
-0.054537
  0
VERTEX
  8
0
 10
14039.055324
 20
24973.224992
 42
-0.053251
  0
VERTEX
  8
0
 10
14034.399659
 20
24929.000000
 42
-0.045949
  0
VERTEX
  8
0
 10
14023.733445
 20
24894.896495
 42
-0.043486
  0
VERTEX
  8
0
 10
14006.864520
 20
24862.642002
 42
-0.043452
  0
VERTEX
  8
0
 10
13984.655701
 20
24833.767256
 42
-0.045708
  0
VERTEX
  8
0
 10
13958.134557
 20
24809.698766
 42
-0.059765
  0
VERTEX
  8
0
 10
13915.118364
 20
24784.713042
 42
-0.061377
  0
VERTEX
  8
0
 10
13867.795235
 20
24770.888234
 42
-0.061365
  0
VERTEX
  8
0
 10
13818.522945
 20
24768.963205
 42
-0.059698
  0
VERTEX
  8
0
 10
13769.772428
 20
24778.986688
 42
-0.066032
  0
VERTEX
  8
0
 10
13721.963147
 20
24802.312127
 42
-0.065343
  0
VERTEX
  8
0
 10
13681.697457
 20
24837.363855
 42
-0.065295
  0
VERTEX
  8
0
 10
13651.816812
 20
24881.644906
 42
-0.065763
  0
VERTEX
  8
0
 10
13634.454219
 20
24932.027908
 42
-0.054245
  0
VERTEX
  8
0
 10
13630.384914
 20
24976.064791
 42
-0.054678
  0
VERTEX
  8
0
 10
13635.905166
 20
25019.824351
 42
-0.054422
  0
VERTEX
  8
0
 10
13650.821177
 20
25061.530339
 42
-0.052787
  0
VERTEX
  8
0
 10
13674.503922
 20
25099.500000
 42
-0.052015
  0
VERTEX
  8
0
 10
13702.009645
 20
25128.031315
 42
-0.048188
  0
VERTEX
  8
0
 10
13735.490127
 20
25151.106967
 42
-0.048023
  0
VERTEX
  8
0
 10
13772.888750
 20
25167.414289
 42
-0.050857
  0
VERTEX
  8
0
 10
13812.000000
 20
25175.897304
 42
-0.019123
  0
VERTEX
  8
0
 10
13821.371786
 20
25176.589438
 42
-0.008402
  0
VERTEX
  8
0
 10
13833.813459
 20
25176.821813
 42
-0.008425
  0
VERTEX
  8
0
 10
13846.331904
 20
25176.634291
 42
-0.017891
  0
SEQEND
  0
POLYLINE
  8
0
 66
1
 70
1
  0
VERTEX
  8
0
 10
21157.000000
 20
25359.438049
 42
0.035125
  0
VERTEX
  8
0
 10
21101.846499
 20
25349.574583
 42
0.035893
  0
VERTEX
  8
0
 10
21049.027401
 20
25332.132861
 42
0.035866
  0
VERTEX
  8
0
 10
20999.209507
 20
25307.301581
 42
0.034960
  0
VERTEX
  8
0
 10
20953.000000
 20
25275.416393
 42
0.020832
  0
VERTEX
  8
0
 10
20933.593366
 20
25258.547982
 42
0.015489
  0
VERTEX
  8
0
 10
20913.570833
 20
25238.414026
 42
0.015347
  0
VERTEX
  8
0
 10
20894.587339
 20
25216.811485
 42
0.018910
  0
VERTEX
  8
0
 10
20878.303712
 20
25195.500000
 42
0.044286
  0
VERTEX
  8
0
 10
20845.463092
 20
25138.948296
 42
0.041860
  0
VERTEX
  8
0
 10
20822.365069
 20
25076.435962
 42
0.041850
  0
VERTEX
  8
0
 10
20809.997708
 20
25010.934326
 42
0.044215
  0
VERTEX
  8
0
 10
20809.042958
 20
24945.500000
 42
0.038090
  0
VERTEX
  8
0
 10
20818.115626
 20
24885.439324
 42
0.038805
  0
VERTEX
  8
0
 10
20836.164375
 20
24827.836006
 42
0.038883
  0
VERTEX
  8
0
 10
20862.855273
 20
24773.819629
 42
0.038575
  0
VERTEX
  8
0
 10
20897.649777
 20
24724.434573
 42
0.046603
  0
VERTEX
  8
0
 10
20947.591136
 20
24674.356082
 42
0.045424
  0
VERTEX
  8
0
 10
21006.352274
 20
24633.909378
 42
0.045400
  0
VERTEX
  8
0
 10
21071.481379
 20
24604.721046
 42
0.046452
  0
VERTEX
  8
0
 10
21140.313365
 20
24588.040863
 42
0.018318
  0
VERTEX
  8
0
 10
21164.864091
 20
24585.372078
 42
0.013855
  0
VERTEX
  8
0
 10
21191.951525
 20
24584.181133
 42
0.013983
  0
VERTEX
  8
0
 10
21218.653619
 20
24584.494513
 42
0.020667
  0
VERTEX
  8
0
 10
21242.000000
 20
24586.390407
 42
0.060984
  0
VERTEX
  8
0
 10
21336.568205
 20
24609.951750
 42
0.062509
  0
VERTEX
  8
0
 10
21421.807167
 20
24655.509980
 42
0.062738
  0
VERTEX
  8
0
 10
21492.884582
 20
24720.542237
 42
0.062234
  0
VERTEX
  8
0
 10
21545.837869
 20
24801.337363
 42
0.063571
  0
VERTEX
  8
0
 10
21577.695532
 20
24894.685098
 42
0.063603
  0
VERTEX
  8
0
 10
21585.072979
 20
24993.026030
 42
0.063615
  0
VERTEX
  8
0
 10
21567.496588
 20
25090.048355
 42
0.063635
  0
VERTEX
  8
0
 10
21526.095028
 20
25179.525183
 42
0.053688
  0
VERTEX
  8
0
 10
21475.109328
 20
25244.179970
 42
0.052820
  0
VERTEX
  8
0
 10
21411.269132
 20
25296.895439
 42
0.052889
  0
VERTEX
  8
0
 10
21337.884122
 20
25335.009006
 42
0.054112
  0
VERTEX
  8
0
 10
21258.694792
 20
25356.518470
 42
0.019600
  0
VERTEX
  8
0
 10
21235.030280
 20
25359.321752
 42
0.012504
  0
VERTEX
  8
0
 10
21207.354912
 20
25360.809586
 42
0.012545
  0
VERTEX
  8
0
 10
21179.907922
 20
25360.908718
 42
0.021320
  0
SEQEND
  0
POLYLINE
  8
0
 66
1
 70
1
  0
VERTEX
  8
0
 10
21232.000000
 20
25174.142682
 42
-0.071482
  0
VERTEX
  8
0
 10
21287.819978
 20
25155.715989
 42
-0.072114
  0
VERTEX
  8
0
 10
21336.006500
 20
25122.355982
 42
-0.072134
  0
VERTEX
  8
0
 10
21372.724363
 20
25076.694188
 42
-0.071585
  0
VERTEX
  8
0
 10
21395.075407
 20
25022.366740
 42
-0.044055
  0
VERTEX
  8
0
 10
21400.628841
 20
24987.806843
 42
-0.042647
  0
VERTEX
  8
0
 10
21400.134608
 20
24952.423790
 42
-0.042694
  0
VERTEX
  8
0
 10
21393.648071
 20
24917.675253
 42
-0.044372
  0
VERTEX
  8
0
 10
21381.402337
 20
24885.000000
 42
-0.040554
  0
VERTEX
  8
0
 10
21363.895316
 20
24855.004822
 42
-0.042557
  0
VERTEX
  8
0
 10
21342.025672
 20
24828.745552
 42
-0.042684
  0
VERTEX
  8
0
 10
21316.091120
 20
24806.635015
 42
-0.041292
  0
VERTEX
  8
0
 10
21286.500000
 20
24788.972773
 42
-0.090559
  0
VERTEX
  8
0
 10
21216.534175
 20
24769.235270
 42
-0.089729
  0
VERTEX
  8
0
 10
21143.869222
 20
24775.400937
 42
-0.089548
  0
VERTEX
  8
0
 10
21077.851486
 20
24806.662247
 42
-0.089732
  0
VERTEX
  8
0
 10
21026.988280
 20
24859.017430
 42
-0.028921
  0
VERTEX
  8
0
 10
21015.583495
 20
24878.299067
 42
-0.027320
  0
VERTEX
  8
0
 10
21006.238170
 20
24899.131610
 42
-0.027092
  0
VERTEX
  8
0
 10
20999.150720
 20
24921.039353
 42
-0.027282
  0
VERTEX
  8
0
 10
20994.493176
 20
24943.534095
 42
-0.025120
  0
VERTEX
  8
0
 10
20993.230095
 20
24956.201104
 42
-0.012152
  0
VERTEX
  8
0
 10
20992.825160
 20
24972.490094
 42
-0.012154
  0
VERTEX
  8
0
 10
20993.212442
 20
24988.790625
 42
-0.024945
  0
VERTEX
  8
0
 10
20994.461190
 20
25001.500000
 42
-0.033224
  0
VERTEX
  8
0
 10
21000.280616
 20
25028.245938
 42
-0.031928
  0
VERTEX
  8
0
 10
21009.648640
 20
25054.354603
 42
-0.032269
  0
VERTEX
  8
0
 10
21022.143421
 20
25078.779595
 42
-0.035863
  0
VERTEX
  8
0
 10
21037.293903
 20
25100.500000
 42
-0.017860
  0
VERTEX
  8
0
 10
21043.057268
 20
25107.118100
 42
-0.007275
  0
VERTEX
  8
0
 10
21051.341042
 20
25115.716886
 42
-0.007332
  0
VERTEX
  8
0
 10
21059.986596
 20
25124.181800
 42
-0.015374
  0
VERTEX
  8
0
 10
21067.000000
 20
25130.451057
 42
-0.039428
  0
VERTEX
  8
0
 10
21090.094799
 20
25146.934173
 42
-0.034777
  0
VERTEX
  8
0
 10
21116.457992
 20
25160.376594
 42
-0.034267
  0
VERTEX
  8
0
 10
21144.850908
 20
25170.212987
 42
-0.035458
  0
VERTEX
  8
0
 10
21174.000000
 20
25175.943123
 42
-0.028959
  0
VERTEX
  8
0
 10
21185.639012
 20
25176.704431
 42
-0.009612
  0
VERTEX
  8
0
 10
21202.746069
 20
25176.502408
 42
-0.009712
  0
VERTEX
  8
0
 10
21219.932994
 20
25175.634487
 42
-0.026568
  0
SEQEND
  0
POLYLINE
  8
0
 66
1
 70
1
  0
VERTEX
  8
0
 10
4908.500000
 20
24439.920692
 42
0.036869
  0
VERTEX
  8
0
 10
4769.347978
 20
24421.789888
 42
0.037232
  0
VERTEX
  8
0
 10
4634.837869
 20
24383.446028
 42
0.037253
  0
VERTEX
  8
0
 10
4507.573579
 20
24325.603240
 42
0.037004
  0
VERTEX
  8
0
 10
4390.000000
 20
24249.403135
 42
0.008095
  0
VERTEX
  8
0
 10
4365.187423
 20
24229.938130
 42
0.009561
  0
VERTEX
  8
0
 10
4342.380258
 20
24210.707680
 42
0.009269
  0
VERTEX
  8
0
 10
4319.742124
 20
24190.112530
 42
0.006833
  0
VERTEX
  8
0
 10
4295.419700
 20
24166.509863
 42
0.006787
  0
VERTEX
  8
0
 10
4269.848110
 20
24140.305504
 42
0.010462
  0
VERTEX
  8
0
 10
4248.528906
 20
24116.895199
 42
0.010715
  0
VERTEX
  8
0
 10
4228.581557
 20
24093.035704
 42
0.007629
  0
VERTEX
  8
0
 10
4207.226739
 20
24065.500000
 42
0.033275
  0
VERTEX
  8
0
 10
4138.378860
 20
23959.923562
 42
0.033655
  0
VERTEX
  8
0
 10
4084.436964
 20
23846.537966
 42
0.033629
  0
VERTEX
  8
0
 10
4046.160983
 20
23726.855391
 42
0.033111
  0
VERTEX
  8
0
 10
4024.032563
 20
23602.500000
 42
0.013448
  0
VERTEX
  8
0
 10
4020.174493
 20
23556.129055
 42
0.012129
  0
VERTEX
  8
0
 10
4018.640456
 20
23507.991552
 42
0.012077
  0
VERTEX
  8
0
 10
4019.441400
 20
23459.608591
 42
0.013001
  0
VERTEX
  8
0
 10
4022.588531
 20
23412.500000
 42
0.052340
  0
VERTEX
  8
0
 10
4060.906619
 20
23220.806506
 42
0.052168
  0
VERTEX
  8
0
 10
4138.217961
 20
23041.022066
 42
0.052135
  0
VERTEX
  8
0
 10
4251.119693
 20
22881.034262
 42
0.052147
  0
VERTEX
  8
0
 10
4394.665548
 20
22747.873090
 42
0.018293
  0
VERTEX
  8
0
 10
4451.344761
 20
22708.502601
 42
0.018019
  0
VERTEX
  8
0
 10
4511.030309
 20
22673.170878
 42
0.018229
  0
VERTEX
  8
0
 10
4572.371984
 20
22642.626199
 42
0.019920
  0
VERTEX
  8
0
 10
4634.011271
 20
22617.597480
 42
-0.000612
  0
VERTEX
  8
0
 10
4641.259715
 20
22614.975377
 42
-0.000853
  0
VERTEX
  8
0
 10
4647.737867
 20
22612.610444
 42
-0.000513
  0
VERTEX
  8
0
 10
4653.189794
 20
22610.603250
 42
-0.011140
  0
VERTEX
  8
0
 10
4654.777212
 20
22609.976440
 42
0.025127
  0
VERTEX
  8
0
 10
4661.201603
 20
22607.645137
 42
0.001400
  0
VERTEX
  8
0
 10
4681.577127
 20
22601.452312
 42
0.002409
  0
VERTEX
  8
0
 10
4702.232516
 20
22595.345904
 42
0.005690
  0
VERTEX
  8
0
 10
4717.698964
 20
22591.044644
 42
0.015779
  0
VERTEX
  8
0
 10
4777.550588
 20
22577.137248
 42
0.016971
  0
VERTEX
  8
0
 10
4836.728895
 20
22567.415835
 42
0.016882
  0
VERTEX
  8
0
 10
4896.717507
 20
22561.692418
 42
0.015271
  0
VERTEX
  8
0
 10
4959.000000
 20
22559.772223
 42
0.006590
  0
VERTEX
  8
0
 10
4992.750388
 20
22560.207598
 42
0.009223
  0
VERTEX
  8
0
 10
5022.881984
 20
22561.550069
 42
0.009557
  0
VERTEX
  8
0
 10
5052.086856
 20
22563.952659
 42
0.007976
  0
VERTEX
  8
0
 10
5083.000000
 20
22567.590700
 42
0.034254
  0
VERTEX
  8
0
 10
5210.860719
 20
22593.719810
 42
0.034628
  0
VERTEX
  8
0
 10
5333.477385
 20
22636.996030
 42
0.034667
  0
VERTEX
  8
0
 10
5448.820783
 20
22696.726630
 42
0.034501
  0
VERTEX
  8
0
 10
5555.000000
 20
22771.906498
 42
0.013712
  0
VERTEX
  8
0
 10
5589.215483
 20
22801.464976
 42
0.011412
  0
VERTEX
  8
0
 10
5623.970714
 20
22834.680467
 42
0.011355
  0
VERTEX
  8
0
 10
5657.378736
 20
22869.653452
 42
0.013117
  0
VERTEX
  8
0
 10
5687.547601
 20
22904.500000
 42
0.026017
  0
VERTEX
  8
0
 10
5743.551660
 20
22980.459015
 42
0.025021
  0
VERTEX
  8
0
 10
5792.155693
 20
23062.795384
 42
0.024965
  0
VERTEX
  8
0
 10
5832.393075
 20
23149.769105
 42
0.025608
  0
VERTEX
  8
0
 10
5863.380488
 20
23239.594118
 42
0.023442
  0
VERTEX
  8
0
 10
5883.523806
 20
23324.057644
 42
0.022918
  0
VERTEX
  8
0
 10
5895.854378
 20
23410.673932
 42
0.022939
  0
VERTEX
  8
0
 10
5900.197908
 20
23497.978235
 42
0.023586
  0
VERTEX
  8
0
 10
5896.447224
 20
23584.500000
 42
0.038065
  0
VERTEX
  8
0
 10
5872.594433
 20
23726.364202
 42
0.038108
  0
VERTEX
  8
0
 10
5827.515985
 20
23862.917212
 42
0.038171
  0
VERTEX
  8
0
 10
5762.322110
 20
23990.836270
 42
0.038473
  0
VERTEX
  8
0
 10
5678.591045
 20
24107.000000
 42
0.011945
  0
VERTEX
  8
0
 10
5650.492739
 20
24138.693079
 42
0.010669
  0
VERTEX
  8
0
 10
5619.857458
 20
24170.250314
 42
0.010718
  0
VERTEX
  8
0
 10
5588.066768
 20
24200.311849
 42
0.012406
  0
VERTEX
  8
0
 10
5556.500000
 20
24227.510546
 42
0.039410
  0
VERTEX
  8
0
 10
5433.762265
 20
24312.859009
 42
0.039763
  0
VERTEX
  8
0
 10
5299.508788
 20
24377.603240
 42
0.039762
  0
VERTEX
  8
0
 10
5156.697499
 20
24420.279504
 42
0.039407
  0
VERTEX
  8
0
 10
5008.500000
 20
24439.975045
 42
0.010209
  0
VERTEX
  8
0
 10
4988.314124
 20
24440.640133
 42
0.003266
  0
VERTEX
  8
0
 10
4958.291437
 20
24440.819913
 42
0.003247
  0
VERTEX
  8
0
 10
4928.330860
 20
24440.609041
 42
0.010583
  0
SEQEND
  0
POLYLINE
  8
0
 66
1
 70
1
  0
VERTEX
  8
0
 10
4996.267145
 20
24419.520091
 42
-0.018043
  0
VERTEX
  8
0
 10
5047.535075
 20
24416.342526
 42
-0.014876
  0
VERTEX
  8
0
 10
5101.875904
 20
24409.363409
 42
-0.014558
  0
VERTEX
  8
0
 10
5157.042214
 20
24398.948362
 42
-0.015127
  0
VERTEX
  8
0
 10
5210.801076
 20
24385.452406
 42
-0.050748
  0
VERTEX
  8
0
 10
5383.153299
 20
24317.087309
 42
-0.050557
  0
VERTEX
  8
0
 10
5538.437119
 20
24215.337166
 42
-0.050519
  0
VERTEX
  8
0
 10
5670.243413
 20
24084.413397
 42
-0.050518
  0
VERTEX
  8
0
 10
5773.118686
 20
23929.716210
 42
-0.024521
  0
VERTEX
  8
0
 10
5811.214707
 20
23848.134250
 42
-0.024625
  0
VERTEX
  8
0
 10
5841.080501
 20
23763.327696
 42
-0.024561
  0
VERTEX
  8
0
 10
5862.528004
 20
23675.779821
 42
-0.024104
  0
VERTEX
  8
0
 10
5875.449057
 20
23586.000000
 42
-0.013746
  0
VERTEX
  8
0
 10
5878.414216
 20
23541.974622
 42
-0.011310
  0
VERTEX
  8
0
 10
5879.221345
 20
23494.886727
 42
-0.011319
  0
VERTEX
  8
0
 10
5877.898587
 20
23447.855005
 42
-0.013843
  0
VERTEX
  8
0
 10
5874.451562
 20
23404.000000
 42
-0.047850
  0
VERTEX
  8
0
 10
5838.963694
 20
23230.493842
 42
-0.048206
  0
VERTEX
  8
0
 10
5771.193855
 20
23067.351921
 42
-0.048190
  0
VERTEX
  8
0
 10
5673.414808
 20
22920.159519
 42
-0.047758
  0
VERTEX
  8
0
 10
5549.000000
 20
22793.917234
 42
-0.025830
  0
VERTEX
  8
0
 10
5475.691791
 20
22738.695491
 42
-0.024881
  0
VERTEX
  8
0
 10
5396.182471
 20
22690.580280
 42
-0.024860
  0
VERTEX
  8
0
 10
5312.217600
 20
22650.564217
 42
-0.025678
  0
VERTEX
  8
0
 10
5225.586502
 20
22619.560269
 42
-0.036721
  0
VERTEX
  8
0
 10
5091.947664
 20
22589.826474
 42
-0.037295
  0
VERTEX
  8
0
 10
4956.093237
 20
22580.169492
 42
-0.037304
  0
VERTEX
  8
0
 10
4820.343431
 20
22590.802018
 42
-0.036778
  0
VERTEX
  8
0
 10
4687.016114
 20
22621.494436
 42
-0.023965
  0
VERTEX
  8
0
 10
4604.979902
 20
22651.226915
 42
-0.023719
  0
VERTEX
  8
0
 10
4525.874307
 20
22688.764023
 42
-0.023701
  0
VERTEX
  8
0
 10
4450.623556
 20
22733.654763
 42
-0.023845
  0
VERTEX
  8
0
 10
4380.117061
 20
22785.381697
 42
-0.013854
  0
VERTEX
  8
0
 10
4345.237484
 20
22815.261233
 42
-0.011872
  0
VERTEX
  8
0
 10
4310.179181
 20
22848.568402
 42
-0.011855
  0
VERTEX
  8
0
 10
4276.684125
 20
22883.559557
 42
-0.013685
  0
VERTEX
  8
0
 10
4246.500855
 20
22918.500000
 42
-0.050670
  0
VERTEX
  8
0
 10
4144.588252
 20
23072.750430
 42
-0.050345
  0
VERTEX
  8
0
 10
4075.521779
 20
23244.672466
 42
-0.050327
  0
VERTEX
  8
0
 10
4042.190932
 20
23426.988726
 42
-0.050560
  0
VERTEX
  8
0
 10
4046.036319
 20
23612.000000
 42
-0.029254
  0
VERTEX
  8
0
 10
4065.281786
 20
23717.578658
 42
-0.029140
  0
VERTEX
  8
0
 10
4096.735970
 20
23820.330667
 42
-0.029125
  0
VERTEX
  8
0
 10
4139.941081
 20
23918.777728
 42
-0.029157
  0
VERTEX
  8
0
 10
4194.279647
 20
24011.500000
 42
-0.018775
  0
VERTEX
  8
0
 10
4233.689983
 20
24066.016787
 42
-0.018144
  0
VERTEX
  8
0
 10
4277.511961
 20
24118.069255
 42
-0.018130
  0
VERTEX
  8
0
 10
4325.027566
 20
24166.846113
 42
-0.018675
  0
VERTEX
  8
0
 10
4375.500000
 20
24211.552774
 42
-0.041369
  0
VERTEX
  8
0
 10
4499.575408
 20
24297.325224
 42
-0.040920
  0
VERTEX
  8
0
 10
4636.520927
 20
24361.859256
 42
-0.040960
  0
VERTEX
  8
0
 10
4782.013656
 20
24403.178166
 42
-0.041633
  0
VERTEX
  8
0
 10
4931.500000
 20
24419.932892
 42
-0.002102
  0
VERTEX
  8
0
 10
4941.804687
 20
24420.182260
 42
-0.002113
  0
VERTEX
  8
0
 10
4952.093750
 20
24420.344484
 42
-0.002061
  0
VERTEX
  8
0
 10
4961.065875
 20
24420.411040
 42
-0.008478
  0
VERTEX
  8
0
 10
4966.500000
 20
24420.336807
 42
0.000605
  0
VERTEX
  8
0
 10
4971.660965
 20
24420.185006
 42
0.000191
  0
VERTEX
  8
0
 10
4979.369099
 20
24419.970570
 42
0.000191
  0
VERTEX
  8
0
 10
4987.965795
 20
24419.737989
 42
0.000212
  0
SEQEND
  0
POLYLINE
  8
0
 66
1
 70
1
  0
VERTEX
  8
0
 10
12270.000000
 20
24439.898605
 42
0.040256
  0
VERTEX
  8
0
 10
12119.872045
 20
24419.340903
 42
0.040218
  0
VERTEX
  8
0
 10
11974.929960
 20
24374.989136
 42
0.040218
  0
VERTEX
  8
0
 10
11838.955779
 20
24308.004180
 42
0.040252
  0
VERTEX
  8
0
 10
11715.500000
 20
24220.131272
 42
0.011941
  0
VERTEX
  8
0
 10
11685.544750
 20
24193.702932
 42
0.010240
  0
VERTEX
  8
0
 10
11655.277024
 20
24164.512118
 42
0.010164
  0
VERTEX
  8
0
 10
11625.976196
 20
24133.850131
 42
0.011223
  0
VERTEX
  8
0
 10
11598.922340
 20
24103.000000
 42
0.030109
  0
VERTEX
  8
0
 10
11534.101334
 20
24015.443695
 42
0.028932
  0
VERTEX
  8
0
 10
11479.317825
 20
23919.593467
 42
0.028894
  0
VERTEX
  8
0
 10
11435.900260
 20
23817.929106
 42
0.029835
  0
VERTEX
  8
0
 10
11405.024617
 20
23713.008330
 42
0.008804
  0
VERTEX
  8
0
 10
11397.475443
 20
23677.404421
 42
0.009892
  0
VERTEX
  8
0
 10
11391.499418
 20
23642.910724
 42
0.009611
  0
VERTEX
  8
0
 10
11386.757872
 20
23607.346468
 42
0.007468
  0
VERTEX
  8
0
 10
11382.923610
 20
23568.500000
 42
0.015546
  0
VERTEX
  8
0
 10
11381.822515
 20
23547.489224
 42
0.003220
  0
VERTEX
  8
0
 10
11381.273750
 20
23510.483049
 42
0.003372
  0
VERTEX
  8
0
 10
11381.212612
 20
23473.274245
 42
0.012989
  0
VERTEX
  8
0
 10
11381.931022
 20
23450.165168
 42
0.041072
  0
VERTEX
  8
0
 10
11404.051052
 20
23292.228280
 42
0.042336
  0
VERTEX
  8
0
 10
11451.587808
 20
23141.690546
 42
0.042410
  0
VERTEX
  8
0
 10
11523.706442
 20
23001.545915
 42
0.041511
  0
VERTEX
  8
0
 10
11618.892110
 20
22874.500000
 42
0.009203
  0
VERTEX
  8
0
 10
11632.629457
 20
22859.586905
 42
0.004000
  0
VERTEX
  8
0
 10
11651.405676
 20
22840.253896
 42
0.004007
  0
VERTEX
  8
0
 10
11670.546242
 20
22821.166992
 42
0.008898
  0
VERTEX
  8
0
 10
11685.500000
 20
22807.005720
 42
0.039698
  0
VERTEX
  8
0
 10
11805.431196
 20
22713.727391
 42
0.040364
  0
VERTEX
  8
0
 10
11937.953789
 20
22641.158489
 42
0.040435
  0
VERTEX
  8
0
 10
12080.186643
 20
22590.927757
 42
0.040139
  0
VERTEX
  8
0
 10
12229.000000
 20
22564.090316
 42
0.004780
  0
VERTEX
  8
0
 10
12253.590476
 20
22561.905110
 42
0.008084
  0
VERTEX
  8
0
 10
12274.233122
 20
22560.604890
 42
0.007771
  0
VERTEX
  8
0
 10
12295.462725
 20
22559.942435
 42
0.004025
  0
VERTEX
  8
0
 10
12322.000000
 20
22559.740694
 42
0.006713
  0
VERTEX
  8
0
 10
12355.195301
 20
22560.201307
 42
0.009104
  0
VERTEX
  8
0
 10
12385.145878
 20
22561.565298
 42
0.009387
  0
VERTEX
  8
0
 10
12414.283883
 20
22563.974407
 42
0.007932
  0
VERTEX
  8
0
 10
12445.000000
 20
22567.588680
 42
0.033829
  0
VERTEX
  8
0
 10
12571.917763
 20
22593.398753
 42
0.034483
  0
VERTEX
  8
0
 10
12693.359756
 20
22635.974519
 42
0.034494
  0
VERTEX
  8
0
 10
12807.760734
 20
22694.821548
 42
0.033901
  0
VERTEX
  8
0
 10
12913.686007
 20
22769.143849
 42
0.013925
  0
VERTEX
  8
0
 10
12947.577566
 20
22798.125004
 42
0.011050
  0
VERTEX
  8
0
 10
12982.583193
 20
22831.223646
 42
0.011043
  0
VERTEX
  8
0
 10
13016.120897
 20
22865.865401
 42
0.013837
  0
VERTEX
  8
0
 10
13045.587905
 20
22899.500000
 42
0.032968
  0
VERTEX
  8
0
 10
13118.752741
 20
23000.724355
 42
0.033159
  0
VERTEX
  8
0
 10
13177.821501
 20
23110.497899
 42
0.033190
  0
VERTEX
  8
0
 10
13221.813596
 20
23227.015726
 42
0.033168
  0
VERTEX
  8
0
 10
13250.012461
 20
23348.354974
 42
0.009440
  0
VERTEX
  8
0
 10
13255.548429
 20
23386.762558
 42
0.011367
  0
VERTEX
  8
0
 10
13259.245273
 20
23423.045914
 42
0.011162
  0
VERTEX
  8
0
 10
13261.335457
 20
23460.012902
 42
0.008540
  0
VERTEX
  8
0
 10
13262.027027
 20
23500.500000
 42
0.003720
  0
VERTEX
  8
0
 10
13261.842773
 20
23525.265723
 42
0.006731
  0
VERTEX
  8
0
 10
13261.268286
 20
23545.530820
 42
0.007194
  0
VERTEX
  8
0
 10
13260.182634
 20
23564.831392
 42
0.005067
  0
VERTEX
  8
0
 10
13258.429920
 20
23586.500000
 42
0.033499
  0
VERTEX
  8
0
 10
13238.887000
 20
23709.303236
 42
0.033084
  0
VERTEX
  8
0
 10
13203.069237
 20
23828.923203
 42
0.033038
  0
VERTEX
  8
0
 10
13151.727325
 20
23942.931963
 42
0.033192
  0
VERTEX
  8
0
 10
13085.884804
 20
24049.000000
 42
0.017832
  0
VERTEX
  8
0
 10
13045.853170
 20
24100.840702
 42
0.017304
  0
VERTEX
  8
0
 10
13001.841453
 20
24150.236128
 42
0.017297
  0
VERTEX
  8
0
 10
12954.501345
 20
24196.488556
 42
0.017783
  0
VERTEX
  8
0
 10
12904.500000
 20
24238.914889
 42
0.038480
  0
VERTEX
  8
0
 10
12784.369203
 20
24319.547879
 42
0.038549
  0
VERTEX
  8
0
 10
12653.371792
 20
24380.765029
 42
0.038508
  0
VERTEX
  8
0
 10
12514.391387
 20
24421.199766
 42
0.038217
  0
VERTEX
  8
0
 10
12370.500000
 20
24439.975045
 42
0.010213
  0
VERTEX
  8
0
 10
12350.186593
 20
24440.644141
 42
0.003315
  0
VERTEX
  8
0
 10
12320.138130
 20
24440.820525
 42
0.003306
  0
VERTEX
  8
0
 10
12290.124030
 20
24440.599249
 42
0.010410
  0
SEQEND
  0
POLYLINE
  8
0
 66
1
 70
1
  0
VERTEX
  8
0
 10
12358.267145
 20
24419.520091
 42
-0.023329
  0
VERTEX
  8
0
 10
12427.896173
 20
24414.465363
 42
-0.019741
  0
VERTEX
  8
0
 10
12500.789496
 20
24402.807024
 42
-0.019455
  0
VERTEX
  8
0
 10
12573.727081
 20
24385.191709
 42
-0.020747
  0
VERTEX
  8
0
 10
12643.500000
 20
24362.273422
 42
-0.048885
  0
VERTEX
  8
0
 10
12806.046415
 20
24282.437852
 42
-0.049190
  0
VERTEX
  8
0
 10
12949.633614
 20
24172.705931
 42
-0.049259
  0
VERTEX
  8
0
 10
13068.845165
 20
24037.201105
 42
-0.049307
  0
VERTEX
  8
0
 10
13159.203492
 20
23881.037505
 42
-0.049402
  0
VERTEX
  8
0
 10
13217.619357
 20
23708.971537
 42
-0.049408
  0
VERTEX
  8
0
 10
13241.143248
 20
23528.797116
 42
-0.049435
  0
VERTEX
  8
0
 10
13228.857729
 20
23347.598675
 42
-0.049561
  0
VERTEX
  8
0
 10
13181.239643
 20
23172.500000
 42
-0.012494
  0
VERTEX
  8
0
 10
13164.823751
 20
23132.513538
 42
-0.011324
  0
VERTEX
  8
0
 10
13145.912651
 20
23092.049198
 42
-0.011335
  0
VERTEX
  8
0
 10
13125.208826
 20
23052.523038
 42
-0.012585
  0
VERTEX
  8
0
 10
13103.412838
 20
23015.352488
 42
-0.043833
  0
VERTEX
  8
0
 10
13006.895838
 20
22886.561136
 42
-0.043624
  0
VERTEX
  8
0
 10
12889.262864
 20
22776.341598
 42
-0.043689
  0
VERTEX
  8
0
 10
12754.470488
 20
22688.345919
 42
-0.044250
  0
VERTEX
  8
0
 10
12607.000000
 20
22625.545260
 42
-0.036684
  0
VERTEX
  8
0
 10
12474.364601
 20
22592.972615
 42
-0.037228
  0
VERTEX
  8
0
 10
12339.048107
 20
22580.344048
 42
-0.037205
  0
VERTEX
  8
0
 10
12203.275377
 20
22587.920210
 42
-0.036540
  0
VERTEX
  8
0
 10
12069.281303
 20
22615.524243
 42
-0.022545
  0
VERTEX
  8
0
 10
11993.448510
 20
22640.763652
 42
-0.021588
  0
VERTEX
  8
0
 10
11919.065737
 20
22673.052802
 42
-0.021558
  0
VERTEX
  8
0
 10
11847.641120
 20
22711.686102
 42
-0.022323
  0
VERTEX
  8
0
 10
11780.661327
 20
22755.912179
 42
-0.017086
  0
VERTEX
  8
0
 10
11732.625005
 20
22793.377071
 42
-0.016379
  0
VERTEX
  8
0
 10
11686.557128
 20
22834.546464
 42
-0.016368
  0
VERTEX
  8
0
 10
11643.251630
 20
22878.673567
 42
-0.017001
  0
VERTEX
  8
0
 10
11603.491561
 20
22925.000000
 42
-0.019421
  0
VERTEX
  8
0
 10
11561.395019
 20
22981.963073
 42
-0.019057
  0
VERTEX
  8
0
 10
11523.564029
 20
23042.373407
 42
-0.019061
  0
VERTEX
  8
0
 10
11490.450451
 20
23105.475938
 42
-0.019450
  0
VERTEX
  8
0
 10
11462.478800
 20
23170.500000
 42
-0.030826
  0
VERTEX
  8
0
 10
11428.898519
 20
23276.897184
 42
-0.030300
  0
VERTEX
  8
0
 10
11408.421904
 20
23387.228022
 42
-0.030272
  0
VERTEX
  8
0
 10
11401.417923
 20
23499.326401
 42
-0.030634
  0
VERTEX
  8
0
 10
11408.056272
 20
23611.000000
 42
-0.055381
  0
VERTEX
  8
0
 10
11454.601672
 20
23808.657109
 42
-0.055319
  0
VERTEX
  8
0
 10
11543.407718
 20
23991.357436
 42
-0.055319
  0
VERTEX
  8
0
 10
11670.110541
 20
24150.140884
 42
-0.055381
  0
VERTEX
  8
0
 10
11828.500000
 20
24277.212556
 42
-0.031868
  0
VERTEX
  8
0
 10
11931.150742
 20
24333.525799
 42
-0.031844
  0
VERTEX
  8
0
 10
12040.151519
 20
24376.353156
 42
-0.031841
  0
VERTEX
  8
0
 10
12153.720036
 20
24404.995523
 42
-0.031846
  0
VERTEX
  8
0
 10
12270.000000
 20
24418.983559
 42
-0.004092
  0
VERTEX
  8
0
 10
12285.937669
 20
24419.747028
 42
-0.004372
  0
VERTEX
  8
0
 10
12301.537772
 20
24420.229841
 42
-0.004642
  0
VERTEX
  8
0
 10
12316.009368
 20
24420.416707
 42
-0.007197
  0
VERTEX
  8
0
 10
12328.500000
 20
24420.282222
 42
-0.000083
  0
VERTEX
  8
0
 10
12333.660933
 20
24420.151484
 42
-0.000026
  0
VERTEX
  8
0
 10
12341.369099
 20
24419.954536
 42
-0.000026
  0
VERTEX
  8
0
 10
12349.965795
 20
24419.733984
 42
-0.000029
  0
SEQEND
  0
POLYLINE
  8
0
 66
1
 70
1
  0
VERTEX
  8
0
 10
19632.000000
 20
24439.898605
 42
0.023351
  0
VERTEX
  8
0
 10
19545.363365
 20
24431.003481
 42
0.022972
  0
VERTEX
  8
0
 10
19459.453309
 20
24414.040604
 42
0.022968
  0
VERTEX
  8
0
 10
19375.445633
 20
24389.263673
 42
0.023320
  0
VERTEX
  8
0
 10
19294.500000
 20
24356.992688
 42
0.031776
  0
VERTEX
  8
0
 10
19189.766835
 20
24301.193042
 42
0.031606
  0
VERTEX
  8
0
 10
19092.751024
 20
24232.480794
 42
0.031558
  0
VERTEX
  8
0
 10
19005.034301
 20
24151.979316
 42
0.031462
  0
VERTEX
  8
0
 10
18928.050315
 20
24061.000000
 42
0.030179
  0
VERTEX
  8
0
 10
18866.964067
 20
23967.563832
 42
0.029686
  0
VERTEX
  8
0
 10
18817.198741
 20
23866.949585
 42
0.029643
  0
VERTEX
  8
0
 10
18779.637234
 20
23761.002885
 42
0.029887
  0
VERTEX
  8
0
 10
18754.989504
 20
23651.645026
 42
0.016077
  0
VERTEX
  8
0
 10
18747.440303
 20
23593.800332
 42
0.015475
  0
VERTEX
  8
0
 10
18743.503747
 20
23534.848150
 42
0.015376
  0
VERTEX
  8
0
 10
18743.207599
 20
23475.382703
 42
0.015367
  0
VERTEX
  8
0
 10
18746.566380
 20
23416.000000
 42
0.027412
  0
VERTEX
  8
0
 10
18760.567387
 20
23318.095254
 42
0.026293
  0
VERTEX
  8
0
 10
18785.323306
 20
23220.910967
 42
0.026237
  0
VERTEX
  8
0
 10
18820.207100
 20
23126.654272
 42
0.027004
  0
VERTEX
  8
0
 10
18864.480410
 20
23037.500000
 42
0.059811
  0
VERTEX
  8
0
 10
18997.813159
 20
22856.307705
 42
0.059925
  0
VERTEX
  8
0
 10
19170.166621
 20
22711.954354
 42
0.059965
  0
VERTEX
  8
0
 10
19371.723133
 20
22612.663893
 42
0.060038
  0
VERTEX
  8
0
 10
19591.000000
 20
22564.087934
 42
0.004823
  0
VERTEX
  8
0
 10
19615.635579
 20
22561.903722
 42
0.008149
  0
VERTEX
  8
0
 10
19636.323338
 20
22560.609336
 42
0.007793
  0
VERTEX
  8
0
 10
19657.670620
 20
22559.955855
 42
0.003974
  0
VERTEX
  8
0
 10
19684.500000
 20
22559.766231
 42
0.014179
  0
VERTEX
  8
0
 10
19742.977015
 20
22561.476440
 42
0.015726
  0
VERTEX
  8
0
 10
19799.268521
 20
22566.502108
 42
0.015866
  0
VERTEX
  8
0
 10
19854.675907
 20
22575.002042
 42
0.014991
  0
VERTEX
  8
0
 10
19910.500000
 20
22587.130065
 42
0.042653
  0
VERTEX
  8
0
 10
20062.554103
 20
22639.070414
 42
0.042801
  0
VERTEX
  8
0
 10
20203.403182
 20
22716.010933
 42
0.042801
  0
VERTEX
  8
0
 10
20329.097154
 20
22815.811181
 42
0.042649
  0
VERTEX
  8
0
 10
20436.126910
 20
22935.665548
 42
0.030860
  0
VERTEX
  8
0
 10
20500.480485
 20
23033.465547
 42
0.031235
  0
VERTEX
  8
0
 10
20552.019235
 20
23138.058086
 42
0.031226
  0
VERTEX
  8
0
 10
20590.139419
 20
23248.286312
 42
0.030801
  0
VERTEX
  8
0
 10
20614.442877
 20
23362.906997
 42
0.015537
  0
VERTEX
  8
0
 10
20620.892234
 20
23418.119026
 42
0.014676
  0
VERTEX
  8
0
 10
20624.055491
 20
23474.686145
 42
0.014602
  0
VERTEX
  8
0
 10
20623.902326
 20
23531.637134
 42
0.014978
  0
VERTEX
  8
0
 10
20620.412127
 20
23588.000000
 42
0.041606
  0
VERTEX
  8
0
 10
20593.574809
 20
23739.821914
 42
0.041099
  0
VERTEX
  8
0
 10
20541.907350
 20
23885.755885
 42
0.041052
  0
VERTEX
  8
0
 10
20466.996726
 20
24021.429419
 42
0.041300
  0
VERTEX
  8
0
 10
20371.060467
 20
24142.747871
 42
0.028198
  0
VERTEX
  8
0
 10
20293.975679
 20
24216.420437
 42
0.028498
  0
VERTEX
  8
0
 10
20209.351869
 20
24280.672558
 42
0.028434
  0
VERTEX
  8
0
 10
20117.779328
 20
24335.014211
 42
0.027784
  0
VERTEX
  8
0
 10
20019.936169
 20
24379.080391
 42
0.020068
  0
VERTEX
  8
0
 10
19950.782374
 20
24402.572892
 42
0.019654
  0
VERTEX
  8
0
 10
19879.487984
 20
24420.629265
 42
0.019533
  0
VERTEX
  8
0
 10
19806.556155
 20
24433.124895
 42
0.019238
  0
VERTEX
  8
0
 10
19732.500000
 20
24439.968776
 42
0.010270
  0
VERTEX
  8
0
 10
19712.209308
 20
24440.641531
 42
0.003326
  0
VERTEX
  8
0
 10
19682.168832
 20
24440.820381
 42
0.003319
  0
VERTEX
  8
0
 10
19652.153329
 20
24440.600173
 42
0.010412
  0
SEQEND
  0
POLYLINE
  8
0
 66
1
 70
1
  0
VERTEX
  8
0
 10
19735.500000
 20
24418.915597
 42
-0.029101
  0
VERTEX
  8
0
 10
19835.840477
 20
24407.825063
 42
-0.027531
  0
VERTEX
  8
0
 10
19936.126325
 20
24385.049768
 42
-0.027447
  0
VERTEX
  8
0
 10
20033.614026
 20
24351.304018
 42
-0.028472
  0
VERTEX
  8
0
 10
20125.593751
 20
24307.432737
 42
-0.026009
  0
VERTEX
  8
0
 10
20207.063760
 20
24257.035087
 42
-0.025885
  0
VERTEX
  8
0
 10
20282.997005
 20
24198.376071
 42
-0.025909
  0
VERTEX
  8
0
 10
20352.393936
 20
24132.243557
 42
-0.026178
  0
VERTEX
  8
0
 10
20414.325465
 20
24059.505925
 42
-0.023534
  0
VERTEX
  8
0
 10
20463.567909
 20
23988.435412
 42
-0.023370
  0
VERTEX
  8
0
 10
20506.037312
 20
23912.888650
 42
-0.023414
  0
VERTEX
  8
0
 10
20541.197301
 20
23833.854460
 42
-0.023845
  0
VERTEX
  8
0
 10
20568.575790
 20
23752.352313
 42
-0.032549
  0
VERTEX
  8
0
 10
20593.984879
 20
23633.910121
 42
-0.032943
  0
VERTEX
  8
0
 10
20603.673080
 20
23513.649288
 42
-0.032977
  0
VERTEX
  8
0
 10
20597.479696
 20
23393.276445
 42
-0.032767
  0
VERTEX
  8
0
 10
20575.516484
 20
23274.500000
 42
-0.027181
  0
VERTEX
  8
0
 10
20545.477886
 20
23178.315846
 42
-0.027308
  0
VERTEX
  8
0
 10
20505.221604
 20
23086.111939
 42
-0.027354
  0
VERTEX
  8
0
 10
20455.230142
 20
22998.992244
 42
-0.027489
  0
VERTEX
  8
0
 10
20396.102085
 20
22918.000000
 42
-0.013076
  0
VERTEX
  8
0
 10
20367.943172
 20
22885.352936
 42
-0.010897
  0
VERTEX
  8
0
 10
20336.389213
 20
22852.131686
 42
-0.010931
  0
VERTEX
  8
0
 10
20303.543671
 20
22820.442755
 42
-0.013461
  0
VERTEX
  8
0
 10
20271.500000
 20
22792.412095
 42
-0.037670
  0
VERTEX
  8
0
 10
20157.312013
 20
22711.499103
 42
-0.038043
  0
VERTEX
  8
0
 10
20032.641056
 20
22648.934461
 42
-0.038058
  0
VERTEX
  8
0
 10
19899.978904
 20
22606.001456
 42
-0.037766
  0
VERTEX
  8
0
 10
19762.000000
 20
22583.534318
 42
-0.010595
  0
VERTEX
  8
0
 10
19722.841631
 20
22580.996134
 42
-0.010922
  0
VERTEX
  8
0
 10
19684.006052
 20
22580.153449
 42
-0.010885
  0
VERTEX
  8
0
 10
19645.042438
 20
22581.007519
 42
-0.010357
  0
VERTEX
  8
0
 10
19605.500000
 20
22583.557459
 42
-0.031566
  0
VERTEX
  8
0
 10
19491.046628
 20
22600.647122
 42
-0.031437
  0
VERTEX
  8
0
 10
19379.494431
 20
22632.023244
 42
-0.031424
  0
VERTEX
  8
0
 10
19272.713879
 20
22677.152486
 42
-0.031483
  0
VERTEX
  8
0
 10
19172.500000
 20
22735.283937
 42
-0.016318
  0
VERTEX
  8
0
 10
19124.397499
 20
22769.713149
 42
-0.015995
  0
VERTEX
  8
0
 10
19078.312919
 20
22807.426970
 42
-0.015999
  0
VERTEX
  8
0
 10
19034.743766
 20
22848.001178
 42
-0.016343
  0
VERTEX
  8
0
 10
18994.177398
 20
22891.000000
 42
-0.037386
  0
VERTEX
  8
0
 10
18911.122920
 20
23000.507755
 42
-0.037484
  0
VERTEX
  8
0
 10
18845.383680
 20
23121.069631
 42
-0.037390
  0
VERTEX
  8
0
 10
18798.245041
 20
23250.395282
 42
-0.036789
  0
VERTEX
  8
0
 10
18770.581380
 20
23386.000000
 42
-0.016362
  0
VERTEX
  8
0
 10
18765.669002
 20
23437.566520
 42
-0.013803
  0
VERTEX
  8
0
 10
18763.769497
 20
23492.360592
 42
-0.013686
  0
VERTEX
  8
0
 10
18764.894648
 20
23547.722068
 42
-0.015222
  0
VERTEX
  8
0
 10
18769.065898
 20
23601.000000
 42
-0.037480
  0
VERTEX
  8
0
 10
18793.904079
 20
23734.835021
 42
-0.037021
  0
VERTEX
  8
0
 10
18838.509877
 20
23864.034955
 42
-0.037004
  0
VERTEX
  8
0
 10
18901.705350
 20
23985.298663
 42
-0.037370
  0
VERTEX
  8
0
 10
18981.902402
 20
24095.500000
 42
-0.008749
  0
VERTEX
  8
0
 10
18999.069155
 20
24115.021654
 42
-0.006421
  0
VERTEX
  8
0
 10
19018.756226
 20
24136.084932
 42
-0.006370
  0
VERTEX
  8
0
 10
19039.211194
 20
24156.877201
 42
-0.008001
  0
VERTEX
  8
0
 10
19058.712369
 20
24175.592392
 42
-0.036777
  0
VERTEX
  8
0
 10
19162.055869
 20
24258.364021
 42
-0.036086
  0
VERTEX
  8
0
 10
19277.047181
 20
24325.685394
 42
-0.036052
  0
VERTEX
  8
0
 10
19400.631383
 20
24375.827206
 42
-0.036552
  0
VERTEX
  8
0
 10
19529.572834
 20
24407.421095
 42
-0.013577
  0
VERTEX
  8
0
 10
19580.706616
 20
24414.630436
 42
-0.014289
  0
VERTEX
  8
0
 10
19631.292516
 20
24418.906851
 42
-0.014151
  0
VERTEX
  8
0
 10
19682.500071
 20
24420.313416
 42
-0.012765
  0
SEQEND
  0
POLYLINE
  8
0
 66
1
 70
1
  0
VERTEX
  8
0
 10
3298.500000
 20
19661.904884
 42
0.037520
  0
VERTEX
  8
0
 10
3239.640099
 20
19653.487410
 42
0.038745
  0
VERTEX
  8
0
 10
3183.350354
 20
19636.413556
 42
0.038503
  0
VERTEX
  8
0
 10
3130.051440
 20
19610.738232
 42
0.036113
  0
VERTEX
  8
0
 10
3080.099063
 20
19576.704478
 42
0.020178
  0
VERTEX
  8
0
 10
3066.869707
 20
19565.319070
 42
0.008026
  0
VERTEX
  8
0
 10
3049.623921
 20
19548.695586
 42
0.008000
  0
VERTEX
  8
0
 10
3032.967471
 20
19531.577099
 42
0.020933
  0
VERTEX
  8
0
 10
3021.736122
 20
19518.611784
 42
0.056136
  0
VERTEX
  8
0
 10
2973.275702
 20
19441.289450
 42
0.058534
  0
VERTEX
  8
0
 10
2944.055433
 20
19356.190639
 42
0.058786
  0
VERTEX
  8
0
 10
2935.429440
 20
19266.971153
 42
0.057504
  0
VERTEX
  8
0
 10
2947.667247
 20
19177.500000
 42
0.045379
  0
VERTEX
  8
0
 10
2971.131818
 20
19111.484621
 42
0.045218
  0
VERTEX
  8
0
 10
3006.142744
 20
19050.701608
 42
0.045280
  0
VERTEX
  8
0
 10
3051.458656
 20
18997.276511
 42
0.045767
  0
VERTEX
  8
0
 10
3105.500000
 20
18953.092966
 42
0.028848
  0
VERTEX
  8
0
 10
3146.342225
 20
18928.820073
 42
0.031091
  0
VERTEX
  8
0
 10
3188.719024
 20
18910.079339
 42
0.030674
  0
VERTEX
  8
0
 10
3233.616563
 20
18896.539785
 42
0.026634
  0
VERTEX
  8
0
 10
3282.000000
 20
18887.819956
 42
0.026364
  0
VERTEX
  8
0
 10
3298.251053
 20
18886.642328
 42
0.006341
  0
VERTEX
  8
0
 10
3325.271446
 20
18886.454797
 42
0.006485
  0
VERTEX
  8
0
 10
3352.394393
 20
18886.962367
 42
0.023834
  0
VERTEX
  8
0
 10
3369.500000
 20
18888.322381
 42
0.038969
  0
VERTEX
  8
0
 10
3433.085422
 20
18901.536354
 42
0.041451
  0
VERTEX
  8
0
 10
3492.493903
 20
18924.282003
 42
0.041733
  0
VERTEX
  8
0
 10
3546.979943
 20
18956.347200
 42
0.040602
  0
VERTEX
  8
0
 10
3595.925092
 20
18997.281116
 42
0.040845
  0
VERTEX
  8
0
 10
3638.681996
 20
19046.875726
 42
0.042974
  0
VERTEX
  8
0
 10
3671.997490
 20
19101.959342
 42
0.042568
  0
VERTEX
  8
0
 10
3695.654065
 20
19162.417485
 42
0.038638
  0
VERTEX
  8
0
 10
3709.677198
 20
19228.000000
 42
0.025549
  0
VERTEX
  8
0
 10
3711.050410
 20
19244.642226
 42
0.006307
  0
VERTEX
  8
0
 10
3711.560954
 20
19272.050222
 42
0.006288
  0
VERTEX
  8
0
 10
3711.381066
 20
19299.450411
 42
0.025870
  0
VERTEX
  8
0
 10
3710.206222
 20
19316.000000
 42
0.033460
  0
VERTEX
  8
0
 10
3699.053463
 20
19374.149186
 42
0.037408
  0
VERTEX
  8
0
 10
3680.507353
 20
19428.088478
 42
0.037665
  0
VERTEX
  8
0
 10
3654.264931
 20
19478.342680
 42
0.034829
  0
VERTEX
  8
0
 10
3620.157784
 20
19525.500000
 42
0.011131
  0
VERTEX
  8
0
 10
3616.223051
 20
19530.003829
 42
0.003720
  0
VERTEX
  8
0
 10
3610.275550
 20
19536.416750
 42
0.003700
  0
VERTEX
  8
0
 10
3603.583338
 20
19543.421236
 42
0.004216
  0
VERTEX
  8
0
 10
3597.070794
 20
19550.025107
 42
0.053526
  0
VERTEX
  8
0
 10
3533.270630
 20
19601.299910
 42
0.052926
  0
VERTEX
  8
0
 10
3459.806126
 20
19638.089965
 42
0.052932
  0
VERTEX
  8
0
 10
3380.262816
 20
19658.634584
 42
0.053560
  0
SEQEND
  0
POLYLINE
  8
0
 66
1
 70
1
  0
VERTEX
  8
0
 10
3353.965905
 20
19476.404223
 42
-0.081981
  0
VERTEX
  8
0
 10
3417.287099
 20
19456.074199
 42
-0.082489
  0
VERTEX
  8
0
 10
3470.563012
 20
19416.501691
 42
-0.082069
  0
VERTEX
  8
0
 10
3508.388414
 20
19361.631908
 42
-0.080002
  0
VERTEX
  8
0
 10
3526.974337
 20
19297.026234
 42
-0.021179
  0
VERTEX
  8
0
 10
3527.725844
 20
19287.423820
 42
-0.009038
  0
VERTEX
  8
0
 10
3527.953648
 20
19274.537793
 42
-0.009078
  0
VERTEX
  8
0
 10
3527.712454
 20
19261.539778
 42
-0.019242
  0
VERTEX
  8
0
 10
3526.956157
 20
19251.500000
 42
-0.070947
  0
VERTEX
  8
0
 10
3512.333284
 20
19195.478220
 42
-0.070789
  0
VERTEX
  8
0
 10
3482.626230
 20
19145.730340
 42
-0.070944
  0
VERTEX
  8
0
 10
3440.290464
 20
19106.331551
 42
-0.071781
  0
VERTEX
  8
0
 10
3388.791183
 20
19080.526226
 42
-0.018025
  0
VERTEX
  8
0
 10
3372.434028
 20
19075.731329
 42
-0.022064
  0
VERTEX
  8
0
 10
3356.836084
 20
19072.488491
 42
-0.022060
  0
VERTEX
  8
0
 10
3341.010853
 20
19070.632509
 42
-0.018009
  0
VERTEX
  8
0
 10
3323.970141
 20
19070.008205
 42
-0.061598
  0
VERTEX
  8
0
 10
3273.604731
 20
19076.205672
 42
-0.062616
  0
VERTEX
  8
0
 10
3226.564615
 20
19094.480293
 42
-0.062576
  0
VERTEX
  8
0
 10
3185.486597
 20
19123.843686
 42
-0.061380
  0
VERTEX
  8
0
 10
3152.644079
 20
19162.630714
 42
-0.064921
  0
VERTEX
  8
0
 10
3129.869413
 20
19209.737747
 42
-0.064504
  0
VERTEX
  8
0
 10
3119.871077
 20
19261.213398
 42
-0.064375
  0
VERTEX
  8
0
 10
3123.312271
 20
19313.630950
 42
-0.064205
  0
VERTEX
  8
0
 10
3139.969171
 20
19363.500000
 42
-0.055123
  0
VERTEX
  8
0
 10
3163.535442
 20
19401.027842
 42
-0.054269
  0
VERTEX
  8
0
 10
3194.842329
 20
19432.719059
 42
-0.054232
  0
VERTEX
  8
0
 10
3232.257135
 20
19456.950121
 42
-0.054893
  0
VERTEX
  8
0
 10
3273.857452
 20
19472.450980
 42
-0.014247
  0
VERTEX
  8
0
 10
3281.795600
 20
19474.213682
 42
-0.007410
  0
VERTEX
  8
0
 10
3291.786204
 20
19475.982135
 42
-0.007400
  0
VERTEX
  8
0
 10
3301.957243
 20
19477.473360
 42
-0.012608
  0
VERTEX
  8
0
 10
3310.500000
 20
19478.378519
 42
-0.024124
  0
VERTEX
  8
0
 10
3318.837531
 20
19478.646322
 42
-0.007316
  0
VERTEX
  8
0
 10
3331.486251
 20
19478.257130
 42
-0.007568
  0
VERTEX
  8
0
 10
3344.388401
 20
19477.475258
 42
-0.017854
  0
SEQEND
  0
POLYLINE
  8
0
 66
1
 70
1
  0
VERTEX
  8
0
 10
6570.500000
 20
19661.904884
 42
0.036038
  0
VERTEX
  8
0
 10
6514.436756
 20
19654.056622
 42
0.036307
  0
VERTEX
  8
0
 10
6460.225275
 20
19638.249759
 42
0.036349
  0
VERTEX
  8
0
 10
6408.929222
 20
19614.788794
 42
0.036308
  0
VERTEX
  8
0
 10
6361.551049
 20
19584.138627
 42
0.021434
  0
VERTEX
  8
0
 10
6337.980459
 20
19564.698563
 42
0.018746
  0
VERTEX
  8
0
 10
6315.041958
 20
19542.455591
 42
0.018779
  0
VERTEX
  8
0
 10
6293.878982
 20
19518.604477
 42
0.021755
  0
VERTEX
  8
0
 10
6275.635744
 20
19494.340529
 42
0.074584
  0
VERTEX
  8
0
 10
6224.958925
 20
19390.044233
 42
0.075100
  0
VERTEX
  8
0
 10
6207.272466
 20
19275.719427
 42
0.075078
  0
VERTEX
  8
0
 10
6224.141932
 20
19161.241436
 42
0.074470
  0
VERTEX
  8
0
 10
6274.073738
 20
19056.500000
 42
0.019266
  0
VERTEX
  8
0
 10
6289.232987
 20
19035.797518
 42
0.014919
  0
VERTEX
  8
0
 10
6307.247582
 20
19014.427351
 42
0.015038
  0
VERTEX
  8
0
 10
6326.279115
 20
18994.416268
 42
0.021155
  0
VERTEX
  8
0
 10
6344.500000
 20
18977.842216
 42
0.037392
  0
VERTEX
  8
0
 10
6394.376190
 20
18942.156088
 42
0.039077
  0
VERTEX
  8
0
 10
6448.302640
 20
18914.886351
 42
0.039215
  0
VERTEX
  8
0
 10
6505.634231
 20
18896.415166
 42
0.038210
  0
VERTEX
  8
0
 10
6565.647250
 20
18886.920573
 42
0.017848
  0
VERTEX
  8
0
 10
6583.271106
 20
18886.129923
 42
0.008578
  0
VERTEX
  8
0
 10
6605.900260
 20
18886.311315
 42
0.008568
  0
VERTEX
  8
0
 10
6628.432288
 20
18887.265157
 42
0.018509
  0
VERTEX
  8
0
 10
6645.701455
 20
18888.936075
 42
0.028924
  0
VERTEX
  8
0
 10
6691.493005
 20
18897.804524
 42
0.029637
  0
VERTEX
  8
0
 10
6735.574285
 20
18911.846770
 42
0.029745
  0
VERTEX
  8
0
 10
6777.536458
 20
18930.945389
 42
0.029614
  0
VERTEX
  8
0
 10
6817.000000
 20
18954.913326
 42
0.021643
  0
VERTEX
  8
0
 10
6837.969766
 20
18970.798193
 42
0.014812
  0
VERTEX
  8
0
 10
6860.407015
 20
18990.524611
 42
0.014825
  0
VERTEX
  8
0
 10
6881.602063
 20
19011.511501
 42
0.021929
  0
VERTEX
  8
0
 10
6898.786122
 20
19031.229707
 42
0.032699
  0
VERTEX
  8
0
 10
6928.096845
 20
19073.381363
 42
0.032656
  0
VERTEX
  8
0
 10
6951.676033
 20
19119.012778
 42
0.032742
  0
VERTEX
  8
0
 10
6969.060421
 20
19167.206203
 42
0.033272
  0
VERTEX
  8
0
 10
6979.893212
 20
19217.000000
 42
0.022781
  0
VERTEX
  8
0
 10
6983.270459
 20
19249.949174
 42
0.020339
  0
VERTEX
  8
0
 10
6983.817952
 20
19284.345311
 42
0.020442
  0
VERTEX
  8
0
 10
6981.574710
 20
19318.474275
 42
0.023750
  0
VERTEX
  8
0
 10
6976.584671
 20
19350.619968
 42
0.020551
  0
VERTEX
  8
0
 10
6968.816687
 20
19382.010371
 42
0.020021
  0
VERTEX
  8
0
 10
6958.440067
 20
19412.936793
 42
0.020168
  0
VERTEX
  8
0
 10
6945.711057
 20
19442.703824
 42
0.021676
  0
VERTEX
  8
0
 10
6930.899715
 20
19470.622421
 42
0.069201
  0
VERTEX
  8
0
 10
6864.431921
 20
19554.641760
 42
0.068953
  0
VERTEX
  8
0
 10
6777.486075
 20
19617.455634
 42
0.069080
  0
VERTEX
  8
0
 10
6676.888398
 20
19654.177053
 42
0.069889
  0
SEQEND
  0
POLYLINE
  8
0
 66
1
 70
1
  0
VERTEX
  8
0
 10
6625.965905
 20
19476.389009
 42
-0.079967
  0
VERTEX
  8
0
 10
6686.838791
 20
19457.208710
 42
-0.078714
  0
VERTEX
  8
0
 10
6738.990812
 20
19419.824147
 42
-0.078437
  0
VERTEX
  8
0
 10
6777.177185
 20
19368.018875
 42
-0.078569
  0
VERTEX
  8
0
 10
6797.522458
 20
19307.000000
 42
-0.022645
  0
VERTEX
  8
0
 10
6798.918722
 20
19295.394562
 42
-0.011250
  0
VERTEX
  8
0
 10
6799.688447
 20
19280.592463
 42
-0.011253
  0
VERTEX
  8
0
 10
6799.791679
 20
19265.738025
 42
-0.022152
  0
VERTEX
  8
0
 10
6799.085430
 20
19253.952415
 42
-0.062045
  0
VERTEX
  8
0
 10
6787.387849
 20
19203.558096
 42
-0.063347
  0
VERTEX
  8
0
 10
6763.731662
 20
19157.956331
 42
-0.063417
  0
VERTEX
  8
0
 10
6729.439894
 20
19119.771145
 42
-0.062423
  0
VERTEX
  8
0
 10
6686.500000
 20
19091.162313
 42
-0.054335
  0
VERTEX
  8
0
 10
6646.010391
 20
19076.177072
 42
-0.052617
  0
VERTEX
  8
0
 10
6602.799007
 20
19070.053722
 42
-0.052679
  0
VERTEX
  8
0
 10
6559.310056
 20
19073.086630
 42
-0.054733
  0
VERTEX
  8
0
 10
6518.000000
 20
19085.155552
 42
-0.085735
  0
VERTEX
  8
0
 10
6458.426122
 20
19122.892607
 42
-0.086665
  0
VERTEX
  8
0
 10
6415.226358
 20
19178.303577
 42
-0.086816
  0
VERTEX
  8
0
 10
6393.415990
 20
19244.989164
 42
-0.086429
  0
VERTEX
  8
0
 10
6395.490756
 20
19315.227572
 42
-0.070606
  0
VERTEX
  8
0
 10
6414.683579
 20
19368.982299
 42
-0.069925
  0
VERTEX
  8
0
 10
6448.121819
 20
19415.472021
 42
-0.069960
  0
VERTEX
  8
0
 10
6493.061265
 20
19450.925430
 42
-0.070799
  0
VERTEX
  8
0
 10
6545.857452
 20
19472.435870
 42
-0.012892
  0
VERTEX
  8
0
 10
6554.216458
 20
19474.302865
 42
-0.007775
  0
VERTEX
  8
0
 10
6564.209482
 20
19476.104905
 42
-0.007791
  0
VERTEX
  8
0
 10
6574.079115
 20
19477.569119
 42
-0.015169
  0
VERTEX
  8
0
 10
6582.000000
 20
19478.374767
 42
-0.021604
  0
VERTEX
  8
0
 10
6590.773074
 20
19478.618949
 42
-0.007440
  0
VERTEX
  8
0
 10
6603.463323
 20
19478.234882
 42
-0.007581
  0
VERTEX
  8
0
 10
6616.340717
 20
19477.457463
 42
-0.017548
  0
SEQEND
  0
POLYLINE
  8
0
 66
1
 70
1
  0
VERTEX
  8
0
 10
10666.000000
 20
19662.314010
 42
0.012242
  0
VERTEX
  8
0
 10
10655.343267
 20
19661.559306
 42
0.005595
  0
VERTEX
  8
0
 10
10641.472714
 20
19660.078252
 42
0.005611
  0
VERTEX
  8
0
 10
10627.405724
 20
19658.256561
 42
0.010338
  0
VERTEX
  8
0
 10
10616.016034
 20
19656.410538
 42
0.077843
  0
VERTEX
  8
0
 10
10502.012881
 20
19616.502424
 42
0.078150
  0
VERTEX
  8
0
 10
10405.845410
 20
19543.685637
 42
0.078162
  0
VERTEX
  8
0
 10
10336.681123
 20
19444.878681
 42
0.077906
  0
VERTEX
  8
0
 10
10301.089342
 20
19329.500000
 42
0.038197
  0
VERTEX
  8
0
 10
10297.152490
 20
19271.144726
 42
0.037625
  0
VERTEX
  8
0
 10
10302.096825
 20
19212.568674
 42
0.037672
  0
VERTEX
  8
0
 10
10315.752227
 20
19155.466762
 42
0.038517
  0
VERTEX
  8
0
 10
10337.748919
 20
19101.500000
 42
0.018482
  0
VERTEX
  8
0
 10
10353.332047
 20
19073.042528
 42
0.021853
  0
VERTEX
  8
0
 10
10370.186700
 20
19047.409352
 42
0.021814
  0
VERTEX
  8
0
 10
10389.241700
 20
19023.306959
 42
0.018295
  0
VERTEX
  8
0
 10
10411.433733
 20
18999.446306
 42
0.041003
  0
VERTEX
  8
0
 10
10461.515753
 20
18956.999243
 42
0.043407
  0
VERTEX
  8
0
 10
10516.944828
 20
18924.197543
 42
0.042914
  0
VERTEX
  8
0
 10
10577.793499
 20
18901.167636
 42
0.038379
  0
VERTEX
  8
0
 10
10644.000000
 20
18887.793778
 42
0.025876
  0
VERTEX
  8
0
 10
10660.381520
 20
18886.631052
 42
0.006345
  0
VERTEX
  8
0
 10
10687.411769
 20
18886.457244
 42
0.006447
  0
VERTEX
  8
0
 10
10714.513948
 20
18886.976373
 42
0.024078
  0
VERTEX
  8
0
 10
10731.500000
 20
18888.341446
 42
0.012361
  0
VERTEX
  8
0
 10
10751.709593
 20
18891.459091
 42
0.011605
  0
VERTEX
  8
0
 10
10772.172806
 20
18895.628245
 42
0.011793
  0
VERTEX
  8
0
 10
10792.051088
 20
18900.657053
 42
0.014117
  0
VERTEX
  8
0
 10
10810.500000
 20
18906.355849
 42
0.066593
  0
VERTEX
  8
0
 10
10902.308272
 20
18951.935984
 42
0.065922
  0
VERTEX
  8
0
 10
10979.261305
 20
19020.176514
 42
0.066037
  0
VERTEX
  8
0
 10
11035.693749
 20
19105.974277
 42
0.067240
  0
VERTEX
  8
0
 10
11067.377668
 20
19203.000000
 42
0.008267
  0
VERTEX
  8
0
 10
11070.464421
 20
19221.557803
 42
0.015409
  0
VERTEX
  8
0
 10
11072.250725
 20
19236.693908
 42
0.014630
  0
VERTEX
  8
0
 10
11073.154433
 20
19252.420941
 42
0.006675
  0
VERTEX
  8
0
 10
11073.458866
 20
19273.000000
 42
0.005768
  0
VERTEX
  8
0
 10
11073.253934
 20
19293.305401
 42
0.013391
  0
VERTEX
  8
0
 10
11072.517069
 20
19308.515381
 42
0.014824
  0
VERTEX
  8
0
 10
11071.024420
 20
19322.701207
 42
0.008812
  0
VERTEX
  8
0
 10
11068.449353
 20
19339.500000
 42
0.067048
  0
VERTEX
  8
0
 10
11037.278537
 20
19438.988387
 42
0.067394
  0
VERTEX
  8
0
 10
10980.931699
 20
19526.491546
 42
0.067402
  0
VERTEX
  8
0
 10
10903.350931
 20
19595.851219
 42
0.067091
  0
VERTEX
  8
0
 10
10810.000000
 20
19642.209626
 42
0.023933
  0
VERTEX
  8
0
 10
10775.221427
 20
19652.176060
 42
0.023133
  0
VERTEX
  8
0
 10
10739.254013
 20
19658.906050
 42
0.023031
  0
VERTEX
  8
0
 10
10702.658261
 20
19662.306853
 42
0.023211
  0
SEQEND
  0
POLYLINE
  8
0
 66
1
 70
1
  0
VERTEX
  8
0
 10
10701.604783
 20
19477.963537
 42
-0.037530
  0
VERTEX
  8
0
 10
10731.914349
 20
19473.220451
 42
-0.037054
  0
VERTEX
  8
0
 10
10761.308576
 20
19463.988144
 42
-0.037158
  0
VERTEX
  8
0
 10
10788.939867
 20
19450.549107
 42
-0.038232
  0
VERTEX
  8
0
 10
10814.000000
 20
19433.279468
 42
-0.020551
  0
VERTEX
  8
0
 10
10822.141223
 20
19426.125883
 42
-0.009637
  0
VERTEX
  8
0
 10
10832.098071
 20
19416.250615
 42
-0.009603
  0
VERTEX
  8
0
 10
10841.598605
 20
19406.073567
 42
-0.022259
  0
VERTEX
  8
0
 10
10848.225647
 20
19398.000000
 42
-0.040911
  0
VERTEX
  8
0
 10
10867.137902
 20
19367.903317
 42
-0.043255
  0
VERTEX
  8
0
 10
10880.491968
 20
19335.672743
 42
-0.043568
  0
VERTEX
  8
0
 10
10888.030353
 20
19301.844627
 42
-0.042736
  0
VERTEX
  8
0
 10
10889.660861
 20
19267.000000
 42
-0.024415
  0
VERTEX
  8
0
 10
10887.705830
 20
19244.708958
 42
-0.027310
  0
VERTEX
  8
0
 10
10883.615950
 20
19223.546389
 42
-0.027732
  0
VERTEX
  8
0
 10
10877.315653
 20
19203.248367
 42
-0.026843
  0
VERTEX
  8
0
 10
10868.749512
 20
19183.543831
 42
-0.088636
  0
VERTEX
  8
0
 10
10825.232807
 20
19125.165195
 42
-0.089518
  0
VERTEX
  8
0
 10
10764.329886
 20
19085.709266
 42
-0.089610
  0
VERTEX
  8
0
 10
10693.532144
 20
19070.058850
 42
-0.089047
  0
VERTEX
  8
0
 10
10621.567612
 20
19080.112856
 42
-0.050874
  0
VERTEX
  8
0
 10
10584.570703
 20
19096.550206
 42
-0.049546
  0
VERTEX
  8
0
 10
10551.298042
 20
19120.241883
 42
-0.049472
  0
VERTEX
  8
0
 10
10523.292593
 20
19150.054117
 42
-0.050403
  0
VERTEX
  8
0
 10
10501.888207
 20
19184.609674
 42
-0.051864
  0
VERTEX
  8
0
 10
10487.607836
 20
19223.704050
 42
-0.050256
  0
VERTEX
  8
0
 10
10481.481626
 20
19265.319657
 42
-0.050432
  0
VERTEX
  8
0
 10
10483.788195
 20
19307.180222
 42
-0.053021
  0
VERTEX
  8
0
 10
10494.456449
 20
19347.000000
 42
-0.055325
  0
VERTEX
  8
0
 10
10515.387385
 20
19387.377434
 42
-0.055446
  0
VERTEX
  8
0
 10
10544.649574
 20
19422.149720
 42
-0.055529
  0
VERTEX
  8
0
 10
10580.793116
 20
19449.598410
 42
-0.055812
  0
VERTEX
  8
0
 10
10622.031155
 20
19468.364491
 42
-0.022553
  0
VERTEX
  8
0
 10
10642.096458
 20
19473.927500
 42
-0.026332
  0
VERTEX
  8
0
 10
10661.573787
 20
19477.325124
 42
-0.026528
  0
VERTEX
  8
0
 10
10681.173643
 20
19478.640443
 42
-0.023547
  0
SEQEND
  0
POLYLINE
  8
0
 66
1
 70
1
  0
VERTEX
  8
0
 10
13938.000000
 20
19662.389163
 42
0.078372
  0
VERTEX
  8
0
 10
13816.475063
 20
19635.956365
 42
0.079918
  0
VERTEX
  8
0
 10
13709.887650
 20
19573.491505
 42
0.080235
  0
VERTEX
  8
0
 10
13628.593499
 20
19481.004535
 42
0.079904
  0
VERTEX
  8
0
 10
13580.405872
 20
19367.500000
 42
0.013395
  0
VERTEX
  8
0
 10
13575.184353
 20
19343.615329
 42
0.018483
  0
VERTEX
  8
0
 10
13571.872155
 20
19321.917089
 42
0.017796
  0
VERTEX
  8
0
 10
13570.091967
 20
19299.409933
 42
0.011156
  0
VERTEX
  8
0
 10
13569.536422
 20
19273.000000
 42
0.006645
  0
VERTEX
  8
0
 10
13569.835610
 20
19252.463658
 42
0.014660
  0
VERTEX
  8
0
 10
13570.731861
 20
19236.805318
 42
0.015367
  0
VERTEX
  8
0
 10
13572.512408
 20
19221.685862
 42
0.008060
  0
VERTEX
  8
0
 10
13575.606122
 20
19203.000000
 42
0.047187
  0
VERTEX
  8
0
 10
13594.733843
 20
19135.076868
 42
0.045842
  0
VERTEX
  8
0
 10
13626.393812
 20
19071.243299
 42
0.045585
  0
VERTEX
  8
0
 10
13669.353634
 20
19013.921767
 42
0.045549
  0
VERTEX
  8
0
 10
13722.000000
 20
18965.316995
 42
0.030905
  0
VERTEX
  8
0
 10
13760.292281
 20
18939.529452
 42
0.029876
  0
VERTEX
  8
0
 10
13801.896944
 20
18918.335372
 42
0.029820
  0
VERTEX
  8
0
 10
13845.811430
 20
18902.215884
 42
0.030509
  0
VERTEX
  8
0
 10
13891.000000
 20
18891.579222
 42
0.007110
  0
VERTEX
  8
0
 10
13908.544104
 20
18888.820697
 42
0.016378
  0
VERTEX
  8
0
 10
13921.819995
 20
18887.368082
 42
0.014520
  0
VERTEX
  8
0
 10
13936.085011
 20
18886.694383
 42
0.004538
  0
VERTEX
  8
0
 10
13957.500000
 20
18886.500000
 42
0.004531
  0
VERTEX
  8
0
 10
13978.901866
 20
18886.693935
 42
0.014504
  0
VERTEX
  8
0
 10
13993.155252
 20
18887.366172
 42
0.016339
  0
VERTEX
  8
0
 10
14006.430362
 20
18888.816363
 42
0.007064
  0
VERTEX
  8
0
 10
14024.000000
 20
18891.572726
 42
0.027375
  0
VERTEX
  8
0
 10
14064.195886
 20
18900.750481
 42
0.026688
  0
VERTEX
  8
0
 10
14103.499424
 20
18914.326143
 42
0.026554
  0
VERTEX
  8
0
 10
14141.324935
 20
18932.089032
 42
0.026455
  0
VERTEX
  8
0
 10
14177.103430
 20
18953.780957
 42
0.021375
  0
VERTEX
  8
0
 10
14197.774171
 20
18969.192757
 42
0.014552
  0
VERTEX
  8
0
 10
14219.971993
 20
18988.369712
 42
0.014598
  0
VERTEX
  8
0
 10
14240.877682
 20
19008.674192
 42
0.022558
  0
VERTEX
  8
0
 10
14257.587191
 20
19027.508735
 42
0.058867
  0
VERTEX
  8
0
 10
14308.223593
 20
19107.743259
 42
0.060798
  0
VERTEX
  8
0
 10
14338.095737
 20
19196.711601
 42
0.061073
  0
VERTEX
  8
0
 10
14345.612009
 20
19289.885621
 42
0.060366
  0
VERTEX
  8
0
 10
14330.467728
 20
19382.500000
 42
0.048347
  0
VERTEX
  8
0
 10
14302.684723
 20
19452.203105
 42
0.048371
  0
VERTEX
  8
0
 10
14262.036939
 20
19515.260975
 42
0.048344
  0
VERTEX
  8
0
 10
14210.006821
 20
19569.365282
 42
0.048182
  0
VERTEX
  8
0
 10
14148.500000
 20
19612.540319
 42
0.026341
  0
VERTEX
  8
0
 10
14113.729041
 20
19629.901076
 42
0.024936
  0
VERTEX
  8
0
 10
14076.691919
 20
19643.865061
 42
0.024819
  0
VERTEX
  8
0
 10
14038.266474
 20
19654.130523
 42
0.025472
  0
VERTEX
  8
0
 10
13999.343838
 20
19660.431615
 42
0.014265
  0
VERTEX
  8
0
 10
13986.410855
 20
19661.481931
 42
0.005152
  0
VERTEX
  8
0
 10
13967.984818
 20
19662.260036
 42
0.005002
  0
VERTEX
  8
0
 10
13949.766805
 20
19662.659004
 42
0.017412
  0
SEQEND
  0
POLYLINE
  8
0
 66
1
 70
1
  0
VERTEX
  8
0
 10
13973.500000
 20
19477.985925
 42
-0.069185
  0
VERTEX
  8
0
 10
14029.295182
 20
19465.518604
 42
-0.070297
  0
VERTEX
  8
0
 10
14079.242127
 20
19438.339302
 42
-0.070172
  0
VERTEX
  8
0
 10
14119.775829
 20
19398.334729
 42
-0.068539
  0
VERTEX
  8
0
 10
14148.050004
 20
19348.374123
 42
-0.032431
  0
VERTEX
  8
0
 10
14155.183379
 20
19326.354499
 42
-0.027877
  0
VERTEX
  8
0
 10
14159.846502
 20
19302.456751
 42
-0.027825
  0
VERTEX
  8
0
 10
14161.828760
 20
19278.137548
 42
-0.031944
  0
VERTEX
  8
0
 10
14160.939588
 20
19254.855955
 42
-0.041303
  0
VERTEX
  8
0
 10
14154.371092
 20
19219.678546
 42
-0.043842
  0
VERTEX
  8
0
 10
14142.185951
 20
19186.786711
 42
-0.043963
  0
VERTEX
  8
0
 10
14124.489131
 20
19156.602630
 42
-0.041983
  0
VERTEX
  8
0
 10
14101.541101
 20
19129.471845
 42
-0.057251
  0
VERTEX
  8
0
 10
14065.155702
 20
19100.619669
 42
-0.057062
  0
VERTEX
  8
0
 10
14023.136080
 20
19080.732033
 42
-0.057071
  0
VERTEX
  8
0
 10
13977.714832
 20
19070.858951
 42
-0.057302
  0
VERTEX
  8
0
 10
13931.301216
 20
19071.530133
 42
-0.074611
  0
VERTEX
  8
0
 10
13872.979741
 20
19088.167320
 42
-0.074487
  0
VERTEX
  8
0
 10
13822.072989
 20
19121.195623
 42
-0.074500
  0
VERTEX
  8
0
 10
13783.086564
 20
19167.685290
 42
-0.074681
  0
VERTEX
  8
0
 10
13759.477031
 20
19223.522312
 42
-0.063344
  0
VERTEX
  8
0
 10
13753.058670
 20
19274.839225
 42
-0.063851
  0
VERTEX
  8
0
 10
13759.725491
 20
19325.984290
 42
-0.063889
  0
VERTEX
  8
0
 10
13779.073873
 20
19373.765704
 42
-0.063557
  0
VERTEX
  8
0
 10
13809.884817
 20
19415.208382
 42
-0.018169
  0
VERTEX
  8
0
 10
13823.596490
 20
19428.456811
 42
-0.024420
  0
VERTEX
  8
0
 10
13836.991065
 20
19439.356280
 42
-0.024756
  0
VERTEX
  8
0
 10
13851.234404
 20
19448.784452
 42
-0.019515
  0
VERTEX
  8
0
 10
13867.500000
 20
19457.590167
 42
-0.033158
  0
VERTEX
  8
0
 10
13892.907401
 20
19468.060091
 42
-0.033637
  0
VERTEX
  8
0
 10
13919.355377
 20
19475.020491
 42
-0.033793
  0
VERTEX
  8
0
 10
13946.378221
 20
19478.348253
 42
-0.034177
  0
SEQEND
  0
POLYLINE
  8
0
 66
1
 70
1
  0
VERTEX
  8
0
 10
18022.500000
 20
19661.937919
 42
0.081986
  0
VERTEX
  8
0
 10
17899.450170
 20
19633.439225
 42
0.081862
  0
VERTEX
  8
0
 10
17792.016947
 20
19566.895898
 42
0.081773
  0
VERTEX
  8
0
 10
17711.532706
 20
19469.318871
 42
0.081552
  0
VERTEX
  8
0
 10
17666.486899
 20
19351.000000
 42
0.023416
  0
VERTEX
  8
0
 10
17661.449999
 20
19318.595724
 42
0.020544
  0
VERTEX
  8
0
 10
17659.180273
 20
19284.412171
 42
0.020472
  0
VERTEX
  8
0
 10
17659.720862
 20
19250.022718
 42
0.022764
  0
VERTEX
  8
0
 10
17663.106788
 20
19217.000000
 42
0.030853
  0
VERTEX
  8
0
 10
17672.982205
 20
19170.526850
 42
0.030600
  0
VERTEX
  8
0
 10
17688.521601
 20
19125.490395
 42
0.030498
  0
VERTEX
  8
0
 10
17709.500734
 20
19082.544538
 42
0.030179
  0
VERTEX
  8
0
 10
17735.614477
 20
19042.312244
 42
0.019621
  0
VERTEX
  8
0
 10
17749.960270
 20
19024.400589
 42
0.013287
  0
VERTEX
  8
0
 10
17767.617283
 20
19005.106037
 42
0.013255
  0
VERTEX
  8
0
 10
17786.355628
 20
18986.694456
 42
0.018933
  0
VERTEX
  8
0
 10
17804.000000
 20
18971.460035
 42
0.036566
  0
VERTEX
  8
0
 10
17851.695469
 20
18938.740914
 42
0.037126
  0
VERTEX
  8
0
 10
17903.413314
 20
18913.505903
 42
0.037110
  0
VERTEX
  8
0
 10
17958.316667
 20
18896.188066
 42
0.036465
  0
VERTEX
  8
0
 10
18015.500000
 20
18887.049951
 42
0.015034
  0
VERTEX
  8
0
 10
18029.142366
 20
18886.292012
 42
0.006349
  0
VERTEX
  8
0
 10
18047.490946
 20
18886.058287
 42
0.006350
  0
VERTEX
  8
0
 10
18065.843082
 20
18886.290613
 42
0.015000
  0
VERTEX
  8
0
 10
18079.500000
 20
18887.047375
 42
0.037791
  0
VERTEX
  8
0
 10
18137.970920
 20
18896.537419
 42
0.037939
  0
VERTEX
  8
0
 10
18194.268417
 20
18914.713230
 42
0.037914
  0
VERTEX
  8
0
 10
18247.206861
 20
18941.200637
 42
0.037636
  0
VERTEX
  8
0
 10
18295.677169
 20
18975.435865
 42
0.017110
  0
VERTEX
  8
0
 10
18308.356302
 20
18986.655474
 42
0.008753
  0
VERTEX
  8
0
 10
18323.519327
 20
19001.539829
 42
0.008754
  0
VERTEX
  8
0
 10
18338.192797
 20
19016.988777
 42
0.016651
  0
VERTEX
  8
0
 10
18349.350388
 20
19030.000000
 42
0.014389
  0
VERTEX
  8
0
 10
18363.134402
 20
19048.253749
 42
0.014095
  0
VERTEX
  8
0
 10
18375.944584
 20
19067.393777
 42
0.014154
  0
VERTEX
  8
0
 10
18387.603743
 20
19087.142115
 42
0.014827
  0
VERTEX
  8
0
 10
18397.937946
 20
19107.218985
 42
0.056876
  0
VERTEX
  8
0
 10
18426.448418
 20
19189.893477
 42
0.056473
  0
VERTEX
  8
0
 10
18435.690454
 20
19277.067073
 42
0.056506
  0
VERTEX
  8
0
 10
18425.193517
 20
19364.052250
 42
0.057069
  0
VERTEX
  8
0
 10
18395.496530
 20
19446.171568
 42
0.018108
  0
VERTEX
  8
0
 10
18380.556525
 20
19473.700356
 42
0.021068
  0
VERTEX
  8
0
 10
18364.348797
 20
19498.679515
 42
0.021070
  0
VERTEX
  8
0
 10
18346.097437
 20
19522.204419
 42
0.018116
  0
VERTEX
  8
0
 10
18325.023536
 20
19545.368276
 42
0.011453
  0
VERTEX
  8
0
 10
18308.908130
 20
19561.103861
 42
0.014802
  0
VERTEX
  8
0
 10
18293.379368
 20
19574.750210
 42
0.015074
  0
VERTEX
  8
0
 10
18277.308962
 20
19587.253958
 42
0.012666
  0
VERTEX
  8
0
 10
18259.568361
 20
19599.541129
 42
0.040761
  0
VERTEX
  8
0
 10
18205.111788
 20
19629.215642
 42
0.040045
  0
VERTEX
  8
0
 10
18146.242716
 20
19649.868482
 42
0.039988
  0
VERTEX
  8
0
 10
18084.752404
 20
19660.894696
 42
0.040392
  0
SEQEND
  0
POLYLINE
  8
0
 66
1
 70
1
  0
VERTEX
  8
0
 10
18077.500000
 20
19476.429726
 42
-0.069301
  0
VERTEX
  8
0
 10
18131.077915
 20
19460.666728
 42
-0.068542
  0
VERTEX
  8
0
 10
18178.531576
 20
19430.824061
 42
-0.068518
  0
VERTEX
  8
0
 10
18216.164510
 20
19389.253225
 42
-0.069169
  0
VERTEX
  8
0
 10
18241.018170
 20
19339.187528
 42
-0.068490
  0
VERTEX
  8
0
 10
18251.388564
 20
19284.045279
 42
-0.069007
  0
VERTEX
  8
0
 10
18246.432648
 20
19228.298962
 42
-0.069048
  0
VERTEX
  8
0
 10
18226.500130
 20
19176.033007
 42
-0.068705
  0
VERTEX
  8
0
 10
18193.064385
 20
19131.070104
 42
-0.071133
  0
VERTEX
  8
0
 10
18146.926975
 20
19095.838360
 42
-0.071539
  0
VERTEX
  8
0
 10
18092.852489
 20
19075.032375
 42
-0.071446
  0
VERTEX
  8
0
 10
18035.042529
 20
19070.291754
 42
-0.070648
  0
VERTEX
  8
0
 10
17978.000000
 20
19081.967195
 42
-0.027885
  0
VERTEX
  8
0
 10
17957.469888
 20
19090.615950
 42
-0.028511
  0
VERTEX
  8
0
 10
17938.187057
 20
19101.439224
 42
-0.028155
  0
VERTEX
  8
0
 10
17920.040775
 20
19114.525177
 42
-0.025766
  0
VERTEX
  8
0
 10
17902.907859
 20
19129.937726
 42
-0.050452
  0
VERTEX
  8
0
 10
17876.235986
 20
19162.527418
 42
-0.052616
  0
VERTEX
  8
0
 10
17857.065155
 20
19199.358895
 42
-0.052599
  0
VERTEX
  8
0
 10
17845.999665
 20
19239.391792
 42
-0.050358
  0
VERTEX
  8
0
 10
17843.306478
 20
19281.452415
 42
-0.019171
  0
VERTEX
  8
0
 10
17844.708295
 20
19300.102130
 42
-0.023489
  0
VERTEX
  8
0
 10
17847.497978
 20
19317.352401
 42
-0.023823
  0
VERTEX
  8
0
 10
17851.851758
 20
19334.058734
 42
-0.020774
  0
VERTEX
  8
0
 10
17857.948837
 20
19351.071871
 42
-0.045792
  0
VERTEX
  8
0
 10
17875.270865
 20
19384.574793
 42
-0.046799
  0
VERTEX
  8
0
 10
17898.292885
 20
19414.102241
 42
-0.046644
  0
VERTEX
  8
0
 10
17926.481635
 20
19438.916469
 42
-0.044895
  0
VERTEX
  8
0
 10
17959.130714
 20
19458.436995
 42
-0.021965
  0
VERTEX
  8
0
 10
17975.848462
 20
19465.608082
 42
-0.021924
  0
VERTEX
  8
0
 10
17993.141393
 20
19471.289838
 42
-0.022026
  0
VERTEX
  8
0
 10
18010.784033
 20
19475.412607
 42
-0.022686
  0
VERTEX
  8
0
 10
18028.548215
 20
19477.918733
 42
-0.020932
  0
VERTEX
  8
0
 10
18039.203600
 20
19478.483246
 42
-0.010370
  0
VERTEX
  8
0
 10
18052.745840
 20
19478.352312
 42
-0.010374
  0
VERTEX
  8
0
 10
18066.409078
 20
19477.652743
 42
-0.018964
  0
SEQEND
  0
POLYLINE
  8
0
 66
1
 70
1
  0
VERTEX
  8
0
 10
21293.500000
 20
19661.892808
 42
0.044495
  0
VERTEX
  8
0
 10
21227.742258
 20
19651.840746
 42
0.043066
  0
VERTEX
  8
0
 10
21164.045109
 20
19630.257453
 42
0.042879
  0
VERTEX
  8
0
 10
21104.728181
 20
19597.969195
 42
0.043269
  0
VERTEX
  8
0
 10
21051.980991
 20
19556.122365
 42
0.041960
  0
VERTEX
  8
0
 10
21009.153373
 20
19508.243897
 42
0.041308
  0
VERTEX
  8
0
 10
20974.669259
 20
19453.645996
 42
0.041372
  0
VERTEX
  8
0
 10
20949.674187
 20
19394.206956
 42
0.042380
  0
VERTEX
  8
0
 10
20935.051093
 20
19331.938789
 42
0.009100
  0
VERTEX
  8
0
 10
20932.872381
 20
19314.977531
 42
0.013420
  0
VERTEX
  8
0
 10
20931.632076
 20
19300.016916
 42
0.012591
  0
VERTEX
  8
0
 10
20931.150230
 20
19284.324396
 42
0.006809
  0
VERTEX
  8
0
 10
20931.306842
 20
19265.000000
 42
0.005892
  0
VERTEX
  8
0
 10
20931.907091
 20
19247.092758
 42
0.012402
  0
VERTEX
  8
0
 10
20932.881471
 20
19233.214609
 42
0.013154
  0
VERTEX
  8
0
 10
20934.500120
 20
19219.925277
 42
0.007557
  0
VERTEX
  8
0
 10
20937.113019
 20
19204.000000
 42
0.028951
  0
VERTEX
  8
0
 10
20946.831994
 20
19163.518192
 42
0.026646
  0
VERTEX
  8
0
 10
20961.379838
 20
19123.263276
 42
0.026571
  0
VERTEX
  8
0
 10
20980.176069
 20
19084.667706
 42
0.028359
  0
VERTEX
  8
0
 10
21002.596396
 20
19049.146335
 42
0.069852
  0
VERTEX
  8
0
 10
21077.491781
 20
18970.221813
 42
0.070385
  0
VERTEX
  8
0
 10
21171.041231
 20
18915.212286
 42
0.070337
  0
VERTEX
  8
0
 10
21276.238093
 20
18888.285431
 42
0.069601
  0
VERTEX
  8
0
 10
21385.169287
 20
18891.427270
 42
0.038988
  0
VERTEX
  8
0
 10
21442.348689
 20
18905.768932
 42
0.038243
  0
VERTEX
  8
0
 10
21496.994721
 20
18928.881666
 42
0.038194
  0
VERTEX
  8
0
 10
21547.549662
 20
18960.081739
 42
0.038658
  0
VERTEX
  8
0
 10
21592.552162
 20
18998.494608
 42
0.006826
  0
VERTEX
  8
0
 10
21603.947832
 20
19010.169338
 42
0.011200
  0
VERTEX
  8
0
 10
21613.232462
 20
19020.393979
 42
0.011468
  0
VERTEX
  8
0
 10
21621.895074
 20
19030.848891
 42
0.007625
  0
VERTEX
  8
0
 10
21631.363881
 20
19043.208363
 42
0.063767
  0
VERTEX
  8
0
 10
21679.322751
 20
19128.721003
 42
0.063467
  0
VERTEX
  8
0
 10
21704.283219
 20
19223.694909
 42
0.063448
  0
VERTEX
  8
0
 10
21704.628109
 20
19321.919877
 42
0.063658
  0
VERTEX
  8
0
 10
21680.319622
 20
19416.976697
 42
0.039096
  0
VERTEX
  8
0
 10
21653.387740
 20
19471.933790
 42
0.039249
  0
VERTEX
  8
0
 10
21618.259768
 20
19521.952135
 42
0.039288
  0
VERTEX
  8
0
 10
21575.782868
 20
19565.822453
 42
0.039341
  0
VERTEX
  8
0
 10
21526.984624
 20
19602.486574
 42
0.013276
  0
VERTEX
  8
0
 10
21514.865644
 20
19609.737364
 42
0.007526
  0
VERTEX
  8
0
 10
21499.836697
 20
19617.900330
 42
0.007501
  0
VERTEX
  8
0
 10
21484.387439
 20
19625.699798
 42
0.011956
  0
VERTEX
  8
0
 10
21470.928865
 20
19631.849438
 42
0.030178
  0
VERTEX
  8
0
 10
21428.778537
 20
19646.966382
 42
0.029078
  0
VERTEX
  8
0
 10
21384.591728
 20
19657.120379
 42
0.028874
  0
VERTEX
  8
0
 10
21339.212240
 20
19662.132512
 42
0.028766
  0
SEQEND
  0
POLYLINE
  8
0
 66
1
 70
1
  0
VERTEX
  8
0
 10
21349.000000
 20
19476.414944
 42
-0.061074
  0
VERTEX
  8
0
 10
21396.726751
 20
19463.329644
 42
-0.060849
  0
VERTEX
  8
0
 10
21439.943501
 20
19439.091314
 42
-0.060802
  0
VERTEX
  8
0
 10
21476.083218
 20
19405.143096
 42
-0.060808
  0
VERTEX
  8
0
 10
21502.995128
 20
19363.500000
 42
-0.057648
  0
VERTEX
  8
0
 10
21518.396575
 20
19319.556048
 42
-0.056867
  0
VERTEX
  8
0
 10
21523.453907
 20
19273.051059
 42
-0.056961
  0
VERTEX
  8
0
 10
21517.904621
 20
19226.673713
 42
-0.058215
  0
VERTEX
  8
0
 10
21502.040983
 20
19183.105315
 42
-0.052904
  0
VERTEX
  8
0
 10
21478.217076
 20
19146.034415
 42
-0.053702
  0
VERTEX
  8
0
 10
21447.251213
 20
19114.994656
 42
-0.053865
  0
VERTEX
  8
0
 10
21410.478934
 20
19091.338381
 42
-0.053854
  0
VERTEX
  8
0
 10
21369.500000
 20
19076.080359
 42
-0.025725
  0
VERTEX
  8
0
 10
21351.522958
 20
19072.484993
 42
-0.021027
  0
VERTEX
  8
0
 10
21332.016563
 20
19070.450799
 42
-0.021062
  0
VERTEX
  8
0
 10
21312.449299
 20
19070.064414
 42
-0.026129
  0
VERTEX
  8
0
 10
21294.290598
 20
19071.421902
 42
-0.089245
  0
VERTEX
  8
0
 10
21223.769504
 20
19093.614350
 42
-0.091103
  0
VERTEX
  8
0
 10
21165.983509
 20
19138.889996
 42
-0.091340
  0
VERTEX
  8
0
 10
21128.173182
 20
19201.637073
 42
-0.090280
  0
VERTEX
  8
0
 10
21115.000000
 20
19274.000000
 42
-0.048418
  0
VERTEX
  8
0
 10
21118.957252
 20
19314.769750
 42
-0.050667
  0
VERTEX
  8
0
 10
21130.677037
 20
19353.370848
 42
-0.050749
  0
VERTEX
  8
0
 10
21149.898416
 20
19388.771557
 42
-0.048877
  0
VERTEX
  8
0
 10
21176.070104
 20
19420.064385
 42
-0.057617
  0
VERTEX
  8
0
 10
21213.186495
 20
19448.959799
 42
-0.057910
  0
VERTEX
  8
0
 10
21255.855613
 20
19468.564877
 42
-0.057873
  0
VERTEX
  8
0
 10
21301.909284
 20
19477.871160
 42
-0.057406
  0
SEQEND
  0
POLYLINE
  8
0
 66
1
 70
1
  0
VERTEX
  8
0
 10
4929.000000
 20
18053.397299
 42
-0.000827
  0
VERTEX
  8
0
 10
4927.062441
 20
18053.179968
 42
-0.000182
  0
VERTEX
  8
0
 10
4923.737500
 20
18052.813810
 42
-0.000190
  0
VERTEX
  8
0
 10
4919.893753
 20
18052.393414
 42
-0.000182
  0
VERTEX
  8
0
 10
4916.000000
 20
18051.970479
 42
0.055246
  0
VERTEX
  8
0
 10
4834.995510
 20
18034.008583
 42
0.053490
  0
VERTEX
  8
0
 10
4758.944392
 20
17998.625570
 42
0.053432
  0
VERTEX
  8
0
 10
4692.056391
 20
17947.871390
 42
0.054881
  0
VERTEX
  8
0
 10
4638.115262
 20
17884.511781
 42
0.007408
  0
VERTEX
  8
0
 10
4629.814304
 20
17871.864156
 42
0.011147
  0
VERTEX
  8
0
 10
4622.990775
 20
17860.575754
 42
0.010919
  0
VERTEX
  8
0
 10
4616.576688
 20
17848.822901
 42
0.006723
  0
VERTEX
  8
0
 10
4609.519218
 20
17834.730579
 42
0.026760
  0
VERTEX
  8
0
 10
4592.402595
 20
17793.943458
 42
0.029591
  0
VERTEX
  8
0
 10
4580.391074
 20
17752.894214
 42
0.029582
  0
VERTEX
  8
0
 10
4573.306908
 20
17710.702876
 42
0.026712
  0
VERTEX
  8
0
 10
4570.926688
 20
17666.500000
 42
0.006667
  0
VERTEX
  8
0
 10
4571.159612
 20
17648.514572
 42
0.012139
  0
VERTEX
  8
0
 10
4571.902113
 20
17633.841654
 42
0.012750
  0
VERTEX
  8
0
 10
4573.324018
 20
17619.717741
 42
0.008327
  0
VERTEX
  8
0
 10
4575.649748
 20
17603.506103
 42
0.032569
  0
VERTEX
  8
0
 10
4586.846217
 20
17554.419114
 42
0.032915
  0
VERTEX
  8
0
 10
4604.293334
 20
17507.380468
 42
0.032555
  0
VERTEX
  8
0
 10
4627.972591
 20
17462.563655
 42
0.030391
  0
VERTEX
  8
0
 10
4657.767754
 20
17420.107576
 42
0.022200
  0
VERTEX
  8
0
 10
4668.526365
 20
17407.768540
 42
0.007184
  0
VERTEX
  8
0
 10
4685.499607
 20
17390.467730
 42
0.007290
  0
VERTEX
  8
0
 10
4703.105823
 20
17373.531378
 42
0.019717
  0
VERTEX
  8
0
 10
4716.229707
 20
17362.205315
 42
0.027025
  0
VERTEX
  8
0
 10
4751.288123
 20
17337.254280
 42
0.027618
  0
VERTEX
  8
0
 10
4788.586464
 20
17316.426615
 42
0.027595
  0
VERTEX
  8
0
 10
4827.984833
 20
17299.821379
 42
0.026874
  0
VERTEX
  8
0
 10
4869.318765
 20
17287.488262
 42
0.028569
  0
VERTEX
  8
0
 10
4910.275537
 20
17280.072959
 42
0.026218
  0
VERTEX
  8
0
 10
4953.006684
 20
17277.095491
 42
0.026247
  0
VERTEX
  8
0
 10
4995.762879
 20
17278.607089
 42
0.028814
  0
VERTEX
  8
0
 10
5036.794283
 20
17284.616877
 42
0.029114
  0
VERTEX
  8
0
 10
5081.683716
 20
17296.618878
 42
0.029843
  0
VERTEX
  8
0
 10
5124.494450
 20
17313.675208
 42
0.029822
  0
VERTEX
  8
0
 10
5164.998688
 20
17335.720366
 42
0.028979
  0
VERTEX
  8
0
 10
5203.000000
 20
17362.620970
 42
0.018232
  0
VERTEX
  8
0
 10
5216.971981
 20
17374.640036
 42
0.009235
  0
VERTEX
  8
0
 10
5233.710354
 20
17390.719742
 42
0.009227
  0
VERTEX
  8
0
 10
5249.771725
 20
17407.331900
 42
0.019078
  0
VERTEX
  8
0
 10
5261.565962
 20
17421.000000
 42
0.033283
  0
VERTEX
  8
0
 10
5293.048307
 20
17466.309768
 42
0.035460
  0
VERTEX
  8
0
 10
5317.502391
 20
17514.473288
 42
0.035319
  0
VERTEX
  8
0
 10
5334.982489
 20
17565.788345
 42
0.032495
  0
VERTEX
  8
0
 10
5345.660076
 20
17620.500000
 42
0.024016
  0
VERTEX
  8
0
 10
5347.119798
 20
17638.765496
 42
0.007860
  0
VERTEX
  8
0
 10
5347.552136
 20
17665.776647
 42
0.007797
  0
VERTEX
  8
0
 10
5347.139867
 20
17692.703899
 42
0.025318
  0
VERTEX
  8
0
 10
5345.685751
 20
17710.500000
 42
0.030865
  0
VERTEX
  8
0
 10
5334.816601
 20
17765.861708
 42
0.035478
  0
VERTEX
  8
0
 10
5317.545912
 20
17816.864815
 42
0.035878
  0
VERTEX
  8
0
 10
5293.437967
 20
17864.424251
 42
0.032938
  0
VERTEX
  8
0
 10
5262.152549
 20
17909.500000
 42
0.019887
  0
VERTEX
  8
0
 10
5250.435269
 20
17923.067574
 42
0.008395
  0
VERTEX
  8
0
 10
5233.690585
 20
17940.373816
 42
0.008379
  0
VERTEX
  8
0
 10
5216.414399
 20
17957.070468
 42
0.020437
  0
VERTEX
  8
0
 10
5203.000000
 20
17968.617194
 42
0.031839
  0
VERTEX
  8
0
 10
5158.474287
 20
17999.485110
 42
0.035101
  0
VERTEX
  8
0
 10
5111.777381
 20
18023.344317
 42
0.034878
  0
VERTEX
  8
0
 10
5061.931734
 20
18040.554781
 42
0.030683
  0
VERTEX
  8
0
 10
5008.000000
 20
18051.565040
 42
0.026195
  0
VERTEX
  8
0
 10
4995.684083
 20
18052.647405
 42
0.003023
  0
VERTEX
  8
0
 10
4967.924090
 20
18053.459179
 42
0.002745
  0
VERTEX
  8
0
 10
4939.990894
 20
18053.953616
 42
0.031401
  0
SEQEND
  0
POLYLINE
  8
0
 66
1
 70
1
  0
VERTEX
  8
0
 10
4980.144045
 20
17868.948535
 42
-0.029450
  0
VERTEX
  8
0
 10
5002.591250
 20
17865.324451
 42
-0.026841
  0
VERTEX
  8
0
 10
5025.179013
 20
17859.009350
 42
-0.026937
  0
VERTEX
  8
0
 10
5046.874050
 20
17850.340275
 42
-0.030272
  0
VERTEX
  8
0
 10
5066.650624
 20
17839.676092
 42
-0.068482
  0
VERTEX
  8
0
 10
5109.467127
 20
17804.207165
 42
-0.067346
  0
VERTEX
  8
0
 10
5141.395442
 20
17758.304205
 42
-0.067758
  0
VERTEX
  8
0
 10
5159.833726
 20
17705.836814
 42
-0.070835
  0
VERTEX
  8
0
 10
5163.184382
 20
17651.156794
 42
-0.020653
  0
VERTEX
  8
0
 10
5160.718622
 20
17630.967669
 42
-0.025140
  0
VERTEX
  8
0
 10
5156.690794
 20
17612.353465
 42
-0.025523
  0
VERTEX
  8
0
 10
5150.877178
 20
17594.475800
 42
-0.022513
  0
VERTEX
  8
0
 10
5143.054583
 20
17576.500000
 42
-0.010532
  0
VERTEX
  8
0
 10
5137.365274
 20
17565.478876
 42
-0.015329
  0
VERTEX
  8
0
 10
5131.852950
 20
17556.033133
 42
-0.015857
  0
VERTEX
  8
0
 10
5125.922579
 20
17547.187912
 42
-0.012539
  0
VERTEX
  8
0
 10
5118.975325
 20
17538.000000
 42
-0.020204
  0
VERTEX
  8
0
 10
5111.973017
 20
17529.900793
 42
-0.009227
  0
VERTEX
  8
0
 10
5102.220783
 20
17519.878592
 42
-0.009155
  0
VERTEX
  8
0
 10
5092.219526
 20
17510.329288
 42
-0.023018
  0
VERTEX
  8
0
 10
5084.500000
 20
17503.854255
 42
-0.088573
  0
VERTEX
  8
0
 10
5019.155717
 20
17470.230097
 42
-0.090292
  0
VERTEX
  8
0
 10
4946.661441
 20
17461.602477
 42
-0.090513
  0
VERTEX
  8
0
 10
4875.924492
 20
17479.076169
 42
-0.089547
  0
VERTEX
  8
0
 10
4815.621357
 20
17520.449349
 42
-0.038728
  0
VERTEX
  8
0
 10
4794.532868
 20
17544.814562
 42
-0.040011
  0
VERTEX
  8
0
 10
4777.709019
 20
17571.886929
 42
-0.039666
  0
VERTEX
  8
0
 10
4765.294087
 20
17601.517865
 42
-0.036752
  0
VERTEX
  8
0
 10
4757.331654
 20
17633.500000
 42
-0.031096
  0
VERTEX
  8
0
 10
4755.899086
 20
17646.668404
 42
-0.011572
  0
VERTEX
  8
0
 10
4755.469804
 20
17665.291300
 42
-0.011613
  0
VERTEX
  8
0
 10
4755.905452
 20
17683.967818
 42
-0.029942
  0
VERTEX
  8
0
 10
4757.337830
 20
17697.377626
 42
-0.055638
  0
VERTEX
  8
0
 10
4770.497988
 20
17743.588777
 42
-0.058445
  0
VERTEX
  8
0
 10
4793.376545
 20
17784.939751
 42
-0.058755
  0
VERTEX
  8
0
 10
4825.076303
 20
17819.692550
 42
-0.057308
  0
VERTEX
  8
0
 10
4864.241633
 20
17846.455030
 42
-0.023363
  0
VERTEX
  8
0
 10
4882.423428
 20
17854.975529
 42
-0.026708
  0
VERTEX
  8
0
 10
4900.537172
 20
17861.344654
 42
-0.025293
  0
VERTEX
  8
0
 10
4920.054164
 20
17865.999698
 42
-0.017517
  0
VERTEX
  8
0
 10
4942.500000
 20
17869.358363
 42
-0.024713
  0
VERTEX
  8
0
 10
4949.318529
 20
17869.795926
 42
-0.006389
  0
VERTEX
  8
0
 10
4960.335288
 20
17869.816760
 42
-0.006788
  0
VERTEX
  8
0
 10
4971.668842
 20
17869.539462
 42
-0.015788
  0
SEQEND
  0
POLYLINE
  8
0
 66
1
 70
1
  0
VERTEX
  8
0
 10
12285.500000
 20
18052.956479
 42
0.065372
  0
VERTEX
  8
0
 10
12184.999321
 20
18029.527897
 42
0.066158
  0
VERTEX
  8
0
 10
12094.397111
 20
17981.002469
 42
0.066274
  0
VERTEX
  8
0
 10
12019.744271
 20
17910.587950
 42
0.065996
  0
VERTEX
  8
0
 10
11965.989468
 20
17823.000000
 42
0.019489
  0
VERTEX
  8
0
 10
11955.754113
 20
17797.349763
 42
0.017525
  0
VERTEX
  8
0
 10
11947.143635
 20
17770.062021
 42
0.017229
  0
VERTEX
  8
0
 10
11940.328694
 20
17741.742665
 42
0.017190
  0
VERTEX
  8
0
 10
11935.473897
 20
17713.000000
 42
0.021284
  0
VERTEX
  8
0
 10
11934.062885
 20
17697.432239
 42
0.006942
  0
VERTEX
  8
0
 10
11933.279774
 20
17674.371890
 42
0.007013
  0
VERTEX
  8
0
 10
11933.139742
 20
17651.177883
 42
0.019656
  0
VERTEX
  8
0
 10
11933.907776
 20
17634.951243
 42
0.041087
  0
VERTEX
  8
0
 10
11945.290617
 20
17568.132002
 42
0.043132
  0
VERTEX
  8
0
 10
11967.345679
 20
17505.197879
 42
0.043511
  0
VERTEX
  8
0
 10
11999.653423
 20
17447.473495
 42
0.043346
  0
VERTEX
  8
0
 10
12041.500000
 20
17396.131924
 42
0.041309
  0
VERTEX
  8
0
 10
12092.975101
 20
17351.191115
 42
0.044924
  0
VERTEX
  8
0
 10
12149.773637
 20
17316.728390
 42
0.044467
  0
VERTEX
  8
0
 10
12212.345754
 20
17292.695668
 42
0.038992
  0
VERTEX
  8
0
 10
12281.000000
 20
17278.786783
 42
0.025561
  0
VERTEX
  8
0
 10
12297.202936
 20
17277.637169
 42
0.006583
  0
VERTEX
  8
0
 10
12323.432999
 20
17277.465189
 42
0.006676
  0
VERTEX
  8
0
 10
12349.736576
 20
17277.990314
 42
0.023869
  0
VERTEX
  8
0
 10
12366.500000
 20
17279.351845
 42
0.037486
  0
VERTEX
  8
0
 10
12430.303040
 20
17292.531852
 42
0.041310
  0
VERTEX
  8
0
 10
12489.296380
 20
17314.819211
 42
0.041811
  0
VERTEX
  8
0
 10
12543.204683
 20
17346.214543
 42
0.040259
  0
VERTEX
  8
0
 10
12591.875246
 20
17386.500000
 42
0.040648
  0
VERTEX
  8
0
 10
12635.143705
 20
17436.066937
 42
0.042818
  0
VERTEX
  8
0
 10
12668.984735
 20
17491.161415
 42
0.042653
  0
VERTEX
  8
0
 10
12693.050271
 20
17551.416560
 42
0.039726
  0
VERTEX
  8
0
 10
12707.247545
 20
17616.330308
 42
0.009701
  0
VERTEX
  8
0
 10
12708.419537
 20
17626.344129
 42
0.012937
  0
VERTEX
  8
0
 10
12709.071233
 20
17635.477470
 42
0.008947
  0
VERTEX
  8
0
 10
12709.384434
 20
17646.877659
 42
0.002237
  0
VERTEX
  8
0
 10
12709.479390
 20
17665.500000
 42
0.005615
  0
VERTEX
  8
0
 10
12709.221938
 20
17689.775738
 42
0.017146
  0
VERTEX
  8
0
 10
12708.297907
 20
17706.222623
 42
0.018770
  0
VERTEX
  8
0
 10
12706.299532
 20
17721.755851
 42
0.007869
  0
VERTEX
  8
0
 10
12702.498550
 20
17742.500000
 42
0.056830
  0
VERTEX
  8
0
 10
12675.830880
 20
17825.609143
 42
0.056573
  0
VERTEX
  8
0
 10
12631.107543
 20
17900.718549
 42
0.056484
  0
VERTEX
  8
0
 10
12570.612463
 20
17963.994153
 42
0.056310
  0
VERTEX
  8
0
 10
12497.432075
 20
18012.202487
 42
0.020504
  0
VERTEX
  8
0
 10
12467.118993
 20
18026.068204
 42
0.022106
  0
VERTEX
  8
0
 10
12436.514242
 20
18037.025179
 42
0.021672
  0
VERTEX
  8
0
 10
12404.511329
 20
18045.410498
 42
0.018223
  0
VERTEX
  8
0
 10
12370.000000
 20
18051.565040
 42
0.026488
  0
VERTEX
  8
0
 10
12355.715900
 20
18052.811958
 42
0.004411
  0
VERTEX
  8
0
 10
12328.153920
 20
18053.509081
 42
0.004553
  0
VERTEX
  8
0
 10
12300.567631
 20
18053.712118
 42
0.024186
  0
SEQEND
  0
POLYLINE
  8
0
 66
1
 70
1
  0
VERTEX
  8
0
 10
12354.000000
 20
17867.526823
 42
-0.075208
  0
VERTEX
  8
0
 10
12412.892618
 20
17848.318630
 42
-0.075321
  0
VERTEX
  8
0
 10
12463.434973
 20
17812.557791
 42
-0.075677
  0
VERTEX
  8
0
 10
12500.930860
 20
17763.601290
 42
-0.077048
  0
VERTEX
  8
0
 10
12521.874956
 20
17706.000000
 42
-0.072992
  0
VERTEX
  8
0
 10
12524.852105
 20
17645.568283
 42
-0.074286
  0
VERTEX
  8
0
 10
12510.275068
 20
17587.216247
 42
-0.074373
  0
VERTEX
  8
0
 10
12479.301641
 20
17535.728699
 42
-0.073428
  0
VERTEX
  8
0
 10
12434.500000
 20
17495.298194
 42
-0.066111
  0
VERTEX
  8
0
 10
12386.412181
 20
17471.739851
 42
-0.066117
  0
VERTEX
  8
0
 10
12333.844078
 20
17461.550032
 42
-0.066029
  0
VERTEX
  8
0
 10
12280.375109
 20
17465.430230
 42
-0.065628
  0
VERTEX
  8
0
 10
12229.648007
 20
17483.110794
 42
-0.079673
  0
VERTEX
  8
0
 10
12177.114945
 20
17521.048940
 42
-0.079794
  0
VERTEX
  8
0
 10
12139.110969
 20
17573.493336
 42
-0.079793
  0
VERTEX
  8
0
 10
12119.440564
 20
17635.201364
 42
-0.079668
  0
VERTEX
  8
0
 10
12120.066927
 20
17700.000000
 42
-0.080217
  0
VERTEX
  8
0
 10
12141.016815
 20
17761.411763
 42
-0.079885
  0
VERTEX
  8
0
 10
12180.251985
 20
17813.207756
 42
-0.079771
  0
VERTEX
  8
0
 10
12233.802300
 20
17850.149406
 42
-0.079654
  0
VERTEX
  8
0
 10
12296.252528
 20
17868.493535
 42
-0.025161
  0
VERTEX
  8
0
 10
12308.660927
 20
17869.443628
 42
-0.010712
  0
VERTEX
  8
0
 10
12325.328392
 20
17869.521707
 42
-0.010677
  0
VERTEX
  8
0
 10
12341.915355
 20
17868.889586
 42
-0.026431
  0
SEQEND
  0
POLYLINE
  8
0
 66
1
 70
1
  0
VERTEX
  8
0
 10
19647.000000
 20
18052.904318
 42
0.043491
  0
VERTEX
  8
0
 10
19579.752528
 20
18040.283589
 42
0.043877
  0
VERTEX
  8
0
 10
19515.910407
 20
18016.242813
 42
0.043902
  0
VERTEX
  8
0
 10
19457.275806
 20
17981.446062
 42
0.043645
  0
VERTEX
  8
0
 10
19405.492153
 20
17936.884977
 42
0.032885
  0
VERTEX
  8
0
 10
19371.243903
 20
17896.816670
 42
0.034242
  0
VERTEX
  8
0
 10
19343.048912
 20
17853.121363
 42
0.034311
  0
VERTEX
  8
0
 10
19321.129205
 20
17806.071799
 42
0.033302
  0
VERTEX
  8
0
 10
19305.595711
 20
17756.000000
 42
0.008008
  0
VERTEX
  8
0
 10
19302.998651
 20
17744.288133
 42
0.006953
  0
VERTEX
  8
0
 10
19300.644757
 20
17731.935087
 42
0.006741
  0
VERTEX
  8
0
 10
19298.563919
 20
17719.114971
 42
0.006371
  0
VERTEX
  8
0
 10
19296.786783
 20
17706.000000
 42
0.025569
  0
VERTEX
  8
0
 10
19295.640380
 20
17689.838405
 42
0.006536
  0
VERTEX
  8
0
 10
19295.466784
 20
17663.599534
 42
0.006639
  0
VERTEX
  8
0
 10
19295.986224
 20
17637.279823
 42
0.023715
  0
VERTEX
  8
0
 10
19297.338768
 20
17620.500000
 42
0.032402
  0
VERTEX
  8
0
 10
19308.023550
 20
17565.720884
 42
0.035387
  0
VERTEX
  8
0
 10
19325.488810
 20
17514.423150
 42
0.035544
  0
VERTEX
  8
0
 10
19349.930354
 20
17466.301967
 42
0.033278
  0
VERTEX
  8
0
 10
19381.427937
 20
17421.000000
 42
0.018962
  0
VERTEX
  8
0
 10
19393.037884
 20
17407.547285
 42
0.008882
  0
VERTEX
  8
0
 10
19409.012468
 20
17390.996597
 42
0.008881
  0
VERTEX
  8
0
 10
19425.560830
 20
17375.027596
 42
0.019011
  0
VERTEX
  8
0
 10
19439.000000
 20
17363.434038
 42
0.032705
  0
VERTEX
  8
0
 10
19483.594925
 20
17332.372008
 42
0.034840
  0
VERTEX
  8
0
 10
19530.952819
 20
17308.115413
 42
0.034839
  0
VERTEX
  8
0
 10
19581.221586
 20
17290.669054
 42
0.032699
  0
VERTEX
  8
0
 10
19634.500000
 20
17279.922780
 42
0.018206
  0
VERTEX
  8
0
 10
19651.421863
 20
17278.271976
 42
0.008734
  0
VERTEX
  8
0
 10
19673.225524
 20
17277.325748
 42
0.008742
  0
VERTEX
  8
0
 10
19695.148885
 20
17277.141166
 42
0.017377
  0
VERTEX
  8
0
 10
19712.500000
 20
17277.901890
 42
0.036261
  0
VERTEX
  8
0
 10
19770.404849
 20
17286.715863
 42
0.037606
  0
VERTEX
  8
0
 10
19825.704323
 20
17303.744529
 42
0.037625
  0
VERTEX
  8
0
 10
19877.803666
 20
17328.854260
 42
0.036376
  0
VERTEX
  8
0
 10
19926.176638
 20
17361.738527
 42
0.022228
  0
VERTEX
  8
0
 10
19945.988191
 20
17378.912794
 42
0.015037
  0
VERTEX
  8
0
 10
19967.055781
 20
17400.121417
 42
0.014989
  0
VERTEX
  8
0
 10
19986.927883
 20
17422.686929
 42
0.021211
  0
VERTEX
  8
0
 10
20003.117552
 20
17444.000000
 42
0.033362
  0
VERTEX
  8
0
 10
20028.748057
 20
17486.708809
 42
0.031611
  0
VERTEX
  8
0
 10
20048.992313
 20
17533.209171
 42
0.031554
  0
VERTEX
  8
0
 10
20063.244239
 20
17581.976981
 42
0.032948
  0
VERTEX
  8
0
 10
20070.993287
 20
17631.452076
 42
0.017220
  0
VERTEX
  8
0
 10
20071.845538
 20
17646.916650
 42
0.006806
  0
VERTEX
  8
0
 10
20071.994788
 20
17668.219048
 42
0.006773
  0
VERTEX
  8
0
 10
20071.567281
 20
17689.431824
 42
0.018154
  0
VERTEX
  8
0
 10
20070.510773
 20
17704.500000
 42
0.015556
  0
VERTEX
  8
0
 10
20066.742860
 20
17731.746958
 42
0.017617
  0
VERTEX
  8
0
 10
20061.403379
 20
17757.588370
 42
0.017797
  0
VERTEX
  8
0
 10
20054.314357
 20
17782.753983
 42
0.016560
  0
VERTEX
  8
0
 10
20045.300110
 20
17807.972931
 42
0.036727
  0
VERTEX
  8
0
 10
20019.895940
 20
17860.587157
 42
0.037620
  0
VERTEX
  8
0
 10
19987.244548
 20
17908.472643
 42
0.037728
  0
VERTEX
  8
0
 10
19947.883766
 20
17950.801918
 42
0.037400
  0
VERTEX
  8
0
 10
19902.500000
 20
17986.870953
 42
0.007244
  0
VERTEX
  8
0
 10
19890.261794
 20
17994.929024
 42
0.010667
  0
VERTEX
  8
0
 10
19879.266074
 20
18001.617121
 42
0.010511
  0
VERTEX
  8
0
 10
19867.873376
 20
18007.901850
 42
0.006748
  0
VERTEX
  8
0
 10
19854.409042
 20
18014.734310
 42
0.019633
  0
VERTEX
  8
0
 10
19825.145116
 20
18027.691736
 42
0.021296
  0
VERTEX
  8
0
 10
19795.729569
 20
18037.931413
 42
0.020902
  0
VERTEX
  8
0
 10
19765.052632
 20
18045.784164
 42
0.017570
  0
VERTEX
  8
0
 10
19732.000000
 20
18051.582715
 42
0.026255
  0
VERTEX
  8
0
 10
19717.526410
 20
18052.830982
 42
0.004497
  0
VERTEX
  8
0
 10
19689.922139
 20
18053.508535
 42
0.004642
  0
VERTEX
  8
0
 10
19662.286839
 20
18053.681640
 42
0.023898
  0
SEQEND
  0
POLYLINE
  8
0
 66
1
 70
1
  0
VERTEX
  8
0
 10
19716.000000
 20
17867.526823
 42
-0.025724
  0
VERTEX
  8
0
 10
19737.841799
 20
17862.720916
 42
-0.027423
  0
VERTEX
  8
0
 10
19758.602279
 20
17855.775361
 42
-0.027441
  0
VERTEX
  8
0
 10
19778.465471
 20
17846.604276
 42
-0.025831
  0
VERTEX
  8
0
 10
19797.624378
 20
17835.144090
 42
-0.050954
  0
VERTEX
  8
0
 10
19829.731083
 20
17808.507917
 42
-0.051881
  0
VERTEX
  8
0
 10
19855.570253
 20
17776.077992
 42
-0.051381
  0
VERTEX
  8
0
 10
19874.379112
 20
17738.720294
 42
-0.048179
  0
VERTEX
  8
0
 10
19885.675111
 20
17697.500000
 42
-0.031888
  0
VERTEX
  8
0
 10
19887.079520
 20
17684.478324
 42
-0.010927
  0
VERTEX
  8
0
 10
19887.493937
 20
17665.496722
 42
-0.010926
  0
VERTEX
  8
0
 10
19887.078658
 20
17646.516211
 42
-0.031915
  0
VERTEX
  8
0
 10
19885.673543
 20
17633.500000
 42
-0.036574
  0
VERTEX
  8
0
 10
19877.699293
 20
17601.532305
 42
-0.039600
  0
VERTEX
  8
0
 10
19865.302799
 20
17571.942726
 42
-0.039901
  0
VERTEX
  8
0
 10
19848.495469
 20
17544.873810
 42
-0.038273
  0
VERTEX
  8
0
 10
19827.387551
 20
17520.411416
 42
-0.099156
  0
VERTEX
  8
0
 10
19760.568790
 20
17476.183330
 42
-0.099457
  0
VERTEX
  8
0
 10
19681.944146
 20
17461.161966
 42
-0.099375
  0
VERTEX
  8
0
 10
19603.565943
 20
17477.669824
 42
-0.098820
  0
VERTEX
  8
0
 10
19537.452649
 20
17523.161375
 42
-0.016605
  0
VERTEX
  8
0
 10
19525.627986
 20
17536.166188
 42
-0.023097
  0
VERTEX
  8
0
 10
19515.997971
 20
17548.612561
 42
-0.023228
  0
VERTEX
  8
0
 10
19507.597516
 20
17561.838171
 42
-0.017086
  0
VERTEX
  8
0
 10
19499.497679
 20
17577.198728
 42
-0.077799
  0
VERTEX
  8
0
 10
19481.255718
 20
17637.058231
 42
-0.077378
  0
VERTEX
  8
0
 10
19482.128911
 20
17699.744967
 42
-0.077277
  0
VERTEX
  8
0
 10
19502.028203
 20
17759.269371
 42
-0.077285
  0
VERTEX
  8
0
 10
19539.060606
 20
17809.939394
 42
-0.040872
  0
VERTEX
  8
0
 10
19564.930936
 20
17831.893762
 42
-0.041884
  0
VERTEX
  8
0
 10
19593.825518
 20
17849.146595
 42
-0.041661
  0
VERTEX
  8
0
 10
19625.339788
 20
17861.416612
 42
-0.039566
  0
VERTEX
  8
0
 10
19659.000000
 20
17868.553226
 42
-0.026630
  0
VERTEX
  8
0
 10
19670.931560
 20
17869.468802
 42
-0.010336
  0
VERTEX
  8
0
 10
19687.502641
 20
17869.512982
 42
-0.010342
  0
VERTEX
  8
0
 10
19704.070229
 20
17868.871688
 42
-0.026449
  0
SEQEND
  0
POLYLINE
  8
0
 66
1
 70
1
  0
VERTEX
  8
0
 10
6445.000000
 20
16908.413728
 42
-0.001895
  0
VERTEX
  8
0
 10
6442.996581
 20
16908.195671
 42
-0.000348
  0
VERTEX
  8
0
 10
6439.296875
 20
16907.809776
 42
-0.000374
  0
VERTEX
  8
0
 10
6434.968020
 20
16907.364580
 42
-0.000341
  0
VERTEX
  8
0
 10
6430.500000
 20
16906.911527
 42
0.028310
  0
VERTEX
  8
0
 10
6392.330721
 20
16900.870085
 42
0.024693
  0
VERTEX
  8
0
 10
6353.269564
 20
16890.355115
 42
0.024612
  0
VERTEX
  8
0
 10
6315.294171
 20
16875.993854
 42
0.027577
  0
VERTEX
  8
0
 10
6280.374336
 20
16858.435355
 42
0.025138
  0
VERTEX
  8
0
 10
6247.179346
 20
16837.097031
 42
0.024567
  0
VERTEX
  8
0
 10
6216.027129
 20
16812.381047
 42
0.024732
  0
VERTEX
  8
0
 10
6187.654052
 20
16784.908252
 42
0.026371
  0
VERTEX
  8
0
 10
6162.770642
 20
16755.325552
 42
0.050685
  0
VERTEX
  8
0
 10
6121.511299
 20
16687.317329
 42
0.051247
  0
VERTEX
  8
0
 10
6094.960275
 20
16612.646178
 42
0.051234
  0
VERTEX
  8
0
 10
6084.146416
 20
16534.118875
 42
0.050613
  0
VERTEX
  8
0
 10
6089.449170
 20
16454.701438
 42
0.051648
  0
VERTEX
  8
0
 10
6110.537963
 20
16378.801994
 42
0.050980
  0
VERTEX
  8
0
 10
6146.799436
 20
16308.480644
 42
0.050821
  0
VERTEX
  8
0
 10
6196.664562
 20
16246.756113
 42
0.050675
  0
VERTEX
  8
0
 10
6258.000000
 20
16196.292280
 42
0.025331
  0
VERTEX
  8
0
 10
6290.781668
 20
16176.795572
 42
0.024747
  0
VERTEX
  8
0
 10
6325.618551
 20
16160.547593
 42
0.024653
  0
VERTEX
  8
0
 10
6362.025003
 20
16147.766367
 42
0.024679
  0
VERTEX
  8
0
 10
6399.500000
 20
16138.636022
 42
0.008566
  0
VERTEX
  8
0
 10
6418.243358
 20
16135.370295
 42
0.017736
  0
VERTEX
  8
0
 10
6432.993998
 20
16133.593135
 42
0.015720
  0
VERTEX
  8
0
 10
6448.909520
 20
16132.748894
 42
0.005389
  0
VERTEX
  8
0
 10
6472.000000
 20
16132.500000
 42
0.004205
  0
VERTEX
  8
0
 10
6494.381139
 20
16132.688207
 42
0.014401
  0
VERTEX
  8
0
 10
6508.912138
 20
16133.351550
 42
0.016631
  0
VERTEX
  8
0
 10
6522.278438
 20
16134.796394
 42
0.007154
  0
VERTEX
  8
0
 10
6540.000000
 20
16137.569870
 42
0.039642
  0
VERTEX
  8
0
 10
6596.961955
 20
16152.041458
 42
0.038112
  0
VERTEX
  8
0
 10
6651.714360
 20
16175.463467
 42
0.037965
  0
VERTEX
  8
0
 10
6702.478365
 20
16207.029115
 42
0.038636
  0
VERTEX
  8
0
 10
6747.568386
 20
16245.740522
 42
0.042277
  0
VERTEX
  8
0
 10
6790.587827
 20
16296.853309
 42
0.043548
  0
VERTEX
  8
0
 10
6823.917749
 20
16353.988998
 42
0.043295
  0
VERTEX
  8
0
 10
6847.001067
 20
16416.352219
 42
0.040824
  0
VERTEX
  8
0
 10
6859.567867
 20
16483.000000
 42
0.021488
  0
VERTEX
  8
0
 10
6860.648813
 20
16500.470057
 42
0.007427
  0
VERTEX
  8
0
 10
6860.749261
 20
16525.756918
 42
0.007323
  0
VERTEX
  8
0
 10
6860.107743
 20
16550.882358
 42
0.023715
  0
VERTEX
  8
0
 10
6858.648411
 20
16567.500000
 42
0.027440
  0
VERTEX
  8
0
 10
6849.497472
 20
16615.112471
 42
0.029885
  0
VERTEX
  8
0
 10
6835.370087
 20
16660.064909
 42
0.030370
  0
VERTEX
  8
0
 10
6816.233212
 20
16702.351416
 42
0.030387
  0
VERTEX
  8
0
 10
6792.117552
 20
16742.000000
 42
0.023248
  0
VERTEX
  8
0
 10
6772.578010
 20
16767.506762
 42
0.019273
  0
VERTEX
  8
0
 10
6749.543375
 20
16792.798542
 42
0.019251
  0
VERTEX
  8
0
 10
6724.595028
 20
16816.275942
 42
0.023005
  0
VERTEX
  8
0
 10
6699.305973
 20
16836.333238
 42
0.026465
  0
VERTEX
  8
0
 10
6666.112399
 20
16857.684831
 42
0.025474
  0
VERTEX
  8
0
 10
6630.432062
 20
16875.708616
 42
0.025370
  0
VERTEX
  8
0
 10
6592.953597
 20
16890.076740
 42
0.025725
  0
VERTEX
  8
0
 10
6554.384185
 20
16900.499124
 42
0.010266
  0
VERTEX
  8
0
 10
6534.876037
 20
16904.290419
 42
0.016837
  0
VERTEX
  8
0
 10
6518.210122
 20
16906.600751
 42
0.015673
  0
VERTEX
  8
0
 10
6500.610669
 20
16907.883081
 42
0.007548
  0
VERTEX
  8
0
 10
6478.000000
 20
16908.477748
 42
0.001364
  0
VERTEX
  8
0
 10
6466.444018
 20
16908.575626
 42
0.001920
  0
VERTEX
  8
0
 10
6456.137500
 20
16908.595215
 42
0.001117
  0
VERTEX
  8
0
 10
6447.445580
 20
16908.558938
 42
0.026456
  0
SEQEND
  0
POLYLINE
  8
0
 66
1
 70
1
  0
VERTEX
  8
0
 10
6492.144045
 20
16723.939588
 42
-0.027648
  0
VERTEX
  8
0
 10
6515.382575
 20
16720.253185
 42
-0.027537
  0
VERTEX
  8
0
 10
6538.104359
 20
16714.021859
 42
-0.027886
  0
VERTEX
  8
0
 10
6559.719439
 20
16705.426559
 42
-0.030216
  0
VERTEX
  8
0
 10
6579.650624
 20
16694.676092
 42
-0.083088
  0
VERTEX
  8
0
 10
6631.028139
 20
16649.536265
 42
-0.084075
  0
VERTEX
  8
0
 10
6664.659468
 20
16590.302540
 42
-0.084196
  0
VERTEX
  8
0
 10
6676.882234
 20
16523.374569
 42
-0.083656
  0
VERTEX
  8
0
 10
6666.404109
 20
16456.000000
 42
-0.043104
  0
VERTEX
  8
0
 10
6652.284439
 20
16423.277689
 42
-0.043671
  0
VERTEX
  8
0
 10
6632.815125
 20
16393.613292
 42
-0.043736
  0
VERTEX
  8
0
 10
6608.519807
 20
16367.820368
 42
-0.043504
  0
VERTEX
  8
0
 10
6580.067446
 20
16346.595673
 42
-0.087507
  0
VERTEX
  8
0
 10
6514.338263
 20
16320.388613
 42
-0.087131
  0
VERTEX
  8
0
 10
6443.506788
 20
16318.191803
 42
-0.087166
  0
VERTEX
  8
0
 10
6376.187945
 20
16340.254985
 42
-0.087672
  0
VERTEX
  8
0
 10
6320.572966
 20
16383.910053
 42
-0.057799
  0
VERTEX
  8
0
 10
6293.249739
 20
16422.595817
 42
-0.057790
  0
VERTEX
  8
0
 10
6275.505071
 20
16466.510661
 42
-0.057937
  0
VERTEX
  8
0
 10
6268.311903
 20
16513.215469
 42
-0.058660
  0
VERTEX
  8
0
 10
6272.078096
 20
16560.122916
 42
-0.030173
  0
VERTEX
  8
0
 10
6278.280570
 20
16583.662946
 42
-0.028868
  0
VERTEX
  8
0
 10
6287.345213
 20
16606.645703
 42
-0.028993
  0
VERTEX
  8
0
 10
6298.950696
 20
16628.332164
 42
-0.031118
  0
VERTEX
  8
0
 10
6312.742515
 20
16648.000000
 42
-0.019542
  0
VERTEX
  8
0
 10
6318.692315
 20
16654.882381
 42
-0.007594
  0
VERTEX
  8
0
 10
6327.430917
 20
16663.946466
 42
-0.007628
  0
VERTEX
  8
0
 10
6336.482403
 20
16672.780381
 42
-0.018467
  0
VERTEX
  8
0
 10
6343.500000
 20
16678.948305
 42
-0.049612
  0
VERTEX
  8
0
 10
6376.584704
 20
16700.860377
 42
-0.048017
  0
VERTEX
  8
0
 10
6413.694907
 20
16716.109170
 42
-0.048205
  0
VERTEX
  8
0
 10
6452.888251
 20
16723.955249
 42
-0.050865
  0
SEQEND
  0
POLYLINE
  8
0
 66
1
 70
1
  0
VERTEX
  8
0
 10
13806.500000
 20
16908.396154
 42
0.013592
  0
VERTEX
  8
0
 10
13774.948984
 20
16904.406491
 42
0.017668
  0
VERTEX
  8
0
 10
13746.332612
 20
16898.953479
 42
0.018677
  0
VERTEX
  8
0
 10
13719.543540
 20
16891.798852
 42
0.018962
  0
VERTEX
  8
0
 10
13693.500000
 20
16882.696007
 42
0.058795
  0
VERTEX
  8
0
 10
13612.201692
 20
16839.162569
 42
0.059466
  0
VERTEX
  8
0
 10
13543.613546
 20
16778.044137
 42
0.059439
  0
VERTEX
  8
0
 10
13491.311520
 20
16702.472513
 42
0.058645
  0
VERTEX
  8
0
 10
13457.969276
 20
16616.380839
 42
0.009984
  0
VERTEX
  8
0
 10
13455.239052
 20
16604.843938
 42
0.007259
  0
VERTEX
  8
0
 10
13452.645887
 20
16591.911493
 42
0.006966
  0
VERTEX
  8
0
 10
13450.308481
 20
16578.249122
 42
0.006924
  0
VERTEX
  8
0
 10
13448.347596
 20
16564.500000
 42
0.023464
  0
VERTEX
  8
0
 10
13446.876451
 20
16546.353926
 42
0.008494
  0
VERTEX
  8
0
 10
13446.437203
 20
16520.500000
 42
0.008494
  0
VERTEX
  8
0
 10
13446.876451
 20
16494.646074
 42
0.023464
  0
VERTEX
  8
0
 10
13448.347596
 20
16476.500000
 42
0.037330
  0
VERTEX
  8
0
 10
13461.470408
 20
16412.565051
 42
0.041035
  0
VERTEX
  8
0
 10
13483.691111
 20
16353.367350
 42
0.041606
  0
VERTEX
  8
0
 10
13514.950698
 20
16299.308892
 42
0.040542
  0
VERTEX
  8
0
 10
13554.972661
 20
16250.666874
 42
0.041240
  0
VERTEX
  8
0
 10
13604.981606
 20
16206.907904
 42
0.043349
  0
VERTEX
  8
0
 10
13660.700858
 20
16172.764045
 42
0.043040
  0
VERTEX
  8
0
 10
13721.848609
 20
16148.546504
 42
0.039539
  0
VERTEX
  8
0
 10
13788.000000
 20
16134.306128
 42
0.025919
  0
VERTEX
  8
0
 10
13806.252258
 20
16132.821301
 42
0.007351
  0
VERTEX
  8
0
 10
13834.745506
 20
16132.404004
 42
0.007352
  0
VERTEX
  8
0
 10
13863.239909
 20
16132.824624
 42
0.025896
  0
VERTEX
  8
0
 10
13881.500000
 20
16134.311440
 42
0.013074
  0
VERTEX
  8
0
 10
13907.260768
 20
16138.446847
 42
0.016196
  0
VERTEX
  8
0
 10
13930.976325
 20
16143.693117
 42
0.016583
  0
VERTEX
  8
0
 10
13953.824990
 20
16150.344155
 42
0.014995
  0
VERTEX
  8
0
 10
13976.972931
 20
16158.699890
 42
0.043052
  0
VERTEX
  8
0
 10
14038.094418
 20
16189.169476
 42
0.044059
  0
VERTEX
  8
0
 10
14092.589251
 20
16229.453009
 42
0.044095
  0
VERTEX
  8
0
 10
14139.143507
 20
16278.627059
 42
0.043272
  0
VERTEX
  8
0
 10
14176.683054
 20
16335.500000
 42
0.052727
  0
VERTEX
  8
0
 10
14207.516384
 20
16410.176901
 42
0.051863
  0
VERTEX
  8
0
 10
14222.267184
 20
16490.068612
 42
0.051932
  0
VERTEX
  8
0
 10
14220.253054
 20
16571.185969
 42
0.053153
  0
VERTEX
  8
0
 10
14201.522433
 20
16649.487042
 42
0.068121
  0
VERTEX
  8
0
 10
14152.345474
 20
16744.634013
 42
0.069371
  0
VERTEX
  8
0
 10
14079.663356
 20
16822.404552
 42
0.069237
  0
VERTEX
  8
0
 10
13988.344964
 20
16877.446027
 42
0.067431
  0
VERTEX
  8
0
 10
13884.646702
 20
16906.092144
 42
0.010703
  0
VERTEX
  8
0
 10
13875.724099
 20
16907.108881
 42
0.009714
  0
VERTEX
  8
0
 10
13866.473259
 20
16907.781941
 42
0.007520
  0
VERTEX
  8
0
 10
13855.271285
 20
16908.209635
 42
0.003050
  0
VERTEX
  8
0
 10
13840.000000
 20
16908.469617
 42
0.001380
  0
VERTEX
  8
0
 10
13828.408373
 20
16908.564237
 42
0.001899
  0
VERTEX
  8
0
 10
13817.990625
 20
16908.580956
 42
0.001205
  0
VERTEX
  8
0
 10
13809.233489
 20
16908.540639
 42
0.022901
  0
SEQEND
  0
POLYLINE
  8
0
 66
1
 70
1
  0
VERTEX
  8
0
 10
13854.144045
 20
16723.955642
 42
-0.090969
  0
VERTEX
  8
0
 10
13926.497537
 20
16702.997710
 42
-0.092745
  0
VERTEX
  8
0
 10
13986.143180
 20
16657.810566
 42
-0.092968
  0
VERTEX
  8
0
 10
14025.314196
 20
16594.219398
 42
-0.091929
  0
VERTEX
  8
0
 10
14038.983590
 20
16520.500000
 42
-0.074667
  0
VERTEX
  8
0
 10
14029.890277
 20
16459.947025
 42
-0.075672
  0
VERTEX
  8
0
 10
14003.422709
 20
16405.038905
 42
-0.075484
  0
VERTEX
  8
0
 10
13961.745892
 20
16360.383515
 42
-0.073734
  0
VERTEX
  8
0
 10
13908.374818
 20
16329.683241
 42
-0.016965
  0
VERTEX
  8
0
 10
13899.265374
 20
16326.451934
 42
-0.010589
  0
VERTEX
  8
0
 10
13888.399412
 20
16323.259382
 42
-0.010407
  0
VERTEX
  8
0
 10
13877.065940
 20
16320.440452
 42
-0.013250
  0
VERTEX
  8
0
 10
13866.500000
 20
16318.337459
 42
-0.031432
  0
VERTEX
  8
0
 10
13853.592737
 20
16316.949436
 42
-0.011099
  0
VERTEX
  8
0
 10
13834.985754
 20
16316.538388
 42
-0.011094
  0
VERTEX
  8
0
 10
13816.383641
 20
16316.953197
 42
-0.031549
  0
VERTEX
  8
0
 10
13803.500000
 20
16318.344308
 42
-0.028161
  0
VERTEX
  8
0
 10
13777.699734
 20
16324.302095
 42
-0.030924
  0
VERTEX
  8
0
 10
13753.549339
 20
16332.983184
 42
-0.031248
  0
VERTEX
  8
0
 10
13730.878914
 20
16344.481334
 42
-0.030025
  0
VERTEX
  8
0
 10
13709.500000
 20
16358.854255
 42
-0.023018
  0
VERTEX
  8
0
 10
13701.780474
 20
16365.329288
 42
-0.009155
  0
VERTEX
  8
0
 10
13691.779217
 20
16374.878592
 42
-0.009227
  0
VERTEX
  8
0
 10
13682.026983
 20
16384.900793
 42
-0.020204
  0
VERTEX
  8
0
 10
13675.024675
 20
16393.000000
 42
-0.054887
  0
VERTEX
  8
0
 10
13651.220262
 20
16430.731379
 42
-0.054200
  0
VERTEX
  8
0
 10
13636.073931
 20
16472.895740
 42
-0.054380
  0
VERTEX
  8
0
 10
13630.376010
 20
16517.196097
 42
-0.055992
  0
VERTEX
  8
0
 10
13634.465785
 20
16561.234619
 42
-0.049514
  0
VERTEX
  8
0
 10
13646.614852
 20
16600.038980
 42
-0.049317
  0
VERTEX
  8
0
 10
13666.168158
 20
16635.752912
 42
-0.049361
  0
VERTEX
  8
0
 10
13692.318103
 20
16666.918166
 42
-0.049783
  0
VERTEX
  8
0
 10
13724.000000
 20
16692.253998
 42
-0.043019
  0
VERTEX
  8
0
 10
13753.917641
 20
16708.176625
 42
-0.041065
  0
VERTEX
  8
0
 10
13786.582468
 20
16719.038353
 42
-0.041167
  0
VERTEX
  8
0
 10
13820.500678
 20
16724.395475
 42
-0.043745
  0
SEQEND
  0
POLYLINE
  8
0
 66
1
 70
1
  0
VERTEX
  8
0
 10
21159.457435
 20
16907.539698
 42
0.054171
  0
VERTEX
  8
0
 10
21074.222157
 20
16889.190745
 42
0.055640
  0
VERTEX
  8
0
 10
20995.733687
 20
16853.057377
 42
0.055936
  0
VERTEX
  8
0
 10
20927.502925
 20
16800.716940
 42
0.055865
  0
VERTEX
  8
0
 10
20872.537925
 20
16734.534058
 42
0.028017
  0
VERTEX
  8
0
 10
20849.329572
 20
16694.505640
 42
0.030420
  0
VERTEX
  8
0
 10
20831.444791
 20
16653.197178
 42
0.030136
  0
VERTEX
  8
0
 10
20818.573107
 20
16609.668924
 42
0.026499
  0
VERTEX
  8
0
 10
20810.356447
 20
16563.000000
 42
0.021354
  0
VERTEX
  8
0
 10
20808.930354
 20
16544.891709
 42
0.008927
  0
VERTEX
  8
0
 10
20808.488719
 20
16520.410138
 42
0.008916
  0
VERTEX
  8
0
 10
20808.920204
 20
16495.963346
 42
0.021722
  0
VERTEX
  8
0
 10
20810.340788
 20
16478.000000
 42
0.016247
  0
VERTEX
  8
0
 10
20814.880623
 20
16448.916679
 42
0.017115
  0
VERTEX
  8
0
 10
20821.237986
 20
16420.695047
 42
0.017593
  0
VERTEX
  8
0
 10
20829.306955
 20
16393.751478
 42
0.019795
  0
VERTEX
  8
0
 10
20838.977607
 20
16368.500000
 42
0.066909
  0
VERTEX
  8
0
 10
20893.184562
 20
16277.852457
 42
0.068204
  0
VERTEX
  8
0
 10
20969.098400
 20
16205.405341
 42
0.068170
  0
VERTEX
  8
0
 10
21061.741249
 20
16156.025284
 42
0.066729
  0
VERTEX
  8
0
 10
21164.928116
 20
16132.916013
 42
0.019867
  0
VERTEX
  8
0
 10
21181.347759
 20
16132.138297
 42
0.006697
  0
VERTEX
  8
0
 10
21205.315283
 20
16132.277151
 42
0.006569
  0
VERTEX
  8
0
 10
21229.099008
 20
16133.046206
 42
0.022495
  0
VERTEX
  8
0
 10
21244.500000
 20
16134.442928
 42
0.023816
  0
VERTEX
  8
0
 10
21286.964668
 20
16142.303962
 42
0.027139
  0
VERTEX
  8
0
 10
21326.638807
 20
16153.924716
 42
0.027398
  0
VERTEX
  8
0
 10
21364.490972
 20
16169.660524
 42
0.025204
  0
VERTEX
  8
0
 10
21401.500000
 20
16189.838357
 42
0.031659
  0
VERTEX
  8
0
 10
21438.462108
 20
16215.829234
 42
0.028852
  0
VERTEX
  8
0
 10
21473.075451
 20
16247.045425
 42
0.028747
  0
VERTEX
  8
0
 10
21503.991134
 20
16282.167154
 42
0.030816
  0
VERTEX
  8
0
 10
21529.905776
 20
16319.827677
 42
0.054255
  0
VERTEX
  8
0
 10
21565.331348
 20
16396.526699
 42
0.054358
  0
VERTEX
  8
0
 10
21583.400033
 20
16479.001264
 42
0.054409
  0
VERTEX
  8
0
 10
21583.261190
 20
16563.360591
 42
0.054552
  0
VERTEX
  8
0
 10
21564.921053
 20
16645.625808
 42
0.057742
  0
VERTEX
  8
0
 10
21526.292300
 20
16726.895951
 42
0.058124
  0
VERTEX
  8
0
 10
21470.174387
 20
16796.980722
 42
0.058144
  0
VERTEX
  8
0
 10
21399.452646
 20
16852.248240
 42
0.057857
  0
VERTEX
  8
0
 10
21317.791917
 20
16889.857964
 42
0.010329
  0
VERTEX
  8
0
 10
21299.861753
 20
16895.313348
 42
0.012663
  0
VERTEX
  8
0
 10
21282.894211
 20
16899.634607
 42
0.012508
  0
VERTEX
  8
0
 10
21265.555468
 20
16903.131999
 42
0.009656
  0
VERTEX
  8
0
 10
21246.500000
 20
16906.103875
 42
0.021827
  0
VERTEX
  8
0
 10
21228.532471
 20
16907.757113
 42
0.007904
  0
VERTEX
  8
0
 10
21202.921872
 20
16908.584645
 42
0.007889
  0
VERTEX
  8
0
 10
21177.327560
 20
16908.602988
 42
0.022189
  0
SEQEND
  0
POLYLINE
  8
0
 66
1
 70
1
  0
VERTEX
  8
0
 10
21216.144045
 20
16723.974140
 42
-0.043699
  0
VERTEX
  8
0
 10
21252.122593
 20
16717.200895
 42
-0.044287
  0
VERTEX
  8
0
 10
21286.208024
 20
16704.295565
 42
-0.044562
  0
VERTEX
  8
0
 10
21317.295780
 20
16685.680924
 42
-0.045429
  0
VERTEX
  8
0
 10
21344.376347
 20
16661.959036
 42
-0.067971
  0
VERTEX
  8
0
 10
21377.396798
 20
16616.180654
 42
-0.069489
  0
VERTEX
  8
0
 10
21396.628281
 20
16563.560840
 42
-0.069345
  0
VERTEX
  8
0
 10
21400.731406
 20
16507.587675
 42
-0.067237
  0
VERTEX
  8
0
 10
21389.488359
 20
16452.000000
 42
-0.045296
  0
VERTEX
  8
0
 10
21375.691464
 20
16421.463794
 42
-0.040520
  0
VERTEX
  8
0
 10
21356.168444
 20
16392.674033
 42
-0.040399
  0
VERTEX
  8
0
 10
21332.189770
 20
16367.325902
 42
-0.044340
  0
VERTEX
  8
0
 10
21305.139249
 20
16347.026357
 42
-0.062631
  0
VERTEX
  8
0
 10
21258.127732
 20
16325.462768
 42
-0.063517
  0
VERTEX
  8
0
 10
21207.465512
 20
16316.343629
 42
-0.063596
  0
VERTEX
  8
0
 10
21156.192968
 20
16320.237156
 42
-0.063063
  0
VERTEX
  8
0
 10
21107.388286
 20
16336.887032
 42
-0.073557
  0
VERTEX
  8
0
 10
21057.543981
 20
16371.103142
 42
-0.074522
  0
VERTEX
  8
0
 10
21019.996491
 20
16418.147709
 42
-0.074543
  0
VERTEX
  8
0
 10
20997.898269
 20
16474.120448
 42
-0.073663
  0
VERTEX
  8
0
 10
20993.060887
 20
16534.346647
 42
-0.057556
  0
VERTEX
  8
0
 10
21001.533602
 20
16580.411269
 42
-0.057809
  0
VERTEX
  8
0
 10
21020.277614
 20
16623.258928
 42
-0.057667
  0
VERTEX
  8
0
 10
21048.384537
 20
16660.768414
 42
-0.056747
  0
VERTEX
  8
0
 10
21084.454735
 20
16691.097319
 42
-0.043277
  0
VERTEX
  8
0
 10
21114.692136
 20
16707.587602
 42
-0.042055
  0
VERTEX
  8
0
 10
21147.604302
 20
16718.813571
 42
-0.042128
  0
VERTEX
  8
0
 10
21181.873769
 20
16724.359663
 42
-0.043772
  0
SEQEND
  0
POLYLINE
  8
0
 66
1
 70
1
  0
VERTEX
  8
0
 10
4912.500000
 20
15987.910696
 42
0.037100
  0
VERTEX
  8
0
 10
4775.469749
 20
15970.883093
 42
0.036703
  0
VERTEX
  8
0
 10
4641.951111
 20
15933.763097
 42
0.036670
  0
VERTEX
  8
0
 10
4515.182115
 20
15877.478899
 42
0.036883
  0
VERTEX
  8
0
 10
4398.254982
 20
15803.373281
 42
0.015040
  0
VERTEX
  8
0
 10
4355.035252
 20
15769.223898
 42
0.014530
  0
VERTEX
  8
0
 10
4313.433889
 20
15732.156205
 42
0.014481
  0
VERTEX
  8
0
 10
4273.915216
 20
15692.601741
 42
0.014679
  0
VERTEX
  8
0
 10
4236.936796
 20
15651.000000
 42
0.021727
  0
VERTEX
  8
0
 10
4189.421418
 20
15588.990603
 42
0.020742
  0
VERTEX
  8
0
 10
4146.679998
 20
15522.146559
 42
0.020677
  0
VERTEX
  8
0
 10
4109.496223
 20
15451.770433
 42
0.021245
  0
VERTEX
  8
0
 10
4078.616787
 20
15379.188039
 42
0.033040
  0
VERTEX
  8
0
 10
4042.817438
 20
15260.823496
 42
0.032888
  0
VERTEX
  8
0
 10
4022.853975
 20
15138.592065
 42
0.032869
  0
VERTEX
  8
0
 10
4019.083649
 20
15014.729535
 42
0.032915
  0
VERTEX
  8
0
 10
4031.583469
 20
14891.500000
 42
0.033159
  0
VERTEX
  8
0
 10
4060.165406
 20
14771.159822
 42
0.032810
  0
VERTEX
  8
0
 10
4104.481292
 20
14655.214197
 42
0.032820
  0
VERTEX
  8
0
 10
4163.568307
 20
14546.096711
 42
0.033228
  0
VERTEX
  8
0
 10
4236.207410
 20
14446.122467
 42
0.034279
  0
VERTEX
  8
0
 10
4325.682102
 20
14352.604125
 42
0.034473
  0
VERTEX
  8
0
 10
4426.935428
 20
14272.378742
 42
0.034449
  0
VERTEX
  8
0
 10
4538.320526
 20
14206.778769
 42
0.034129
  0
VERTEX
  8
0
 10
4658.000000
 20
14156.861835
 42
0.044032
  0
VERTEX
  8
0
 10
4817.798336
 20
14117.940798
 42
0.043792
  0
VERTEX
  8
0
 10
4982.239188
 20
14107.505404
 42
0.043808
  0
VERTEX
  8
0
 10
5145.929628
 20
14125.868300
 42
0.044129
  0
VERTEX
  8
0
 10
5303.500000
 20
14172.456314
 42
0.020574
  0
VERTEX
  8
0
 10
5376.758743
 20
14204.892443
 42
0.021407
  0
VERTEX
  8
0
 10
5446.113692
 20
14242.850353
 42
0.021390
  0
VERTEX
  8
0
 10
5512.019827
 20
14286.630597
 42
0.020468
  0
VERTEX
  8
0
 10
5574.954366
 20
14336.496272
 42
0.010971
  0
VERTEX
  8
0
 10
5599.316358
 20
14358.426937
 42
0.008165
  0
VERTEX
  8
0
 10
5625.262706
 20
14383.646623
 42
0.008118
  0
VERTEX
  8
0
 10
5650.584370
 20
14409.915836
 42
0.010289
  0
VERTEX
  8
0
 10
5673.069500
 20
14435.030027
 42
0.037178
  0
VERTEX
  8
0
 10
5755.863671
 20
14547.323972
 42
0.037093
  0
VERTEX
  8
0
 10
5821.185242
 20
14670.724386
 42
0.037088
  0
VERTEX
  8
0
 10
5867.564068
 20
14802.440840
 42
0.037142
  0
VERTEX
  8
0
 10
5893.946554
 20
14939.500000
 42
0.014075
  0
VERTEX
  8
0
 10
5898.069421
 20
14986.354499
 42
0.011654
  0
VERTEX
  8
0
 10
5899.888169
 20
15036.417761
 42
0.011697
  0
VERTEX
  8
0
 10
5899.370379
 20
15086.274525
 42
0.014583
  0
VERTEX
  8
0
 10
5896.457037
 20
15132.500000
 42
0.051496
  0
VERTEX
  8
0
 10
5858.455493
 20
15324.897008
 42
0.052098
  0
VERTEX
  8
0
 10
5782.021775
 20
15504.672041
 42
0.052164
  0
VERTEX
  8
0
 10
5670.187327
 20
15664.565409
 42
0.051886
  0
VERTEX
  8
0
 10
5527.500000
 20
15798.170936
 42
0.035073
  0
VERTEX
  8
0
 10
5418.385401
 20
15869.463704
 42
0.034601
  0
VERTEX
  8
0
 10
5299.893209
 20
15925.168352
 42
0.034615
  0
VERTEX
  8
0
 10
5174.899630
 20
15963.980831
 42
0.035168
  0
VERTEX
  8
0
 10
5046.406477
 20
15984.923626
 42
0.009205
  0
VERTEX
  8
0
 10
5013.436907
 20
15987.329728
 42
0.008034
  0
VERTEX
  8
0
 10
4978.870184
 20
15988.656771
 42
0.008095
  0
VERTEX
  8
0
 10
4944.592852
 20
15988.866348
 42
0.009847
  0
SEQEND
  0
POLYLINE
  8
0
 66
1
 70
1
  0
VERTEX
  8
0
 10
5008.000000
 20
15966.990897
 42
-0.024714
  0
VERTEX
  8
0
 10
5102.687124
 20
15956.977307
 42
-0.025872
  0
VERTEX
  8
0
 10
5194.464216
 20
15937.750042
 42
-0.025951
  0
VERTEX
  8
0
 10
5283.502470
 20
15909.215293
 42
-0.025205
  0
VERTEX
  8
0
 10
5370.000000
 20
15871.370942
 42
-0.015711
  0
VERTEX
  8
0
 10
5423.109800
 20
15842.752423
 42
-0.016701
  0
VERTEX
  8
0
 10
5473.222135
 20
15811.399670
 42
-0.016576
  0
VERTEX
  8
0
 10
5521.472239
 20
15776.542885
 42
-0.014986
  0
VERTEX
  8
0
 10
5569.000000
 20
15737.417601
 42
-0.012600
  0
VERTEX
  8
0
 10
5585.102602
 20
15722.598818
 42
-0.003876
  0
VERTEX
  8
0
 10
5608.645108
 20
15699.455202
 42
-0.003908
  0
VERTEX
  8
0
 10
5631.896883
 20
15675.874505
 42
-0.011947
  0
VERTEX
  8
0
 10
5647.153233
 20
15659.388078
 42
-0.021877
  0
VERTEX
  8
0
 10
5699.549475
 20
15594.464969
 42
-0.022268
  0
VERTEX
  8
0
 10
5745.744174
 20
15525.583657
 42
-0.022351
  0
VERTEX
  8
0
 10
5785.471924
 20
15453.125535
 42
-0.022436
  0
VERTEX
  8
0
 10
5818.518103
 20
15377.500000
 42
-0.029781
  0
VERTEX
  8
0
 10
5851.102440
 20
15274.916379
 42
-0.029346
  0
VERTEX
  8
0
 10
5871.460291
 20
15168.683823
 42
-0.029256
  0
VERTEX
  8
0
 10
5879.283078
 20
15060.477511
 42
-0.029178
  0
VERTEX
  8
0
 10
5874.434680
 20
14952.000000
 42
-0.037765
  0
VERTEX
  8
0
 10
5850.324798
 20
14818.366649
 42
-0.036870
  0
VERTEX
  8
0
 10
5806.266228
 20
14688.765397
 42
-0.036843
  0
VERTEX
  8
0
 10
5743.610866
 20
14566.949227
 42
-0.037579
  0
VERTEX
  8
0
 10
5664.119727
 20
14456.500000
 42
-0.011906
  0
VERTEX
  8
0
 10
5637.531671
 20
14426.353757
 42
-0.010326
  0
VERTEX
  8
0
 10
5608.272594
 20
14396.011526
 42
-0.010326
  0
VERTEX
  8
0
 10
5577.783622
 20
14366.901447
 42
-0.011900
  0
VERTEX
  8
0
 10
5547.500000
 20
14340.457491
 42
-0.049133
  0
VERTEX
  8
0
 10
5399.126079
 20
14239.855437
 42
-0.048775
  0
VERTEX
  8
0
 10
5233.618690
 20
14169.846967
 42
-0.048784
  0
VERTEX
  8
0
 10
5057.714963
 20
14133.235100
 42
-0.049190
  0
VERTEX
  8
0
 10
4878.548656
 20
14131.548179
 42
-0.039350
  0
VERTEX
  8
0
 10
4734.024056
 20
14155.991539
 42
-0.040165
  0
VERTEX
  8
0
 10
4596.140433
 20
14202.679839
 42
-0.040006
  0
VERTEX
  8
0
 10
4467.002080
 20
14271.021720
 42
-0.038402
  0
VERTEX
  8
0
 10
4348.500000
 20
14359.894451
 42
-0.012909
  0
VERTEX
  8
0
 10
4333.425803
 20
14373.827029
 42
-0.003283
  0
VERTEX
  8
0
 10
4309.717091
 20
14397.208269
 42
-0.003328
  0
VERTEX
  8
0
 10
4286.257934
 20
14420.963414
 42
-0.012117
  0
VERTEX
  8
0
 10
4271.835106
 20
14436.500000
 42
-0.029543
  0
VERTEX
  8
0
 10
4202.612907
 20
14524.788366
 42
-0.030390
  0
VERTEX
  8
0
 10
4144.988411
 20
14619.816591
 42
-0.030442
  0
VERTEX
  8
0
 10
4099.394197
 20
14720.967744
 42
-0.029875
  0
VERTEX
  8
0
 10
4066.091440
 20
14827.537794
 42
-0.033042
  0
VERTEX
  8
0
 10
4044.928494
 20
14945.790647
 42
-0.032715
  0
VERTEX
  8
0
 10
4039.431606
 20
15066.197122
 42
-0.032691
  0
VERTEX
  8
0
 10
4049.689308
 20
15186.379432
 42
-0.032879
  0
VERTEX
  8
0
 10
4075.519337
 20
15303.963557
 42
-0.028394
  0
VERTEX
  8
0
 10
4110.254188
 20
15402.551046
 42
-0.028393
  0
VERTEX
  8
0
 10
4155.935540
 20
15496.569020
 42
-0.028403
  0
VERTEX
  8
0
 10
4211.957262
 20
15584.774630
 42
-0.028460
  0
VERTEX
  8
0
 10
4277.579895
 20
15666.000000
 42
-0.048630
  0
VERTEX
  8
0
 10
4409.968822
 20
15786.196091
 42
-0.048780
  0
VERTEX
  8
0
 10
4562.949197
 20
15878.417271
 42
-0.048708
  0
VERTEX
  8
0
 10
4731.117874
 20
15939.361171
 42
-0.048196
  0
VERTEX
  8
0
 10
4908.500000
 20
15966.899631
 42
-0.011042
  0
VERTEX
  8
0
 10
4927.996471
 20
15967.594377
 42
-0.003155
  0
VERTEX
  8
0
 10
4958.259639
 20
15967.813091
 42
-0.003154
  0
VERTEX
  8
0
 10
4988.520424
 20
15967.649977
 42
-0.011062
  0
SEQEND
  0
POLYLINE
  8
0
 66
1
 70
1
  0
VERTEX
  8
0
 10
12275.000000
 20
15987.987885
 42
0.007700
  0
VERTEX
  8
0
 10
12243.338407
 20
15985.750110
 42
0.007739
  0
VERTEX
  8
0
 10
12211.814590
 20
15982.541357
 42
0.007854
  0
VERTEX
  8
0
 10
12180.883295
 20
15978.414878
 42
0.008581
  0
VERTEX
  8
0
 10
12151.000000
 20
15973.423719
 42
0.058352
  0
VERTEX
  8
0
 10
11941.496230
 20
15908.793894
 42
0.058410
  0
VERTEX
  8
0
 10
11752.668593
 20
15797.524993
 42
0.058445
  0
VERTEX
  8
0
 10
11594.786989
 20
15645.674117
 42
0.058552
  0
VERTEX
  8
0
 10
11476.440803
 20
15461.500000
 42
0.023028
  0
VERTEX
  8
0
 10
11440.531451
 20
15378.453407
 42
0.024619
  0
VERTEX
  8
0
 10
11413.300090
 20
15294.267708
 42
0.024345
  0
VERTEX
  8
0
 10
11394.236871
 20
15206.944944
 42
0.021512
  0
VERTEX
  8
0
 10
11382.786259
 20
15114.500000
 42
0.017153
  0
VERTEX
  8
0
 10
11381.734212
 20
15091.603998
 42
0.002922
  0
VERTEX
  8
0
 10
11381.482332
 20
15047.953029
 42
0.002915
  0
VERTEX
  8
0
 10
11381.740007
 20
15004.302915
 42
0.017276
  0
VERTEX
  8
0
 10
11382.796107
 20
14981.500000
 42
0.023067
  0
VERTEX
  8
0
 10
11395.189741
 20
14884.402887
 42
0.025160
  0
VERTEX
  8
0
 10
11416.254521
 20
14791.680291
 42
0.025538
  0
VERTEX
  8
0
 10
11446.172146
 20
14702.820831
 42
0.025377
  0
VERTEX
  8
0
 10
11485.048224
 20
14617.280974
 42
0.039005
  0
VERTEX
  8
0
 10
11563.578280
 20
14490.701802
 42
0.039621
  0
VERTEX
  8
0
 10
11660.443594
 20
14378.564772
 42
0.039655
  0
VERTEX
  8
0
 10
11773.700198
 20
14283.195322
 42
0.039216
  0
VERTEX
  8
0
 10
11901.000000
 20
14206.505067
 42
0.044018
  0
VERTEX
  8
0
 10
12054.603973
 20
14145.893207
 42
0.043982
  0
VERTEX
  8
0
 10
12216.488168
 20
14113.085070
 42
0.043989
  0
VERTEX
  8
0
 10
12381.589587
 20
14109.100755
 42
0.044063
  0
VERTEX
  8
0
 10
12544.745999
 20
14134.070443
 42
0.026460
  0
VERTEX
  8
0
 10
12639.993143
 20
14162.788350
 42
0.026336
  0
VERTEX
  8
0
 10
12731.828220
 20
14201.443512
 42
0.026353
  0
VERTEX
  8
0
 10
12819.033697
 20
14249.511086
 42
0.026576
  0
VERTEX
  8
0
 10
12900.443670
 20
14306.361323
 42
0.019176
  0
VERTEX
  8
0
 10
12955.294749
 20
14352.663541
 42
0.019108
  0
VERTEX
  8
0
 10
13006.504382
 20
14403.084881
 42
0.019093
  0
VERTEX
  8
0
 10
13053.753517
 20
14457.309664
 42
0.019072
  0
VERTEX
  8
0
 10
13096.746220
 20
14515.000000
 42
0.031943
  0
VERTEX
  8
0
 10
13158.414809
 20
14618.244035
 42
0.031969
  0
VERTEX
  8
0
 10
13206.411266
 20
14728.475838
 42
0.031986
  0
VERTEX
  8
0
 10
13239.941195
 20
14843.865776
 42
0.032061
  0
VERTEX
  8
0
 10
13258.446594
 20
14962.500000
 42
0.013002
  0
VERTEX
  8
0
 10
13261.323877
 20
15006.953111
 42
0.010989
  0
VERTEX
  8
0
 10
13262.108669
 20
15054.066450
 42
0.011027
  0
VERTEX
  8
0
 10
13260.824504
 20
15100.967745
 42
0.013422
  0
VERTEX
  8
0
 10
13257.476718
 20
15144.778052
 42
0.030492
  0
VERTEX
  8
0
 10
13238.848925
 20
15257.290869
 42
0.030273
  0
VERTEX
  8
0
 10
13206.645188
 20
15366.980830
 42
0.030259
  0
VERTEX
  8
0
 10
13161.413760
 20
15472.027611
 42
0.030398
  0
VERTEX
  8
0
 10
13103.894467
 20
15570.679120
 42
0.039737
  0
VERTEX
  8
0
 10
13011.355829
 20
15687.946046
 42
0.039836
  0
VERTEX
  8
0
 10
12901.502663
 20
15788.991266
 42
0.039796
  0
VERTEX
  8
0
 10
12776.904021
 20
15871.424455
 42
0.039485
  0
VERTEX
  8
0
 10
12640.500000
 20
15933.323047
 42
0.017634
  0
VERTEX
  8
0
 10
12579.033329
 20
15953.134997
 42
0.017433
  0
VERTEX
  8
0
 10
12516.089699
 20
15968.650426
 42
0.017189
  0
VERTEX
  8
0
 10
12451.349559
 20
15979.926288
 42
0.016057
  0
VERTEX
  8
0
 10
12384.500000
 20
15987.036020
 42
0.013642
  0
VERTEX
  8
0
 10
12365.053181
 20
15987.942192
 42
0.002647
  0
VERTEX
  8
0
 10
12329.902405
 20
15988.433891
 42
0.002669
  0
VERTEX
  8
0
 10
12294.734554
 20
15988.551886
 42
0.013295
  0
SEQEND
  0
POLYLINE
  8
0
 66
1
 70
1
  0
VERTEX
  8
0
 10
12370.000000
 20
15966.974285
 42
-0.036281
  0
VERTEX
  8
0
 10
12505.704606
 20
15949.528705
 42
-0.037131
  0
VERTEX
  8
0
 10
12636.381666
 20
15912.713179
 42
-0.037199
  0
VERTEX
  8
0
 10
12759.954560
 20
15857.053476
 42
-0.036705
  0
VERTEX
  8
0
 10
12874.500000
 20
15783.480839
 42
-0.006210
  0
VERTEX
  8
0
 10
12896.093173
 20
15766.834792
 42
-0.008399
  0
VERTEX
  8
0
 10
12915.163494
 20
15751.224553
 42
-0.008354
  0
VERTEX
  8
0
 10
12933.779492
 20
15734.914767
 42
-0.006038
  0
VERTEX
  8
0
 10
12954.000000
 20
15716.143594
 42
-0.012997
  0
VERTEX
  8
0
 10
12991.679255
 20
15678.395271
 42
-0.014628
  0
VERTEX
  8
0
 10
13025.842249
 20
15640.162075
 42
-0.014688
  0
VERTEX
  8
0
 10
13057.588192
 20
15600.141732
 42
-0.013328
  0
VERTEX
  8
0
 10
13088.013474
 20
15557.031575
 42
-0.044480
  0
VERTEX
  8
0
 10
13164.871352
 20
15416.016368
 42
-0.043697
  0
VERTEX
  8
0
 10
13216.119356
 20
15262.798950
 42
-0.043674
  0
VERTEX
  8
0
 10
13239.979501
 20
15102.926999
 42
-0.044330
  0
VERTEX
  8
0
 10
13235.518136
 20
14942.153620
 42
-0.046971
  0
VERTEX
  8
0
 10
13199.362340
 20
14772.702693
 42
-0.047066
  0
VERTEX
  8
0
 10
13132.229972
 20
14613.098897
 42
-0.047096
  0
VERTEX
  8
0
 10
13036.481519
 20
14468.957397
 42
-0.047156
  0
VERTEX
  8
0
 10
12915.487250
 20
14345.347176
 42
-0.043941
  0
VERTEX
  8
0
 10
12783.769849
 20
14252.495897
 42
-0.043898
  0
VERTEX
  8
0
 10
12637.811808
 20
14184.055924
 42
-0.043882
  0
VERTEX
  8
0
 10
12482.093866
 20
14142.128641
 42
-0.043838
  0
VERTEX
  8
0
 10
12321.396608
 20
14128.001507
 42
-0.031154
  0
VERTEX
  8
0
 10
12207.741724
 20
14135.082529
 42
-0.030876
  0
VERTEX
  8
0
 10
12095.499927
 20
14156.231815
 42
-0.030905
  0
VERTEX
  8
0
 10
11986.817540
 20
14191.017537
 42
-0.031348
  0
VERTEX
  8
0
 10
11883.786109
 20
14238.798301
 42
-0.078388
  0
VERTEX
  8
0
 10
11654.955892
 20
14413.972363
 42
-0.078766
  0
VERTEX
  8
0
 10
11491.606768
 20
14650.816314
 42
-0.078781
  0
VERTEX
  8
0
 10
11409.532921
 20
14926.524898
 42
-0.078463
  0
VERTEX
  8
0
 10
11416.592998
 20
15214.500000
 42
-0.025492
  0
VERTEX
  8
0
 10
11437.973055
 20
15304.959860
 42
-0.025289
  0
VERTEX
  8
0
 10
11468.494064
 20
15393.021556
 42
-0.025304
  0
VERTEX
  8
0
 10
11507.729897
 20
15477.501781
 42
-0.025594
  0
VERTEX
  8
0
 10
11555.164728
 20
15557.254104
 42
-0.007695
  0
VERTEX
  8
0
 10
11573.563874
 20
15583.967882
 42
-0.009012
  0
VERTEX
  8
0
 10
11591.854618
 20
15608.712060
 42
-0.008902
  0
VERTEX
  8
0
 10
11611.221588
 20
15633.038460
 42
-0.007174
  0
VERTEX
  8
0
 10
11632.865413
 20
15658.500000
 42
-0.013736
  0
VERTEX
  8
0
 10
11647.704168
 20
15674.545421
 42
-0.003555
  0
VERTEX
  8
0
 10
11672.493527
 20
15699.557392
 42
-0.003604
  0
VERTEX
  8
0
 10
11697.709499
 20
15724.281547
 42
-0.012870
  0
VERTEX
  8
0
 10
11714.351232
 20
15739.556601
 42
-0.019896
  0
VERTEX
  8
0
 10
11774.256762
 20
15787.711201
 42
-0.020654
  0
VERTEX
  8
0
 10
11837.076459
 20
15830.319789
 42
-0.020737
  0
VERTEX
  8
0
 10
11902.950633
 20
15867.446239
 42
-0.020427
  0
VERTEX
  8
0
 10
11972.000000
 20
15899.189492
 42
-0.020929
  0
VERTEX
  8
0
 10
12044.002761
 20
15925.326254
 42
-0.020827
  0
VERTEX
  8
0
 10
12118.055525
 20
15945.399599
 42
-0.020774
  0
VERTEX
  8
0
 10
12193.708289
 20
15959.284783
 42
-0.020571
  0
VERTEX
  8
0
 10
12270.500000
 20
15966.899631
 42
-0.010931
  0
VERTEX
  8
0
 10
12290.202188
 20
15967.606086
 42
-0.003308
  0
VERTEX
  8
0
 10
12320.127109
 20
15967.826500
 42
-0.003319
  0
VERTEX
  8
0
 10
12350.087674
 20
15967.650086
 42
-0.010700
  0
SEQEND
  0
POLYLINE
  8
0
 66
1
 70
1
  0
VERTEX
  8
0
 10
19637.000000
 20
15987.916418
 42
0.057239
  0
VERTEX
  8
0
 10
19424.535215
 20
15952.556183
 42
0.057312
  0
VERTEX
  8
0
 10
19225.716570
 20
15869.953251
 42
0.057338
  0
VERTEX
  8
0
 10
19050.917848
 20
15744.417360
 42
0.057391
  0
VERTEX
  8
0
 10
18909.257569
 20
15582.500000
 42
0.034507
  0
VERTEX
  8
0
 10
18842.872508
 20
15470.518513
 42
0.034873
  0
VERTEX
  8
0
 10
18792.784689
 20
15350.856928
 42
0.034751
  0
VERTEX
  8
0
 10
18759.674156
 20
15224.987553
 42
0.033745
  0
VERTEX
  8
0
 10
18743.901894
 20
15094.500000
 42
0.011817
  0
VERTEX
  8
0
 10
18743.226200
 20
15071.359721
 42
0.003708
  0
VERTEX
  8
0
 10
18743.290551
 20
15036.696902
 42
0.003563
  0
VERTEX
  8
0
 10
18743.853594
 20
15002.364342
 42
0.014483
  0
VERTEX
  8
0
 10
18744.949734
 20
14981.500000
 42
0.020525
  0
VERTEX
  8
0
 10
18755.976905
 20
14891.930055
 42
0.023405
  0
VERTEX
  8
0
 10
18774.010841
 20
14807.461614
 42
0.023690
  0
VERTEX
  8
0
 10
18799.627392
 20
14725.955210
 42
0.022085
  0
VERTEX
  8
0
 10
18833.368004
 20
14645.263573
 42
0.021324
  0
VERTEX
  8
0
 10
18868.828268
 20
14577.622759
 42
0.020140
  0
VERTEX
  8
0
 10
18910.557456
 20
14511.909266
 42
0.020239
  0
VERTEX
  8
0
 10
18957.205879
 20
14450.100659
 42
0.022131
  0
VERTEX
  8
0
 10
19007.397631
 20
14394.155624
 42
0.007316
  0
VERTEX
  8
0
 10
19036.447139
 20
14365.379792
 42
0.010765
  0
VERTEX
  8
0
 10
19062.865578
 20
14341.038316
 42
0.011168
  0
VERTEX
  8
0
 10
19089.547268
 20
14318.535480
 42
0.008837
  0
VERTEX
  8
0
 10
19119.349921
 20
14295.375343
 42
0.029170
  0
VERTEX
  8
0
 10
19212.114215
 20
14233.982839
 42
0.029687
  0
VERTEX
  8
0
 10
19310.863379
 20
14184.199529
 42
0.029692
  0
VERTEX
  8
0
 10
19414.796735
 20
14146.469293
 42
0.029203
  0
VERTEX
  8
0
 10
19523.042360
 20
14121.070339
 42
0.031059
  0
VERTEX
  8
0
 10
19639.276940
 20
14108.234449
 42
0.031273
  0
VERTEX
  8
0
 10
19755.936750
 20
14109.942257
 42
0.031228
  0
VERTEX
  8
0
 10
19871.635117
 20
14126.199437
 42
0.030766
  0
VERTEX
  8
0
 10
19985.000000
 20
14156.787845
 42
0.037825
  0
VERTEX
  8
0
 10
20114.862405
 20
14211.795785
 42
0.037609
  0
VERTEX
  8
0
 10
20235.218671
 20
14285.830361
 42
0.037585
  0
VERTEX
  8
0
 10
20343.196459
 20
14377.108937
 42
0.037671
  0
VERTEX
  8
0
 10
20436.203505
 20
14483.458430
 42
0.034991
  0
VERTEX
  8
0
 10
20508.093534
 20
14594.803396
 42
0.035307
  0
VERTEX
  8
0
 10
20563.511033
 20
14714.758764
 42
0.035295
  0
VERTEX
  8
0
 10
20601.514414
 20
14841.357025
 42
0.034916
  0
VERTEX
  8
0
 10
20621.504450
 20
14972.500000
 42
0.032185
  0
VERTEX
  8
0
 10
20623.539128
 20
15091.379770
 42
0.031611
  0
VERTEX
  8
0
 10
20610.356366
 20
15210.265278
 42
0.031552
  0
VERTEX
  8
0
 10
20582.253257
 20
15326.758582
 42
0.031780
  0
VERTEX
  8
0
 10
20539.766652
 20
15438.500000
 42
0.063912
  0
VERTEX
  8
0
 10
20414.512962
 20
15640.731465
 42
0.063478
  0
VERTEX
  8
0
 10
20241.992862
 20
15805.304919
 42
0.063434
  0
VERTEX
  8
0
 10
20033.587012
 20
15921.426235
 42
0.063667
  0
VERTEX
  8
0
 10
19802.982985
 20
15981.412253
 42
0.011777
  0
VERTEX
  8
0
 10
19762.411193
 20
15985.637616
 42
0.010263
  0
VERTEX
  8
0
 10
19719.779934
 20
15988.185386
 42
0.010299
  0
VERTEX
  8
0
 10
19677.253606
 20
15988.975146
 42
0.012134
  0
SEQEND
  0
POLYLINE
  8
0
 66
1
 70
1
  0
VERTEX
  8
0
 10
19732.500000
 20
15966.973715
 42
-0.076933
  0
VERTEX
  8
0
 10
20009.953767
 20
15908.302578
 42
-0.077441
  0
VERTEX
  8
0
 10
20255.994837
 20
15768.560288
 42
-0.077483
  0
VERTEX
  8
0
 10
20447.750256
 20
15560.665412
 42
-0.077144
  0
VERTEX
  8
0
 10
20567.471860
 20
15303.963557
 42
-0.033005
  0
VERTEX
  8
0
 10
20593.294690
 20
15186.516927
 42
-0.032670
  0
VERTEX
  8
0
 10
20603.553329
 20
15066.291074
 42
-0.032681
  0
VERTEX
  8
0
 10
20598.062699
 20
14945.793866
 42
-0.033081
  0
VERTEX
  8
0
 10
20576.908560
 20
14827.537794
 42
-0.029882
  0
VERTEX
  8
0
 10
20543.607540
 20
14720.978792
 42
-0.030435
  0
VERTEX
  8
0
 10
20498.008891
 20
14619.821664
 42
-0.030382
  0
VERTEX
  8
0
 10
20440.381381
 20
14524.784928
 42
-0.029547
  0
VERTEX
  8
0
 10
20371.165236
 20
14436.500000
 42
-0.012620
  0
VERTEX
  8
0
 10
20350.410136
 20
14414.186489
 42
-0.006856
  0
VERTEX
  8
0
 10
20323.854874
 20
14387.778545
 42
-0.006843
  0
VERTEX
  8
0
 10
20296.279458
 20
14361.819209
 42
-0.011397
  0
VERTEX
  8
0
 10
20272.273056
 20
14340.817340
 42
-0.043996
  0
VERTEX
  8
0
 10
20141.892208
 20
14250.076689
 42
-0.043350
  0
VERTEX
  8
0
 10
19997.014430
 20
14183.029730
 42
-0.043267
  0
VERTEX
  8
0
 10
19842.473793
 20
14141.867646
 42
-0.043468
  0
VERTEX
  8
0
 10
19683.396608
 20
14128.001507
 42
-0.032806
  0
VERTEX
  8
0
 10
19563.507129
 20
14135.868270
 42
-0.032734
  0
VERTEX
  8
0
 10
19445.587446
 20
14159.349329
 42
-0.032698
  0
VERTEX
  8
0
 10
19331.615001
 20
14198.053664
 42
-0.032565
  0
VERTEX
  8
0
 10
19223.500000
 20
14251.330365
 42
-0.016141
  0
VERTEX
  8
0
 10
19172.122712
 20
14283.201616
 42
-0.017109
  0
VERTEX
  8
0
 10
19123.922826
 20
14317.738263
 42
-0.016986
  0
VERTEX
  8
0
 10
19077.881592
 20
14355.731391
 42
-0.015423
  0
VERTEX
  8
0
 10
19032.974398
 20
14397.965362
 42
-0.019847
  0
VERTEX
  8
0
 10
18980.605454
 20
14454.685577
 42
-0.021431
  0
VERTEX
  8
0
 10
18934.293885
 20
14513.990722
 42
-0.021477
  0
VERTEX
  8
0
 10
18893.316282
 20
14576.921615
 42
-0.020116
  0
VERTEX
  8
0
 10
18856.921892
 20
14644.500000
 42
-0.034724
  0
VERTEX
  8
0
 10
18808.682672
 20
14763.761713
 42
-0.034969
  0
VERTEX
  8
0
 10
18777.547462
 20
14888.272819
 42
-0.035004
  0
VERTEX
  8
0
 10
18764.090383
 20
15015.787068
 42
-0.034949
  0
VERTEX
  8
0
 10
18768.541770
 20
15144.000000
 42
-0.028415
  0
VERTEX
  8
0
 10
18785.356397
 20
15247.280637
 42
-0.028542
  0
VERTEX
  8
0
 10
18813.756276
 20
15347.831160
 42
-0.028479
  0
VERTEX
  8
0
 10
18853.495647
 20
15444.704372
 42
-0.028004
  0
VERTEX
  8
0
 10
18904.183580
 20
15537.000000
 42
-0.013945
  0
VERTEX
  8
0
 10
18932.560318
 20
15579.740884
 42
-0.014945
  0
VERTEX
  8
0
 10
18962.654220
 20
15619.834739
 42
-0.014750
  0
VERTEX
  8
0
 10
18995.462704
 20
15658.529616
 42
-0.012863
  0
VERTEX
  8
0
 10
19031.987608
 20
15697.075638
 42
-0.006426
  0
VERTEX
  8
0
 10
19058.268441
 20
15722.750595
 42
-0.010726
  0
VERTEX
  8
0
 10
19081.115113
 20
15743.587970
 42
-0.011087
  0
VERTEX
  8
0
 10
19104.287460
 20
15762.940405
 42
-0.007505
  0
VERTEX
  8
0
 10
19131.500000
 20
15784.000399
 42
-0.031182
  0
VERTEX
  8
0
 10
19228.228265
 20
15847.549846
 42
-0.031580
  0
VERTEX
  8
0
 10
19331.709240
 20
15898.277795
 42
-0.031587
  0
VERTEX
  8
0
 10
19440.732329
 20
15935.559448
 42
-0.031227
  0
VERTEX
  8
0
 10
19554.000000
 20
15958.980991
 42
-0.004930
  0
VERTEX
  8
0
 10
19574.934733
 20
15961.752289
 42
-0.006639
  0
VERTEX
  8
0
 10
19593.938663
 20
15963.821884
 42
-0.005856
  0
VERTEX
  8
0
 10
19614.728475
 20
15965.561592
 42
-0.002793
  0
VERTEX
  8
0
 10
19641.500000
 20
15967.336126
 42
-0.014312
  0
VERTEX
  8
0
 10
19655.547267
 20
15967.785488
 42
-0.001835
  0
VERTEX
  8
0
 10
19685.712606
 20
15967.776031
 42
-0.002057
  0
VERTEX
  8
0
 10
19715.851524
 20
15967.531985
 42
-0.010655
  0
SEQEND
  0
POLYLINE
  8
0
 66
1
 70
1
  0
VERTEX
  8
0
 10
3299.500000
 20
11073.406016
 42
-0.000659
  0
VERTEX
  8
0
 10
3297.256550
 20
11073.188247
 42
-0.000135
  0
VERTEX
  8
0
 10
3293.296875
 20
11072.810232
 42
-0.000142
  0
VERTEX
  8
0
 10
3288.696109
 20
11072.373593
 42
-0.000134
  0
VERTEX
  8
0
 10
3284.000000
 20
11071.930524
 42
0.055899
  0
VERTEX
  8
0
 10
3204.571374
 20
11055.375497
 42
0.052580
  0
VERTEX
  8
0
 10
3129.020322
 20
11021.434079
 42
0.052320
  0
VERTEX
  8
0
 10
3061.869101
 20
10972.283665
 42
0.054188
  0
VERTEX
  8
0
 10
3007.262659
 20
10910.789344
 42
0.047006
  0
VERTEX
  8
0
 10
2971.037317
 20
10848.092880
 42
0.046409
  0
VERTEX
  8
0
 10
2946.975640
 20
10779.468436
 42
0.046446
  0
VERTEX
  8
0
 10
2935.997395
 20
10707.636190
 42
0.047239
  0
VERTEX
  8
0
 10
2938.567255
 20
10635.427660
 42
0.078882
  0
VERTEX
  8
0
 10
2973.073087
 20
10518.698292
 42
0.078693
  0
VERTEX
  8
0
 10
3042.051957
 20
10418.286435
 42
0.078711
  0
VERTEX
  8
0
 10
3138.665026
 20
10344.119235
 42
0.078973
  0
VERTEX
  8
0
 10
3253.361398
 20
10303.547008
 42
0.009403
  0
VERTEX
  8
0
 10
3271.116643
 20
10300.616505
 42
0.014541
  0
VERTEX
  8
0
 10
3286.557691
 20
10298.822106
 42
0.013803
  0
VERTEX
  8
0
 10
3302.646485
 20
10297.871648
 42
0.007445
  0
VERTEX
  8
0
 10
3322.500000
 20
10297.543790
 42
0.016333
  0
VERTEX
  8
0
 10
3355.207838
 20
10298.559425
 42
0.022062
  0
VERTEX
  8
0
 10
3384.625601
 20
10301.743667
 42
0.022441
  0
VERTEX
  8
0
 10
3413.250178
 20
10307.451248
 42
0.017863
  0
VERTEX
  8
0
 10
3443.548075
 20
10316.078603
 42
0.028869
  0
VERTEX
  8
0
 10
3486.445861
 20
10332.759172
 42
0.030527
  0
VERTEX
  8
0
 10
3526.313861
 20
10354.004320
 42
0.030425
  0
VERTEX
  8
0
 10
3563.417039
 20
10380.018080
 42
0.028280
  0
VERTEX
  8
0
 10
3598.055131
 20
10410.944869
 42
0.042657
  0
VERTEX
  8
0
 10
3642.543729
 20
10463.748942
 42
0.045294
  0
VERTEX
  8
0
 10
3676.423127
 20
10522.328319
 42
0.045125
  0
VERTEX
  8
0
 10
3699.298489
 20
10586.256238
 42
0.041735
  0
VERTEX
  8
0
 10
3711.092224
 20
10654.951243
 42
0.019713
  0
VERTEX
  8
0
 10
3711.902835
 20
10672.118561
 42
0.008223
  0
VERTEX
  8
0
 10
3711.701515
 20
10695.302695
 42
0.008239
  0
VERTEX
  8
0
 10
3710.734611
 20
10718.528918
 42
0.019113
  0
VERTEX
  8
0
 10
3709.058054
 20
10735.884185
 42
0.060853
  0
VERTEX
  8
0
 10
3684.698726
 20
10828.919645
 42
0.061790
  0
VERTEX
  8
0
 10
3638.739938
 20
10912.835145
 42
0.061912
  0
VERTEX
  8
0
 10
3573.765537
 20
10982.839757
 42
0.061523
  0
VERTEX
  8
0
 10
3493.500000
 20
11034.979844
 42
0.020992
  0
VERTEX
  8
0
 10
3463.767281
 20
11047.945783
 42
0.021291
  0
VERTEX
  8
0
 10
3433.190392
 20
11058.305400
 42
0.021005
  0
VERTEX
  8
0
 10
3401.446766
 20
11066.143876
 42
0.019247
  0
VERTEX
  8
0
 10
3368.219759
 20
11071.560420
 42
0.020265
  0
VERTEX
  8
0
 10
3355.744873
 20
11072.592971
 42
0.003802
  0
VERTEX
  8
0
 10
3332.840300
 20
11073.382444
 42
0.003343
  0
VERTEX
  8
0
 10
3309.881628
 20
11073.845448
 42
0.027897
  0
SEQEND
  0
POLYLINE
  8
0
 66
1
 70
1
  0
VERTEX
  8
0
 10
3356.000000
 20
10887.523115
 42
-0.079061
  0
VERTEX
  8
0
 10
3418.183304
 20
10866.739509
 42
-0.080015
  0
VERTEX
  8
0
 10
3470.556530
 20
10827.741882
 42
-0.080350
  0
VERTEX
  8
0
 10
3507.871254
 20
10774.433266
 42
-0.080696
  0
VERTEX
  8
0
 10
3526.408213
 20
10712.158257
 42
-0.077598
  0
VERTEX
  8
0
 10
3524.716325
 20
10648.610370
 42
-0.078004
  0
VERTEX
  8
0
 10
3503.721886
 20
10588.726332
 42
-0.078127
  0
VERTEX
  8
0
 10
3465.428156
 20
10538.230373
 42
-0.078208
  0
VERTEX
  8
0
 10
3413.500000
 20
10501.941775
 42
-0.039573
  0
VERTEX
  8
0
 10
3383.064635
 20
10489.970990
 42
-0.040145
  0
VERTEX
  8
0
 10
3351.268796
 20
10483.014833
 42
-0.040105
  0
VERTEX
  8
0
 10
3318.739806
 20
10481.224977
 42
-0.039327
  0
VERTEX
  8
0
 10
3286.123504
 20
10484.623169
 42
-0.065649
  0
VERTEX
  8
0
 10
3236.746141
 20
10500.632755
 42
-0.063406
  0
VERTEX
  8
0
 10
3192.564906
 20
10529.031816
 42
-0.063400
  0
VERTEX
  8
0
 10
3156.906105
 20
10567.598973
 42
-0.065612
  0
VERTEX
  8
0
 10
3132.536501
 20
10613.445154
 42
-0.037829
  0
VERTEX
  8
0
 10
3123.957633
 20
10643.065859
 42
-0.037127
  0
VERTEX
  8
0
 10
3119.871160
 20
10673.827802
 42
-0.037210
  0
VERTEX
  8
0
 10
3120.383173
 20
10704.788223
 42
-0.038394
  0
VERTEX
  8
0
 10
3125.496822
 20
10735.000000
 42
-0.028653
  0
VERTEX
  8
0
 10
3132.149117
 20
10756.375444
 42
-0.026772
  0
VERTEX
  8
0
 10
3141.330680
 20
10777.354934
 42
-0.026743
  0
VERTEX
  8
0
 10
3152.713052
 20
10797.256096
 42
-0.028430
  0
VERTEX
  8
0
 10
3165.943976
 20
10815.408293
 42
-0.019631
  0
VERTEX
  8
0
 10
3172.514271
 20
10822.810161
 42
-0.008379
  0
VERTEX
  8
0
 10
3181.845501
 20
10832.205656
 42
-0.008283
  0
VERTEX
  8
0
 10
3191.377867
 20
10841.184517
 42
-0.022590
  0
VERTEX
  8
0
 10
3198.500000
 20
10847.107942
 42
-0.032233
  0
VERTEX
  8
0
 10
3222.422798
 20
10862.923850
 42
-0.034031
  0
VERTEX
  8
0
 10
3247.760630
 20
10875.215825
 42
-0.034251
  0
VERTEX
  8
0
 10
3274.375444
 20
10883.893111
 42
-0.033560
  0
VERTEX
  8
0
 10
3302.107115
 20
10888.927835
 42
-0.026215
  0
VERTEX
  8
0
 10
3312.958277
 20
10889.580583
 42
-0.008431
  0
VERTEX
  8
0
 10
3329.089628
 20
10889.432216
 42
-0.008429
  0
VERTEX
  8
0
 10
3345.205385
 20
10888.740143
 42
-0.026253
  0
SEQEND
  0
POLYLINE
  8
0
 66
1
 70
1
  0
VERTEX
  8
0
 10
6565.000000
 20
11072.939384
 42
0.039893
  0
VERTEX
  8
0
 10
6500.062197
 20
11061.994667
 42
0.042261
  0
VERTEX
  8
0
 10
6438.979494
 20
11040.991244
 42
0.042288
  0
VERTEX
  8
0
 10
6382.331956
 20
11010.031043
 42
0.040044
  0
VERTEX
  8
0
 10
6330.584599
 20
10969.474105
 42
0.045973
  0
VERTEX
  8
0
 10
6285.087130
 20
10919.053638
 42
0.044461
  0
VERTEX
  8
0
 10
6248.991587
 20
10860.623678
 42
0.044047
  0
VERTEX
  8
0
 10
6223.517682
 20
10796.186527
 42
0.043342
  0
VERTEX
  8
0
 10
6209.553889
 20
10727.934375
 42
0.040532
  0
VERTEX
  8
0
 10
6207.549171
 20
10669.266695
 42
0.037783
  0
VERTEX
  8
0
 10
6214.886505
 20
10609.616275
 42
0.037675
  0
VERTEX
  8
0
 10
6231.150887
 20
10551.579786
 42
0.039743
  0
VERTEX
  8
0
 10
6255.722961
 20
10497.716776
 42
0.035750
  0
VERTEX
  8
0
 10
6286.949226
 20
10449.941670
 42
0.036761
  0
VERTEX
  8
0
 10
6324.397902
 20
10407.575775
 42
0.036795
  0
VERTEX
  8
0
 10
6367.612975
 20
10371.184869
 42
0.035955
  0
VERTEX
  8
0
 10
6416.018376
 20
10341.210224
 42
0.023149
  0
VERTEX
  8
0
 10
6448.194691
 20
10326.208270
 42
0.023367
  0
VERTEX
  8
0
 10
6481.521193
 20
10314.296936
 42
0.022982
  0
VERTEX
  8
0
 10
6516.343957
 20
10305.383568
 42
0.020825
  0
VERTEX
  8
0
 10
6553.000000
 20
10299.355717
 42
0.021138
  0
VERTEX
  8
0
 10
6569.579996
 20
10298.041976
 42
0.007546
  0
VERTEX
  8
0
 10
6593.317736
 20
10297.526545
 42
0.007564
  0
VERTEX
  8
0
 10
6617.098138
 20
10297.728909
 42
0.020668
  0
VERTEX
  8
0
 10
6633.874568
 20
10298.820394
 42
0.035186
  0
VERTEX
  8
0
 10
6690.645200
 20
10308.954115
 42
0.036653
  0
VERTEX
  8
0
 10
6744.637687
 20
10326.862062
 42
0.036690
  0
VERTEX
  8
0
 10
6795.386408
 20
10352.441590
 42
0.035410
  0
VERTEX
  8
0
 10
6842.491265
 20
10385.435264
 42
0.018191
  0
VERTEX
  8
0
 10
6854.655943
 20
10396.065477
 42
0.007843
  0
VERTEX
  8
0
 10
6870.113336
 20
10411.061439
 42
0.007850
  0
VERTEX
  8
0
 10
6885.114236
 20
10426.557511
 42
0.017893
  0
VERTEX
  8
0
 10
6895.820229
 20
10438.821329
 42
0.031566
  0
VERTEX
  8
0
 10
6925.675044
 20
10480.747455
 42
0.032492
  0
VERTEX
  8
0
 10
6949.697184
 20
10525.706773
 42
0.032764
  0
VERTEX
  8
0
 10
6967.522500
 20
10573.027801
 42
0.033338
  0
VERTEX
  8
0
 10
6978.890659
 20
10622.000000
 42
0.007072
  0
VERTEX
  8
0
 10
6981.382746
 20
10638.795768
 42
0.015611
  0
VERTEX
  8
0
 10
6982.701917
 20
10651.691850
 42
0.013690
  0
VERTEX
  8
0
 10
6983.306681
 20
10665.637113
 42
0.004316
  0
VERTEX
  8
0
 10
6983.459589
 20
10686.500000
 42
0.007104
  0
VERTEX
  8
0
 10
6983.106830
 20
10709.240128
 42
0.015492
  0
VERTEX
  8
0
 10
6982.048935
 20
10726.646669
 42
0.016869
  0
VERTEX
  8
0
 10
6979.985920
 20
10743.009369
 42
0.010189
  0
VERTEX
  8
0
 10
6976.496196
 20
10762.237986
 42
0.056794
  0
VERTEX
  8
0
 10
6949.215700
 20
10846.423028
 42
0.057099
  0
VERTEX
  8
0
 10
6903.729859
 20
10922.147220
 42
0.057102
  0
VERTEX
  8
0
 10
6842.297634
 20
10985.618787
 42
0.056807
  0
VERTEX
  8
0
 10
6768.000000
 20
11033.677603
 42
0.021314
  0
VERTEX
  8
0
 10
6737.634064
 20
11047.166796
 42
0.021804
  0
VERTEX
  8
0
 10
6706.456908
 20
11057.909017
 42
0.021544
  0
VERTEX
  8
0
 10
6674.104680
 20
11066.002379
 42
0.019739
  0
VERTEX
  8
0
 10
6640.219759
 20
11071.560420
 42
0.020490
  0
VERTEX
  8
0
 10
6625.585081
 20
11072.765100
 42
0.005707
  0
VERTEX
  8
0
 10
6602.589256
 20
11073.449283
 42
0.005695
  0
VERTEX
  8
0
 10
6579.594489
 20
11073.608862
 42
0.020697
  0
SEQEND
  0
POLYLINE
  8
0
 66
1
 70
1
  0
VERTEX
  8
0
 10
6628.000000
 20
10887.526823
 42
-0.087003
  0
VERTEX
  8
0
 10
6696.062789
 20
10863.549008
 42
-0.088610
  0
VERTEX
  8
0
 10
6751.414478
 20
10817.954416
 42
-0.088810
  0
VERTEX
  8
0
 10
6787.468463
 20
10756.114464
 42
-0.087897
  0
VERTEX
  8
0
 10
6800.000000
 20
10685.379750
 42
-0.078494
  0
VERTEX
  8
0
 10
6790.061714
 20
10622.463586
 42
-0.078558
  0
VERTEX
  8
0
 10
6761.215397
 20
10565.693595
 42
-0.078519
  0
VERTEX
  8
0
 10
6716.248133
 20
10520.567716
 42
-0.078296
  0
VERTEX
  8
0
 10
6659.516267
 20
10491.451576
 42
-0.061930
  0
VERTEX
  8
0
 10
6609.862556
 20
10481.685952
 42
-0.062371
  0
VERTEX
  8
0
 10
6559.452602
 20
10484.415111
 42
-0.062310
  0
VERTEX
  8
0
 10
6511.228652
 20
10499.497863
 42
-0.061592
  0
VERTEX
  8
0
 10
6468.000000
 20
10526.038062
 42
-0.019389
  0
VERTEX
  8
0
 10
6459.980288
 20
10532.964986
 42
-0.009638
  0
VERTEX
  8
0
 10
6450.340081
 20
10542.321467
 42
-0.009632
  0
VERTEX
  8
0
 10
6441.092914
 20
10552.015806
 42
-0.019940
  0
VERTEX
  8
0
 10
6434.331591
 20
10560.000000
 42
-0.024756
  0
VERTEX
  8
0
 10
6424.816108
 20
10573.519961
 42
-0.018189
  0
VERTEX
  8
0
 10
6415.590141
 20
10589.360388
 42
-0.018185
  0
VERTEX
  8
0
 10
6407.536785
 20
10605.835581
 42
-0.024685
  0
VERTEX
  8
0
 10
6401.567079
 20
10621.275522
 42
-0.048626
  0
VERTEX
  8
0
 10
6392.964949
 20
10659.313930
 42
-0.047597
  0
VERTEX
  8
0
 10
6391.782574
 20
10698.576375
 42
-0.047646
  0
VERTEX
  8
0
 10
6398.043601
 20
10737.314967
 42
-0.048947
  0
VERTEX
  8
0
 10
6411.497679
 20
10773.801272
 42
-0.060835
  0
VERTEX
  8
0
 10
6439.339256
 20
10816.989494
 42
-0.063341
  0
VERTEX
  8
0
 10
6476.422382
 20
10851.546718
 42
-0.063239
  0
VERTEX
  8
0
 10
6521.032352
 20
10875.762914
 42
-0.060311
  0
VERTEX
  8
0
 10
6571.000000
 20
10888.550728
 42
-0.026665
  0
VERTEX
  8
0
 10
6582.929197
 20
10889.468096
 42
-0.010349
  0
VERTEX
  8
0
 10
6599.497632
 20
10889.513418
 42
-0.010356
  0
VERTEX
  8
0
 10
6616.064437
 20
10888.872415
 42
-0.026446
  0
SEQEND
  0
POLYLINE
  8
0
 66
1
 70
1
  0
VERTEX
  8
0
 10
10661.000000
 20
11073.342879
 42
-0.000390
  0
VERTEX
  8
0
 10
10658.976414
 20
11073.149604
 42
-0.000068
  0
VERTEX
  8
0
 10
10655.150000
 20
11072.787678
 42
-0.000074
  0
VERTEX
  8
0
 10
10650.659461
 20
11072.364214
 42
-0.000066
  0
VERTEX
  8
0
 10
10646.000000
 20
11071.926131
 42
0.057463
  0
VERTEX
  8
0
 10
10563.882168
 20
11054.559617
 42
0.054438
  0
VERTEX
  8
0
 10
10486.257279
 20
11018.772958
 42
0.054189
  0
VERTEX
  8
0
 10
10417.865202
 20
10966.886465
 42
0.055863
  0
VERTEX
  8
0
 10
10363.001773
 20
10902.000000
 42
0.064774
  0
VERTEX
  8
0
 10
10318.344739
 20
10812.072810
 42
0.064810
  0
VERTEX
  8
0
 10
10298.193402
 20
10713.729954
 42
0.064839
  0
VERTEX
  8
0
 10
10303.892426
 20
10613.546340
 42
0.064938
  0
VERTEX
  8
0
 10
10335.062054
 20
10518.218985
 42
0.023589
  0
VERTEX
  8
0
 10
10352.235427
 20
10486.244349
 42
0.022825
  0
VERTEX
  8
0
 10
10372.519919
 20
10455.664709
 42
0.023021
  0
VERTEX
  8
0
 10
10395.314785
 20
10427.324028
 42
0.025112
  0
VERTEX
  8
0
 10
10420.000000
 20
10402.050114
 42
0.041004
  0
VERTEX
  8
0
 10
10472.776595
 20
10360.665033
 42
0.043430
  0
VERTEX
  8
0
 10
10530.628534
 20
10329.342454
 42
0.043289
  0
VERTEX
  8
0
 10
10593.197735
 20
10308.405636
 42
0.040226
  0
VERTEX
  8
0
 10
10660.000000
 20
10297.900897
 42
0.015573
  0
VERTEX
  8
0
 10
10674.183907
 20
10297.270408
 42
0.007457
  0
VERTEX
  8
0
 10
10692.419764
 20
10297.300226
 42
0.007461
  0
VERTEX
  8
0
 10
10710.688737
 20
10297.875343
 42
0.015206
  0
VERTEX
  8
0
 10
10725.000000
 20
10298.976634
 42
0.065524
  0
VERTEX
  8
0
 10
10826.098776
 20
10323.510782
 42
0.067086
  0
VERTEX
  8
0
 10
10916.527514
 20
10373.254082
 42
0.067110
  0
VERTEX
  8
0
 10
10990.534369
 20
10445.145190
 42
0.065647
  0
VERTEX
  8
0
 10
11043.511510
 20
10534.580837
 42
0.020769
  0
VERTEX
  8
0
 10
11053.277631
 20
10560.359542
 42
0.017477
  0
VERTEX
  8
0
 10
11061.506683
 20
10588.379402
 42
0.017165
  0
VERTEX
  8
0
 10
11067.903231
 20
10617.478591
 42
0.017985
  0
VERTEX
  8
0
 10
11072.173215
 20
10646.500000
 42
0.021893
  0
VERTEX
  8
0
 10
11073.295114
 20
10663.386602
 42
0.007260
  0
VERTEX
  8
0
 10
11073.494751
 20
10688.212838
 42
0.007216
  0
VERTEX
  8
0
 10
11072.976933
 20
10712.971574
 42
0.022824
  0
VERTEX
  8
0
 10
11071.635460
 20
10729.500000
 42
0.019066
  0
VERTEX
  8
0
 10
11065.738840
 20
10764.966718
 42
0.022514
  0
VERTEX
  8
0
 10
11057.393713
 20
10797.937981
 42
0.022891
  0
VERTEX
  8
0
 10
11046.258236
 20
10829.549217
 42
0.021038
  0
VERTEX
  8
0
 10
11031.996159
 20
10860.933619
 42
0.069247
  0
VERTEX
  8
0
 10
10970.714129
 20
10949.200422
 42
0.069516
  0
VERTEX
  8
0
 10
10887.733020
 20
11017.247545
 42
0.069612
  0
VERTEX
  8
0
 10
10789.389685
 20
11059.877090
 42
0.069760
  0
VERTEX
  8
0
 10
10683.195532
 20
11073.839963
 42
0.001512
  0
VERTEX
  8
0
 10
10675.780052
 20
11073.754052
 42
0.001946
  0
VERTEX
  8
0
 10
10668.963687
 20
11073.627929
 42
0.001485
  0
VERTEX
  8
0
 10
10663.251379
 20
11073.483023
 42
0.016919
  0
SEQEND
  0
POLYLINE
  8
0
 66
1
 70
1
  0
VERTEX
  8
0
 10
10706.144045
 20
10888.950865
 42
-0.071783
  0
VERTEX
  8
0
 10
10763.018390
 20
10874.774338
 42
-0.072453
  0
VERTEX
  8
0
 10
10813.365437
 20
10845.122385
 42
-0.072321
  0
VERTEX
  8
0
 10
10853.234032
 20
10802.283121
 42
-0.071107
  0
VERTEX
  8
0
 10
10879.528809
 20
10749.625376
 42
-0.053636
  0
VERTEX
  8
0
 10
10888.735395
 20
10707.259725
 42
-0.053226
  0
VERTEX
  8
0
 10
10888.755644
 20
10663.793200
 42
-0.053220
  0
VERTEX
  8
0
 10
10879.599115
 20
10621.297321
 42
-0.053598
  0
VERTEX
  8
0
 10
10861.691826
 20
10581.799594
 42
-0.032862
  0
VERTEX
  8
0
 10
10847.310457
 20
10560.708449
 42
-0.030320
  0
VERTEX
  8
0
 10
10829.924464
 20
10541.075536
 42
-0.030320
  0
VERTEX
  8
0
 10
10810.291551
 20
10523.689543
 42
-0.032862
  0
VERTEX
  8
0
 10
10789.200406
 20
10509.308174
 42
-0.039929
  0
VERTEX
  8
0
 10
10760.615493
 20
10495.396403
 42
-0.038714
  0
VERTEX
  8
0
 10
10729.888591
 20
10486.034914
 42
-0.038753
  0
VERTEX
  8
0
 10
10698.117056
 20
10481.529164
 42
-0.040199
  0
VERTEX
  8
0
 10
10666.423678
 20
10482.066222
 42
-0.066385
  0
VERTEX
  8
0
 10
10613.013859
 20
10494.564680
 42
-0.067095
  0
VERTEX
  8
0
 10
10564.956020
 20
10520.597022
 42
-0.067236
  0
VERTEX
  8
0
 10
10525.588828
 20
10558.367189
 42
-0.067141
  0
VERTEX
  8
0
 10
10497.631594
 20
10605.245799
 42
-0.089436
  0
VERTEX
  8
0
 10
10481.386151
 20
10676.136404
 42
-0.090036
  0
VERTEX
  8
0
 10
10490.987796
 20
10748.060179
 42
-0.089794
  0
VERTEX
  8
0
 10
10525.301519
 20
10812.174286
 42
-0.088358
  0
VERTEX
  8
0
 10
10580.080101
 20
10860.610102
 42
-0.042084
  0
VERTEX
  8
0
 10
10609.042825
 20
10875.091400
 42
-0.039619
  0
VERTEX
  8
0
 10
10640.607086
 20
10884.866842
 42
-0.039479
  0
VERTEX
  8
0
 10
10673.431849
 20
10889.566902
 42
-0.041090
  0
SEQEND
  0
POLYLINE
  8
0
 66
1
 70
1
  0
VERTEX
  8
0
 10
13933.000000
 20
11073.410303
 42
-0.003499
  0
VERTEX
  8
0
 10
13930.975991
 20
11073.190745
 42
-0.000608
  0
VERTEX
  8
0
 10
13927.150000
 20
11072.807483
 42
-0.000661
  0
VERTEX
  8
0
 10
13922.659460
 20
11072.369160
 42
-0.000592
  0
VERTEX
  8
0
 10
13918.000000
 20
11071.926131
 42
0.034806
  0
VERTEX
  8
0
 10
13869.919730
 20
11064.009151
 42
0.031477
  0
VERTEX
  8
0
 10
13821.711835
 20
11049.322743
 42
0.031272
  0
VERTEX
  8
0
 10
13775.405371
 20
11028.578449
 42
0.033186
  0
VERTEX
  8
0
 10
13733.000000
 20
11002.577018
 42
0.041586
  0
VERTEX
  8
0
 10
13683.692866
 20
10961.087112
 42
0.041699
  0
VERTEX
  8
0
 10
13641.980356
 20
10912.044821
 42
0.041546
  0
VERTEX
  8
0
 10
13608.852784
 20
10856.580556
 42
0.040641
  0
VERTEX
  8
0
 10
13585.067275
 20
10796.000000
 42
0.034759
  0
VERTEX
  8
0
 10
13573.753503
 20
10746.202992
 42
0.033015
  0
VERTEX
  8
0
 10
13569.192201
 20
10694.450305
 42
0.032888
  0
VERTEX
  8
0
 10
13571.478372
 20
10642.345938
 42
0.033847
  0
VERTEX
  8
0
 10
13580.587342
 20
10591.500000
 42
0.046074
  0
VERTEX
  8
0
 10
13604.294468
 20
10523.839781
 42
0.046292
  0
VERTEX
  8
0
 10
13639.961409
 20
10461.779361
 42
0.046354
  0
VERTEX
  8
0
 10
13686.386240
 20
10407.414205
 42
0.046456
  0
VERTEX
  8
0
 10
13742.000000
 20
10362.576728
 42
0.006045
  0
VERTEX
  8
0
 10
13755.101151
 20
10354.112752
 42
0.010742
  0
VERTEX
  8
0
 10
13766.120226
 20
10347.507307
 42
0.011125
  0
VERTEX
  8
0
 10
13777.144457
 20
10341.537781
 42
0.007082
  0
VERTEX
  8
0
 10
13790.218985
 20
10335.062054
 42
0.016102
  0
VERTEX
  8
0
 10
13813.763954
 20
10324.730249
 42
0.016777
  0
VERTEX
  8
0
 10
13837.607758
 20
10316.087096
 42
0.016795
  0
VERTEX
  8
0
 10
13861.952917
 20
10309.070186
 42
0.016215
  0
VERTEX
  8
0
 10
13887.000000
 20
10303.610852
 42
0.009074
  0
VERTEX
  8
0
 10
13905.283731
 20
10300.584528
 42
0.015086
  0
VERTEX
  8
0
 10
13920.796816
 20
10298.781345
 42
0.014264
  0
VERTEX
  8
0
 10
13936.983973
 20
10297.857319
 42
0.007124
  0
VERTEX
  8
0
 10
13957.500000
 20
10297.564983
 42
0.007098
  0
VERTEX
  8
0
 10
13977.980053
 20
10297.855715
 42
0.014233
  0
VERTEX
  8
0
 10
13994.129878
 20
10298.774899
 42
0.015009
  0
VERTEX
  8
0
 10
14009.640466
 20
10300.571783
 42
0.008917
  0
VERTEX
  8
0
 10
14028.000000
 20
10303.594643
 42
0.035411
  0
VERTEX
  8
0
 10
14080.630468
 20
10317.134980
 42
0.035386
  0
VERTEX
  8
0
 10
14130.836394
 20
10337.969101
 42
0.035162
  0
VERTEX
  8
0
 10
14177.898237
 20
10365.821377
 42
0.033998
  0
VERTEX
  8
0
 10
14221.156863
 20
10400.280114
 42
0.022026
  0
VERTEX
  8
0
 10
14241.689821
 20
10420.782930
 42
0.018132
  0
VERTEX
  8
0
 10
14261.776398
 20
10444.350478
 42
0.018023
  0
VERTEX
  8
0
 10
14280.242175
 20
10469.490200
 42
0.020878
  0
VERTEX
  8
0
 10
14295.909768
 20
10494.718985
 42
0.061718
  0
VERTEX
  8
0
 10
14331.831462
 20
10581.933531
 42
0.060683
  0
VERTEX
  8
0
 10
14345.651714
 20
10675.784292
 42
0.060707
  0
VERTEX
  8
0
 10
14336.536248
 20
10770.173300
 42
0.061862
  0
VERTEX
  8
0
 10
14305.014523
 20
10858.971028
 42
0.019428
  0
VERTEX
  8
0
 10
14289.781296
 20
10886.623119
 42
0.020759
  0
VERTEX
  8
0
 10
14272.758292
 20
10912.386687
 42
0.020705
  0
VERTEX
  8
0
 10
14253.613779
 20
10936.710637
 42
0.019111
  0
VERTEX
  8
0
 10
14232.025654
 20
10960.050671
 42
0.041230
  0
VERTEX
  8
0
 10
14182.454065
 20
11002.122280
 42
0.042526
  0
VERTEX
  8
0
 10
14127.142166
 20
11035.002263
 42
0.042259
  0
VERTEX
  8
0
 10
14066.731540
 20
11058.215116
 42
0.039696
  0
VERTEX
  8
0
 10
14002.000000
 20
11071.541775
 42
0.020569
  0
VERTEX
  8
0
 10
13989.581939
 20
11072.569313
 42
0.003588
  0
VERTEX
  8
0
 10
13966.092700
 20
11073.374121
 42
0.002900
  0
VERTEX
  8
0
 10
13942.393094
 20
11073.878368
 42
0.032643
  0
SEQEND
  0
POLYLINE
  8
0
 66
1
 70
1
  0
VERTEX
  8
0
 10
13978.144045
 20
10888.948535
 42
-0.063916
  0
VERTEX
  8
0
 10
14028.351525
 20
10877.254003
 42
-0.063098
  0
VERTEX
  8
0
 10
14074.216114
 20
10853.228657
 42
-0.063114
  0
VERTEX
  8
0
 10
14112.630109
 20
10818.530357
 42
-0.064004
  0
VERTEX
  8
0
 10
14140.962827
 20
10775.500000
 42
-0.077182
  0
VERTEX
  8
0
 10
14159.689713
 20
10715.044565
 42
-0.078042
  0
VERTEX
  8
0
 10
14159.094686
 20
10651.995996
 42
-0.078065
  0
VERTEX
  8
0
 10
14139.204698
 20
10592.180327
 42
-0.077295
  0
VERTEX
  8
0
 10
14101.884927
 20
10541.115073
 42
-0.092028
  0
VERTEX
  8
0
 10
14040.323747
 20
10498.830644
 42
-0.092065
  0
VERTEX
  8
0
 10
13967.696928
 20
10481.464621
 42
-0.092153
  0
VERTEX
  8
0
 10
13893.735422
 20
10491.336735
 42
-0.092417
  0
VERTEX
  8
0
 10
13828.344984
 20
10527.126668
 42
-0.076102
  0
VERTEX
  8
0
 10
13786.814328
 20
10573.181766
 42
-0.076053
  0
VERTEX
  8
0
 10
13760.953019
 20
10629.561909
 42
-0.076171
  0
VERTEX
  8
0
 10
13753.156021
 20
10691.016759
 42
-0.076700
  0
VERTEX
  8
0
 10
13764.156403
 20
10751.831709
 42
-0.083751
  0
VERTEX
  8
0
 10
13796.851328
 20
10811.799187
 42
-0.083863
  0
VERTEX
  8
0
 10
13847.395653
 20
10857.691154
 42
-0.083957
  0
VERTEX
  8
0
 10
13910.156184
 20
10884.399067
 42
-0.084199
  0
SEQEND
  0
POLYLINE
  8
0
 66
1
 70
1
  0
VERTEX
  8
0
 10
18021.500000
 20
11073.377556
 42
0.035295
  0
VERTEX
  8
0
 10
17961.557613
 20
11064.323041
 42
0.038436
  0
VERTEX
  8
0
 10
17905.226794
 20
11047.063414
 42
0.038610
  0
VERTEX
  8
0
 10
17852.425347
 20
11021.470549
 42
0.036257
  0
VERTEX
  8
0
 10
17803.000000
 20
10987.584430
 42
0.019074
  0
VERTEX
  8
0
 10
17789.551307
 20
10975.986898
 42
0.008908
  0
VERTEX
  8
0
 10
17772.992319
 20
10960.007681
 42
0.008908
  0
VERTEX
  8
0
 10
17757.013102
 20
10943.448693
 42
0.019074
  0
VERTEX
  8
0
 10
17745.415570
 20
10930.000000
 42
0.035746
  0
VERTEX
  8
0
 10
17711.634459
 20
10880.835577
 42
0.038204
  0
VERTEX
  8
0
 10
17686.040015
 20
10828.412630
 42
0.038376
  0
VERTEX
  8
0
 10
17668.809500
 20
10772.927627
 42
0.036733
  0
VERTEX
  8
0
 10
17659.943534
 20
10714.641503
 42
0.019473
  0
VERTEX
  8
0
 10
17658.987676
 20
10689.877692
 42
0.014533
  0
VERTEX
  8
0
 10
17659.791800
 20
10662.557233
 42
0.014546
  0
VERTEX
  8
0
 10
17662.179156
 20
10635.367096
 42
0.019682
  0
VERTEX
  8
0
 10
17666.012234
 20
10611.000000
 42
0.035327
  0
VERTEX
  8
0
 10
17680.586046
 20
10557.512028
 42
0.035458
  0
VERTEX
  8
0
 10
17702.530946
 20
10506.677220
 42
0.035545
  0
VERTEX
  8
0
 10
17731.378561
 20
10459.569740
 42
0.035898
  0
VERTEX
  8
0
 10
17766.521453
 20
10417.188431
 42
0.063328
  0
VERTEX
  8
0
 10
17843.261210
 20
10355.100798
 42
0.063798
  0
VERTEX
  8
0
 10
17932.911973
 20
10314.382158
 42
0.063761
  0
VERTEX
  8
0
 10
18029.980956
 20
10297.563607
 42
0.063124
  0
VERTEX
  8
0
 10
18128.500000
 20
10305.647362
 42
0.037238
  0
VERTEX
  8
0
 10
18181.545163
 20
10321.038182
 42
0.035379
  0
VERTEX
  8
0
 10
18232.675172
 20
10344.336822
 42
0.035329
  0
VERTEX
  8
0
 10
18280.080003
 20
10374.649680
 42
0.036877
  0
VERTEX
  8
0
 10
18322.024832
 20
10410.941605
 42
0.039819
  0
VERTEX
  8
0
 10
18362.565069
 20
10458.663363
 42
0.040595
  0
VERTEX
  8
0
 10
18394.735805
 20
10511.912453
 42
0.040450
  0
VERTEX
  8
0
 10
18417.973483
 20
10569.845295
 42
0.038947
  0
VERTEX
  8
0
 10
18431.939090
 20
10631.500000
 42
0.030370
  0
VERTEX
  8
0
 10
18435.602526
 20
10674.917960
 42
0.027943
  0
VERTEX
  8
0
 10
18434.150406
 20
10719.697354
 42
0.027889
  0
VERTEX
  8
0
 10
18427.705619
 20
10764.126979
 42
0.029938
  0
VERTEX
  8
0
 10
18416.448350
 20
10806.500000
 42
0.052903
  0
VERTEX
  8
0
 10
18382.035489
 20
10882.488391
 42
0.053642
  0
VERTEX
  8
0
 10
18332.575787
 20
10949.178214
 42
0.053726
  0
VERTEX
  8
0
 10
18270.140393
 20
11003.732968
 42
0.053388
  0
VERTEX
  8
0
 10
18197.388306
 20
11043.867214
 42
0.018125
  0
VERTEX
  8
0
 10
18172.239920
 20
11053.367443
 42
0.017268
  0
VERTEX
  8
0
 10
18146.063241
 20
11061.190732
 42
0.017054
  0
VERTEX
  8
0
 10
18119.076155
 20
11067.275940
 42
0.016611
  0
VERTEX
  8
0
 10
18091.500000
 20
11071.569335
 42
0.019847
  0
VERTEX
  8
0
 10
18078.771420
 20
11072.609581
 42
0.004007
  0
VERTEX
  8
0
 10
18056.086594
 20
11073.377546
 42
0.003847
  0
VERTEX
  8
0
 10
18033.421895
 20
11073.788553
 42
0.022453
  0
SEQEND
  0
POLYLINE
  8
0
 66
1
 70
1
  0
VERTEX
  8
0
 10
18067.789414
 20
10888.963999
 42
-0.054315
  0
VERTEX
  8
0
 10
18112.587609
 20
10879.190129
 42
-0.056234
  0
VERTEX
  8
0
 10
18153.672973
 20
10860.064177
 42
-0.056221
  0
VERTEX
  8
0
 10
18189.471814
 20
10832.259992
 42
-0.054246
  0
VERTEX
  8
0
 10
18218.664893
 20
10796.869286
 42
-0.025525
  0
VERTEX
  8
0
 10
18228.087588
 20
10780.798553
 42
-0.022463
  0
VERTEX
  8
0
 10
18236.269227
 20
10763.161684
 42
-0.022419
  0
VERTEX
  8
0
 10
18242.851655
 20
10744.822174
 42
-0.025125
  0
VERTEX
  8
0
 10
18247.483675
 20
10726.646097
 42
-0.024562
  0
VERTEX
  8
0
 10
18250.597587
 20
10706.067153
 42
-0.025197
  0
VERTEX
  8
0
 10
18251.642978
 20
10685.457012
 42
-0.025249
  0
VERTEX
  8
0
 10
18250.609690
 20
10664.887431
 42
-0.024900
  0
VERTEX
  8
0
 10
18247.507999
 20
10644.429759
 42
-0.032174
  0
VERTEX
  8
0
 10
18241.147569
 20
10620.954165
 42
-0.029225
  0
VERTEX
  8
0
 10
18231.660074
 20
10597.697923
 42
-0.029097
  0
VERTEX
  8
0
 10
18219.475193
 20
10575.601816
 42
-0.031151
  0
VERTEX
  8
0
 10
18205.056024
 20
10555.591707
 42
-0.019608
  0
VERTEX
  8
0
 10
18198.523105
 20
10548.231289
 42
-0.008265
  0
VERTEX
  8
0
 10
18189.205484
 20
10538.843544
 42
-0.008191
  0
VERTEX
  8
0
 10
18179.668396
 20
10529.847088
 42
-0.021904
  0
VERTEX
  8
0
 10
18172.500000
 20
10523.857421
 42
-0.060122
  0
VERTEX
  8
0
 10
18129.088736
 20
10498.296170
 42
-0.061406
  0
VERTEX
  8
0
 10
18081.149231
 20
10484.021815
 42
-0.061572
  0
VERTEX
  8
0
 10
18031.296156
 20
10481.839261
 42
-0.061031
  0
VERTEX
  8
0
 10
17982.255636
 20
10491.838835
 42
-0.062718
  0
VERTEX
  8
0
 10
17936.526657
 20
10513.834314
 42
-0.062129
  0
VERTEX
  8
0
 10
17897.516351
 20
10546.539138
 42
-0.062259
  0
VERTEX
  8
0
 10
17867.802108
 20
10587.755156
 42
-0.063469
  0
VERTEX
  8
0
 10
17849.381965
 20
10634.755607
 42
-0.057492
  0
VERTEX
  8
0
 10
17843.018230
 20
10682.725107
 42
-0.059514
  0
VERTEX
  8
0
 10
17847.881347
 20
10730.306067
 42
-0.059467
  0
VERTEX
  8
0
 10
17863.821859
 20
10775.435757
 42
-0.057238
  0
VERTEX
  8
0
 10
17890.094065
 20
10816.182996
 42
-0.063666
  0
VERTEX
  8
0
 10
17925.998240
 20
10850.076623
 42
-0.060248
  0
VERTEX
  8
0
 10
17969.922869
 20
10874.593809
 42
-0.060248
  0
VERTEX
  8
0
 10
18018.425558
 20
10887.933284
 42
-0.063667
  0
SEQEND
  0
POLYLINE
  8
0
 66
1
 70
1
  0
VERTEX
  8
0
 10
21293.500000
 20
11073.377556
 42
0.042440
  0
VERTEX
  8
0
 10
21222.100949
 20
11061.548223
 42
0.046030
  0
VERTEX
  8
0
 10
21155.729843
 20
11037.994791
 42
0.046422
  0
VERTEX
  8
0
 10
21095.275019
 20
11002.914904
 42
0.044591
  0
VERTEX
  8
0
 10
21041.441541
 20
10956.859886
 42
0.039632
  0
VERTEX
  8
0
 10
21000.844654
 20
10908.146401
 42
0.041860
  0
VERTEX
  8
0
 10
20969.269587
 20
10854.486982
 42
0.041405
  0
VERTEX
  8
0
 10
20946.802929
 20
10795.769808
 42
0.037177
  0
VERTEX
  8
0
 10
20933.320403
 20
10732.000000
 42
0.025755
  0
VERTEX
  8
0
 10
20931.801672
 20
10713.641386
 42
0.007706
  0
VERTEX
  8
0
 10
20931.362761
 20
10685.556695
 42
0.007720
  0
VERTEX
  8
0
 10
20931.790651
 20
10657.455833
 42
0.025486
  0
VERTEX
  8
0
 10
20933.300486
 20
10639.000000
 42
0.039540
  0
VERTEX
  8
0
 10
20947.432245
 20
10573.222976
 42
0.042692
  0
VERTEX
  8
0
 10
20971.509645
 20
10512.233585
 42
0.043047
  0
VERTEX
  8
0
 10
21005.380912
 20
10456.660969
 42
0.041539
  0
VERTEX
  8
0
 10
21048.634590
 20
10406.989532
 42
0.056575
  0
VERTEX
  8
0
 10
21117.957484
 20
10353.377126
 42
0.056647
  0
VERTEX
  8
0
 10
21197.504730
 20
10316.693662
 42
0.056622
  0
VERTEX
  8
0
 10
21283.287647
 20
10298.786543
 42
0.056435
  0
VERTEX
  8
0
 10
21371.000000
 20
10300.548047
 42
0.075330
  0
VERTEX
  8
0
 10
21482.041867
 20
10332.864412
 42
0.074953
  0
VERTEX
  8
0
 10
21578.738719
 20
10396.661389
 42
0.074857
  0
VERTEX
  8
0
 10
21652.427624
 20
10486.213207
 42
0.074838
  0
VERTEX
  8
0
 10
21696.490149
 20
10593.500000
 42
0.034568
  0
VERTEX
  8
0
 10
21705.537072
 20
10645.829867
 42
0.034067
  0
VERTEX
  8
0
 10
21707.349869
 20
10699.165291
 42
0.034123
  0
VERTEX
  8
0
 10
21701.906120
 20
10752.166479
 42
0.034951
  0
VERTEX
  8
0
 10
21689.319743
 20
10803.500000
 42
0.054689
  0
VERTEX
  8
0
 10
21654.562811
 20
10881.416585
 42
0.054856
  0
VERTEX
  8
0
 10
21603.769320
 20
10949.857542
 42
0.054933
  0
VERTEX
  8
0
 10
21539.383355
 20
11005.533604
 42
0.055148
  0
VERTEX
  8
0
 10
21464.500000
 20
11045.768192
 42
0.016273
  0
VERTEX
  8
0
 10
21439.981749
 20
11054.726678
 42
0.016917
  0
VERTEX
  8
0
 10
21415.245815
 20
11061.945189
 42
0.016779
  0
VERTEX
  8
0
 10
21389.886629
 20
11067.524280
 42
0.015443
  0
VERTEX
  8
0
 10
21363.500000
 20
11071.569335
 42
0.019847
  0
VERTEX
  8
0
 10
21350.771420
 20
11072.609581
 42
0.004007
  0
VERTEX
  8
0
 10
21328.086594
 20
11073.377546
 42
0.003847
  0
VERTEX
  8
0
 10
21305.421895
 20
11073.788553
 42
0.022453
  0
SEQEND
  0
POLYLINE
  8
0
 66
1
 70
1
  0
VERTEX
  8
0
 10
21339.144045
 20
10888.939588
 42
-0.040192
  0
VERTEX
  8
0
 10
21373.027234
 20
10882.690446
 42
-0.042352
  0
VERTEX
  8
0
 10
21404.860403
 20
10871.164957
 42
-0.042613
  0
VERTEX
  8
0
 10
21434.122534
 20
10854.519040
 42
-0.041719
  0
VERTEX
  8
0
 10
21460.363091
 20
10833.047820
 42
-0.032039
  0
VERTEX
  8
0
 10
21479.882039
 20
10811.566973
 42
-0.035627
  0
VERTEX
  8
0
 10
21495.751448
 20
10788.484980
 42
-0.035910
  0
VERTEX
  8
0
 10
21508.081634
 20
10763.553597
 42
-0.033577
  0
VERTEX
  8
0
 10
21517.039878
 20
10736.554846
 42
-0.032256
  0
VERTEX
  8
0
 10
21521.758850
 20
10711.851575
 42
-0.030063
  0
VERTEX
  8
0
 10
21523.409663
 20
10686.155134
 42
-0.030105
  0
VERTEX
  8
0
 10
21521.966848
 20
10660.484256
 42
-0.032591
  0
VERTEX
  8
0
 10
21517.447430
 20
10635.857452
 42
-0.066708
  0
VERTEX
  8
0
 10
21497.362826
 20
10585.553808
 42
-0.066206
  0
VERTEX
  8
0
 10
21464.702004
 20
10542.170072
 42
-0.066270
  0
VERTEX
  8
0
 10
21421.869681
 20
10508.864786
 42
-0.067064
  0
VERTEX
  8
0
 10
21371.984359
 20
10488.088055
 42
-0.071264
  0
VERTEX
  8
0
 10
21314.751996
 20
10481.278446
 42
-0.070354
  0
VERTEX
  8
0
 10
21257.644239
 20
10490.748843
 42
-0.070545
  0
VERTEX
  8
0
 10
21205.534456
 20
10515.643062
 42
-0.072309
  0
VERTEX
  8
0
 10
21162.893231
 20
10553.872144
 42
-0.055231
  0
VERTEX
  8
0
 10
21137.288295
 20
10592.514950
 42
-0.056992
  0
VERTEX
  8
0
 10
21121.088237
 20
10635.427146
 42
-0.056830
  0
VERTEX
  8
0
 10
21114.964071
 20
10681.001763
 42
-0.054348
  0
VERTEX
  8
0
 10
21119.092227
 20
10727.500000
 42
-0.028062
  0
VERTEX
  8
0
 10
21123.409759
 20
10744.182680
 42
-0.019231
  0
VERTEX
  8
0
 10
21130.077706
 20
10762.574336
 42
-0.019216
  0
VERTEX
  8
0
 10
21138.150036
 20
10780.424847
 42
-0.027744
  0
VERTEX
  8
0
 10
21146.734406
 20
10795.466627
 42
-0.045813
  0
VERTEX
  8
0
 10
21170.588100
 20
10825.846752
 42
-0.046772
  0
VERTEX
  8
0
 10
21199.422852
 20
10851.142990
 42
-0.046974
  0
VERTEX
  8
0
 10
21232.333447
 20
10870.548352
 42
-0.047033
  0
VERTEX
  8
0
 10
21268.274246
 20
10883.460087
 42
-0.022196
  0
VERTEX
  8
0
 10
21285.752576
 20
10887.121743
 42
-0.021243
  0
VERTEX
  8
0
 10
21303.744396
 20
10889.284697
 42
-0.021396
  0
VERTEX
  8
0
 10
21321.718669
 20
10889.902868
 42
-0.023413
  0
SEQEND
  0
POLYLINE
  8
0
 66
1
 70
1
  0
VERTEX
  8
0
 10
4926.000000
 20
9600.883109
 42
0.032575
  0
VERTEX
  8
0
 10
4875.595846
 20
9593.084081
 42
0.032687
  0
VERTEX
  8
0
 10
4826.690833
 20
9578.809722
 42
0.032606
  0
VERTEX
  8
0
 10
4779.949455
 20
9558.242271
 42
0.032055
  0
VERTEX
  8
0
 10
4736.000000
 20
9531.669709
 42
0.019918
  0
VERTEX
  8
0
 10
4717.177224
 20
9517.427972
 42
0.013779
  0
VERTEX
  8
0
 10
4697.012547
 20
9499.915817
 42
0.013733
  0
VERTEX
  8
0
 10
4677.731566
 20
9481.214714
 42
0.019030
  0
VERTEX
  8
0
 10
4661.581183
 20
9463.353665
 42
0.036968
  0
VERTEX
  8
0
 10
4627.662835
 20
9416.161583
 42
0.037574
  0
VERTEX
  8
0
 10
4601.270968
 20
9364.737956
 42
0.037440
  0
VERTEX
  8
0
 10
4582.795921
 20
9309.764488
 42
0.036145
  0
VERTEX
  8
0
 10
4572.456896
 20
9252.000000
 42
0.020585
  0
VERTEX
  8
0
 10
4570.919402
 20
9227.891280
 42
0.014308
  0
VERTEX
  8
0
 10
4571.085655
 20
9200.600540
 42
0.014209
  0
VERTEX
  8
0
 10
4572.826537
 20
9173.057358
 42
0.018850
  0
VERTEX
  8
0
 10
4576.062235
 20
9148.159099
 42
0.051733
  0
VERTEX
  8
0
 10
4597.136859
 20
9072.100229
 42
0.050963
  0
VERTEX
  8
0
 10
4633.450798
 20
9001.577194
 42
0.050909
  0
VERTEX
  8
0
 10
4683.321481
 20
8939.790952
 42
0.051399
  0
VERTEX
  8
0
 10
4744.500000
 20
8889.578067
 42
0.027738
  0
VERTEX
  8
0
 10
4783.515611
 20
8866.765224
 42
0.029748
  0
VERTEX
  8
0
 10
4823.933830
 20
8848.997873
 42
0.029378
  0
VERTEX
  8
0
 10
4866.639686
 20
8835.976978
 42
0.025743
  0
VERTEX
  8
0
 10
4912.500000
 20
8827.360112
 42
0.022895
  0
VERTEX
  8
0
 10
4927.364998
 20
8826.041546
 42
0.006070
  0
VERTEX
  8
0
 10
4951.181644
 20
8825.313737
 42
0.006218
  0
VERTEX
  8
0
 10
4975.162388
 20
8825.170500
 42
0.020106
  0
VERTEX
  8
0
 10
4991.071884
 20
8825.913521
 42
0.035587
  0
VERTEX
  8
0
 10
5048.674797
 20
8835.092423
 42
0.037563
  0
VERTEX
  8
0
 10
5103.327772
 20
8852.253618
 42
0.037547
  0
VERTEX
  8
0
 10
5154.818780
 20
8877.406707
 42
0.035495
  0
VERTEX
  8
0
 10
5203.000000
 20
8910.398962
 42
0.020396
  0
VERTEX
  8
0
 10
5216.314436
 20
8921.893366
 42
0.007812
  0
VERTEX
  8
0
 10
5233.907058
 20
8938.903893
 42
0.007739
  0
VERTEX
  8
0
 10
5250.854863
 20
8956.342826
 42
0.022268
  0
VERTEX
  8
0
 10
5261.863431
 20
8969.121747
 42
0.030809
  0
VERTEX
  8
0
 10
5293.327377
 20
9014.624135
 42
0.035470
  0
VERTEX
  8
0
 10
5317.343964
 20
9061.615608
 42
0.035526
  0
VERTEX
  8
0
 10
5334.448192
 20
9111.462994
 42
0.031090
  0
VERTEX
  8
0
 10
5345.253567
 20
9165.500000
 42
0.023406
  0
VERTEX
  8
0
 10
5346.987281
 20
9185.062089
 42
0.009232
  0
VERTEX
  8
0
 10
5347.612486
 20
9212.089647
 42
0.009218
  0
VERTEX
  8
0
 10
5347.240684
 20
9239.084881
 42
0.023819
  0
VERTEX
  8
0
 10
5345.687335
 20
9258.500000
 42
0.032482
  0
VERTEX
  8
0
 10
5335.028537
 20
9313.211748
 42
0.035418
  0
VERTEX
  8
0
 10
5317.576440
 20
9364.471462
 42
0.035533
  0
VERTEX
  8
0
 10
5293.125080
 20
9412.607577
 42
0.033123
  0
VERTEX
  8
0
 10
5261.584430
 20
9458.000000
 42
0.019143
  0
VERTEX
  8
0
 10
5249.780722
 20
9471.683957
 42
0.009267
  0
VERTEX
  8
0
 10
5233.707374
 20
9488.307445
 42
0.009273
  0
VERTEX
  8
0
 10
5216.962130
 20
9504.387721
 42
0.018383
  0
VERTEX
  8
0
 10
5203.000000
 20
9516.384575
 42
0.020669
  0
VERTEX
  8
0
 10
5174.834592
 20
9536.995596
 42
0.022360
  0
VERTEX
  8
0
 10
5145.775203
 20
9554.640430
 42
0.022517
  0
VERTEX
  8
0
 10
5115.449898
 20
9569.512669
 42
0.021607
  0
VERTEX
  8
0
 10
5083.495034
 20
9581.823132
 42
0.014405
  0
VERTEX
  8
0
 10
5061.996136
 20
9588.372501
 42
0.014422
  0
VERTEX
  8
0
 10
5040.163858
 20
9593.670259
 42
0.014394
  0
VERTEX
  8
0
 10
5018.020501
 20
9597.709488
 42
0.014216
  0
VERTEX
  8
0
 10
4995.589386
 20
9600.487386
 42
0.015554
  0
VERTEX
  8
0
 10
4980.541206
 20
9601.446939
 42
0.006722
  0
VERTEX
  8
0
 10
4960.460848
 20
9601.831126
 42
0.006685
  0
VERTEX
  8
0
 10
4940.509139
 20
9601.677829
 42
0.016835
  0
SEQEND
  0
POLYLINE
  8
0
 66
1
 70
1
  0
VERTEX
  8
0
 10
4990.500000
 20
9415.525333
 42
-0.032489
  0
VERTEX
  8
0
 10
5015.299466
 20
9410.013855
 42
-0.030532
  0
VERTEX
  8
0
 10
5039.711784
 20
9401.249300
 42
-0.030357
  0
VERTEX
  8
0
 10
5063.014096
 20
9389.516947
 42
-0.031208
  0
VERTEX
  8
0
 10
5084.500000
 20
9375.145745
 42
-0.027038
  0
VERTEX
  8
0
 10
5096.415297
 20
9364.987145
 42
-0.017081
  0
VERTEX
  8
0
 10
5109.222684
 20
9351.952174
 42
-0.016955
  0
VERTEX
  8
0
 10
5121.289375
 20
9337.871499
 42
-0.023984
  0
VERTEX
  8
0
 10
5130.970504
 20
9324.500000
 42
-0.021818
  0
VERTEX
  8
0
 10
5136.803604
 20
9314.659280
 42
-0.010793
  0
VERTEX
  8
0
 10
5143.380982
 20
9301.706261
 42
-0.010793
  0
VERTEX
  8
0
 10
5149.394423
 20
9288.478783
 42
-0.021774
  0
VERTEX
  8
0
 10
5153.444767
 20
9277.768845
 42
-0.051698
  0
VERTEX
  8
0
 10
5162.383737
 20
9236.779010
 42
-0.050842
  0
VERTEX
  8
0
 10
5162.797858
 20
9194.591633
 42
-0.050998
  0
VERTEX
  8
0
 10
5154.700626
 20
9153.310365
 42
-0.052688
  0
VERTEX
  8
0
 10
5138.463679
 20
9115.000000
 42
-0.082179
  0
VERTEX
  8
0
 10
5096.278108
 20
9061.768258
 42
-0.083675
  0
VERTEX
  8
0
 10
5039.435453
 20
9025.357737
 42
-0.083684
  0
VERTEX
  8
0
 10
4973.804999
 20
9009.591319
 42
-0.082224
  0
VERTEX
  8
0
 10
4906.208951
 20
9016.052592
 42
-0.066140
  0
VERTEX
  8
0
 10
4857.646849
 20
9036.097478
 42
-0.064401
  0
VERTEX
  8
0
 10
4815.515011
 20
9068.271309
 42
-0.064441
  0
VERTEX
  8
0
 10
4782.976419
 20
9110.085365
 42
-0.066369
  0
VERTEX
  8
0
 10
4762.546482
 20
9158.400835
 42
-0.012662
  0
VERTEX
  8
0
 10
4758.963585
 20
9172.904933
 42
-0.022971
  0
VERTEX
  8
0
 10
4756.885725
 20
9184.943176
 42
-0.021739
  0
VERTEX
  8
0
 10
4755.855131
 20
9197.557978
 42
-0.010078
  0
VERTEX
  8
0
 10
4755.560932
 20
9214.000000
 42
-0.009013
  0
VERTEX
  8
0
 10
4755.882386
 20
9229.842154
 42
-0.020849
  0
VERTEX
  8
0
 10
4756.833154
 20
9241.700775
 42
-0.022394
  0
VERTEX
  8
0
 10
4758.717884
 20
9252.917338
 42
-0.012052
  0
VERTEX
  8
0
 10
4761.988512
 20
9266.556088
 42
-0.076548
  0
VERTEX
  8
0
 10
4786.455097
 20
9322.502578
 42
-0.075504
  0
VERTEX
  8
0
 10
4826.712050
 20
9368.794705
 42
-0.075054
  0
VERTEX
  8
0
 10
4879.134830
 20
9401.258517
 42
-0.074243
  0
VERTEX
  8
0
 10
4939.000000
 20
9416.955126
 42
-0.024984
  0
VERTEX
  8
0
 10
4949.492376
 20
9417.567058
 42
-0.009014
  0
VERTEX
  8
0
 10
4964.438714
 20
9417.421639
 42
-0.009105
  0
VERTEX
  8
0
 10
4979.495545
 20
9416.729065
 42
-0.022393
  0
SEQEND
  0
POLYLINE
  8
0
 66
1
 70
1
  0
VERTEX
  8
0
 10
12288.000000
 20
9600.892315
 42
0.031060
  0
VERTEX
  8
0
 10
12241.117290
 20
9593.829546
 42
0.030176
  0
VERTEX
  8
0
 10
12195.005106
 20
9580.970438
 42
0.030211
  0
VERTEX
  8
0
 10
12150.828010
 20
9562.671997
 42
0.031306
  0
VERTEX
  8
0
 10
12109.722136
 20
9539.371143
 42
0.012728
  0
VERTEX
  8
0
 10
12091.337010
 20
9526.692169
 42
0.015246
  0
VERTEX
  8
0
 10
12074.721867
 20
9513.805672
 42
0.015110
  0
VERTEX
  8
0
 10
12058.800251
 20
9499.830508
 42
0.012109
  0
VERTEX
  8
0
 10
12042.500000
 20
9483.871545
 42
0.040000
  0
VERTEX
  8
0
 10
12002.954762
 20
9436.133074
 42
0.040276
  0
VERTEX
  8
0
 10
11971.617551
 20
9382.812574
 42
0.040117
  0
VERTEX
  8
0
 10
11949.132492
 20
9324.950292
 42
0.039019
  0
VERTEX
  8
0
 10
11935.920909
 20
9263.701455
 42
0.019058
  0
VERTEX
  8
0
 10
11934.247921
 20
9246.389660
 42
0.008394
  0
VERTEX
  8
0
 10
11933.294638
 20
9223.399009
 42
0.008404
  0
VERTEX
  8
0
 10
11933.113741
 20
9200.341421
 42
0.018621
  0
VERTEX
  8
0
 10
11933.925639
 20
9182.780407
 42
0.036067
  0
VERTEX
  8
0
 10
11943.060249
 20
9124.526831
 42
0.038253
  0
VERTEX
  8
0
 10
11960.372645
 20
9069.364908
 42
0.038054
  0
VERTEX
  8
0
 10
11985.985395
 20
9017.230717
 42
0.034965
  0
VERTEX
  8
0
 10
12019.855968
 20
8968.000000
 42
0.022179
  0
VERTEX
  8
0
 10
12030.609823
 20
8955.661337
 42
0.007179
  0
VERTEX
  8
0
 10
12047.573436
 20
8938.361484
 42
0.007253
  0
VERTEX
  8
0
 10
12065.117957
 20
8921.472952
 42
0.020513
  0
VERTEX
  8
0
 10
12078.000000
 20
8910.381984
 42
0.033051
  0
VERTEX
  8
0
 10
12123.808137
 20
8878.791667
 42
0.035900
  0
VERTEX
  8
0
 10
12172.165239
 20
8854.478041
 42
0.035740
  0
VERTEX
  8
0
 10
12223.702098
 20
8837.247000
 42
0.032191
  0
VERTEX
  8
0
 10
12279.000000
 20
8826.792624
 42
0.025988
  0
VERTEX
  8
0
 10
12293.797125
 20
8825.747298
 42
0.004644
  0
VERTEX
  8
0
 10
12321.503553
 20
8825.490325
 42
0.004643
  0
VERTEX
  8
0
 10
12349.209810
 20
8825.747975
 42
0.026009
  0
VERTEX
  8
0
 10
12364.000000
 20
8826.793778
 42
0.032446
  0
VERTEX
  8
0
 10
12419.524170
 20
8837.326526
 42
0.035508
  0
VERTEX
  8
0
 10
12471.517199
 20
8854.748545
 42
0.035860
  0
VERTEX
  8
0
 10
12520.066674
 20
8879.166236
 42
0.034450
  0
VERTEX
  8
0
 10
12565.320128
 20
8910.563722
 42
0.016021
  0
VERTEX
  8
0
 10
12580.128292
 20
8923.226836
 42
0.011200
  0
VERTEX
  8
0
 10
12596.022068
 20
8938.390997
 42
0.011197
  0
VERTEX
  8
0
 10
12611.227322
 20
8954.258360
 42
0.015966
  0
VERTEX
  8
0
 10
12623.943386
 20
8969.059487
 42
0.034214
  0
VERTEX
  8
0
 10
12654.890517
 20
9013.391086
 42
0.035219
  0
VERTEX
  8
0
 10
12679.169838
 20
9061.113966
 42
0.034804
  0
VERTEX
  8
0
 10
12696.742217
 20
9112.309481
 42
0.031823
  0
VERTEX
  8
0
 10
12707.682666
 20
9167.000000
 42
0.025715
  0
VERTEX
  8
0
 10
12709.199215
 20
9185.364388
 42
0.007699
  0
VERTEX
  8
0
 10
12709.636803
 20
9213.452009
 42
0.007710
  0
VERTEX
  8
0
 10
12709.208538
 20
9241.553310
 42
0.025488
  0
VERTEX
  8
0
 10
12707.699514
 20
9260.000000
 42
0.032319
  0
VERTEX
  8
0
 10
12696.918099
 20
9313.961157
 42
0.034399
  0
VERTEX
  8
0
 10
12679.424994
 20
9364.934048
 42
0.034658
  0
VERTEX
  8
0
 10
12655.251907
 20
9412.681621
 42
0.033863
  0
VERTEX
  8
0
 10
12624.547482
 20
9457.023552
 42
0.019493
  0
VERTEX
  8
0
 10
12612.677154
 20
9470.769143
 42
0.008477
  0
VERTEX
  8
0
 10
12595.903889
 20
9488.127524
 42
0.008464
  0
VERTEX
  8
0
 10
12578.590412
 20
9504.870831
 42
0.019996
  0
VERTEX
  8
0
 10
12565.000000
 20
9516.593412
 42
0.035982
  0
VERTEX
  8
0
 10
12517.054022
 20
9549.382515
 42
0.037113
  0
VERTEX
  8
0
 10
12465.382965
 20
9574.578633
 42
0.037168
  0
VERTEX
  8
0
 10
12410.629131
 20
9591.828834
 42
0.036319
  0
VERTEX
  8
0
 10
12353.500000
 20
9600.948552
 42
0.016503
  0
VERTEX
  8
0
 10
12340.420692
 20
9601.638313
 42
0.005136
  0
VERTEX
  8
0
 10
12320.748276
 20
9601.823500
 42
0.005136
  0
VERTEX
  8
0
 10
12301.076487
 20
9601.604543
 42
0.016507
  0
SEQEND
  0
POLYLINE
  8
0
 66
1
 70
1
  0
VERTEX
  8
0
 10
12352.440638
 20
9415.533269
 42
-0.082480
  0
VERTEX
  8
0
 10
12416.288111
 20
9394.485202
 42
-0.082732
  0
VERTEX
  8
0
 10
12469.827377
 20
9353.943192
 42
-0.082643
  0
VERTEX
  8
0
 10
12507.373772
 20
9298.190177
 42
-0.082055
  0
VERTEX
  8
0
 10
12524.957999
 20
9233.144045
 42
-0.088192
  0
VERTEX
  8
0
 10
12519.652118
 20
9163.139541
 42
-0.086554
  0
VERTEX
  8
0
 10
12490.566650
 20
9098.746556
 42
-0.086386
  0
VERTEX
  8
0
 10
12441.338137
 20
9047.904698
 42
-0.087394
  0
VERTEX
  8
0
 10
12378.014832
 20
9016.937949
 42
-0.067189
  0
VERTEX
  8
0
 10
12324.325550
 20
9009.026143
 42
-0.066853
  0
VERTEX
  8
0
 10
12270.364301
 20
9015.607928
 42
-0.066671
  0
VERTEX
  8
0
 10
12219.924139
 20
9036.225235
 42
-0.066198
  0
VERTEX
  8
0
 10
12176.551879
 20
9069.428466
 42
-0.078548
  0
VERTEX
  8
0
 10
12139.633210
 20
9120.229106
 42
-0.077336
  0
VERTEX
  8
0
 10
12119.935491
 20
9180.209441
 42
-0.077256
  0
VERTEX
  8
0
 10
12119.383510
 20
9243.394266
 42
-0.078138
  0
VERTEX
  8
0
 10
12138.070632
 20
9303.500000
 42
-0.062933
  0
VERTEX
  8
0
 10
12166.487111
 20
9346.581657
 42
-0.063853
  0
VERTEX
  8
0
 10
12204.603557
 20
9381.000849
 42
-0.063402
  0
VERTEX
  8
0
 10
12250.431413
 20
9404.876979
 42
-0.060552
  0
VERTEX
  8
0
 10
12301.500000
 20
9416.980496
 42
-0.026274
  0
VERTEX
  8
0
 10
12311.645720
 20
9417.582008
 42
-0.008771
  0
VERTEX
  8
0
 10
12326.519388
 20
9417.420467
 42
-0.008921
  0
VERTEX
  8
0
 10
12341.547308
 20
9416.725033
 42
-0.022447
  0
SEQEND
  0
POLYLINE
  8
0
 66
1
 70
1
  0
VERTEX
  8
0
 10
19646.500000
 20
9600.534385
 42
0.034120
  0
VERTEX
  8
0
 10
19590.042715
 20
9590.682800
 42
0.036513
  0
VERTEX
  8
0
 10
19536.756926
 20
9573.380618
 42
0.036650
  0
VERTEX
  8
0
 10
19486.733193
 20
9548.582220
 42
0.034908
  0
VERTEX
  8
0
 10
19440.000000
 20
9516.384527
 42
0.018447
  0
VERTEX
  8
0
 10
19425.809169
 20
9504.188050
 42
0.009623
  0
VERTEX
  8
0
 10
19409.000809
 20
9488.016354
 42
0.009623
  0
VERTEX
  8
0
 10
19392.822757
 20
9471.205266
 42
0.018398
  0
VERTEX
  8
0
 10
19380.608619
 20
9457.000000
 42
0.033698
  0
VERTEX
  8
0
 10
19349.553306
 20
9412.187043
 42
0.035364
  0
VERTEX
  8
0
 10
19325.355253
 20
9364.306115
 42
0.035083
  0
VERTEX
  8
0
 10
19307.992654
 20
9313.133340
 42
0.032109
  0
VERTEX
  8
0
 10
19297.328465
 20
9258.500000
 42
0.024010
  0
VERTEX
  8
0
 10
19295.763614
 20
9239.118707
 42
0.009263
  0
VERTEX
  8
0
 10
19295.385036
 20
9212.137538
 42
0.009283
  0
VERTEX
  8
0
 10
19296.008481
 20
9185.106186
 42
0.023398
  0
VERTEX
  8
0
 10
19297.746433
 20
9165.500000
 42
0.031429
  0
VERTEX
  8
0
 10
19308.637544
 20
9111.225069
 42
0.035443
  0
VERTEX
  8
0
 10
19325.955042
 20
9060.950230
 42
0.035513
  0
VERTEX
  8
0
 10
19350.164323
 20
9013.710433
 42
0.031790
  0
VERTEX
  8
0
 10
19381.637251
 20
8968.500000
 42
0.021101
  0
VERTEX
  8
0
 10
19392.675959
 20
8955.757764
 42
0.007773
  0
VERTEX
  8
0
 10
19409.265156
 20
8938.705282
 42
0.007817
  0
VERTEX
  8
0
 10
19426.453478
 20
8922.105246
 42
0.019907
  0
VERTEX
  8
0
 10
19439.567962
 20
8910.774740
 42
0.032930
  0
VERTEX
  8
0
 10
19484.331096
 20
8879.694787
 42
0.035302
  0
VERTEX
  8
0
 10
19531.787268
 20
8855.559167
 42
0.035032
  0
VERTEX
  8
0
 10
19582.504139
 20
8838.193912
 42
0.031464
  0
VERTEX
  8
0
 10
19637.000000
 20
8827.320403
 42
0.026105
  0
VERTEX
  8
0
 10
19655.226295
 20
8825.825449
 42
0.007386
  0
VERTEX
  8
0
 10
19683.705636
 20
8825.401974
 42
0.007398
  0
VERTEX
  8
0
 10
19712.196632
 20
8825.820813
 42
0.025889
  0
VERTEX
  8
0
 10
19730.500000
 20
8827.311440
 42
0.013424
  0
VERTEX
  8
0
 10
19756.015607
 20
8831.425791
 42
0.015813
  0
VERTEX
  8
0
 10
19779.904502
 20
8836.726210
 42
0.016147
  0
VERTEX
  8
0
 10
19802.967255
 20
8843.414351
 42
0.015250
  0
VERTEX
  8
0
 10
19826.000000
 20
8851.692859
 42
0.058587
  0
VERTEX
  8
0
 10
19906.231449
 20
8894.753986
 42
0.058678
  0
VERTEX
  8
0
 10
19974.240351
 20
8955.231078
 42
0.058735
  0
VERTEX
  8
0
 10
20026.286113
 20
9029.793246
 42
0.058914
  0
VERTEX
  8
0
 10
20059.503588
 20
9114.338354
 42
0.014234
  0
VERTEX
  8
0
 10
20065.363159
 20
9139.567364
 42
0.018395
  0
VERTEX
  8
0
 10
20069.219867
 20
9163.024337
 42
0.018181
  0
VERTEX
  8
0
 10
20071.372061
 20
9186.922103
 42
0.013390
  0
VERTEX
  8
0
 10
20072.081177
 20
9213.493891
 42
0.013330
  0
VERTEX
  8
0
 10
20071.416710
 20
9238.321717
 42
0.016367
  0
VERTEX
  8
0
 10
20069.421381
 20
9261.426274
 42
0.016685
  0
VERTEX
  8
0
 10
20065.962464
 20
9283.969661
 42
0.014905
  0
VERTEX
  8
0
 10
20060.900068
 20
9307.105041
 42
0.018071
  0
VERTEX
  8
0
 10
20052.840334
 20
9334.990113
 42
0.018610
  0
VERTEX
  8
0
 10
20042.856976
 20
9361.943986
 42
0.018613
  0
VERTEX
  8
0
 10
20030.898870
 20
9388.076078
 42
0.018094
  0
VERTEX
  8
0
 10
20016.924975
 20
9413.500000
 42
0.026764
  0
VERTEX
  8
0
 10
19995.002972
 20
9446.081493
 42
0.024738
  0
VERTEX
  8
0
 10
19969.177408
 20
9477.040395
 42
0.024769
  0
VERTEX
  8
0
 10
19940.456229
 20
9505.258331
 42
0.027013
  0
VERTEX
  8
0
 10
19909.871803
 20
9529.639703
 42
0.030038
  0
VERTEX
  8
0
 10
19869.213443
 20
9555.071086
 42
0.031097
  0
VERTEX
  8
0
 10
19826.258499
 20
9575.121595
 42
0.030897
  0
VERTEX
  8
0
 10
19780.884047
 20
9589.795035
 42
0.028852
  0
VERTEX
  8
0
 10
19733.000000
 20
9599.168441
 42
0.022237
  0
VERTEX
  8
0
 10
19715.326676
 20
9600.783882
 42
0.007724
  0
VERTEX
  8
0
 10
19689.747010
 20
9601.583186
 42
0.007718
  0
VERTEX
  8
0
 10
19664.164976
 20
9601.592235
 42
0.022369
  0
SEQEND
  0
POLYLINE
  8
0
 66
1
 70
1
  0
VERTEX
  8
0
 10
19702.144045
 20
9416.990558
 42
-0.041398
  0
VERTEX
  8
0
 10
19737.235344
 20
9410.608012
 42
-0.043444
  0
VERTEX
  8
0
 10
19770.208525
 20
9398.590559
 42
-0.043694
  0
VERTEX
  8
0
 10
19800.440449
 20
9381.133466
 42
-0.042869
  0
VERTEX
  8
0
 10
19827.387551
 20
9358.588584
 42
-0.038273
  0
VERTEX
  8
0
 10
19848.495469
 20
9334.126190
 42
-0.039901
  0
VERTEX
  8
0
 10
19865.302799
 20
9307.057274
 42
-0.039600
  0
VERTEX
  8
0
 10
19877.699293
 20
9277.467695
 42
-0.036574
  0
VERTEX
  8
0
 10
19885.673543
 20
9245.500000
 42
-0.031915
  0
VERTEX
  8
0
 10
19887.078658
 20
9232.483789
 42
-0.010926
  0
VERTEX
  8
0
 10
19887.493937
 20
9213.503278
 42
-0.010927
  0
VERTEX
  8
0
 10
19887.079520
 20
9194.521676
 42
-0.031888
  0
VERTEX
  8
0
 10
19885.675111
 20
9181.500000
 42
-0.048558
  0
VERTEX
  8
0
 10
19874.211946
 20
9139.793592
 42
-0.052140
  0
VERTEX
  8
0
 10
19855.106863
 20
9102.131837
 42
-0.052586
  0
VERTEX
  8
0
 10
19828.794367
 20
9069.507872
 42
-0.050982
  0
VERTEX
  8
0
 10
19796.000000
 20
9042.708977
 42
-0.033207
  0
VERTEX
  8
0
 10
19771.617309
 20
9028.849759
 42
-0.035705
  0
VERTEX
  8
0
 10
19746.187351
 20
9018.719429
 42
-0.035452
  0
VERTEX
  8
0
 10
19719.408523
 20
9012.255864
 42
-0.031837
  0
VERTEX
  8
0
 10
19691.000000
 20
9009.339139
 42
-0.075770
  0
VERTEX
  8
0
 10
19630.182363
 20
9016.215695
 42
-0.075590
  0
VERTEX
  8
0
 10
19574.120810
 20
9040.898064
 42
-0.075475
  0
VERTEX
  8
0
 10
19527.860075
 20
9081.169537
 42
-0.075183
  0
VERTEX
  8
0
 10
19495.563044
 20
9133.406289
 42
-0.053668
  0
VERTEX
  8
0
 10
19482.919282
 20
9174.801913
 42
-0.053192
  0
VERTEX
  8
0
 10
19479.323477
 20
9218.066198
 42
-0.053216
  0
VERTEX
  8
0
 10
19484.935755
 20
9261.096581
 42
-0.053818
  0
VERTEX
  8
0
 10
19499.497679
 20
9301.801272
 42
-0.011639
  0
VERTEX
  8
0
 10
19504.570599
 20
9311.680908
 42
-0.012377
  0
VERTEX
  8
0
 10
19509.999496
 20
9321.110171
 42
-0.012650
  0
VERTEX
  8
0
 10
19515.766723
 20
9330.059532
 42
-0.013544
  0
VERTEX
  8
0
 10
19521.854255
 20
9338.500000
 42
-0.023017
  0
VERTEX
  8
0
 10
19528.328231
 20
9346.218287
 42
-0.009151
  0
VERTEX
  8
0
 10
19537.877340
 20
9356.219558
 42
-0.009224
  0
VERTEX
  8
0
 10
19547.899812
 20
9365.972575
 42
-0.020188
  0
VERTEX
  8
0
 10
19556.000000
 20
9372.976646
 42
-0.047462
  0
VERTEX
  8
0
 10
19588.934581
 20
9394.447685
 42
-0.047623
  0
VERTEX
  8
0
 10
19625.290435
 20
9409.294405
 42
-0.047953
  0
VERTEX
  8
0
 10
19663.554317
 20
9416.919291
 42
-0.049548
  0
SEQEND
  0
POLYLINE
  8
0
 66
1
 70
1
  0
VERTEX
  8
0
 10
6448.000000
 20
8456.410303
 42
-0.003499
  0
VERTEX
  8
0
 10
6445.975991
 20
8456.190745
 42
-0.000608
  0
VERTEX
  8
0
 10
6442.150000
 20
8455.807483
 42
-0.000661
  0
VERTEX
  8
0
 10
6437.659460
 20
8455.369160
 42
-0.000592
  0
VERTEX
  8
0
 10
6433.000000
 20
8454.926131
 42
0.043885
  0
VERTEX
  8
0
 10
6371.015894
 20
8443.561897
 42
0.040894
  0
VERTEX
  8
0
 10
6310.418235
 20
8421.388116
 42
0.040625
  0
VERTEX
  8
0
 10
6253.851478
 20
8389.469205
 42
0.041976
  0
VERTEX
  8
0
 10
6203.851750
 20
8349.132070
 42
0.043370
  0
VERTEX
  8
0
 10
6159.418063
 20
8298.609845
 42
0.043794
  0
VERTEX
  8
0
 10
6124.528621
 20
8241.337833
 42
0.043420
  0
VERTEX
  8
0
 10
6099.907715
 20
8178.388495
 42
0.041166
  0
VERTEX
  8
0
 10
6085.983514
 20
8111.000000
 42
0.020760
  0
VERTEX
  8
0
 10
6084.872695
 20
8097.136937
 42
0.005908
  0
VERTEX
  8
0
 10
6084.297384
 20
8075.534533
 42
0.006055
  0
VERTEX
  8
0
 10
6084.238554
 20
8053.732360
 42
0.017780
  0
VERTEX
  8
0
 10
6084.913322
 20
8038.737107
 42
0.024064
  0
VERTEX
  8
0
 10
6090.039728
 20
7999.107615
 42
0.025574
  0
VERTEX
  8
0
 10
6098.886235
 20
7960.964440
 42
0.025700
  0
VERTEX
  8
0
 10
6111.531605
 20
7924.097454
 42
0.024831
  0
VERTEX
  8
0
 10
6128.019570
 20
7888.284906
 42
0.056966
  0
VERTEX
  8
0
 10
6177.544911
 20
7815.100102
 42
0.057269
  0
VERTEX
  8
0
 10
6242.228246
 20
7755.125250
 42
0.057111
  0
VERTEX
  8
0
 10
6319.006784
 20
7711.253083
 42
0.056066
  0
VERTEX
  8
0
 10
6404.195128
 20
7685.551212
 42
0.023562
  0
VERTEX
  8
0
 10
6436.799347
 20
7681.159512
 42
0.020761
  0
VERTEX
  8
0
 10
6471.084002
 20
7679.606728
 42
0.020673
  0
VERTEX
  8
0
 10
6505.541829
 20
7680.902773
 42
0.022779
  0
VERTEX
  8
0
 10
6538.666391
 20
7685.047669
 42
0.050657
  0
VERTEX
  8
0
 10
6613.513261
 20
7705.863679
 42
0.049982
  0
VERTEX
  8
0
 10
6683.006157
 20
7741.370842
 42
0.050012
  0
VERTEX
  8
0
 10
6744.033742
 20
7789.937900
 42
0.050846
  0
VERTEX
  8
0
 10
6793.826226
 20
7849.407148
 42
0.031660
  0
VERTEX
  8
0
 10
6819.282715
 20
7892.640018
 42
0.031841
  0
VERTEX
  8
0
 10
6839.022621
 20
7938.660556
 42
0.031959
  0
VERTEX
  8
0
 10
6852.698757
 20
7986.646004
 42
0.032445
  0
VERTEX
  8
0
 10
6860.062734
 20
8035.741777
 42
0.019006
  0
VERTEX
  8
0
 10
6860.837473
 20
8052.569054
 42
0.006656
  0
VERTEX
  8
0
 10
6860.708857
 20
8076.784852
 42
0.006462
  0
VERTEX
  8
0
 10
6859.953404
 20
8100.723297
 42
0.022992
  0
VERTEX
  8
0
 10
6858.567874
 20
8116.000000
 42
0.034201
  0
VERTEX
  8
0
 10
6846.442169
 20
8174.377580
 42
0.037530
  0
VERTEX
  8
0
 10
6826.721310
 20
8228.706717
 42
0.037975
  0
VERTEX
  8
0
 10
6799.350213
 20
8278.912080
 42
0.036726
  0
VERTEX
  8
0
 10
6764.425107
 20
8325.000000
 42
0.045252
  0
VERTEX
  8
0
 10
6712.723245
 20
8373.989288
 42
0.046460
  0
VERTEX
  8
0
 10
6653.484215
 20
8412.393163
 42
0.046162
  0
VERTEX
  8
0
 10
6587.807309
 20
8439.394534
 42
0.043556
  0
VERTEX
  8
0
 10
6517.000000
 20
8454.541775
 42
0.020569
  0
VERTEX
  8
0
 10
6504.581939
 20
8455.569313
 42
0.003588
  0
VERTEX
  8
0
 10
6481.092700
 20
8456.374121
 42
0.002900
  0
VERTEX
  8
0
 10
6457.393094
 20
8456.878368
 42
0.032643
  0
SEQEND
  0
POLYLINE
  8
0
 66
1
 70
1
  0
VERTEX
  8
0
 10
6489.500000
 20
8271.945211
 42
-0.035931
  0
VERTEX
  8
0
 10
6519.121059
 20
8267.231886
 42
-0.036671
  0
VERTEX
  8
0
 10
6547.554265
 20
8258.344870
 42
-0.036575
  0
VERTEX
  8
0
 10
6574.452473
 20
8245.372678
 42
-0.035344
  0
VERTEX
  8
0
 10
6599.500000
 20
8228.487900
 42
-0.020728
  0
VERTEX
  8
0
 10
6606.955519
 20
8222.141060
 42
-0.008605
  0
VERTEX
  8
0
 10
6616.510337
 20
8212.988392
 42
-0.008633
  0
VERTEX
  8
0
 10
6625.786249
 20
8203.468456
 42
-0.019657
  0
VERTEX
  8
0
 10
6632.372443
 20
8195.895846
 42
-0.045896
  0
VERTEX
  8
0
 10
6652.167512
 20
8165.996687
 42
-0.043991
  0
VERTEX
  8
0
 10
6666.503801
 20
8132.569570
 42
-0.043881
  0
VERTEX
  8
0
 10
6674.799027
 20
8097.065241
 42
-0.045150
  0
VERTEX
  8
0
 10
6676.660861
 20
8061.000000
 42
-0.024404
  0
VERTEX
  8
0
 10
6674.686232
 20
8038.479690
 42
-0.028007
  0
VERTEX
  8
0
 10
6670.561072
 20
8017.288114
 42
-0.028237
  0
VERTEX
  8
0
 10
6664.130435
 20
7996.841603
 42
-0.025609
  0
VERTEX
  8
0
 10
6655.254741
 20
7976.552705
 42
-0.098472
  0
VERTEX
  8
0
 10
6606.905390
 20
7914.242408
 42
-0.097252
  0
VERTEX
  8
0
 10
6538.194623
 20
7874.838245
 42
-0.097289
  0
VERTEX
  8
0
 10
6459.708014
 20
7864.351254
 42
-0.098630
  0
VERTEX
  8
0
 10
6383.500000
 20
7884.441822
 42
-0.049989
  0
VERTEX
  8
0
 10
6347.879795
 20
7906.491158
 42
-0.051089
  0
VERTEX
  8
0
 10
6317.629270
 20
7935.028494
 42
-0.051337
  0
VERTEX
  8
0
 10
6293.915761
 20
7968.967541
 42
-0.051457
  0
VERTEX
  8
0
 10
6277.635988
 20
8007.000000
 42
-0.029278
  0
VERTEX
  8
0
 10
6271.547899
 20
8031.549559
 42
-0.030963
  0
VERTEX
  8
0
 10
6268.511002
 20
8056.187465
 42
-0.031044
  0
VERTEX
  8
0
 10
6268.543995
 20
8080.951200
 42
-0.029765
  0
VERTEX
  8
0
 10
6271.623169
 20
8105.876496
 42
-0.068031
  0
VERTEX
  8
0
 10
6288.579925
 20
8157.341721
 42
-0.066705
  0
VERTEX
  8
0
 10
6318.808352
 20
8202.749138
 42
-0.066564
  0
VERTEX
  8
0
 10
6359.992024
 20
8238.674282
 42
-0.067244
  0
VERTEX
  8
0
 10
6409.031155
 20
8262.368227
 42
-0.022931
  0
VERTEX
  8
0
 10
6429.336940
 20
8267.986862
 42
-0.026415
  0
VERTEX
  8
0
 10
6449.138957
 20
8271.412010
 42
-0.026696
  0
VERTEX
  8
0
 10
6469.004706
 20
8272.706651
 42
-0.024421
  0
SEQEND
  0
POLYLINE
  8
0
 66
1
 70
1
  0
VERTEX
  8
0
 10
13810.500000
 20
8456.406016
 42
-0.000659
  0
VERTEX
  8
0
 10
13808.256550
 20
8456.188247
 42
-0.000135
  0
VERTEX
  8
0
 10
13804.296875
 20
8455.810232
 42
-0.000142
  0
VERTEX
  8
0
 10
13799.696109
 20
8455.373593
 42
-0.000134
  0
VERTEX
  8
0
 10
13795.000000
 20
8454.930524
 42
0.006992
  0
VERTEX
  8
0
 10
13789.596644
 20
8454.345852
 42
0.003477
  0
VERTEX
  8
0
 10
13782.765625
 20
8453.461647
 42
0.003450
  0
VERTEX
  8
0
 10
13775.698727
 20
8452.447177
 42
0.005062
  0
VERTEX
  8
0
 10
13769.500000
 20
8451.449353
 42
0.067170
  0
VERTEX
  8
0
 10
13669.839333
 20
8420.197886
 42
0.067375
  0
VERTEX
  8
0
 10
13582.140708
 20
8363.669459
 42
0.067434
  0
VERTEX
  8
0
 10
13512.689498
 20
8285.911987
 42
0.067493
  0
VERTEX
  8
0
 10
13466.456813
 20
8192.500000
 42
0.017532
  0
VERTEX
  8
0
 10
13457.971482
 20
8164.038518
 42
0.020116
  0
VERTEX
  8
0
 10
13451.934585
 20
8136.321815
 42
0.020001
  0
VERTEX
  8
0
 10
13448.119246
 20
8108.069966
 42
0.016957
  0
VERTEX
  8
0
 10
13446.302957
 20
8078.000000
 42
0.043396
  0
VERTEX
  8
0
 10
13450.416544
 20
8009.884631
 42
0.044612
  0
VERTEX
  8
0
 10
13466.239117
 20
7944.152827
 42
0.044405
  0
VERTEX
  8
0
 10
13493.560680
 20
7881.996036
 42
0.042200
  0
VERTEX
  8
0
 10
13531.827998
 20
7824.500000
 42
0.022712
  0
VERTEX
  8
0
 10
13548.586907
 20
7805.276260
 42
0.014600
  0
VERTEX
  8
0
 10
13569.637019
 20
7784.486387
 42
0.014540
  0
VERTEX
  8
0
 10
13592.052085
 20
7764.791014
 42
0.021176
  0
VERTEX
  8
0
 10
13613.000000
 20
7748.883475
 42
0.048965
  0
VERTEX
  8
0
 10
13678.722111
 20
7712.183018
 42
0.048312
  0
VERTEX
  8
0
 10
13750.619730
 20
7688.764460
 42
0.048327
  0
VERTEX
  8
0
 10
13825.653572
 20
7679.583104
 42
0.049059
  0
VERTEX
  8
0
 10
13900.666391
 20
7685.058226
 42
0.043746
  0
VERTEX
  8
0
 10
13966.111943
 20
7702.351620
 42
0.043409
  0
VERTEX
  8
0
 10
14027.729559
 20
7730.800134
 42
0.043436
  0
VERTEX
  8
0
 10
14083.474531
 20
7769.440064
 42
0.043921
  0
VERTEX
  8
0
 10
14131.480264
 20
7816.998879
 42
0.055981
  0
VERTEX
  8
0
 10
14179.399855
 20
7888.499420
 42
0.055092
  0
VERTEX
  8
0
 10
14210.574475
 20
7969.227393
 42
0.055210
  0
VERTEX
  8
0
 10
14223.322585
 20
8054.648834
 42
0.056703
  0
VERTEX
  8
0
 10
14216.870673
 20
8140.000000
 42
0.035973
  0
VERTEX
  8
0
 10
14202.006972
 20
8195.728361
 42
0.037369
  0
VERTEX
  8
0
 10
14179.450559
 20
8248.016476
 42
0.037368
  0
VERTEX
  8
0
 10
14149.361757
 20
8296.365523
 42
0.035968
  0
VERTEX
  8
0
 10
14112.058891
 20
8340.359309
 42
0.041622
  0
VERTEX
  8
0
 10
14062.008673
 20
8383.589367
 42
0.043332
  0
VERTEX
  8
0
 10
14006.132373
 20
8417.281568
 42
0.043078
  0
VERTEX
  8
0
 10
13944.973532
 20
8440.995287
 42
0.040192
  0
VERTEX
  8
0
 10
13879.219759
 20
8454.560420
 42
0.020265
  0
VERTEX
  8
0
 10
13866.744873
 20
8455.592971
 42
0.003802
  0
VERTEX
  8
0
 10
13843.840300
 20
8456.382444
 42
0.003343
  0
VERTEX
  8
0
 10
13820.881628
 20
8456.845448
 42
0.027897
  0
SEQEND
  0
POLYLINE
  8
0
 66
1
 70
1
  0
VERTEX
  8
0
 10
13864.608165
 20
8270.460969
 42
-0.065318
  0
VERTEX
  8
0
 10
13916.015854
 20
8255.797577
 42
-0.065683
  0
VERTEX
  8
0
 10
13961.794954
 20
8228.388175
 42
-0.065667
  0
VERTEX
  8
0
 10
13998.907802
 20
8190.036656
 42
-0.065232
  0
VERTEX
  8
0
 10
14024.905841
 20
8143.291049
 42
-0.021481
  0
VERTEX
  8
0
 10
14030.625868
 20
8126.824130
 42
-0.022970
  0
VERTEX
  8
0
 10
14034.767778
 20
8110.288675
 42
-0.022575
  0
VERTEX
  8
0
 10
14037.429608
 20
8093.181706
 42
-0.019353
  0
VERTEX
  8
0
 10
14038.713867
 20
8075.000000
 42
-0.028979
  0
VERTEX
  8
0
 10
14038.039177
 20
8049.180215
 42
-0.031778
  0
VERTEX
  8
0
 10
14034.356041
 20
8024.408346
 42
-0.032177
  0
VERTEX
  8
0
 10
14027.621771
 20
8000.583109
 42
-0.031300
  0
VERTEX
  8
0
 10
14017.836061
 20
7977.590299
 42
-0.067576
  0
VERTEX
  8
0
 10
13985.539416
 20
7930.372724
 42
-0.070656
  0
VERTEX
  8
0
 10
13942.255344
 20
7894.293250
 42
-0.070730
  0
VERTEX
  8
0
 10
13890.679412
 20
7871.719321
 42
-0.067939
  0
VERTEX
  8
0
 10
13834.131157
 20
7864.000000
 42
-0.111865
  0
VERTEX
  8
0
 10
13746.980200
 20
7883.745319
 42
-0.110764
  0
VERTEX
  8
0
 10
13676.487714
 20
7939.162524
 42
-0.110635
  0
VERTEX
  8
0
 10
13636.359409
 20
8019.436790
 42
-0.111386
  0
VERTEX
  8
0
 10
13634.449953
 20
8108.951104
 42
-0.080416
  0
VERTEX
  8
0
 10
13657.357751
 20
8169.623768
 42
-0.079639
  0
VERTEX
  8
0
 10
13698.294650
 20
8220.200692
 42
-0.079485
  0
VERTEX
  8
0
 10
13753.066738
 20
8255.522420
 42
-0.079650
  0
VERTEX
  8
0
 10
13816.085657
 20
8271.961321
 42
-0.021008
  0
VERTEX
  8
0
 10
13826.667741
 20
8272.535388
 42
-0.010775
  0
VERTEX
  8
0
 10
13839.956052
 20
8272.410971
 42
-0.010760
  0
VERTEX
  8
0
 10
13853.418852
 20
8271.704470
 42
-0.018367
  0
SEQEND
  0
POLYLINE
  8
0
 66
1
 70
1
  0
VERTEX
  8
0
 10
21166.500000
 20
8455.906531
 42
0.067676
  0
VERTEX
  8
0
 10
21063.102482
 20
8433.183120
 42
0.068113
  0
VERTEX
  8
0
 10
20969.773146
 20
8383.702662
 42
0.068219
  0
VERTEX
  8
0
 10
20893.289889
 20
8311.047472
 42
0.068246
  0
VERTEX
  8
0
 10
20839.191170
 20
8220.500000
 42
0.017931
  0
VERTEX
  8
0
 10
20829.144688
 20
8194.319637
 42
0.018269
  0
VERTEX
  8
0
 10
20821.068585
 20
8167.647819
 42
0.017961
  0
VERTEX
  8
0
 10
20814.846490
 20
8140.026669
 42
0.016091
  0
VERTEX
  8
0
 10
20810.356447
 20
8111.000000
 42
0.021374
  0
VERTEX
  8
0
 10
20808.937563
 20
8092.973800
 42
0.008822
  0
VERTEX
  8
0
 10
20808.492772
 20
8068.491088
 42
0.008821
  0
VERTEX
  8
0
 10
20808.911867
 20
8044.011736
 42
0.021414
  0
VERTEX
  8
0
 10
20810.312053
 20
8026.000000
 42
0.019781
  0
VERTEX
  8
0
 10
20816.105704
 20
7990.090085
 42
0.023109
  0
VERTEX
  8
0
 10
20824.506172
 20
7956.594594
 42
0.023336
  0
VERTEX
  8
0
 10
20835.878470
 20
7924.301595
 42
0.020954
  0
VERTEX
  8
0
 10
20850.581857
 20
7892.000000
 42
0.048549
  0
VERTEX
  8
0
 10
20890.723506
 20
7828.830550
 42
0.048272
  0
VERTEX
  8
0
 10
20942.361806
 20
7774.454276
 42
0.048309
  0
VERTEX
  8
0
 10
21003.427772
 20
7731.023962
 42
0.048779
  0
VERTEX
  8
0
 10
21071.500000
 20
7700.282781
 42
0.040558
  0
VERTEX
  8
0
 10
21133.919262
 20
7684.634844
 42
0.041587
  0
VERTEX
  8
0
 10
21197.520275
 20
7679.444222
 42
0.041598
  0
VERTEX
  8
0
 10
21261.087407
 20
7684.850385
 42
0.040625
  0
VERTEX
  8
0
 10
21323.405976
 20
7700.709551
 42
0.027888
  0
VERTEX
  8
0
 10
21364.440485
 20
7717.393199
 42
0.029366
  0
VERTEX
  8
0
 10
21402.635416
 20
7738.290941
 42
0.029260
  0
VERTEX
  8
0
 10
21438.243202
 20
7763.596777
 42
0.027266
  0
VERTEX
  8
0
 10
21471.546585
 20
7793.453415
 42
0.037128
  0
VERTEX
  8
0
 10
21510.220668
 20
7838.341070
 42
0.038443
  0
VERTEX
  8
0
 10
21541.333973
 20
7887.956033
 42
0.038459
  0
VERTEX
  8
0
 10
21564.474317
 20
7941.729650
 42
0.037223
  0
VERTEX
  8
0
 10
21579.408419
 20
7999.000000
 42
0.019616
  0
VERTEX
  8
0
 10
21583.609388
 20
8028.501536
 42
0.019254
  0
VERTEX
  8
0
 10
21585.518623
 20
8058.425219
 42
0.019187
  0
VERTEX
  8
0
 10
21585.122753
 20
8088.511534
 42
0.019147
  0
VERTEX
  8
0
 10
21582.422005
 20
8118.500000
 42
0.034813
  0
VERTEX
  8
0
 10
21572.084835
 20
8170.102956
 42
0.033778
  0
VERTEX
  8
0
 10
21554.615227
 20
8220.312567
 42
0.033768
  0
VERTEX
  8
0
 10
21530.537340
 20
8267.727996
 42
0.034738
  0
VERTEX
  8
0
 10
21500.497378
 20
8311.000000
 42
0.050660
  0
VERTEX
  8
0
 10
21444.449324
 20
8367.939027
 42
0.051578
  0
VERTEX
  8
0
 10
21378.414747
 20
8412.055929
 42
0.051563
  0
VERTEX
  8
0
 10
21304.730388
 20
8441.733418
 42
0.050575
  0
VERTEX
  8
0
 10
21226.050106
 20
8455.952482
 42
0.013204
  0
VERTEX
  8
0
 10
21212.924723
 20
8456.626662
 42
0.006421
  0
VERTEX
  8
0
 10
21196.137745
 20
8456.829302
 42
0.006415
  0
VERTEX
  8
0
 10
21179.408732
 20
8456.601764
 42
0.013689
  0
SEQEND
  0
POLYLINE
  8
0
 66
1
 70
1
  0
VERTEX
  8
0
 10
21226.642261
 20
8270.471690
 42
-0.039533
  0
VERTEX
  8
0
 10
21258.669549
 20
8263.141041
 42
-0.040836
  0
VERTEX
  8
0
 10
21288.782917
 20
8250.915182
 42
-0.040811
  0
VERTEX
  8
0
 10
21316.525396
 20
8233.949406
 42
-0.039385
  0
VERTEX
  8
0
 10
21341.500000
 20
8212.519020
 42
-0.040815
  0
VERTEX
  8
0
 10
21363.547137
 20
8186.413339
 42
-0.042040
  0
VERTEX
  8
0
 10
21380.816791
 20
8157.320045
 42
-0.041947
  0
VERTEX
  8
0
 10
21393.007254
 20
8125.686018
 42
-0.040269
  0
VERTEX
  8
0
 10
21399.952543
 20
8092.026234
 42
-0.022774
  0
VERTEX
  8
0
 10
21400.785093
 20
8081.297899
 42
-0.010305
  0
VERTEX
  8
0
 10
21400.944430
 20
8067.196851
 42
-0.010337
  0
VERTEX
  8
0
 10
21400.516177
 20
8052.917270
 42
-0.019925
  0
VERTEX
  8
0
 10
21399.482411
 20
8041.525610
 42
-0.098727
  0
VERTEX
  8
0
 10
21373.950649
 20
7966.289809
 42
-0.098057
  0
VERTEX
  8
0
 10
21321.471483
 20
7906.390697
 42
-0.098048
  0
VERTEX
  8
0
 10
21250.120928
 20
7871.007447
 42
-0.098689
  0
VERTEX
  8
0
 10
21170.841743
 20
7865.595781
 42
-0.060615
  0
VERTEX
  8
0
 10
21122.772035
 20
7877.853016
 42
-0.060919
  0
VERTEX
  8
0
 10
21079.132242
 20
7901.266867
 42
-0.060926
  0
VERTEX
  8
0
 10
21042.424981
 20
7934.504215
 42
-0.060654
  0
VERTEX
  8
0
 10
21014.746128
 20
7975.655701
 42
-0.033212
  0
VERTEX
  8
0
 10
21004.064951
 20
8000.602228
 42
-0.033466
  0
VERTEX
  8
0
 10
20996.812703
 20
8026.680502
 42
-0.033464
  0
VERTEX
  8
0
 10
20993.104241
 20
8053.494321
 42
-0.033202
  0
VERTEX
  8
0
 10
20992.991623
 20
8080.634448
 42
-0.089292
  0
VERTEX
  8
0
 10
21010.407032
 20
8151.695030
 42
-0.090514
  0
VERTEX
  8
0
 10
21051.465488
 20
8211.840397
 42
-0.090218
  0
VERTEX
  8
0
 10
21111.256194
 20
8253.746900
 42
-0.087995
  0
VERTEX
  8
0
 10
21182.500000
 20
8272.381696
 42
-0.023384
  0
VERTEX
  8
0
 10
21191.113305
 20
8272.670642
 42
-0.007504
  0
VERTEX
  8
0
 10
21203.906952
 20
8272.309331
 42
-0.007709
  0
VERTEX
  8
0
 10
21216.932886
 20
8271.544359
 42
-0.017979
  0
SEQEND
  0
POLYLINE
  8
0
 66
1
 70
1
  0
VERTEX
  8
0
 10
4916.500000
 20
7535.900916
 42
0.022475
  0
VERTEX
  8
0
 10
4832.462278
 20
7528.162768
 42
0.022114
  0
VERTEX
  8
0
 10
4748.997058
 20
7512.889843
 42
0.022212
  0
VERTEX
  8
0
 10
4667.578569
 20
7490.389863
 42
0.023191
  0
VERTEX
  8
0
 10
4589.665377
 20
7461.026519
 42
0.001238
  0
VERTEX
  8
0
 10
4572.781872
 20
7453.703262
 42
0.005728
  0
VERTEX
  8
0
 10
4563.079324
 20
7449.333172
 42
0.005921
  0
VERTEX
  8
0
 10
4553.622000
 20
7444.805645
 42
0.001384
  0
VERTEX
  8
0
 10
4537.878872
 20
7436.984187
 42
0.035351
  0
VERTEX
  8
0
 10
4423.941797
 20
7369.529951
 42
0.035217
  0
VERTEX
  8
0
 10
4320.490125
 20
7286.619747
 42
0.035244
  0
VERTEX
  8
0
 10
4229.771097
 20
7190.077872
 42
0.035530
  0
VERTEX
  8
0
 10
4153.778282
 20
7082.000000
 42
0.010923
  0
VERTEX
  8
0
 10
4133.306224
 20
7046.240542
 42
0.010596
  0
VERTEX
  8
0
 10
4114.198985
 20
7009.260620
 42
0.010670
  0
VERTEX
  8
0
 10
4096.808130
 20
6971.775154
 42
0.011501
  0
VERTEX
  8
0
 10
4081.484076
 20
6934.500000
 42
0.035174
  0
VERTEX
  8
0
 10
4042.414791
 20
6806.718508
 42
0.035536
  0
VERTEX
  8
0
 10
4021.809178
 20
6675.158323
 42
0.035537
  0
VERTEX
  8
0
 10
4020.041409
 20
6542.011076
 42
0.035183
  0
VERTEX
  8
0
 10
4037.110425
 20
6409.500000
 42
0.024217
  0
VERTEX
  8
0
 10
4059.020486
 20
6322.558657
 42
0.023913
  0
VERTEX
  8
0
 10
4089.311256
 20
6237.767784
 42
0.023868
  0
VERTEX
  8
0
 10
4127.624550
 20
6156.100161
 42
0.023905
  0
VERTEX
  8
0
 10
4173.528680
 20
6078.500000
 42
0.039564
  0
VERTEX
  8
0
 10
4264.754202
 20
5961.216312
 42
0.039619
  0
VERTEX
  8
0
 10
4373.275927
 20
5859.824770
 42
0.039597
  0
VERTEX
  8
0
 10
4496.491627
 20
5776.771580
 42
0.039428
  0
VERTEX
  8
0
 10
4631.432334
 20
5714.045552
 42
0.059215
  0
VERTEX
  8
0
 10
4846.899092
 20
5661.768812
 42
0.059130
  0
VERTEX
  8
0
 10
5068.724055
 20
5661.411956
 42
0.059126
  0
VERTEX
  8
0
 10
5284.483250
 20
5712.984889
 42
0.059194
  0
VERTEX
  8
0
 10
5482.089940
 20
5813.609193
 42
0.055721
  0
VERTEX
  8
0
 10
5642.219465
 20
5948.640646
 42
0.055904
  0
VERTEX
  8
0
 10
5768.378989
 20
6115.560945
 42
0.055864
  0
VERTEX
  8
0
 10
5854.497368
 20
6306.398741
 42
0.055489
  0
VERTEX
  8
0
 10
5896.480931
 20
6512.000000
 42
0.012296
  0
VERTEX
  8
0
 10
5899.177151
 20
6552.807830
 42
0.010361
  0
VERTEX
  8
0
 10
5900.071893
 20
6596.100928
 42
0.010371
  0
VERTEX
  8
0
 10
5899.172418
 20
6639.343938
 42
0.012401
  0
VERTEX
  8
0
 10
5896.471364
 20
6680.000000
 42
0.051027
  0
VERTEX
  8
0
 10
5859.285126
 20
6870.169223
 42
0.051593
  0
VERTEX
  8
0
 10
5784.432647
 20
7048.120774
 42
0.051598
  0
VERTEX
  8
0
 10
5674.741951
 20
7206.962321
 42
0.051058
  0
VERTEX
  8
0
 10
5534.500000
 20
7340.601956
 42
0.044669
  0
VERTEX
  8
0
 10
5395.963445
 20
7429.397408
 42
0.043684
  0
VERTEX
  8
0
 10
5242.840042
 20
7492.948631
 42
0.043676
  0
VERTEX
  8
0
 10
5080.979042
 20
7528.938162
 42
0.044622
  0
SEQEND
  0
POLYLINE
  8
0
 66
1
 70
1
  0
VERTEX
  8
0
 10
5003.500000
 20
7514.977533
 42
-0.030478
  0
VERTEX
  8
0
 10
5115.618467
 20
7502.657500
 42
-0.030644
  0
VERTEX
  8
0
 10
5225.200160
 20
7476.808726
 42
-0.030646
  0
VERTEX
  8
0
 10
5330.791896
 20
7437.762132
 42
-0.030495
  0
VERTEX
  8
0
 10
5431.000000
 20
7386.045437
 42
-0.010341
  0
VERTEX
  8
0
 10
5457.565463
 20
7369.460746
 42
-0.007814
  0
VERTEX
  8
0
 10
5486.060450
 20
7350.199571
 42
-0.007800
  0
VERTEX
  8
0
 10
5514.012902
 20
7330.005583
 42
-0.010135
  0
VERTEX
  8
0
 10
5538.942168
 20
7310.597942
 42
-0.013523
  0
VERTEX
  8
0
 10
5573.642695
 20
7280.843370
 42
-0.011913
  0
VERTEX
  8
0
 10
5608.217898
 20
7248.002178
 42
-0.011877
  0
VERTEX
  8
0
 10
5641.305292
 20
7213.435503
 42
-0.013192
  0
VERTEX
  8
0
 10
5671.540566
 20
7178.500000
 42
-0.041445
  0
VERTEX
  8
0
 10
5756.941894
 20
7054.781161
 42
-0.041000
  0
VERTEX
  8
0
 10
5821.122026
 20
6918.234876
 42
-0.040970
  0
VERTEX
  8
0
 10
5862.197711
 20
6772.949607
 42
-0.041255
  0
VERTEX
  8
0
 10
5878.909364
 20
6623.250000
 42
-0.030092
  0
VERTEX
  8
0
 10
5875.320577
 20
6509.200285
 42
-0.031324
  0
VERTEX
  8
0
 10
5858.022934
 20
6397.951347
 42
-0.031344
  0
VERTEX
  8
0
 10
5826.976864
 20
6289.800552
 42
-0.030214
  0
VERTEX
  8
0
 10
5782.343573
 20
6185.000000
 42
-0.013028
  0
VERTEX
  8
0
 10
5757.851399
 20
6138.980559
 42
-0.014486
  0
VERTEX
  8
0
 10
5731.804494
 20
6095.929954
 42
-0.014527
  0
VERTEX
  8
0
 10
5703.376964
 20
6054.567098
 42
-0.013253
  0
VERTEX
  8
0
 10
5671.742803
 20
6013.611922
 42
-0.006069
  0
VERTEX
  8
0
 10
5656.872883
 20
5995.825781
 42
-0.007852
  0
VERTEX
  8
0
 10
5642.780217
 20
5979.892554
 42
-0.007316
  0
VERTEX
  8
0
 10
5627.420837
 20
5963.553776
 42
-0.004301
  0
VERTEX
  8
0
 10
5608.603361
 20
5944.445947
 42
-0.003928
  0
VERTEX
  8
0
 10
5590.381980
 20
5926.542520
 42
-0.007157
  0
VERTEX
  8
0
 10
5575.181554
 20
5912.255618
 42
-0.007699
  0
VERTEX
  8
0
 10
5560.359818
 20
5899.131720
 42
-0.005518
  0
VERTEX
  8
0
 10
5543.408333
 20
5884.903324
 42
-0.048544
  0
VERTEX
  8
0
 10
5394.892955
 20
5785.413270
 42
-0.048671
  0
VERTEX
  8
0
 10
5230.108421
 20
5716.527112
 42
-0.048682
  0
VERTEX
  8
0
 10
5055.151049
 20
5680.804997
 42
-0.048610
  0
VERTEX
  8
0
 10
4876.500000
 20
5679.558289
 42
-0.047346
  0
VERTEX
  8
0
 10
4705.588011
 20
5711.504880
 42
-0.047353
  0
VERTEX
  8
0
 10
4543.745412
 20
5775.031355
 42
-0.047347
  0
VERTEX
  8
0
 10
4396.726716
 20
5867.881651
 42
-0.047310
  0
VERTEX
  8
0
 10
4269.757391
 20
5986.752948
 42
-0.060569
  0
VERTEX
  8
0
 10
4144.163015
 20
6169.239736
 42
-0.060346
  0
VERTEX
  8
0
 10
4065.766726
 20
6376.728254
 42
-0.060375
  0
VERTEX
  8
0
 10
4039.202766
 20
6596.839617
 42
-0.060737
  0
VERTEX
  8
0
 10
4066.091440
 20
6816.462206
 42
-0.029854
  0
VERTEX
  8
0
 10
4099.397700
 20
6923.059373
 42
-0.030464
  0
VERTEX
  8
0
 10
4144.977112
 20
7024.189160
 42
-0.030411
  0
VERTEX
  8
0
 10
4202.592408
 20
7119.193166
 42
-0.029522
  0
VERTEX
  8
0
 10
4271.835106
 20
7207.500000
 42
-0.012114
  0
VERTEX
  8
0
 10
4286.680045
 20
7223.491509
 42
-0.003557
  0
VERTEX
  8
0
 10
4310.229658
 20
7247.317066
 42
-0.003514
  0
VERTEX
  8
0
 10
4334.041778
 20
7270.736298
 42
-0.012903
  0
VERTEX
  8
0
 10
4349.591667
 20
7285.056302
 42
-0.028544
  0
VERTEX
  8
0
 10
4438.483582
 20
7354.241058
 42
-0.030421
  0
VERTEX
  8
0
 10
4532.865230
 20
7411.262989
 42
-0.030543
  0
VERTEX
  8
0
 10
4633.106433
 20
7456.218820
 42
-0.029269
  0
VERTEX
  8
0
 10
4739.500000
 20
7489.363376
 42
-0.018908
  0
VERTEX
  8
0
 10
4803.791803
 20
7502.775685
 42
-0.017785
  0
VERTEX
  8
0
 10
4870.237589
 20
7511.617279
 42
-0.017742
  0
VERTEX
  8
0
 10
4937.315184
 20
7515.730301
 42
-0.018569
  0
SEQEND
  0
POLYLINE
  8
0
 66
1
 70
1
  0
VERTEX
  8
0
 10
12279.000000
 20
7535.924114
 42
0.039211
  0
VERTEX
  8
0
 10
12131.529009
 20
7517.378648
 42
0.039446
  0
VERTEX
  8
0
 10
11989.065741
 20
7476.052622
 42
0.039486
  0
VERTEX
  8
0
 10
11854.996644
 20
7412.916653
 42
0.039470
  0
VERTEX
  8
0
 10
11732.500000
 20
7329.481231
 42
0.035220
  0
VERTEX
  8
0
 10
11634.353235
 20
7238.550294
 42
0.035703
  0
VERTEX
  8
0
 10
11550.424444
 20
7135.135291
 42
0.035707
  0
VERTEX
  8
0
 10
11482.069895
 20
7020.843520
 42
0.035245
  0
VERTEX
  8
0
 10
11430.334060
 20
6897.500000
 42
0.016804
  0
VERTEX
  8
0
 10
11411.798208
 20
6836.078640
 42
0.017370
  0
VERTEX
  8
0
 10
11397.657311
 20
6774.222779
 42
0.017239
  0
VERTEX
  8
0
 10
11387.757711
 20
6711.088319
 42
0.016003
  0
VERTEX
  8
0
 10
11381.931022
 20
6645.834832
 42
0.013036
  0
VERTEX
  8
0
 10
11381.145277
 20
6620.483583
 42
0.004269
  0
VERTEX
  8
0
 10
11381.280696
 20
6583.107401
 42
0.004219
  0
VERTEX
  8
0
 10
11382.047208
 20
6545.900645
 42
0.014056
  0
VERTEX
  8
0
 10
11383.443136
 20
6521.500000
 42
0.022002
  0
VERTEX
  8
0
 10
11395.038255
 20
6432.291506
 42
0.023591
  0
VERTEX
  8
0
 10
11414.254255
 20
6346.529622
 42
0.023754
  0
VERTEX
  8
0
 10
11441.315383
 20
6263.507938
 42
0.022994
  0
VERTEX
  8
0
 10
11476.386600
 20
6182.500000
 42
0.046006
  0
VERTEX
  8
0
 10
11566.010991
 20
6035.164167
 42
0.045909
  0
VERTEX
  8
0
 10
11681.122288
 20
5906.588363
 42
0.045934
  0
VERTEX
  8
0
 10
11817.699938
 20
5801.236510
 42
0.046159
  0
VERTEX
  8
0
 10
11971.000000
 20
5722.789360
 42
0.023519
  0
VERTEX
  8
0
 10
12056.057877
 20
5693.302801
 42
0.023856
  0
VERTEX
  8
0
 10
12143.107924
 20
5672.095393
 42
0.023902
  0
VERTEX
  8
0
 10
12231.618803
 20
5659.308964
 42
0.023822
  0
VERTEX
  8
0
 10
12321.046083
 20
5655.009562
 42
0.041762
  0
VERTEX
  8
0
 10
12477.405874
 20
5668.028380
 42
0.041728
  0
VERTEX
  8
0
 10
12629.473479
 20
5706.850073
 42
0.041721
  0
VERTEX
  8
0
 10
12773.005441
 20
5770.389556
 42
0.041723
  0
VERTEX
  8
0
 10
12903.995276
 20
5856.875306
 42
0.017458
  0
VERTEX
  8
0
 10
12952.253117
 20
5897.675634
 42
0.016694
  0
VERTEX
  8
0
 10
12998.297045
 20
5942.336594
 42
0.016665
  0
VERTEX
  8
0
 10
13041.336781
 20
5990.051193
 42
0.017244
  0
VERTEX
  8
0
 10
13080.594453
 20
6040.000000
 42
0.032927
  0
VERTEX
  8
0
 10
13147.288219
 20
6145.018555
 42
0.033128
  0
VERTEX
  8
0
 10
13199.466470
 20
6257.675217
 42
0.033086
  0
VERTEX
  8
0
 10
13236.362815
 20
6376.376182
 42
0.032659
  0
VERTEX
  8
0
 10
13257.475162
 20
6499.422912
 42
0.013815
  0
VERTEX
  8
0
 10
13260.821951
 20
6542.799676
 42
0.011011
  0
VERTEX
  8
0
 10
13262.105643
 20
6589.714040
 42
0.010945
  0
VERTEX
  8
0
 10
13261.322801
 20
6636.998432
 42
0.013050
  0
VERTEX
  8
0
 10
13258.446594
 20
6681.500000
 42
0.053464
  0
VERTEX
  8
0
 10
13219.141242
 20
6877.954183
 42
0.053518
  0
VERTEX
  8
0
 10
13139.082214
 20
7061.537442
 42
0.053431
  0
VERTEX
  8
0
 10
13021.737648
 20
7224.207853
 42
0.052952
  0
VERTEX
  8
0
 10
12872.264169
 20
7358.867822
 42
0.042868
  0
VERTEX
  8
0
 10
12738.083318
 20
7439.632286
 42
0.041551
  0
VERTEX
  8
0
 10
12590.711526
 20
7497.315803
 42
0.041528
  0
VERTEX
  8
0
 10
12435.746715
 20
7529.863122
 42
0.042709
  0
SEQEND
  0
POLYLINE
  8
0
 66
1
 70
1
  0
VERTEX
  8
0
 10
12365.500000
 20
7514.971266
 42
-0.042070
  0
VERTEX
  8
0
 10
12520.416851
 20
7494.261531
 42
-0.042651
  0
VERTEX
  8
0
 10
12668.942864
 20
7447.953108
 42
-0.042581
  0
VERTEX
  8
0
 10
12807.678279
 20
7377.026627
 42
-0.041647
  0
VERTEX
  8
0
 10
12933.500000
 20
7283.160448
 42
-0.012294
  0
VERTEX
  8
0
 10
12949.736325
 20
7268.071529
 42
-0.003751
  0
VERTEX
  8
0
 10
12973.559341
 20
7244.463006
 42
-0.003728
  0
VERTEX
  8
0
 10
12996.981506
 20
7220.546761
 42
-0.012748
  0
VERTEX
  8
0
 10
13011.692901
 20
7204.500000
 42
-0.013496
  0
VERTEX
  8
0
 10
13047.431260
 20
7161.156449
 42
-0.014761
  0
VERTEX
  8
0
 10
13079.686306
 20
7117.196790
 42
-0.014973
  0
VERTEX
  8
0
 10
13108.874732
 20
7072.012892
 42
-0.014809
  0
VERTEX
  8
0
 10
13135.418784
 20
7025.000000
 42
-0.037899
  0
VERTEX
  8
0
 10
13191.187649
 20
6896.198923
 42
-0.038170
  0
VERTEX
  8
0
 10
13226.717401
 20
6760.759836
 42
-0.038185
  0
VERTEX
  8
0
 10
13241.236225
 20
6621.544049
 42
-0.037992
  0
VERTEX
  8
0
 10
13234.457659
 20
6481.500000
 42
-0.050256
  0
VERTEX
  8
0
 10
13193.450431
 20
6302.117092
 42
-0.050149
  0
VERTEX
  8
0
 10
13117.461003
 20
6134.385500
 42
-0.050127
  0
VERTEX
  8
0
 10
13009.561548
 20
5985.073957
 42
-0.050120
  0
VERTEX
  8
0
 10
12874.102737
 20
5860.213723
 42
-0.034764
  0
VERTEX
  8
0
 10
12767.414619
 20
5791.067299
 42
-0.034503
  0
VERTEX
  8
0
 10
12651.911966
 20
5737.173712
 42
-0.034534
  0
VERTEX
  8
0
 10
12530.199277
 20
5699.716235
 42
-0.034971
  0
VERTEX
  8
0
 10
12405.000000
 20
5679.562915
 42
-0.011626
  0
VERTEX
  8
0
 10
12363.861357
 20
5676.825769
 42
-0.010814
  0
VERTEX
  8
0
 10
12321.634354
 20
5675.915266
 42
-0.010828
  0
VERTEX
  8
0
 10
12279.465115
 20
5676.831478
 42
-0.011740
  0
VERTEX
  8
0
 10
12238.500000
 20
5679.574363
 42
-0.032644
  0
VERTEX
  8
0
 10
12120.371108
 20
5698.104901
 42
-0.032448
  0
VERTEX
  8
0
 10
12005.414711
 20
5731.876198
 42
-0.032459
  0
VERTEX
  8
0
 10
11895.832453
 20
5780.222913
 42
-0.032720
  0
VERTEX
  8
0
 10
11793.735021
 20
5842.233136
 42
-0.010020
  0
VERTEX
  8
0
 10
11760.808280
 20
5866.304704
 42
-0.012408
  0
VERTEX
  8
0
 10
11731.186281
 20
5890.069671
 42
-0.012143
  0
VERTEX
  8
0
 10
11702.264788
 20
5915.704363
 42
-0.008927
  0
VERTEX
  8
0
 10
11671.433205
 20
5945.443399
 42
-0.010155
  0
VERTEX
  8
0
 10
11637.918198
 20
5980.335501
 42
-0.013840
  0
VERTEX
  8
0
 10
11609.245834
 20
6013.206524
 42
-0.014092
  0
VERTEX
  8
0
 10
11582.837969
 20
6047.133123
 42
-0.011170
  0
VERTEX
  8
0
 10
11556.185453
 20
6085.194089
 42
-0.047975
  0
VERTEX
  8
0
 10
11472.816429
 20
6240.489147
 42
-0.048050
  0
VERTEX
  8
0
 10
11420.624306
 20
6408.745066
 42
-0.048026
  0
VERTEX
  8
0
 10
11401.490373
 20
6583.949617
 42
-0.047829
  0
VERTEX
  8
0
 10
11416.084557
 20
6759.835516
 42
-0.025518
  0
VERTEX
  8
0
 10
11437.002698
 20
6849.418210
 42
-0.024955
  0
VERTEX
  8
0
 10
11467.063553
 20
6937.088809
 42
-0.024930
  0
VERTEX
  8
0
 10
11505.744714
 20
7021.415515
 42
-0.025340
  0
VERTEX
  8
0
 10
11552.437488
 20
7101.000000
 42
-0.053979
  0
VERTEX
  8
0
 10
11678.259739
 20
7253.726543
 42
-0.053809
  0
VERTEX
  8
0
 10
11833.979003
 20
7376.165760
 42
-0.053865
  0
VERTEX
  8
0
 10
12012.077175
 20
7462.456429
 42
-0.054314
  0
VERTEX
  8
0
 10
12204.000000
 20
7508.413921
 42
-0.010743
  0
VERTEX
  8
0
 10
12244.623626
 20
7512.696146
 42
-0.010740
  0
VERTEX
  8
0
 10
12285.398180
 20
7515.229844
 42
-0.010842
  0
VERTEX
  8
0
 10
12325.848595
 20
7515.994328
 42
-0.011505
  0
SEQEND
  0
POLYLINE
  8
0
 66
1
 70
1
  0
VERTEX
  8
0
 10
19641.500000
 20
7535.927619
 42
0.024021
  0
VERTEX
  8
0
 10
19552.736276
 20
7527.647330
 42
0.023544
  0
VERTEX
  8
0
 10
19464.572211
 20
7510.862706
 42
0.023544
  0
VERTEX
  8
0
 10
19378.376700
 20
7485.863111
 42
0.024021
  0
VERTEX
  8
0
 10
19295.501104
 20
7453.011075
 42
0.029748
  0
VERTEX
  8
0
 10
19197.016663
 20
7401.122714
 42
0.029539
  0
VERTEX
  8
0
 10
19105.143460
 20
7337.802570
 42
0.029517
  0
VERTEX
  8
0
 10
19021.309115
 20
7264.047415
 42
0.029602
  0
VERTEX
  8
0
 10
18946.828868
 20
7181.000000
 42
0.033240
  0
VERTEX
  8
0
 10
18876.403028
 20
7079.247591
 42
0.032887
  0
VERTEX
  8
0
 10
18819.802781
 20
6968.704748
 42
0.032912
  0
VERTEX
  8
0
 10
18778.223374
 20
6851.781720
 42
0.033414
  0
VERTEX
  8
0
 10
18752.597921
 20
6731.000000
 42
0.005961
  0
VERTEX
  8
0
 10
18748.365838
 20
6698.714076
 42
0.010380
  0
VERTEX
  8
0
 10
18745.732389
 20
6671.833284
 42
0.010144
  0
VERTEX
  8
0
 10
18744.180475
 20
6644.447642
 42
0.005395
  0
VERTEX
  8
0
 10
18743.313597
 20
6610.500000
 42
0.009281
  0
VERTEX
  8
0
 10
18743.483234
 20
6566.120257
 42
0.012091
  0
VERTEX
  8
0
 10
18745.374273
 20
6525.538980
 42
0.012349
  0
VERTEX
  8
0
 10
18749.178136
 20
6485.805013
 42
0.010435
  0
VERTEX
  8
0
 10
18755.112392
 20
6444.000000
 42
0.055975
  0
VERTEX
  8
0
 10
18811.714567
 20
6242.395147
 42
0.055795
  0
VERTEX
  8
0
 10
18911.666574
 20
6058.130489
 42
0.055788
  0
VERTEX
  8
0
 10
19049.899791
 20
5900.506741
 42
0.055935
  0
VERTEX
  8
0
 10
19219.445365
 20
5777.502462
 42
0.045965
  0
VERTEX
  8
0
 10
19376.757346
 20
5706.492531
 42
0.045946
  0
VERTEX
  8
0
 10
19544.416407
 20
5665.406406
 42
0.045943
  0
VERTEX
  8
0
 10
19716.768083
 20
5655.628457
 42
0.045949
  0
VERTEX
  8
0
 10
19888.000000
 20
5677.489807
 42
0.058526
  0
VERTEX
  8
0
 10
20094.911155
 20
5749.690683
 42
0.058378
  0
VERTEX
  8
0
 10
20279.653718
 20
5867.916651
 42
0.058401
  0
VERTEX
  8
0
 10
20432.005320
 20
6025.592761
 42
0.058660
  0
VERTEX
  8
0
 10
20543.505131
 20
6214.000000
 42
0.041331
  0
VERTEX
  8
0
 10
20594.868494
 20
6361.749658
 42
0.041602
  0
VERTEX
  8
0
 10
20621.089384
 20
6515.611461
 42
0.041637
  0
VERTEX
  8
0
 10
20621.465823
 20
6671.568803
 42
0.041548
  0
VERTEX
  8
0
 10
20596.006395
 20
6825.547832
 42
0.065114
  0
VERTEX
  8
0
 10
20505.980616
 20
7052.952006
 42
0.065240
  0
VERTEX
  8
0
 10
20360.547849
 20
7249.391722
 42
0.065255
  0
VERTEX
  8
0
 10
20169.447899
 20
7401.690673
 42
0.065199
  0
VERTEX
  8
0
 10
19945.500000
 20
7499.650270
 42
0.020658
  0
VERTEX
  8
0
 10
19871.104022
 20
7517.920930
 42
0.020188
  0
VERTEX
  8
0
 10
19794.881987
 20
7530.154465
 42
0.020200
  0
VERTEX
  8
0
 10
19717.967834
 20
7536.195211
 42
0.020745
  0
SEQEND
  0
POLYLINE
  8
0
 66
1
 70
1
  0
VERTEX
  8
0
 10
19746.500000
 20
7514.059860
 42
-0.016701
  0
VERTEX
  8
0
 10
19820.524534
 20
7505.702958
 42
-0.019741
  0
VERTEX
  8
0
 10
19889.766283
 20
7492.723959
 42
-0.020030
  0
VERTEX
  8
0
 10
19956.893476
 20
7474.519372
 42
-0.018200
  0
VERTEX
  8
0
 10
20024.564042
 20
7450.484627
 42
-0.021434
  0
VERTEX
  8
0
 10
20095.660658
 20
7418.689291
 42
-0.021562
  0
VERTEX
  8
0
 10
20163.629857
 20
7380.980720
 42
-0.021385
  0
VERTEX
  8
0
 10
20228.625629
 20
7337.236903
 42
-0.020303
  0
VERTEX
  8
0
 10
20290.822035
 20
7287.376277
 42
-0.012768
  0
VERTEX
  8
0
 10
20307.243429
 20
7272.325110
 42
-0.003765
  0
VERTEX
  8
0
 10
20331.637024
 20
7248.435855
 42
-0.003790
  0
VERTEX
  8
0
 10
20355.716167
 20
7224.130979
 42
-0.012291
  0
VERTEX
  8
0
 10
20371.165236
 20
7207.500000
 42
-0.016199
  0
VERTEX
  8
0
 10
20411.141648
 20
7159.220635
 42
-0.016819
  0
VERTEX
  8
0
 10
20447.388805
 20
7109.040875
 42
-0.016920
  0
VERTEX
  8
0
 10
20479.978683
 20
7056.838530
 42
-0.016869
  0
VERTEX
  8
0
 10
20508.998686
 20
7002.500000
 42
-0.048109
  0
VERTEX
  8
0
 10
20571.926425
 20
6835.643656
 42
-0.048595
  0
VERTEX
  8
0
 10
20601.536906
 20
6660.399917
 42
-0.048616
  0
VERTEX
  8
0
 10
20596.761745
 20
6482.809457
 42
-0.048239
  0
VERTEX
  8
0
 10
20557.813926
 20
6309.000000
 42
-0.022126
  0
VERTEX
  8
0
 10
20528.638285
 20
6231.743967
 42
-0.022700
  0
VERTEX
  8
0
 10
20492.970243
 20
6158.042548
 42
-0.022692
  0
VERTEX
  8
0
 10
20450.754950
 20
6087.855277
 42
-0.022078
  0
VERTEX
  8
0
 10
20401.988528
 20
6021.114328
 42
-0.042707
  0
VERTEX
  8
0
 10
20292.991459
 20
5906.557687
 42
-0.043138
  0
VERTEX
  8
0
 10
20166.461474
 20
5812.610656
 42
-0.043106
  0
VERTEX
  8
0
 10
20025.592981
 20
5741.709495
 42
-0.042508
  0
VERTEX
  8
0
 10
19874.000000
 20
5695.616764
 42
-0.021848
  0
VERTEX
  8
0
 10
19799.217137
 20
5683.047564
 42
-0.020479
  0
VERTEX
  8
0
 10
19721.988218
 20
5676.710056
 42
-0.020419
  0
VERTEX
  8
0
 10
19644.264569
 20
5676.702859
 42
-0.021387
  0
VERTEX
  8
0
 10
19568.000000
 20
5683.086461
 42
-0.037455
  0
VERTEX
  8
0
 10
19432.668243
 20
5710.681779
 42
-0.037700
  0
VERTEX
  8
0
 10
19303.274901
 20
5758.117991
 42
-0.037603
  0
VERTEX
  8
0
 10
19182.165021
 20
5824.583906
 42
-0.036848
  0
VERTEX
  8
0
 10
19071.500000
 20
5908.844738
 42
-0.012194
  0
VERTEX
  8
0
 10
19055.180660
 20
5924.011532
 42
-0.003767
  0
VERTEX
  8
0
 10
19031.343388
 20
5947.627379
 42
-0.003731
  0
VERTEX
  8
0
 10
19007.932851
 20
5971.526671
 42
-0.012899
  0
VERTEX
  8
0
 10
18993.294706
 20
5987.500000
 42
-0.014364
  0
VERTEX
  8
0
 10
18954.168045
 20
6035.169827
 42
-0.016793
  0
VERTEX
  8
0
 10
18919.920181
 20
6082.640612
 42
-0.016946
  0
VERTEX
  8
0
 10
18889.197824
 20
6131.916190
 42
-0.015159
  0
VERTEX
  8
0
 10
18860.658052
 20
6185.000000
 42
-0.004921
  0
VERTEX
  8
0
 10
18850.047413
 20
6206.790470
 42
-0.006689
  0
VERTEX
  8
0
 10
18840.931623
 20
6226.670907
 42
-0.006875
  0
VERTEX
  8
0
 10
18832.548085
 20
6246.346163
 42
-0.005707
  0
VERTEX
  8
0
 10
18824.156946
 20
6267.500000
 42
-0.029652
  0
VERTEX
  8
0
 10
18791.688869
 20
6369.939512
 42
-0.029366
  0
VERTEX
  8
0
 10
18771.440958
 20
6475.832019
 42
-0.029275
  0
VERTEX
  8
0
 10
18763.696010
 20
6583.690319
 42
-0.029047
  0
VERTEX
  8
0
 10
18768.565320
 20
6692.000000
 42
-0.036885
  0
VERTEX
  8
0
 10
18791.942058
 20
6822.886072
 42
-0.036186
  0
VERTEX
  8
0
 10
18834.392185
 20
6949.785949
 42
-0.036144
  0
VERTEX
  8
0
 10
18894.752443
 20
7069.379323
 42
-0.036604
  0
VERTEX
  8
0
 10
18971.481241
 20
7178.500000
 42
-0.013251
  0
VERTEX
  8
0
 10
19000.860287
 20
7212.506932
 42
-0.011512
  0
VERTEX
  8
0
 10
19033.378590
 20
7246.580939
 42
-0.011542
  0
VERTEX
  8
0
 10
19067.326494
 20
7279.018337
 42
-0.013559
  0
VERTEX
  8
0
 10
19101.000000
 20
7308.105363
 42
-0.039572
  0
VERTEX
  8
0
 10
19220.655034
 20
7391.065032
 42
-0.039712
  0
VERTEX
  8
0
 10
19351.748101
 20
7454.026486
 42
-0.039596
  0
VERTEX
  8
0
 10
19491.521034
 20
7495.617325
 42
-0.038848
  0
VERTEX
  8
0
 10
19637.000000
 20
7514.993489
 42
-0.013194
  0
VERTEX
  8
0
 10
19656.907252
 20
7515.558311
 42
-0.002626
  0
VERTEX
  8
0
 10
19692.504075
 20
7515.441766
 42
-0.002507
  0
VERTEX
  8
0
 10
19728.057325
 20
7514.960328
 42
-0.015117
  0
SEQEND
  0
POLYLINE
  8
0
 66
1
 70
1
  0
VERTEX
  8
0
 10
1656.000000
 20
2525.921054
 42
0.021140
  0
VERTEX
  8
0
 10
1588.729308
 20
2520.669460
 42
0.020103
  0
VERTEX
  8
0
 10
1520.991528
 20
2509.711435
 42
0.020076
  0
VERTEX
  8
0
 10
1454.259538
 20
2493.329550
 42
0.020936
  0
VERTEX
  8
0
 10
1390.000000
 20
2471.839143
 42
0.012758
  0
VERTEX
  8
0
 10
1350.957896
 20
2455.785327
 42
0.012173
  0
VERTEX
  8
0
 10
1312.161986
 20
2437.522107
 42
0.012206
  0
VERTEX
  8
0
 10
1274.410404
 20
2417.447348
 42
0.013019
  0
VERTEX
  8
0
 10
1238.500000
 20
2395.961672
 42
0.056291
  0
VERTEX
  8
0
 10
1092.279273
 20
2278.279052
 42
0.056099
  0
VERTEX
  8
0
 10
975.798808
 20
2130.823478
 42
0.056100
  0
VERTEX
  8
0
 10
895.012281
 20
1961.167936
 42
0.056298
  0
VERTEX
  8
0
 10
854.081222
 20
1778.000000
 42
0.005586
  0
VERTEX
  8
0
 10
851.850325
 20
1754.881781
 42
0.008801
  0
VERTEX
  8
0
 10
850.507033
 20
1734.990711
 42
0.008252
  0
VERTEX
  8
0
 10
849.812998
 20
1714.172546
 42
0.004205
  0
VERTEX
  8
0
 10
849.592858
 20
1688.000000
 42
0.006675
  0
VERTEX
  8
0
 10
850.039813
 20
1654.522964
 42
0.010785
  0
VERTEX
  8
0
 10
851.414627
 20
1626.063645
 42
0.011043
  0
VERTEX
  8
0
 10
853.985566
 20
1598.174687
 42
0.007463
  0
VERTEX
  8
0
 10
858.092306
 20
1566.500000
 42
0.052832
  0
VERTEX
  8
0
 10
901.248964
 20
1397.078596
 42
0.052297
  0
VERTEX
  8
0
 10
979.051164
 20
1239.842920
 42
0.052266
  0
VERTEX
  8
0
 10
1087.834354
 20
1102.088971
 42
0.052644
  0
VERTEX
  8
0
 10
1222.575149
 20
990.259085
 42
0.050457
  0
VERTEX
  8
0
 10
1372.353164
 20
910.997816
 42
0.050479
  0
VERTEX
  8
0
 10
1534.949585
 20
863.356566
 42
0.050567
  0
VERTEX
  8
0
 10
1703.525545
 20
849.314947
 42
0.050992
  0
VERTEX
  8
0
 10
1871.000000
 20
869.481923
 42
0.034587
  0
VERTEX
  8
0
 10
1984.361673
 20
903.419788
 42
0.035349
  0
VERTEX
  8
0
 10
2091.106128
 20
952.465749
 42
0.035392
  0
VERTEX
  8
0
 10
2189.758049
 20
1015.994939
 42
0.034857
  0
VERTEX
  8
0
 10
2279.000000
 20
1093.100352
 42
0.064701
  0
VERTEX
  8
0
 10
2411.366853
 20
1263.892633
 42
0.064699
  0
VERTEX
  8
0
 10
2495.689030
 20
1462.844355
 42
0.064687
  0
VERTEX
  8
0
 10
2526.375210
 20
1676.772666
 42
0.064636
  0
VERTEX
  8
0
 10
2501.394319
 20
1891.500000
 42
0.026066
  0
VERTEX
  8
0
 10
2475.950782
 20
1974.625748
 42
0.025932
  0
VERTEX
  8
0
 10
2441.959049
 20
2054.799380
 42
0.025919
  0
VERTEX
  8
0
 10
2399.831191
 20
2131.062793
 42
0.025976
  0
VERTEX
  8
0
 10
2350.066948
 20
2202.500000
 42
0.018283
  0
VERTEX
  8
0
 10
2312.677445
 20
2247.165901
 42
0.016811
  0
VERTEX
  8
0
 10
2271.099300
 20
2290.291298
 42
0.016862
  0
VERTEX
  8
0
 10
2226.861691
 20
2330.386850
 42
0.018726
  0
VERTEX
  8
0
 10
2181.500000
 20
2365.968387
 42
0.036627
  0
VERTEX
  8
0
 10
2075.092480
 20
2431.865941
 42
0.037614
  0
VERTEX
  8
0
 10
1961.129636
 20
2480.866477
 42
0.037524
  0
VERTEX
  8
0
 10
1840.850762
 20
2512.331539
 42
0.036087
  0
VERTEX
  8
0
 10
1715.630939
 20
2525.998349
 42
0.001511
  0
VERTEX
  8
0
 10
1697.093836
 20
2526.620462
 42
0.007956
  0
VERTEX
  8
0
 10
1686.911232
 20
2526.769286
 42
0.007395
  0
VERTEX
  8
0
 10
1676.428638
 20
2526.600655
 42
0.001190
  0
SEQEND
  0
POLYLINE
  8
0
 66
1
 70
1
  0
VERTEX
  8
0
 10
1723.500000
 20
2504.997516
 42
-0.028546
  0
VERTEX
  8
0
 10
1821.684601
 20
2494.686335
 42
-0.030178
  0
VERTEX
  8
0
 10
1916.211977
 20
2473.344683
 42
-0.030260
  0
VERTEX
  8
0
 10
2007.246934
 20
2440.846072
 42
-0.029038
  0
VERTEX
  8
0
 10
2095.000000
 20
2397.210321
 42
-0.016476
  0
VERTEX
  8
0
 10
2141.037954
 20
2368.828172
 42
-0.017197
  0
VERTEX
  8
0
 10
2184.437764
 20
2337.857782
 42
-0.017080
  0
VERTEX
  8
0
 10
2225.877271
 20
2303.771284
 42
-0.015775
  0
VERTEX
  8
0
 10
2266.040913
 20
2266.049924
 42
-0.005089
  0
VERTEX
  8
0
 10
2283.064091
 20
2248.669707
 42
-0.008039
  0
VERTEX
  8
0
 10
2297.267375
 20
2233.385747
 42
-0.008229
  0
VERTEX
  8
0
 10
2310.731561
 20
2217.917176
 42
-0.005694
  0
VERTEX
  8
0
 10
2325.470720
 20
2200.000000
 42
-0.060788
  0
VERTEX
  8
0
 10
2429.917481
 20
2031.753896
 42
-0.060812
  0
VERTEX
  8
0
 10
2490.823783
 20
1843.349512
 42
-0.060802
  0
VERTEX
  8
0
 10
2504.623974
 20
1645.797452
 42
-0.060732
  0
VERTEX
  8
0
 10
2470.516492
 20
1450.645477
 42
-0.026448
  0
VERTEX
  8
0
 10
2440.784978
 20
1368.488761
 42
-0.027006
  0
VERTEX
  8
0
 10
2402.725017
 20
1290.518399
 42
-0.026854
  0
VERTEX
  8
0
 10
2356.257787
 20
1216.698420
 42
-0.025506
  0
VERTEX
  8
0
 10
2301.394151
 20
1146.948535
 42
-0.012740
  0
VERTEX
  8
0
 10
2287.241899
 20
1131.541750
 42
-0.004253
  0
VERTEX
  8
0
 10
2265.780734
 20
1109.715575
 42
-0.004256
  0
VERTEX
  8
0
 10
2243.944389
 20
1088.250976
 42
-0.012677
  0
VERTEX
  8
0
 10
2228.500000
 20
1074.065111
 42
-0.036211
  0
VERTEX
  8
0
 10
2130.393314
 20
1000.223438
 42
-0.037209
  0
VERTEX
  8
0
 10
2023.519586
 20
942.055681
 42
-0.037394
  0
VERTEX
  8
0
 10
1909.723627
 20
900.608168
 42
-0.037371
  0
VERTEX
  8
0
 10
1791.000000
 20
876.562624
 42
-0.005710
  0
VERTEX
  8
0
 10
1764.015349
 20
873.481099
 42
-0.010926
  0
VERTEX
  8
0
 10
1742.280838
 20
871.729172
 42
-0.010197
  0
VERTEX
  8
0
 10
1719.536220
 20
870.860195
 42
-0.004318
  0
VERTEX
  8
0
 10
1689.000000
 20
870.580524
 42
-0.003306
  0
VERTEX
  8
0
 10
1660.237693
 20
870.755679
 42
-0.009059
  0
VERTEX
  8
0
 10
1639.930476
 20
871.381729
 42
-0.010196
  0
VERTEX
  8
0
 10
1621.049707
 20
872.692796
 42
-0.005268
  0
VERTEX
  8
0
 10
1597.500000
 20
875.061739
 42
-0.036071
  0
VERTEX
  8
0
 10
1481.635416
 20
896.493298
 42
-0.036089
  0
VERTEX
  8
0
 10
1370.073548
 20
934.352557
 42
-0.036057
  0
VERTEX
  8
0
 10
1265.023020
 20
987.898675
 42
-0.035866
  0
VERTEX
  8
0
 10
1168.557814
 20
1056.065998
 42
-0.012970
  0
VERTEX
  8
0
 10
1140.860368
 20
1080.008712
 42
-0.010409
  0
VERTEX
  8
0
 10
1112.287543
 20
1107.142476
 42
-0.010421
  0
VERTEX
  8
0
 10
1084.911248
 20
1135.399495
 42
-0.013120
  0
VERTEX
  8
0
 10
1060.822586
 20
1162.726944
 42
-0.019841
  0
VERTEX
  8
0
 10
1021.470746
 20
1213.791455
 42
-0.019500
  0
VERTEX
  8
0
 10
986.049400
 20
1268.104146
 42
-0.019486
  0
VERTEX
  8
0
 10
954.943922
 20
1325.050509
 42
-0.019744
  0
VERTEX
  8
0
 10
928.513399
 20
1384.000000
 42
-0.015007
  0
VERTEX
  8
0
 10
912.767955
 20
1426.869309
 42
-0.013777
  0
VERTEX
  8
0
 10
899.131580
 20
1471.837692
 42
-0.013734
  0
VERTEX
  8
0
 10
887.950687
 20
1517.643592
 42
-0.014647
  0
VERTEX
  8
0
 10
879.568181
 20
1563.024918
 42
-0.016274
  0
VERTEX
  8
0
 10
873.401965
 20
1613.813519
 42
-0.015374
  0
VERTEX
  8
0
 10
870.404027
 20
1665.868553
 42
-0.015378
  0
VERTEX
  8
0
 10
870.611040
 20
1717.995600
 42
-0.016304
  0
VERTEX
  8
0
 10
874.050375
 20
1769.000000
 42
-0.056178
  0
VERTEX
  8
0
 10
912.758893
 20
1948.691597
 42
-0.056324
  0
VERTEX
  8
0
 10
990.475542
 20
2115.090642
 42
-0.056344
  0
VERTEX
  8
0
 10
1103.336072
 20
2259.899116
 42
-0.056294
  0
VERTEX
  8
0
 10
1245.706431
 20
2375.906946
 42
-0.038793
  0
VERTEX
  8
0
 10
1356.305383
 20
2435.426168
 42
-0.038087
  0
VERTEX
  8
0
 10
1475.442911
 20
2477.571864
 42
-0.038217
  0
VERTEX
  8
0
 10
1599.187633
 20
2501.047568
 42
-0.039682
  0
SEQEND
  0
POLYLINE
  8
0
 66
1
 70
1
  0
VERTEX
  8
0
 10
22924.000000
 20
2525.996478
 42
0.042358
  0
VERTEX
  8
0
 10
22781.898813
 20
2508.464822
 42
0.042903
  0
VERTEX
  8
0
 10
22645.416240
 20
2467.264750
 42
0.042798
  0
VERTEX
  8
0
 10
22517.662681
 20
2403.256844
 42
0.041720
  0
VERTEX
  8
0
 10
22401.500000
 20
2317.954102
 42
0.013319
  0
VERTEX
  8
0
 10
22385.869503
 20
2303.583459
 42
0.003833
  0
VERTEX
  8
0
 10
22362.464956
 20
2280.535044
 42
0.003833
  0
VERTEX
  8
0
 10
22339.416541
 20
2257.130497
 42
0.013319
  0
VERTEX
  8
0
 10
22325.045898
 20
2241.500000
 42
0.051790
  0
VERTEX
  8
0
 10
22222.550906
 20
2095.879713
 42
0.053096
  0
VERTEX
  8
0
 10
22153.178627
 20
1933.488465
 42
0.053177
  0
VERTEX
  8
0
 10
22119.634862
 20
1760.360765
 42
0.052250
  0
VERTEX
  8
0
 10
22123.054295
 20
1583.000000
 42
0.024515
  0
VERTEX
  8
0
 10
22136.639206
 20
1505.122282
 42
0.023447
  0
VERTEX
  8
0
 10
22157.933565
 20
1427.760713
 42
0.023425
  0
VERTEX
  8
0
 10
22186.401683
 20
1352.660206
 42
0.024352
  0
VERTEX
  8
0
 10
22221.446377
 20
1281.546204
 42
0.060136
  0
VERTEX
  8
0
 10
22339.640408
 20
1118.307983
 42
0.060239
  0
VERTEX
  8
0
 10
22493.220441
 20
987.989321
 42
0.060239
  0
VERTEX
  8
0
 10
22673.435003
 20
898.032387
 42
0.060137
  0
VERTEX
  8
0
 10
22870.000000
 20
853.556823
 42
0.012805
  0
VERTEX
  8
0
 10
22902.875375
 20
851.027754
 42
0.007900
  0
VERTEX
  8
0
 10
22941.639160
 20
849.656128
 42
0.007921
  0
VERTEX
  8
0
 10
22979.551156
 20
849.514750
 42
0.015829
  0
VERTEX
  8
0
 10
23009.500000
 20
850.826386
 42
0.020043
  0
VERTEX
  8
0
 10
23086.499742
 20
859.759996
 42
0.022314
  0
VERTEX
  8
0
 10
23159.793483
 20
874.633107
 42
0.022578
  0
VERTEX
  8
0
 10
23230.687968
 20
895.786916
 42
0.021568
  0
VERTEX
  8
0
 10
23300.500000
 20
923.529231
 42
0.025861
  0
VERTEX
  8
0
 10
23371.876805
 20
960.064197
 42
0.023478
  0
VERTEX
  8
0
 10
23441.522188
 20
1004.876709
 42
0.023523
  0
VERTEX
  8
0
 10
23506.516302
 20
1055.918719
 42
0.026256
  0
VERTEX
  8
0
 10
23563.967327
 20
1111.102458
 42
0.027915
  0
VERTEX
  8
0
 10
23627.969409
 20
1187.520289
 42
0.029471
  0
VERTEX
  8
0
 10
23681.816841
 20
1269.268075
 42
0.029619
  0
VERTEX
  8
0
 10
23725.447246
 20
1356.381670
 42
0.028821
  0
VERTEX
  8
0
 10
23758.928852
 20
1448.828335
 42
0.030786
  0
VERTEX
  8
0
 10
23782.206851
 20
1549.013656
 42
0.030926
  0
VERTEX
  8
0
 10
23792.961633
 20
1651.147894
 42
0.030819
  0
VERTEX
  8
0
 10
23791.051763
 20
1754.168650
 42
0.030102
  0
VERTEX
  8
0
 10
23776.524701
 20
1857.000000
 42
0.020060
  0
VERTEX
  8
0
 10
23761.447794
 20
1918.438594
 42
0.018790
  0
VERTEX
  8
0
 10
23741.211103
 20
1979.847584
 42
0.018748
  0
VERTEX
  8
0
 10
23716.367864
 20
2039.705827
 42
0.019731
  0
VERTEX
  8
0
 10
23687.493437
 20
2096.500000
 42
0.042423
  0
VERTEX
  8
0
 10
23607.614700
 20
2214.621815
 42
0.042379
  0
VERTEX
  8
0
 10
23508.920420
 20
2317.611276
 42
0.042460
  0
VERTEX
  8
0
 10
23394.466461
 20
2402.315065
 42
0.042936
  0
VERTEX
  8
0
 10
23267.762634
 20
2466.107797
 42
0.005087
  0
VERTEX
  8
0
 10
23254.627021
 20
2471.209168
 42
0.002430
  0
VERTEX
  8
0
 10
23237.645218
 20
2477.512128
 42
0.001839
  0
VERTEX
  8
0
 10
23221.296372
 20
2483.421865
 42
0.016056
  0
VERTEX
  8
0
 10
23213.951415
 20
2485.783371
 42
-0.002837
  0
VERTEX
  8
0
 10
23211.828872
 20
2486.404396
 42
-0.000333
  0
VERTEX
  8
0
 10
23207.107603
 20
2487.818333
 42
-0.000399
  0
VERTEX
  8
0
 10
23201.496289
 20
2489.507785
 42
-0.000327
  0
VERTEX
  8
0
 10
23195.500000
 20
2491.322647
 42
0.021697
  0
VERTEX
  8
0
 10
23129.975941
 20
2508.135064
 42
0.020191
  0
VERTEX
  8
0
 10
23061.653638
 20
2519.680357
 42
0.020123
  0
VERTEX
  8
0
 10
22992.378332
 20
2525.707463
 42
0.021161
  0
SEQEND
  0
POLYLINE
  8
0
 66
1
 70
1
  0
VERTEX
  8
0
 10
22990.500000
 20
2504.997516
 42
-0.028461
  0
VERTEX
  8
0
 10
23088.338701
 20
2494.739508
 42
-0.029936
  0
VERTEX
  8
0
 10
23182.708122
 20
2473.515174
 42
-0.030048
  0
VERTEX
  8
0
 10
23273.542793
 20
2441.265136
 42
-0.029141
  0
VERTEX
  8
0
 10
23360.824007
 20
2398.075815
 42
-0.016444
  0
VERTEX
  8
0
 10
23407.014209
 20
2369.714833
 42
-0.017414
  0
VERTEX
  8
0
 10
23450.342811
 20
2338.889152
 42
-0.017282
  0
VERTEX
  8
0
 10
23491.719343
 20
2304.895974
 42
-0.015676
  0
VERTEX
  8
0
 10
23532.058945
 20
2267.039083
 42
-0.004388
  0
VERTEX
  8
0
 10
23550.667759
 20
2248.115501
 42
-0.008450
  0
VERTEX
  8
0
 10
23565.180055
 20
2232.579329
 42
-0.009002
  0
VERTEX
  8
0
 10
23578.547398
 20
2217.228330
 42
-0.005814
  0
VERTEX
  8
0
 10
23593.494225
 20
2199.000000
 42
-0.035195
  0
VERTEX
  8
0
 10
23659.119387
 20
2104.060229
 42
-0.035330
  0
VERTEX
  8
0
 10
23710.685732
 20
2000.972783
 42
-0.035362
  0
VERTEX
  8
0
 10
23747.186256
 20
1891.743409
 42
-0.035400
  0
VERTEX
  8
0
 10
23767.913974
 20
1778.500000
 42
-0.005176
  0
VERTEX
  8
0
 10
23770.294614
 20
1754.751552
 42
-0.009944
  0
VERTEX
  8
0
 10
23771.626671
 20
1735.663234
 42
-0.009056
  0
VERTEX
  8
0
 10
23772.268270
 20
1715.412989
 42
-0.003562
  0
VERTEX
  8
0
 10
23772.448012
 20
1687.500000
 42
-0.003500
  0
VERTEX
  8
0
 10
23772.234561
 20
1659.718665
 42
-0.008846
  0
VERTEX
  8
0
 10
23771.580462
 20
1639.521543
 42
-0.009829
  0
VERTEX
  8
0
 10
23770.261354
 20
1620.633228
 42
-0.005353
  0
VERTEX
  8
0
 10
23767.938261
 20
1597.500000
 42
-0.033261
  0
VERTEX
  8
0
 10
23748.770245
 20
1490.517793
 42
-0.033250
  0
VERTEX
  8
0
 10
23715.584068
 20
1387.010372
 42
-0.033278
  0
VERTEX
  8
0
 10
23669.001628
 20
1288.896666
 42
-0.033442
  0
VERTEX
  8
0
 10
23609.881997
 20
1198.000000
 42
-0.019522
  0
VERTEX
  8
0
 10
23568.655556
 20
1147.284840
 42
-0.019813
  0
VERTEX
  8
0
 10
23523.793777
 20
1100.199385
 42
-0.019880
  0
VERTEX
  8
0
 10
23475.500274
 20
1056.963189
 42
-0.019976
  0
VERTEX
  8
0
 10
23424.000000
 20
1017.771817
 42
-0.048125
  0
VERTEX
  8
0
 10
23287.074972
 20
940.392622
 42
-0.048318
  0
VERTEX
  8
0
 10
23138.063885
 20
890.740255
 42
-0.048246
  0
VERTEX
  8
0
 10
22982.081410
 20
870.559315
 42
-0.047690
  0
VERTEX
  8
0
 10
22824.500000
 20
880.509678
 42
-0.047757
  0
VERTEX
  8
0
 10
22676.231557
 20
918.971159
 42
-0.047024
  0
VERTEX
  8
0
 10
22537.136708
 20
985.003948
 42
-0.046932
  0
VERTEX
  8
0
 10
22412.583900
 20
1076.008836
 42
-0.047177
  0
VERTEX
  8
0
 10
22307.426794
 20
1188.500000
 42
-0.034421
  0
VERTEX
  8
0
 10
22245.280359
 20
1281.596145
 42
-0.034352
  0
VERTEX
  8
0
 10
22196.446977
 20
1382.399896
 42
-0.034306
  0
VERTEX
  8
0
 10
22161.821955
 20
1489.073223
 42
-0.034125
  0
VERTEX
  8
0
 10
22142.033903
 20
1599.667704
 42
-0.005910
  0
VERTEX
  8
0
 10
22139.841088
 20
1622.201649
 42
-0.008863
  0
VERTEX
  8
0
 10
22138.508877
 20
1641.920097
 42
-0.008265
  0
VERTEX
  8
0
 10
22137.820183
 20
1662.654454
 42
-0.004317
  0
VERTEX
  8
0
 10
22137.612380
 20
1688.500000
 42
-0.006759
  0
VERTEX
  8
0
 10
22138.073913
 20
1721.206954
 42
-0.010862
  0
VERTEX
  8
0
 10
22139.449656
 20
1749.061720
 42
-0.011093
  0
VERTEX
  8
0
 10
22142.007093
 20
1776.405702
 42
-0.007468
  0
VERTEX
  8
0
 10
22146.084214
 20
1807.500000
 42
-0.047170
  0
VERTEX
  8
0
 10
22182.247477
 20
1955.543931
 42
-0.046783
  0
VERTEX
  8
0
 10
22245.584584
 20
2094.618605
 42
-0.046737
  0
VERTEX
  8
0
 10
22333.742822
 20
2219.617391
 42
-0.046882
  0
VERTEX
  8
0
 10
22443.500000
 20
2325.925981
 42
-0.045207
  0
VERTEX
  8
0
 10
22566.044165
 20
2407.160548
 42
-0.044696
  0
VERTEX
  8
0
 10
22701.650752
 20
2465.408367
 42
-0.044848
  0
VERTEX
  8
0
 10
22844.994321
 20
2498.478530
 42
-0.046198
  0
SEQEND
  0
ENDSEC
  0
EOF
